specimen_part,length,width,max_ma,min_ma,paleolng,paleolat,formation,lithology1,environment,accepted_name
m1,2.7,2.5,60.9,57.5,-75.5,53.44,Fort Union,siliciclastic,fluvial-lacustrine indet.,Aaptoryctes ivyi
m1,1.61,0.98,16.3,12.5,-109.76,46.69,Deer Butte,unknown,terrestrial indet.,Achlyoscapter longirostris
m1,1.58,1.03,16.3,12.5,-109.76,46.69,Deer Butte,unknown,terrestrial indet.,Achlyoscapter longirostris
m1,3.43,2.29,63.4,60.9,-77.16,46.7,Nacimiento,unknown,terrestrial indet.,Acmeodon secans
m1,2.35,2.08,56.0,51.1,-79.64,51.58,Willwood,mudstone,terrestrial indet.,Acritoparamys atwateri
m1,28.5,14.1,23.1,18.5,-94.64,46.88,Marsland,unknown,terrestrial indet.,Adilophontes brachykolos
m1,0.99,0.97,39.7,37.0,-86.94,56.36,Cypress Hills,unknown,terrestrial indet.,Adjidaumo craigi
m1,1.1,0.9,29.5,18.5,-90.47,51.28,Killdeer,unknown,terrestrial indet.,Leptodontomys douglassi
m1,0.78,0.72,16.3,12.5,-109.76,46.69,Deer Butte,unknown,terrestrial indet.,Leptodontomys quartzi
m1,0.7575,0.7275,16.3,12.5,-109.76,46.69,Deer Butte,unknown,terrestrial indet.,Leptodontomys quartzi
m1,25.6,16.95,16.3,12.5,-93.26,45.99,Valentine,sandstone,channel,Aepycamelus robustus
m1,24.0,17.0,16.3,12.5,-93.24,45.91,unknown,unknown,terrestrial indet.,Aepycamelus robustus
m1,3.65,4.5,33.9,31.8,-87.47,46.32,Brule,unknown,terrestrial indet.,Agnotocastor coloradensis
m1,3.65,4.3,33.9,31.8,-87.47,46.32,Brule,unknown,terrestrial indet.,Agnotocastor coloradensis
m1,3.0375,3.4575,33.9,31.8,-87.99,47.39,Brule,unknown,terrestrial indet.,Agnotocastor readingi
m1,37.1,19.2,9.4,4.7,-98.3,22.97,Rancho Viejo Beds,unknown,fluvial indet.,Agriotherium schneideri
m1,2.0,2.24,4.7,0.21,-108.48,33.37,Gila Conglomerate,siltstone,fluvial indet.,Alilepus wilsoni
m1,2.04,2.64,4.7,0.21,-108.48,33.37,Gila Conglomerate,siltstone,fluvial indet.,Alilepus wilsoni
m1,3.0125,1.1875,1.4,0.21,-97.21,38.53,unknown,unknown,terrestrial indet.,Allophaiomys pliocaenicus
m1,1.24,0.72,16.3,12.5,-109.76,46.69,Deer Butte,unknown,terrestrial indet.,Alluvisorex arcadentes
m1,1.53,0.85,16.3,12.5,-109.76,46.69,Deer Butte,unknown,terrestrial indet.,Alluvisorex arcadentes
m1,1.25,0.755,9.4,4.7,-98.62,43.19,Ash Hollow,unknown,terrestrial indet.,Alluvisorex arcadentes
m1,2.37,1.35,72.2,66.0,-65.32,60.38,Frenchman,siltstone,floodplain,Alostera saskatchewanensis
m1,1.98,1.06,83.6,72.2,-65.87,57.74,Judith River,claystone,fine channel fill,Alphadon halleyi
m1,1.98,1.02,83.6,72.2,-66.35,53.84,Mesaverde,sandstone,channel,Alphadon halleyi
m1,2.03,1.06,83.6,72.2,-66.36,53.83,Mesaverde,sandstone,channel,Alphadon halleyi
m1,1.8,1.0,72.2,66.0,-74.19,48.42,unknown,unknown,terrestrial indet.,Alphadon halleyi
m1,1.7584,0.903,83.6,72.2,-69.01,38.77,Aguja,conglomerate,estuary/bay,Alphadon halleyi
m1,2.08,1.17,72.2,66.0,-65.32,60.38,Frenchman,siltstone,floodplain,Nortedelphys jasoni
m1,2.21,1.34,72.2,66.0,-64.61,58.18,Hell Creek,sandstone,terrestrial indet.,Alphadon marshi
m1,2.32,1.21,83.6,72.2,-66.36,53.83,Mesaverde,sandstone,channel,Alphadon sahnii
m1,2.22,1.17,83.6,72.2,-66.36,53.83,Mesaverde,sandstone,channel,Alphadon sahnii
m1,24.5,15.5,16.3,12.5,-111.93,42.13,unknown,unknown,terrestrial indet.,Aepycamelus stocki
m1,2.745,2.435,23.1,18.5,-90.01,47.22,Harrison,unknown,terrestrial indet.,Alwoodia harkseni
m1,3.0,1.8,60.9,57.5,-75.47,53.42,Fort Union,unknown,terrestrial indet.,Amelotabes simpsoni
m1,1.6,1.9,12.5,9.4,-113.77,36.46,MR Caliente,unknown,terrestrial indet.,Ammospermophilus fossilis
m1,1.6,1.7,12.5,9.4,-113.77,36.46,MR Caliente,unknown,terrestrial indet.,Ammospermophilus fossilis
m1,1.55,1.8,12.5,9.4,-110.34,46.52,Juntura,unknown,terrestrial indet.,Ammospermophilus junturensis
m1,1.6333,1.75,12.5,9.4,-94.8,45.3,Ash Hollow,siliciclastic,channel,Ammospermophilus junturensis
m1,30.65,16.3,18.5,16.3,-94.98,46.73,Runningwater,unknown,terrestrial indet.,Amphicyon galushai
m1,23.6,18.7,45.9,39.7,-85.58,35.54,Devil's Graveyard,unknown,terrestrial indet.,Amynodon advenus
m1,27.8,18.2,45.9,39.7,-88.55,48.71,Washakie,unknown,terrestrial indet.,Amynodon advenus
m1,31.5,20.7,39.7,37.0,-100.3,38.92,Sespe,unknown,terrestrial indet.,Amynodontopsis bodei
m1,31.2,22.1,39.7,37.0,-84.14,51.5,Slim Buttes,siliciclastic,fluvial indet.,Amynodontopsis bodei
m1,27.0,19.8,39.7,37.0,-87.58,35.26,unknown,unknown,terrestrial indet.,Amynodontopsis bodei
m1,26.6,16.7,39.7,37.0,-87.58,35.26,Devil's Graveyard,unknown,terrestrial indet.,Amynodontopsis bodei
m1,14.6,11.5667,23.04,20.45,-84.46,34.75,Fleming,conglomerate,coarse channel fill,Desmatippus texanus
m1,20.55,14.05,18.5,16.3,-75.25,32.13,Alachua,sandstone,terrestrial indet.,Anchitherium clarencei
m1,5.2,3.6,63.4,60.9,-79.23,50.21,North Horn,unknown,terrestrial indet.,Anisonchus sectorius
m1,5.8,4.3,63.4,60.9,-77.16,46.7,Nacimiento,unknown,terrestrial indet.,Anisonchus sectorius
m1,17.7,9.1,63.4,60.9,-76.11,45.82,Nacimiento,unknown,terrestrial indet.,Dissacus saurognathus
m1,1.58,1.61,39.7,37.0,-86.94,56.36,Cypress Hills,unknown,terrestrial indet.,Churcheria baroni
m1,1.588,1.08,12.5,9.4,-94.8,45.3,Ash Hollow,siliciclastic,channel,Antecalomys phthanus
m1,4.5,2.9,51.1,45.9,-87.05,47.75,Green River,sandstone,channel lag,Antiacodon pygmaeus
m1,3.1,2.8,51.1,45.9,-92.12,47.29,Sheep Pass,limestone,lacustrine - small,Antiacodon pygmaeus
m1,1.6,1.2,51.1,45.9,-87.38,49.45,Bridger,unknown,terrestrial indet.,Apatemys bellulus
m1,1.72,1.33,45.9,39.7,-85.96,49.88,Wagon Bed (Tepee Trail),unknown,terrestrial indet.,Apatemys bellus
m1,1.8,1.1,51.1,45.9,-86.38,50.22,Wasatch,unknown,terrestrial indet.,Apatemys bellus
m1,2.1,1.4,51.1,45.9,-92.12,47.29,Sheep Pass,limestone,lacustrine - small,Apatemys bellus
m1,1.7,1.28,56.0,51.1,-80.68,50.99,Wind River,unknown,terrestrial indet.,Apatemys bellulus
m1,56.0,36.2,9.4,4.7,-97.13,37.75,unknown,unknown,terrestrial indet.,Aphelops mutilus
m1,3.9,3.2,60.9,57.5,-79.81,51.07,Evanston,siliciclastic,terrestrial indet.,Aphronorus orieli
m1,3.9,2.9,60.9,57.5,-77.27,55.0,Fort Union,unknown,terrestrial indet.,Aphronorus orieli
m1,2.0,2.6,33.9,31.8,-88.37,47.64,Brule,unknown,terrestrial indet.,Apternodus gregoryi
m1,1.8333,1.5833,56.0,51.1,-80.09,51.71,Willwood,unknown,terrestrial indet.,Arapahovius advena
m1,9.4,7.9,18.5,16.3,-88.65,33.77,Oakville,unknown,terrestrial indet.,Archaeohippus blackbergi
m1,10.05,6.65,20.45,15.98,-66.85,40.97,Calvert,sandstone,estuary/bay,Archaeohippus blackbergi
m1,10.5,7.7,18.5,16.3,-75.25,32.13,Alachua,sandstone,terrestrial indet.,Archaeohippus blackbergi
m1,10.0,8.0,24.7,18.5,-73.53,30.81,unknown,claystone,terrestrial indet.,Archaeohippus mannulus
m1,2.2,2.3,23.1,18.5,-94.48,33.9,Delaho,unknown,terrestrial indet.,Archaeolagus acaricolus
m1,2.74,3.05,24.7,23.1,-95.79,54.96,Cypress Hills,unknown,terrestrial indet.,Archaeolagus macrocephalus
m1,3.0,3.0,18.5,16.3,-93.54,47.05,Rosebud,conglomerate,coarse channel fill,Archaeolagus primigenius
m1,2.605,2.71,23.1,18.5,-90.01,47.22,Harrison,unknown,terrestrial indet.,Archaeolagus primigenius
m1,2.4,2.34,24.7,23.1,-95.79,54.96,Cypress Hills,unknown,terrestrial indet.,Archaeolagus primigenius
m1,2.84,2.05,56.0,51.1,-81.07,52.21,Willwood,unknown,terrestrial indet.,Arctodontomys wilsoni
m1,28.0,15.2,1.4,0.21,-101.99,22.04,Tacubaya,unknown,terrestrial indet.,Arctodus pristinus
m1,4.0,2.0,60.9,57.5,-76.45,53.23,unknown,unknown,terrestrial indet.,Arctostylops steini
m1,19.6,12.5,23.04,20.45,-84.46,34.75,Fleming,conglomerate,coarse channel fill,Arretotherium acridens
m1,18.2,10.5,18.5,16.3,-93.62,46.98,Batesland,unknown,terrestrial indet.,Arretotherium fricki
m1,19.8,11.3,18.5,16.3,-93.62,46.98,Batesland,unknown,terrestrial indet.,Arretotherium fricki
m1,1.76,0.92,1.4,0.21,-97.35,30.53,unknown,unknown,terrestrial indet.,Atopomys texensis
m1,1.74,0.93,1.4,0.21,-82.29,29.18,unknown,sandstone,sinkhole,Atopomys texensis
m1,1.89,1.09,1.4,0.21,-81.46,27.21,Caloosahatchee,unknown,terrestrial indet.,Atopomys texensis
m1,1.62,1.06,1.4,0.21,-82.19,29.85,unknown,unknown,terrestrial indet.,Atopomys texensis
m1,1.22,1.28,37.0,33.9,-90.2,49.33,White River,unknown,terrestrial indet.,Aulolithomys vexilliames
m1,2.8,1.7,63.4,60.9,-73.65,56.02,Fort Union,unknown,terrestrial indet.,Avunculus didelphodonti
m1,2.43,1.59,63.4,60.9,-73.27,53.83,Fort Union,unknown,terrestrial indet.,Avunculus didelphodonti
m1,6.8,5.3,66.0,63.4,-68.59,59.89,Ravenscrag,sandstone,terrestrial indet.,Baioconodon denverensis
m1,6.454,5.485,66.0,63.4,-71.4,52.31,Ferris,unknown,terrestrial indet.,Baioconodon denverensis
m1,5.2,4.4,66.0,63.4,-65.55,56.46,Fort Union,sandstone,channel,Baioconodon nordicus
m1,1.14,0.75,4.7,1.4,-109.31,32.77,St. David,unknown,lacustrine indet.,Peromyscus minimus
m1,5.3,4.3,37.0,33.9,-87.35,47.77,Chadron,siltstone,terrestrial indet.,Bathygenys alpha
m1,1.61,0.95,9.4,1.4,-83.09,41.51,unknown,unknown,terrestrial indet.,Bensonomys hershkovitzi
m1,1.54,1.01,9.4,1.4,-83.09,41.51,unknown,unknown,terrestrial indet.,Bensonomys hershkovitzi
m1,2.48,1.8,60.9,57.5,-76.47,54.83,unknown,unknown,terrestrial indet.,Bisonalveus browni
m1,8.8,4.7,12.5,9.4,-93.37,31.18,Goliad,unknown,terrestrial indet.,Pseudoceras skinneri
m1,12.9,9.975,16.3,12.5,-93.26,45.99,Valentine,sandstone,channel,Bouromeryx americanus
m1,4.81,2.58,18.5,16.3,-94.98,46.73,Runningwater,unknown,terrestrial indet.,Brachyerix richi
m1,18.7,14.9,37.0,33.9,-90.13,55.84,unknown,unknown,terrestrial indet.,Brachyhyops viensis
m1,21.1,15.1,37.0,33.9,-90.13,55.84,unknown,unknown,terrestrial indet.,Brachyhyops viensis
m1,7.05,2.925,1.4,0.21,-78.33,39.84,unknown,unknown,cave,Brachyprotoma obtusata
m1,14.0,7.5,16.3,12.5,-111.93,42.13,unknown,unknown,terrestrial indet.,Brachypsalis pachycephalus
m1,4.66,2.99,63.4,60.9,-73.72,54.42,unknown,unknown,terrestrial indet.,Bryanictis microlestes
m1,6.0,2.5,4.7,1.4,-99.15,37.91,Rexroad,unknown,terrestrial indet.,Buisnictis breviramus
m1,5.2,1.95,4.7,1.4,-99.84,33.43,unknown,sandstone,fluvial indet.,Buisnictis breviramus
m1,7.3,6.1,51.1,45.9,-82.61,44.55,Huerfano,unknown,terrestrial indet.,Bunophorus sinclairi
m1,7.0333,5.8333,51.1,45.9,-82.61,44.55,Huerfano,unknown,terrestrial indet.,Bunophorus sinclairi
m1,16.6,8.7,12.5,9.4,-77.8,31.36,Alachua,unknown,marginal marine indet.,Calippus cerasinus
m1,15.0,9.3,12.5,9.4,-95.57,45.5,Ash Hollow,unknown,terrestrial indet.,Calippus placidus
m1,16.7,8.6,12.5,9.4,-96.15,37.71,unknown,unknown,terrestrial indet.,Calippus placidus
m1,16.7,8.1,16.3,12.5,-93.24,45.91,Valentine,unknown,terrestrial indet.,Calippus proplacidus
m1,16.2,7.0,16.3,12.5,-89.33,33.57,Fleming,unknown,terrestrial indet.,Calippus proplacidus
m1,16.0,6.9,16.3,12.5,-78.79,29.15,Peace River,unknown,terrestrial indet.,Calippus proplacidus
m1,1.59,1.12,4.7,1.4,-110.85,35.58,Verde,mudstone,terrestrial indet.,Calomys (Bensonomys) arizonae
m1,1.9,1.14,4.7,1.4,-107.03,29.68,unknown,unknown,terrestrial indet.,Calomys (Bensonomys) baskini
m1,1.87,1.18,4.7,1.4,-107.03,29.68,unknown,unknown,terrestrial indet.,Calomys (Bensonomys) baskini
m1,1.25,0.8,9.4,4.7,-105.37,30.85,unknown,unknown,terrestrial indet.,Calomys (Bensonomys) elachys
m1,1.411,0.916,9.4,4.7,-107.29,37.9,Bidahochi,unknown,terrestrial indet.,Calomys (Bensonomys) gidleyi
m1,1.281,0.841,9.4,4.7,-107.29,37.9,Bidahochi,unknown,terrestrial indet.,Calomys (Bensonomys) yazhi
m1,33.3,22.28,4.7,1.4,-100.2,34.49,Blanco,unknown,terrestrial indet.,Camelops hesternus
m1,3.17,2.81,24.7,23.1,-95.79,54.96,Cypress Hills,unknown,terrestrial indet.,Campestrallomys dawsonae
m1,31.0,12.5,1.4,0.21,-78.33,39.84,unknown,unknown,cave,Canis armbrusteri
m1,30.4667,12.5,1.4,0.21,-78.33,39.84,unknown,unknown,cave,Canis armbrusteri
m1,17.75,6.85,4.7,1.4,-117.69,46.97,Ringold,unknown,terrestrial indet.,Eucyon davisi
m1,16.9,6.5,9.4,4.7,-98.52,41.18,unknown,unknown,terrestrial indet.,Eucyon davisi
m1,21.6,8.7,1.4,0.21,-101.99,22.04,Tacubaya,unknown,terrestrial indet.,Canis latrans
m1,24.0,9.4,1.4,0.21,-97.7,40.03,unknown,unknown,terrestrial indet.,Canis latrans
m1,9.8,5.3,4.7,1.4,-117.44,47.85,Ringold,unknown,terrestrial indet.,Capromeryx tauntonensis
m1,8.8,6.4,56.0,51.1,-80.94,52.71,Willwood,unknown,terrestrial indet.,Cardiolophus radinskyi
m1,8.3,6.0,56.0,51.1,-81.07,52.21,Willwood,unknown,terrestrial indet.,Cardiolophus radinskyi
m1,1.42,1.21,59.24,56.0,-77.04,53.09,Fort Union,siliciclastic,fluvial-lacustrine indet.,Carpodaptes stonleyi
m1,1.3,1.1,60.9,57.5,-76.17,64.52,Paskapoo,shale,fluvial-lacustrine indet.,Carpodaptes cygneus
m1,1.47,1.25,60.9,57.5,-66.51,56.07,Ravenscrag,sandstone,alluvial fan,Carpodaptes stonleyi
m1,1.95,1.83,59.24,56.0,-77.04,53.09,Fort Union,siliciclastic,fluvial-lacustrine indet.,Carpodaptes jepseni
m1,8.775,4.9375,66.0,63.4,-70.31,49.63,Denver,shale,terrestrial indet.,Catopsalis alexanderi
m1,8.4,4.5,66.0,63.4,-72.34,55.09,Fort Union,unknown,terrestrial indet.,Catopsalis alexanderi
m1,15.7,8.9,60.9,57.5,-77.42,52.51,Fort Union,unknown,terrestrial indet.,Catopsalis calgariensis
m1,2.19,1.35,39.7,37.0,-86.94,56.36,Cypress Hills,unknown,terrestrial indet.,Centetodon magnus
m1,1.9,1.75,57.5,56.0,-78.79,52.74,Willwood,unknown,terrestrial indet.,Ceutholestes dolosus
m1,1.85,1.75,57.5,56.0,-78.79,52.74,Willwood,unknown,terrestrial indet.,Ceutholestes dolosus
m1,26.1,11.8,4.7,1.4,-100.53,35.6,unknown,sandstone,channel,Chasmaporthetes ossifragus
m1,5.13,4.17,63.4,60.9,-73.27,53.83,Fort Union,unknown,terrestrial indet.,Chriacus baldwini
m1,7.5,5.3,60.9,57.5,-79.81,51.07,Evanston,siliciclastic,terrestrial indet.,Chriacus pelvidens
m1,5.7,3.6,60.9,57.5,-79.81,51.07,Evanston,siliciclastic,terrestrial indet.,Chriacus baldwini
m1,1.97,0.88,83.6,72.2,-71.37,58.79,Two Medicine,carbonate,terrestrial indet.,Filikomys primaevus
m1,3.9,1.76,72.2,66.0,-66.02,53.68,Lance,sandstone,terrestrial indet.,Cimolodon nitidus
m1,4.1,1.8,72.2,66.0,-65.92,53.69,Lance,shale,terrestrial indet.,Cimolodon nitidus
m1,4.48,2.11,72.2,66.0,-65.56,58.47,Hell Creek,mudstone,terrestrial indet.,Cimolodon nitidus
m1,4.53,1.97,72.2,66.0,-64.61,58.18,Hell Creek,sandstone,terrestrial indet.,Cimolodon nitidus
m1,3.317,1.629,72.2,66.0,-69.36,53.27,Ferris,unknown,terrestrial indet.,Cimolodon nitidus
m1,3.8,1.9,72.2,66.0,-69.37,53.27,Ferris,unknown,terrestrial indet.,Cimolodon nitidus
m1,4.8,2.1,72.2,66.0,-66.02,53.68,Lance,sandstone,terrestrial indet.,Cimolomys gracilis
m1,4.7,2.0,72.2,66.0,-65.92,53.69,Lance,shale,terrestrial indet.,Cimolomys gracilis
m1,1.5,1.7,12.5,9.4,-110.34,46.52,Juntura,unknown,terrestrial indet.,Ammospermophilus junturensis
m1,9.5,7.87,60.9,57.5,-76.47,54.83,unknown,unknown,terrestrial indet.,Arctocyon corrugatus
m1,21.1,13.4,39.7,37.0,-84.14,51.5,Slim Buttes,siliciclastic,fluvial indet.,Colodon cingulatus
m1,12.0,9.1,45.9,39.7,-86.48,36.39,Colmena Tuff,unknown,terrestrial indet.,Plesiocolopirus hancocki
m1,15.7,12.4,33.9,31.8,-87.83,47.98,Brule,unknown,terrestrial indet.,Colodon occidentalis
m1,12.4,8.7,37.0,33.9,-89.99,35.83,unknown,unknown,terrestrial indet.,Colodon stovalli
m1,13.2,9.4,39.7,37.0,-88.5,36.09,Chambers Tuff,unknown,terrestrial indet.,Colodon stovalli
m1,7.7,5.3,63.4,60.9,-77.16,46.7,Nacimiento,unknown,terrestrial indet.,Conoryctella pattersoni
m1,8.0,5.6,63.4,60.9,-79.23,50.21,North Horn,unknown,terrestrial indet.,Conoryctella pattersoni
m1,6.82,5.25,56.0,51.1,-80.09,51.71,Willwood,unknown,terrestrial indet.,Copecion brachypternus
m1,6.72,5.45,56.0,51.1,-80.09,51.71,Willwood,unknown,terrestrial indet.,Copecion brachypternus
m1,6.98,5.6,56.0,51.1,-80.09,51.71,Willwood,unknown,terrestrial indet.,Copecion brachypternus
m1,1.58,0.83,39.7,37.0,-86.94,56.36,Cypress Hills,unknown,terrestrial indet.,Herpetotherium innominatum
m1,1.56,1.08,12.5,9.4,-113.93,41.27,Esmeralda,unknown,terrestrial indet.,Copemys dentalis
m1,1.47,1.05,16.3,12.5,-93.26,45.99,Valentine,sandstone,channel,Copemys longidens
m1,1.85,1.24,12.5,9.4,-95.72,39.49,Laverne,unknown,terrestrial indet.,Honeymys mariae
m1,1.725,1.2,12.5,9.4,-95.72,39.49,Laverne,unknown,terrestrial indet.,Honeymys mariae
m1,1.75,1.15,12.5,9.4,-94.8,45.3,Ash Hollow,siliciclastic,channel,Honeymys mariae
m1,1.5643,1.0857,16.3,12.5,-93.26,45.99,Valentine,sandstone,channel,Copemys longidens
m1,1.5,1.0625,16.3,12.5,-93.24,45.91,Valentine,unknown,terrestrial indet.,Copemys longidens
m1,1.4,1.0,16.3,12.5,-93.24,45.91,unknown,unknown,terrestrial indet.,Copemys longidens
m1,18.3,9.6,12.5,9.4,-77.8,31.36,Alachua,unknown,marginal marine indet.,Cormohipparion ingenuum
m1,17.8,13.8,16.3,9.4,-95.57,45.5,Valentine,unknown,terrestrial indet.,Cranioceras unicornis
m1,17.2,11.9,12.5,9.4,-95.57,45.5,Valentine,unknown,terrestrial indet.,Cranioceras unicornis
m1,5.2,4.1,45.9,39.7,-98.28,39.4,Sespe,unknown,terrestrial indet.,Craseops sylvestris
m1,1.75,1.35,24.7,23.1,-95.79,54.96,Cypress Hills,unknown,terrestrial indet.,Crucimys milleri
m1,1.2333,1.3,12.5,9.4,-112.99,38.09,Avawatz,unknown,terrestrial indet.,Cupidinimus avawatzensis
m1,1.05,1.27,18.5,16.3,-111.3,39.82,Kramer Beds,claystone,fluvial indet.,Cupidinimus boronensis
m1,1.0,1.2,23.04,5.333,-94.57,45.87,unknown,unknown,terrestrial indet.,Cupidinimus nebraskensis
m1,1.1,1.2,16.3,12.5,-92.91,45.99,Valentine,unknown,terrestrial indet.,Cupidinimus nebraskensis
m1,0.9,1.15,16.3,12.5,-92.91,45.99,Valentine,unknown,terrestrial indet.,Cupidinimus nebraskensis
m1,1.15,1.44,12.5,9.4,-94.8,45.3,Ash Hollow,siliciclastic,channel,Cupidinimus prattensis
m1,11.3,8.65,16.3,12.5,-111.81,38.82,Barstow,unknown,terrestrial indet.,Tedfordhyus occidentalis
m1,31.0,21.0,23.1,18.5,-93.3,47.08,Harrison,unknown,terrestrial indet.,Dinohyus hollandi
m1,13.7,6.7,37.0,33.9,-89.99,35.83,unknown,unknown,terrestrial indet.,Brachyrhynchocyon dodgei
m1,13.4,7.2,37.0,33.9,-87.35,47.77,Chadron,siltstone,terrestrial indet.,Brachyrhynchocyon dodgei
m1,13.85,7.1,37.0,33.9,-91.37,55.94,Cypress Hills,unknown,terrestrial indet.,Brachyrhynchocyon dodgei
m1,30.8,14.1,23.1,18.5,-93.3,47.08,Marsland,unknown,terrestrial indet.,Daphoenodon falkenbachi
m1,21.6,10.6,27.3,23.04,-73.13,32.48,Crystal River,claystone,sinkhole,Daphoenodon notionastes
m1,21.8,9.8,23.1,18.5,-72.58,32.47,unknown,unknown,terrestrial indet.,Daphoenodon notionastes
m1,19.3,9.4,23.1,18.5,-72.86,31.2,unknown,unknown,terrestrial indet.,Daphoenodon notionastes
m1,20.2,10.3,23.04,20.45,-84.46,34.75,Fleming,conglomerate,coarse channel fill,Daphoenodon notionastes
m1,7.8,6.5,66.0,63.4,-77.82,50.68,North Horn,unknown,terrestrial indet.,Desmatoclaenus hermaeus
m1,8.8,7.4,66.0,63.4,-77.82,50.68,North Horn,unknown,terrestrial indet.,Desmatoclaenus hermaeus
m1,4.25,3.31,56.0,51.1,-80.68,50.99,Wind River,unknown,terrestrial indet.,Diacodexis kelleyi
m1,3.0275,2.185,56.0,51.1,-82.05,44.29,San Jose,unknown,terrestrial indet.,Diacodon alticuspis
m1,49.3,35.5,29.5,24.7,-88.74,48.37,Sharps,unknown,terrestrial indet.,Diceratherium radtkei
m1,32.25,18.65,29.5,24.7,-88.74,48.37,Sharps,unknown,terrestrial indet.,Diceratherium marriottae
m1,34.2,22.0,29.5,24.7,-88.74,48.37,Sharps,unknown,terrestrial indet.,Diceratherium marriottae
m1,50.7,38.1,16.3,12.5,-89.2,33.45,Fleming,unknown,terrestrial indet.,Dinohyus hollandi
m1,4.3433,4.9233,12.5,9.4,-94.8,45.3,Ash Hollow,siliciclastic,channel,Dipoides tanneri
m1,4.3,4.1,9.4,4.7,-107.29,37.9,Bidahochi,unknown,terrestrial indet.,Dipoides williamsi
m1,2.17,1.49,33.9,31.8,-91.61,49.36,unknown,siltstone,lacustrine - small,Domnina gradata
m1,2.03,1.48,37.0,33.9,-86.81,48.11,Chadron,unknown,terrestrial indet.,Domnina gradata
m1,2.08,1.52,37.0,33.9,-90.33,55.96,Cypress Hills,unknown,terrestrial indet.,Domnina gradata
m1,2.18,1.34,39.7,37.0,-86.94,56.36,Cypress Hills,unknown,terrestrial indet.,Domnina gradata
m1,3.0,2.5,12.5,9.4,-95.72,39.49,Laverne,unknown,terrestrial indet.,Domninoides hessei
m1,2.1833,1.3167,12.5,9.4,-95.72,39.49,Laverne,unknown,terrestrial indet.,Domninoides knoxjonesi
m1,2.78,2.365,12.5,9.4,-94.78,41.74,Ogallala,sandstone,channel,Domninoides mimicus
m1,1.9,1.57,24.7,23.1,-95.79,54.96,Cypress Hills,unknown,terrestrial indet.,Downsimus chadwicki
m1,19.5,12.3,16.3,12.5,-109.76,46.69,Butte Creek,volcaniclastic,terrestrial indet.,Dromomeryx borealis
m1,20.5,13.0,16.3,12.5,-109.76,46.69,Sucker Creek,unknown,terrestrial indet.,Dromomeryx borealis
m1,39.0,27.0,39.7,37.0,-100.3,38.92,Sespe,unknown,terrestrial indet.,Duchesneodus uintensis
m1,12.35,9.5,16.3,12.5,-111.81,38.82,Barstow,unknown,terrestrial indet.,Dyseohyus fricki
m1,13.3,10.6,16.3,12.5,-97.23,45.6,Olcott,unknown,terrestrial indet.,Stirtonhyus xiphodonticus
m1,12.65,10.0,16.3,12.5,-97.28,45.82,Olcott,unknown,terrestrial indet.,Stirtonhyus xiphodonticus
m1,12.25,9.575,16.3,12.5,-96.24,46.05,unknown,unknown,terrestrial indet.,Stirtonhyus xiphodonticus
m1,2.1,1.8,45.9,39.7,-96.6,38.2,Santiago,siliciclastic,terrestrial indet.,Dyseolemur pacificus
m1,6.0,4.45,60.9,57.5,-75.51,53.47,Fort Union,siliciclastic,fluvial-lacustrine indet.,Ectocion cedrus
m1,6.59,5.19,60.9,57.5,-76.47,54.83,unknown,unknown,terrestrial indet.,Ectocion collinus
m1,5.43,4.3,56.0,51.1,-79.64,51.58,Willwood,mudstone,terrestrial indet.,Ectocion parvus
m1,10.025,9.125,66.0,63.4,-78.69,50.98,North Horn,unknown,terrestrial indet.,Ectoconus ditrigonus
m1,10.251,8.28,66.0,63.4,-71.4,52.31,Ferris,unknown,terrestrial indet.,Ectoconus ditrigonus
m1,1.79,1.03,37.0,33.9,-86.81,48.11,Chadron,unknown,terrestrial indet.,Ectypodus lovei
m1,1.69,1.0,39.7,37.0,-93.02,53.01,Climbing Arrow,unknown,terrestrial indet.,Ectypodus lovei
m1,2.15,0.95,57.5,56.0,-78.79,52.74,unknown,unknown,terrestrial indet.,Ectypodus powelli
m1,2.0,0.9,57.5,56.0,-78.79,52.74,unknown,unknown,terrestrial indet.,Ectypodus powelli
m1,2.0,0.9,63.4,60.9,-73.65,56.02,Fort Union,unknown,terrestrial indet.,Ectypodus szalayi
m1,1.9,0.925,63.4,60.9,-73.65,56.02,Fort Union,unknown,terrestrial indet.,Ectypodus szalayi
m1,2.8,1.3,60.9,57.5,-74.95,51.73,Fort Union,unknown,terrestrial indet.,Ectypodus tardus
m1,1.79,0.82,56.0,51.1,-78.54,51.42,Wind River,unknown,terrestrial indet.,Ectypodus tardus
m1,1.9,0.95,56.0,51.1,-79.64,51.58,Willwood,mudstone,terrestrial indet.,Ectypodus tardus
m1,1.46,1.33,60.9,57.5,-76.47,54.83,unknown,unknown,terrestrial indet.,Elphidotarsius russelli
m1,1.61,1.28,60.9,57.5,-76.34,55.23,Melville,unknown,terrestrial indet.,Elphidotarsius russelli
m1,1.37,1.33,60.9,57.5,-76.47,54.83,Melville,unknown,terrestrial indet.,Elphidotarsius russelli
m1,1.42,1.37,60.9,57.5,-78.13,60.96,Paskapoo,siltstone,fluvial-lacustrine indet.,Elphidotarsius russelli
m1,2.55,1.9,51.1,45.9,-84.44,50.94,Aycross,unknown,terrestrial indet.,Elwynella oreas
m1,2.4,1.8,51.1,45.9,-84.44,50.94,Aycross,unknown,terrestrial indet.,Elwynella oreas
m1,0.97,0.77,51.1,45.9,-92.12,47.29,Sheep Pass,limestone,lacustrine - small,Elymys complexus
m1,17.1,11.2,9.4,4.7,-78.95,28.93,Peace River,sandstone,marginal marine indet.,Enhydritherium terraenovae
m1,15.9,10.4,9.4,4.7,-79.24,30.36,Alachua,claystone,pond,Enhydritherium terraenovae
m1,1.48,2.0,23.1,18.5,-90.01,47.22,Harrison,unknown,terrestrial indet.,Entoptychus grandiplanus
m1,4.2,3.75,45.9,39.7,-98.28,39.4,Sespe,unknown,terrestrial indet.,Eohaplomys matutinus
m1,7.5,5.5,45.9,39.7,-88.55,48.71,Washakie,unknown,terrestrial indet.,Epihippus gracilis
m1,9.4,6.3,39.7,37.0,-84.14,51.5,Slim Buttes,siliciclastic,fluvial indet.,Duchesnehippus intermedius
m1,9.3,6.4,45.9,39.7,-87.18,50.06,Tepee Trail,unknown,terrestrial indet.,Epihippus gracilis
m1,22.2,15.8,2.58,0.0117,-101.55,35.23,unknown,claystone,fluvial-lacustrine indet.,Equus conversidens
m1,24.2833,15.4,1.4,0.21,-101.54,33.94,unknown,unknown,terrestrial indet.,Equus conversidens
m1,25.4,13.8,4.7,1.4,-104.18,32.26,Camp Rice,unknown,terrestrial indet.,Equus (Asinus) cumminsi
m1,29.3,15.7,4.7,1.4,-104.18,32.26,Camp Rice,unknown,terrestrial indet.,Plesippus idahoensis
m1,28.2,16.2,4.7,1.4,-117.11,35.97,Tulare,unknown,terrestrial indet.,Equus mexicanus
m1,29.5,18.45,1.4,0.21,-99.14,33.99,Seymour,unknown,terrestrial indet.,Equus mexicanus
m1,26.0,17.8,4.7,1.4,-101.91,42.44,unknown,unknown,terrestrial indet.,Plesippus simplicidens
m1,7.0,6.8,1.4,0.21,-101.99,22.04,Tacubaya,unknown,terrestrial indet.,Erethizon dorsatum
m1,7.05,6.55,1.4,0.21,-82.19,29.85,unknown,unknown,terrestrial indet.,Erethizon dorsatum
m1,6.7333,6.4,1.4,0.21,-81.73,28.07,unknown,unknown,terrestrial indet.,Erethizon dorsatum
m1,7.2,6.5,2.58,0.774,-81.8,30.02,unknown,unknown,terrestrial indet.,Erethizon poyeri
m1,2.9,1.9,63.4,60.9,-76.53,46.43,Nacimiento,unknown,terrestrial indet.,Escavadodon zygus
m1,7.9,4.15,72.2,66.0,-65.51,58.42,Hell Creek,sandstone,terrestrial indet.,Essonodon browni
m1,6.8,3.4,72.2,66.0,-74.01,48.39,Kirtland,sandstone,channel,Essonodon browni
m1,8.76,6.74,51.1,45.9,-83.12,50.2,Wind River,mudstone,fluvial-lacustrine indet.,Esthonyx acutidens
m1,8.7,6.6,56.0,51.1,-79.47,50.76,Wind River,unknown,terrestrial indet.,Esthonyx acutidens
m1,8.5,7.7,57.5,56.0,-78.79,52.74,unknown,unknown,terrestrial indet.,Azygonyx ancylion
m1,7.4,6.2,56.0,51.1,-80.68,50.99,Wind River,unknown,terrestrial indet.,Esthonyx bisulcatus
m1,7.8,6.7,56.0,51.1,-82.05,44.29,San Jose,unknown,terrestrial indet.,Esthonyx bisulcatus
m1,10.2,9.3,57.5,56.0,-78.79,52.74,unknown,unknown,terrestrial indet.,Azygonyx grangeri
m1,10.0,8.0,57.5,56.0,-78.79,52.74,unknown,unknown,terrestrial indet.,Azygonyx grangeri
m1,3.1,3.74,12.5,9.4,-94.8,45.3,Ash Hollow,siliciclastic,channel,Nothodipoides planus
m1,3.26,2.56,63.4,60.9,-73.65,56.02,Fort Union,unknown,terrestrial indet.,Eudaemonema cuspidata
m1,2.5,1.9,33.9,31.8,-95.92,53.11,unknown,unknown,terrestrial indet.,Eumys cricetodontoides
m1,2.76,1.96,33.9,31.8,-95.92,53.11,unknown,unknown,terrestrial indet.,Eumys cricetodontoides
m1,2.293,1.715,33.9,31.8,-91.61,49.36,unknown,siltstone,lacustrine - small,Eumys elegans
m1,2.48,1.88,37.0,33.9,-90.33,55.96,Cypress Hills,unknown,terrestrial indet.,Eumys elegans
m1,2.7,1.9,37.0,33.9,-94.07,52.71,unknown,unknown,terrestrial indet.,Eumys elegans
m1,2.6556,2.9111,37.0,33.9,-94.07,52.71,unknown,unknown,terrestrial indet.,Eumys elegans
m1,19.5,8.5,33.9,31.8,-85.92,49.28,Brule,unknown,terrestrial indet.,Hoplophoneus sicarius
m1,1.3667,1.35,16.3,12.5,-93.26,45.99,Valentine,sandstone,channel,Tamias ateles
m1,1.145,1.24,9.4,4.7,-115.43,47.6,Alkali Canyon,sandstone,terrestrial indet.,Neotamias malloryi
m1,2.01,1.84,39.7,37.0,-86.94,56.36,Cypress Hills,unknown,terrestrial indet.,Eutypomys acares
m1,3.76,3.43,37.0,33.9,-89.99,35.83,unknown,unknown,terrestrial indet.,Eutypomys inexpectatus
m1,3.72,3.39,37.0,33.9,-89.99,35.83,unknown,unknown,terrestrial indet.,Eutypomys inexpectatus
m1,4.1,3.85,29.5,18.5,-100.95,52.12,Renova,unknown,terrestrial indet.,Eutypomys montanensis
m1,1.35,1.2,39.7,37.0,-86.94,56.36,Cypress Hills,unknown,terrestrial indet.,Microeutypomys tilliei
m1,1.86,2.66,18.5,16.3,-95.06,46.14,Runningwater,unknown,terrestrial indet.,Fanimus ultimus
m1,2.2,2.0,29.5,18.5,-92.34,47.0,unknown,unknown,terrestrial indet.,Florentiamys tiptoni
m1,2.2,2.2,29.5,18.5,-92.48,48.02,unknown,unknown,terrestrial indet.,Florentiamys kingi
m1,2.23,2.35,29.5,18.5,-92.34,47.0,unknown,unknown,terrestrial indet.,Florentiamys loomisi
m1,1.71,2.04,24.7,23.1,-95.79,54.96,Cypress Hills,unknown,terrestrial indet.,Florentiamys tiptoni
m1,5.5,4.1,51.1,45.9,-92.12,47.29,Sheep Pass,limestone,lacustrine - small,Fouchia elyensis
m1,0.98,2.0,4.7,1.4,-110.85,35.58,Verde,mudstone,terrestrial indet.,Nerterogeomys minor
m1,1.62,1.21,24.7,23.1,-95.79,54.96,Cypress Hills,unknown,terrestrial indet.,Geringia gloveri
m1,35.725,22.15,4.7,1.4,-100.2,34.49,Blanco,unknown,terrestrial indet.,Gigantocamelus spatulus
m1,3.0,1.5,12.5,9.4,-111.49,46.16,unknown,unknown,terrestrial indet.,Goniodontomys disjunctus
m1,1.25,1.99,23.1,18.5,-94.48,33.9,Delaho,unknown,terrestrial indet.,Gregorymys riograndensis
m1,1.8,1.8,18.5,16.3,-93.54,47.05,Rosebud,conglomerate,coarse channel fill,Gripholagomys lavocati
m1,2.056,2.247,23.1,18.5,-90.01,47.22,Harrison,unknown,terrestrial indet.,Gripholagomys lavocati
m1,2.13,2.21,24.7,23.1,-95.79,54.96,Cypress Hills,unknown,terrestrial indet.,Gripholagomys lavocati
m1,2.99,1.19,4.7,1.4,-96.97,43.06,Long Pine,siltstone,floodplain,Guildayomys hibbardi
m1,2.44,1.98,72.2,66.0,-65.32,60.38,Frenchman,siltstone,floodplain,Gypsonictops illuminatus
m1,4.14,1.7,56.0,51.1,-81.07,52.21,Willwood,unknown,terrestrial indet.,Hapalodectes anthracinus
m1,4.05,1.45,56.0,51.1,-80.09,51.71,Willwood,unknown,terrestrial indet.,Hapalodectes anthracinus
m1,2.73,2.08,56.0,51.1,-78.54,51.42,Wasatch,unknown,terrestrial indet.,Haplomylus bozemanensis
m1,2.6,1.97,56.0,51.1,-78.54,51.42,unknown,unknown,terrestrial indet.,Haplomylus bozemanensis
m1,2.72,2.12,56.0,51.1,-78.54,51.42,Wasatch,unknown,terrestrial indet.,Haplomylus speirianus
m1,2.62,2.01,56.0,51.1,-78.54,51.42,unknown,unknown,terrestrial indet.,Haplomylus speirianus
m1,1.77,2.18,18.5,16.3,-100.39,47.45,Arikaree,unknown,eolian indet.,Harrymys irvini
m1,0.97,0.967,33.9,31.8,-91.61,49.36,unknown,siltstone,lacustrine - small,Heliscomys vetus
m1,1.86,1.1,37.0,33.9,-86.26,48.45,Chadron,siltstone,terrestrial indet.,Herpetotherium fugax
m1,1.92,1.1,39.7,37.0,-86.94,56.36,Cypress Hills,unknown,terrestrial indet.,Herpetotherium knighti
m1,2.24,1.24,39.7,37.0,-86.94,56.36,Cypress Hills,unknown,terrestrial indet.,Herpetotherium marsupium
m1,2.07,1.15,37.0,33.9,-91.37,55.94,Cypress Hills,unknown,terrestrial indet.,Herpetotherium valens
m1,1.72,1.02,23.1,18.5,-90.01,47.22,Harrison,unknown,terrestrial indet.,Herpetotherium youngi
m1,1.78,1.1,24.7,23.1,-95.79,54.96,Cypress Hills,unknown,terrestrial indet.,Herpetotherium youngi
m1,11.0,5.0,33.9,31.8,-95.92,53.11,unknown,unknown,terrestrial indet.,Hesperocyon gregarius
m1,8.46,4.01,37.0,33.9,-91.37,55.94,Cypress Hills,unknown,terrestrial indet.,Hesperocyon gregarius
m1,9.1,4.75,37.0,33.9,-89.99,35.83,Capote Mountain Tuff,unknown,terrestrial indet.,Prohesperocyon wilsoni
m1,10.3,7.8,39.7,37.0,-88.5,36.09,unknown,unknown,terrestrial indet.,Heteromeryx dispar
m1,22.4,15.4,23.04,5.333,-112.78,36.75,Caliente,unknown,terrestrial indet.,Heteropliohippus hulberti
m1,2.74,1.36,4.7,1.4,-96.97,43.06,Long Pine,siltstone,floodplain,Hibbardomys marthae
m1,2.5,1.05,1.4,0.21,-99.44,45.67,unknown,unknown,terrestrial indet.,Hibbardomys marthae
m1,2.89,1.27,4.7,1.4,-96.97,43.06,Long Pine,siltstone,floodplain,Hibbardomys voorhiesi
m1,22.95,11.35,11.63,7.246,-111.61,38.23,Chanac,unknown,terrestrial indet.,Hipparion forcei
m1,19.5,8.5,12.5,9.4,-77.8,31.36,Alachua,unknown,marginal marine indet.,Hipparion tehonense
m1,18.85,11.25,12.5,9.4,-116.32,40.4,unknown,siliciclastic,terrestrial indet.,Neohipparion trampasense
m1,18.7,10.9,9.4,4.7,-85.52,17.0,Gracias,unknown,terrestrial indet.,Cormohipparion ingenuum
m1,1.345,1.38,23.1,18.5,-90.01,47.22,Harrison,unknown,terrestrial indet.,Hitonkala macdonaldtau
m1,1.27,1.41,24.7,23.1,-95.79,54.96,Cypress Hills,unknown,terrestrial indet.,Hitonkala macdonaldtau
m1,15.0,7.0,33.9,31.8,-86.19,48.71,Brule,unknown,terrestrial indet.,Hoplophoneus primaevus
m1,16.0,7.25,33.9,31.8,-86.19,48.71,Brule,unknown,terrestrial indet.,Hoplophoneus primaevus
m1,18.9,9.4,33.9,31.8,-85.92,49.28,Brule,unknown,terrestrial indet.,Hoplophoneus sicarius
m1,3.71,2.97,51.1,45.9,-87.37,48.83,Bridger,unknown,terrestrial indet.,Hyopsodus lepidus
m1,3.63,2.85,51.1,45.9,-87.37,48.83,Bridger,unknown,terrestrial indet.,Hyopsodus lepidus
m1,3.13,2.45,51.1,45.9,-87.37,48.83,Bridger,unknown,terrestrial indet.,Hyopsodus minusculus
m1,3.22,2.62,51.1,45.9,-87.37,48.83,Bridger,unknown,terrestrial indet.,Hyopsodus minusculus
m1,3.4,2.7,51.1,45.9,-84.53,51.57,Aycross,unknown,terrestrial indet.,Hyopsodus minusculus
m1,3.85,3.18,51.1,45.9,-87.37,48.83,Bridger,unknown,terrestrial indet.,Hyopsodus paulus
m1,3.61,2.9,51.1,45.9,-87.37,48.83,Bridger,unknown,terrestrial indet.,Hyopsodus paulus
m1,3.63,2.86,51.1,45.9,-87.37,48.83,Bridger,unknown,terrestrial indet.,Hyopsodus paulus
m1,3.97,3.09,51.1,45.9,-87.37,48.83,Bridger,unknown,terrestrial indet.,Hyopsodus paulus
m1,3.93,3.14,51.1,45.9,-87.37,48.83,Bridger,unknown,terrestrial indet.,Hyopsodus paulus
m1,4.4,3.56,51.1,45.9,-87.37,48.83,Bridger,unknown,terrestrial indet.,Hyopsodus paulus
m1,4.21,3.43,51.1,45.9,-87.37,48.83,Bridger,unknown,terrestrial indet.,Hyopsodus paulus
m1,4.16,3.31,51.1,45.9,-87.37,48.83,Bridger,unknown,terrestrial indet.,Hyopsodus paulus
m1,4.17,3.39,45.9,39.7,-87.9,47.5,Washakie,unknown,terrestrial indet.,Hyopsodus paulus
m1,3.5,2.9,51.1,45.9,-92.12,47.29,Sheep Pass,limestone,lacustrine - small,Hyopsodus paulus
m1,24.8,19.0,16.3,12.5,-111.93,42.13,unknown,unknown,terrestrial indet.,Hypohippus affinis
m1,22.2,17.0,16.3,12.5,-91.15,45.69,Valentine,sandstone,crevasse splay,Hypohippus affinis
m1,22.0,16.0,16.3,12.5,-112.26,45.14,Virgin Valley,unknown,terrestrial indet.,Hypohippus osborni
m1,21.5,16.5,16.3,12.5,-111.06,45.81,unknown,unknown,terrestrial indet.,Hypohippus osborni
m1,14.9,11.2,51.1,45.9,-92.12,47.29,Sheep Pass,limestone,lacustrine - small,Hyrachyus modestus
m1,19.5,13.1,51.1,45.9,-85.65,49.81,Bridger,unknown,terrestrial indet.,Hyrachyus eximius
m1,15.9143,11.6429,51.1,45.9,-92.12,47.29,Sheep Pass,limestone,lacustrine - small,Hyrachyus modestus
m1,13.7,10.0,39.7,37.0,-88.5,36.09,unknown,unknown,terrestrial indet.,Hyracodon primus
m1,16.0,10.2,39.7,37.0,-88.5,36.09,Chambers Tuff,unknown,terrestrial indet.,Hyracodon medius
m1,14.75,9.8,39.7,37.0,-88.5,36.09,unknown,unknown,terrestrial indet.,Hyracodon medius
m1,14.8,9.9,39.7,37.0,-88.5,36.09,Chambers Tuff,unknown,terrestrial indet.,Hyracodon medius
m1,4.1,2.3,63.4,60.9,-73.65,56.02,Fort Union,unknown,terrestrial indet.,Ictidopappus mustelinus
m1,2.03,1.59,60.9,57.5,-66.51,56.07,Ravenscrag,sandstone,alluvial fan,Ignacius frugivorus
m1,2.12,1.73,60.9,57.5,-77.86,50.78,Fort Union,unknown,terrestrial indet.,Ignacius frugivorus
m1,3.01,1.87,16.3,12.5,-109.76,46.69,Deer Butte,unknown,terrestrial indet.,Ingentisorex tumididens
m1,3.0446,1.7931,16.3,12.5,-109.76,46.69,Deer Butte,unknown,terrestrial indet.,Ingentisorex tumididens
m1,28.25,13.35,4.7,1.4,-100.53,35.6,unknown,sandstone,channel,Homotherium johnstoni
m1,30.8,14.0,4.7,1.4,-100.53,35.6,unknown,sandstone,channel,Homotherium johnstoni
m1,4.44,4.255,45.9,39.7,-89.82,47.22,Uinta,unknown,terrestrial indet.,Metaparamys compressidens
m1,1.23,1.13,39.7,37.0,-86.94,56.36,Cypress Hills,unknown,terrestrial indet.,Janimus dawsonae
m1,1.28,0.93,1.4,0.21,-99.44,45.67,unknown,unknown,terrestrial indet.,Javazapus weeksi
m1,2.25,1.75,56.0,51.1,-82.33,43.51,San Jose,unknown,terrestrial indet.,Jemezius szalayi
m1,1.7,1.5,63.4,60.9,-73.65,56.02,Fort Union,unknown,terrestrial indet.,Jepsenella praepropera
m1,1.6,1.2,63.4,60.9,-74.08,51.29,Fort Union,unknown,terrestrial indet.,Jepsenella praepropera
m1,1.6,1.2,63.4,60.9,-73.72,54.42,unknown,unknown,terrestrial indet.,Jepsenella praepropera
m1,1.7,1.9,16.3,12.5,-96.24,46.05,unknown,unknown,terrestrial indet.,Jimomys labaughi
m1,1.7,1.9,16.3,12.5,-89.2,33.45,Fleming,unknown,terrestrial indet.,Jimomys labaughi
m1,2.68,0.88,1.4,0.21,-105.33,39.55,unknown,unknown,terrestrial indet.,Lemmiscus curtatus
m1,2.18,0.77,1.4,0.21,-105.33,39.55,unknown,unknown,terrestrial indet.,Lemmiscus curtatus
m1,2.92,1.9,16.3,12.5,-111.81,38.82,Barstow,unknown,terrestrial indet.,Lanthanotherium sawini
m1,1.89,1.31,24.7,23.1,-95.79,54.96,Cypress Hills,unknown,terrestrial indet.,Leidymys korthi
m1,1.7,1.3,56.0,51.1,-78.54,51.42,Wasatch,unknown,terrestrial indet.,Leipsanolestes siegfriedti
m1,1.8,1.6,57.5,56.0,-78.79,52.74,Fort Union,unknown,terrestrial indet.,Leipsanolestes siegfriedti
m1,1.3,0.9,56.0,51.1,-82.05,44.29,San Jose,unknown,terrestrial indet.,Leptacodon catulus
m1,1.3,0.9,60.9,57.5,-75.51,53.47,Fort Union,siliciclastic,fluvial-lacustrine indet.,Leptacodon munusculum
m1,1.2,0.9,63.4,60.9,-73.65,56.02,Fort Union,unknown,terrestrial indet.,Leptacodon munusculum
m1,1.3,1.0,60.9,57.5,-77.27,55.0,Fort Union,unknown,terrestrial indet.,Leptacodon munusculum
m1,1.3,1.1,60.9,57.5,-76.47,54.83,unknown,unknown,terrestrial indet.,Leptacodon munusculum
m1,1.24,0.77,63.4,60.9,-74.71,61.93,Paskapoo,unknown,fluvial indet.,Leptacodon munusculum
m1,1.4,1.0,60.9,57.5,-76.47,54.83,Melville,unknown,terrestrial indet.,Leptacodon tener
m1,1.3,1.1,60.9,57.5,-75.51,53.47,Fort Union,siliciclastic,fluvial-lacustrine indet.,Leptacodon tener
m1,1.3,1.2,60.9,57.5,-75.51,53.47,Fort Union,siliciclastic,fluvial-lacustrine indet.,Leptacodon tener
m1,9.8,5.2,16.3,12.5,-96.7,44.18,Pawnee Creek Beds,unknown,terrestrial indet.,Leptarctus primus
m1,17.3,6.2,9.4,4.7,-98.52,41.18,unknown,unknown,terrestrial indet.,Eucyon davisi
m1,10.65,4.25,16.3,12.5,-111.93,42.13,unknown,unknown,terrestrial indet.,Leptocyon vafer
m1,12.3,4.7,12.5,9.4,-95.57,45.5,Valentine,unknown,terrestrial indet.,Leptocyon vafer
m1,12.65,5.15,12.5,9.4,-111.12,44.24,unknown,unknown,terrestrial indet.,Leptocyon vafer
m1,0.986,0.9,29.5,24.7,-89.39,47.96,unknown,conglomerate,coarse channel fill,Leptodontomys douglassi
m1,5.4,3.7,37.0,33.9,-102.59,44.19,Titus Canyon,unknown,terrestrial indet.,Leptomeryx blacki
m1,4.9,3.5,37.0,33.9,-102.59,44.19,Titus Canyon,unknown,terrestrial indet.,Leptomeryx blacki
m1,6.9,5.2,33.9,31.8,-91.3,55.68,Cypress Hills,unknown,terrestrial indet.,Leptomeryx evansi
m1,7.2,4.8,37.0,33.9,-90.13,55.84,unknown,unknown,terrestrial indet.,Leptomeryx yoderi
m1,7.2,5.5,37.0,33.9,-87.35,47.77,Chadron,siltstone,terrestrial indet.,Leptomeryx yoderi
m1,6.3,5.3,45.9,39.7,-86.48,36.39,Colmena Tuff,unknown,terrestrial indet.,Leptoreodon leptolophus
m1,6.025,4.85,45.9,39.7,-82.01,33.29,Laredo,sandstone,estuary/bay,Leptoreodon leptolophus
m1,6.35,5.025,45.9,39.7,-85.58,35.54,Devil's Graveyard,unknown,terrestrial indet.,Leptoreodon marshi
m1,7.8,5.8,45.9,39.7,-83.75,56.77,Cypress Hills,sandstone,fluvial indet.,Leptoreodon marshi
m1,4.135,3.71,56.0,51.1,-79.51,45.15,Huerfano,unknown,terrestrial indet.,Notoparamys costilloi
m1,7.2,7.5,39.7,37.0,-88.5,36.09,unknown,unknown,terrestrial indet.,Quadratomus gigans
m1,8.6,7.9,39.7,37.0,-88.5,36.09,unknown,unknown,terrestrial indet.,Quadratomus gigans
m1,4.1,3.9,51.1,45.9,-87.38,49.45,Bridger,unknown,terrestrial indet.,Quadratomus grandis
m1,4.5667,4.2,51.1,45.9,-85.53,49.05,Bridger,unknown,terrestrial indet.,Quadratomus grandis
m1,4.63,4.95,45.9,39.7,-86.48,36.39,Colmena Tuff,unknown,terrestrial indet.,Paramys leptodus
m1,5.55,5.47,45.9,39.7,-86.48,36.39,Colmena Tuff,unknown,terrestrial indet.,Paramys leptodus
m1,3.41,3.25,51.1,45.9,-86.38,50.22,Green River,unknown,terrestrial indet.,Leptotomus parvus
m1,3.4,2.9,51.1,45.9,-85.53,49.05,Bridger,unknown,terrestrial indet.,Leptotomus parvus
m1,1.3,1.4,16.3,12.5,-93.26,45.99,Valentine,sandstone,channel,Lignimus montis
m1,1.225,1.525,16.3,12.5,-93.28,46.01,Valentine,unknown,terrestrial indet.,Lignimus montis
m1,2.6,2.3,16.3,12.5,-109.76,46.69,Butte Creek,volcaniclastic,terrestrial indet.,Liodontia alexandrae
m1,2.5,2.2,16.3,12.5,-112.26,45.14,Virgin Valley,unknown,terrestrial indet.,Liodontia alexandrae
m1,4.1,3.03,60.9,57.5,-78.13,60.96,Paskapoo,siltstone,fluvial-lacustrine indet.,Litomylus grandaletes
m1,8.7,5.6,16.3,12.5,-89.1,33.53,Fleming,unknown,terrestrial indet.,Longirostromeryx wellsi
m1,2.2,1.6,56.0,51.1,-81.07,52.21,Willwood,unknown,terrestrial indet.,Loveina wapitiensis
m1,9.1,8.2,66.0,63.4,-76.0,47.4,Nacimiento,unknown,terrestrial indet.,Loxolophus pentacus
m1,9.4,8.0,66.0,63.4,-78.69,50.98,North Horn,unknown,terrestrial indet.,Loxolophus pentacus
m1,8.95,6.5,66.0,63.4,-78.69,50.98,North Horn,unknown,terrestrial indet.,Loxolophus pentacus
m1,6.5,5.1,66.0,63.4,-76.0,47.4,Nacimiento,unknown,terrestrial indet.,Loxolophus priscus
m1,5.83,5.1,66.0,63.4,-71.41,52.31,Ferris,unknown,terrestrial indet.,Loxolophus priscus
m1,18.3,11.3,4.7,1.4,-116.59,43.67,unknown,unknown,terrestrial indet.,Satherium piscinarium
m1,16.55,9.0,4.7,1.4,-113.5,43.48,Glenns Ferry,unknown,terrestrial indet.,Satherium piscinarium
m1,14.0,5.7,9.4,4.7,-115.06,43.35,Thousand Creek,unknown,terrestrial indet.,Lutravus halli
m1,13.8,6.0,9.4,4.7,-115.46,46.26,Rattlesnake,siltstone,terrestrial indet.,Lutravus halli
m1,9.0,3.9,16.3,12.5,-96.7,44.18,Pawnee Creek Beds,unknown,terrestrial indet.,Pseudaelurus stouti
m1,31.5,13.0,9.4,4.7,-98.99,42.0,unknown,unknown,terrestrial indet.,Amphimachairodus coloradensis
m1,32.6,14.1,9.4,4.7,-98.33,38.58,Ogallala,unknown,terrestrial indet.,Amphimachairodus coloradensis
m1,31.9,14.0,9.4,4.7,-95.0,43.22,Ash Hollow,unknown,terrestrial indet.,Amphimachairodus coloradensis
m1,29.4,12.7,9.4,4.7,-98.52,41.18,unknown,unknown,terrestrial indet.,Amphimachairodus coloradensis
m1,1.59,1.19,56.0,51.1,-79.64,51.58,Willwood,mudstone,terrestrial indet.,Macrocranion junnei
m1,113.0,68.0,4.7,1.4,-99.15,37.91,Rexroad,unknown,terrestrial indet.,Mammut americanum
m1,26.0,18.0,51.1,45.9,-85.65,49.81,Bridger,unknown,terrestrial indet.,Telmatherium validus
m1,4.42,4.94,9.4,4.7,-116.88,41.07,unknown,unknown,terrestrial indet.,Marmota korthi
m1,6.25,6.4,4.7,1.4,-99.76,37.81,Rexroad,unknown,terrestrial indet.,Paenemarmota sawrockensis
m1,5.72,2.16,9.4,4.7,-98.52,41.18,unknown,unknown,terrestrial indet.,Martinogale alveodens
m1,5.27,2.56,9.4,4.7,-98.52,41.18,unknown,unknown,terrestrial indet.,Martinogale alveodens
m1,1.68,1.3,63.4,60.9,-73.72,54.42,unknown,unknown,terrestrial indet.,Adunator ladae
m1,2.46,2.46,29.5,18.5,-71.63,31.26,unknown,claystone,fissure fill,Megalagus abaconis
m1,2.81,2.87,37.0,33.9,-91.37,55.94,Cypress Hills,unknown,terrestrial indet.,Megalagus brachyodon
m1,16.5,23.0,4.7,1.4,-100.12,34.53,Blanco,unknown,terrestrial indet.,Megalonyx leptostomus
m1,15.4,21.5,1.4,0.21,-74.83,40.33,unknown,unknown,cave,Megalonyx wheatleyi
m1,19.7,9.3,4.7,1.4,-101.91,42.44,unknown,unknown,terrestrial indet.,Megantereon hesperus
m1,21.0,9.5,9.4,4.7,-78.95,28.93,Peace River,sandstone,marginal marine indet.,Megantereon hesperus
m1,1.96,1.49,16.3,12.5,-91.27,45.59,Valentine,conglomerate,fluvial indet.,Megasminthus tiheni
m1,34.5,19.3,4.7,1.4,-117.69,46.97,Ringold,unknown,terrestrial indet.,Megatylopus cochrani
m1,31.4,22.2,9.4,4.7,-97.13,37.75,unknown,unknown,terrestrial indet.,Megatylopus matthewi
m1,45.3,30.3,9.4,4.7,-97.13,37.75,unknown,unknown,terrestrial indet.,Megatylopus matthewi
m1,50.9,23.2,9.4,4.7,-98.16,22.95,Rancho Viejo Beds,claystone,fluvial indet.,Megatylopus matthewi
m1,7.02,3.38,72.2,66.0,-62.43,54.22,Fox Hills,unknown,terrestrial indet.,Meniscoessus robustus
m1,7.9,3.8,72.2,66.0,-66.02,53.68,Lance,sandstone,terrestrial indet.,Meniscoessus robustus
m1,8.4,4.1,72.2,66.0,-65.92,53.69,Lance,shale,terrestrial indet.,Meniscoessus robustus
m1,8.0,3.7,72.2,66.0,-63.15,57.32,Hell Creek,sandstone,channel,Meniscoessus robustus
m1,8.25,4.1,72.2,66.0,-63.15,57.32,Hell Creek,unknown,terrestrial indet.,Meniscoessus robustus
m1,7.86,5.99,56.0,51.1,-82.33,43.51,San Jose,unknown,terrestrial indet.,Meniscotherium chamense
m1,4.7,4.0,56.0,51.1,-88.74,34.68,Las Tetas de Cabra,sandstone,fluvial-lacustrine indet.,Meniscotherium chamense
m1,21.4667,13.1,16.3,12.5,-111.93,42.13,unknown,unknown,terrestrial indet.,Merychippus calamarius
m1,15.0,9.7,23.04,5.333,-113.8,37.56,unknown,unknown,terrestrial indet.,Parapliohippus carrizoensis
m1,14.8,11.8,23.04,5.333,-87.95,33.69,unknown,unknown,terrestrial indet.,Merychippus gunteri
m1,13.9,10.1,16.3,12.5,-89.33,33.57,Fleming,unknown,terrestrial indet.,Merychippus gunteri
m1,17.4,10.0,16.3,12.5,-87.19,33.93,Fleming,unknown,terrestrial indet.,Merychippus gunteri
m1,18.2,10.8,16.3,12.5,-97.23,45.6,Olcott,unknown,terrestrial indet.,Merychippus insignis
m1,17.0,12.5,16.3,12.5,-109.76,46.69,Butte Creek,volcaniclastic,terrestrial indet.,Acritohippus isonesus
m1,18.5,8.5,16.3,12.5,-109.76,46.69,Sucker Creek,unknown,terrestrial indet.,Acritohippus isonesus
m1,14.5,10.3,18.5,16.3,-95.78,46.38,Sheep Creek,unknown,terrestrial indet.,Merychippus primus
m1,17.3,10.6,18.5,16.3,-99.21,47.39,Arikaree,unknown,eolian indet.,Merychippus primus
m1,11.4,9.5,23.04,5.333,-113.8,37.56,unknown,unknown,terrestrial indet.,Ticholeptus calimontanus
m1,8.45,6.1,12.5,9.4,-112.99,38.09,Avawatz,unknown,terrestrial indet.,Cosoryx (Subcosoryx) cerroensis
m1,8.5,6.0,45.9,39.7,-90.0,47.38,Duchesne River,unknown,terrestrial indet.,Protoreodon pumilus
m1,17.0,13.0,39.7,37.0,-92.32,47.03,Duchesne River,unknown,terrestrial indet.,Hyracodon medius
m1,2.45,1.02,72.2,66.0,-65.36,58.38,Hell Creek,sandstone,coarse channel fill,Mesodma formosa
m1,2.33,1.03,72.2,66.0,-66.02,53.68,Lance,sandstone,terrestrial indet.,Mesodma formosa
m1,2.36,1.08,72.2,66.0,-65.92,53.69,Lance,shale,terrestrial indet.,Mesodma formosa
m1,2.32,1.04,72.2,66.0,-65.32,60.38,Frenchman,siltstone,floodplain,Mesodma formosa
m1,1.86,0.9,72.2,66.0,-66.02,53.68,Lance,sandstone,terrestrial indet.,Mesodma hensleighi
m1,1.95,0.98,72.2,66.0,-65.92,53.69,Lance,shale,terrestrial indet.,Mesodma hensleighi
m1,1.87,0.88,72.2,66.0,-64.61,58.18,Hell Creek,sandstone,terrestrial indet.,Mesodma hensleighi
m1,1.84,0.79,72.2,66.0,-65.32,60.38,Frenchman,siltstone,floodplain,Mesodma hensleighi
m1,1.7,0.8,60.9,57.5,-66.51,56.07,Ravenscrag,sandstone,alluvial fan,Mesodma pygmaea
m1,2.86,1.11,72.2,66.0,-65.15,58.35,Hell Creek,sandstone,terrestrial indet.,Mesodma thompsoni
m1,2.77,1.26,72.2,66.0,-65.43,58.44,Hell Creek,sandstone,terrestrial indet.,Mesodma thompsoni
m1,2.65,1.05,72.2,66.0,-66.02,53.68,Lance,sandstone,terrestrial indet.,Mesodma thompsoni
m1,2.74,1.21,72.2,66.0,-65.92,53.69,Lance,shale,terrestrial indet.,Mesodma thompsoni
m1,2.71,1.2,72.2,66.0,-65.32,60.38,Frenchman,siltstone,floodplain,Mesodma thompsoni
m1,2.85,1.15,72.2,66.0,-63.15,57.32,Hell Creek,sandstone,channel,Mesodma thompsoni
m1,10.9,8.4,37.0,33.9,-85.0,49.11,Chadron,unknown,terrestrial indet.,Mesohippus bairdi
m1,11.3,8.7,37.0,33.9,-85.0,49.11,Chadron,unknown,terrestrial indet.,Mesohippus bairdi
m1,10.9,8.3,37.0,33.9,-85.14,48.82,Chadron,unknown,terrestrial indet.,Mesohippus bairdi
m1,13.45,12.35,27.3,23.04,-71.97,33.01,Parachucla,sandstone,marginal marine indet.,Mesoreodon floridensis
m1,14.3375,12.05,27.3,23.04,-71.97,33.01,Parachucla,sandstone,marginal marine indet.,Mesoreodon floridensis
m1,1.034,1.074,33.9,31.8,-91.61,49.36,unknown,siltstone,lacustrine - small,Metadjidaumo hendryi
m1,1.15,1.13,39.7,37.0,-100.3,38.92,Sespe,unknown,terrestrial indet.,Metanoiamys korthi
m1,1.05,1.01,45.9,37.0,-97.31,38.28,Santiago,unknown,terrestrial indet.,Metanoiamys marinus
m1,1.175,0.8,60.9,57.5,-76.38,61.88,Paskapoo,siltstone,lacustrine indet.,Foxomomys fremdi
m1,1.22,1.33,45.9,39.7,-85.58,35.54,Devil's Graveyard,unknown,terrestrial indet.,Microparamys minutus
m1,1.285,1.305,51.1,45.9,-87.92,49.02,Fowkes,mudstone,terrestrial indet.,Microparamys minutus
m1,1.6,1.4,51.1,45.9,-87.38,49.45,Bridger,unknown,terrestrial indet.,Microparamys minutus
m1,1.4,1.5,51.1,45.9,-85.53,49.05,Bridger,unknown,terrestrial indet.,Microparamys minutus
m1,1.4,1.39,39.7,37.0,-86.94,56.36,Cypress Hills,unknown,terrestrial indet.,Microparamys nimius
m1,1.6,1.69,39.7,37.0,-88.5,36.09,Chambers Tuff,unknown,terrestrial indet.,Microparamys perfossus
m1,1.53,1.49,51.1,45.9,-92.12,47.29,Sheep Pass,limestone,lacustrine - small,Microparamys sambucus
m1,4.0,2.8,51.1,45.9,-85.53,49.05,Bridger,unknown,terrestrial indet.,Microsus cuspidatus
m1,3.9,2.8,51.1,45.9,-87.38,49.45,Bridger,unknown,terrestrial indet.,Microsus cuspidatus
m1,4.3,2.8,51.1,45.9,-87.38,49.45,Bridger,unknown,terrestrial indet.,Microsus cuspidatus
m1,3.8,2.8,51.1,45.9,-85.53,49.05,Bridger,unknown,terrestrial indet.,Microsus cuspidatus
m1,3.17,2.47,56.0,51.1,-82.05,44.29,San Jose,unknown,terrestrial indet.,Microsyops angustidens
m1,3.39,2.53,56.0,51.1,-80.09,51.71,Willwood,unknown,terrestrial indet.,Microsyops angustidens
m1,3.47,2.53,56.0,51.1,-82.05,44.29,San Jose,unknown,terrestrial indet.,Microsyops angustidens
m1,4.71,3.38,51.1,45.9,-84.53,51.57,unknown,unknown,terrestrial indet.,Microsyops annectens
m1,3.3,2.54,56.0,51.1,-82.05,44.29,San Jose,unknown,terrestrial indet.,Microsyops latidens
m1,2.76,2.02,56.0,51.1,-81.69,48.47,Wasatch,unknown,terrestrial indet.,Arctodontomys wilsoni
m1,2.1475,1.0813,9.4,4.7,-114.86,44.46,Drewsey,unknown,terrestrial indet.,Goniodontomys disjunctus
m1,2.96,1.07,1.4,0.21,-99.92,37.44,Crooked Creek,ash,terrestrial indet.,Microtus paroperarius
m1,2.8,1.04,1.4,0.21,-97.7,40.03,Sappa,unknown,terrestrial indet.,Microtus paroperarius
m1,3.0063,1.1063,1.4,0.21,-97.21,38.53,McPherson,unknown,terrestrial indet.,Microtus pennsylvanicus
m1,3.1,1.1,1.4,0.21,-97.21,38.53,McPherson,unknown,terrestrial indet.,Microtus pennsylvanicus
m1,2.73,0.91,1.4,0.21,-99.44,45.67,unknown,unknown,terrestrial indet.,Allophaiomys pliocaenicus
m1,2.755,1.21,1.4,0.21,-99.0,40.43,Sappa,unknown,terrestrial indet.,Mictomys kansasensis
m1,3.16,1.28,1.4,0.21,-116.58,34.09,San Timoteo,unknown,terrestrial indet.,Mictomys kansasensis
m1,2.98,1.26,4.7,1.4,-99.78,42.71,unknown,unknown,terrestrial indet.,Mictomys vetus
m1,3.1,3.75,23.1,18.5,-93.22,47.21,Harrison,unknown,terrestrial indet.,Migmacastor procumbodens
m1,4.06,2.88,66.0,63.4,-67.64,57.54,Fort Union,sandstone,coarse channel fill,Mimatuta morgoth
m1,3.64,2.76,66.0,63.4,-67.99,57.65,Hell Creek,sandstone,coarse channel fill,Mimatuta morgoth
m1,2.7,1.3,4.7,1.4,-114.56,43.56,unknown,unknown,terrestrial indet.,Ophiomys parvus
m1,3.16,1.58,56.0,51.1,-79.64,51.58,Willwood,mudstone,terrestrial indet.,Mimoperadectes labrus
m1,5.5,4.7,63.4,60.9,-73.65,56.02,Fort Union,unknown,terrestrial indet.,Tricentes subtrigonus
m1,1.4,1.6,16.3,12.5,-104.57,47.65,Colter,unknown,terrestrial indet.,Mioheteromys amplissimus
m1,1.54,1.655,16.3,12.5,-94.07,46.05,Valentine,unknown,terrestrial indet.,Mioheteromys amplissimus
m1,1.9,2.16,12.5,9.4,-95.72,39.49,Laverne,unknown,terrestrial indet.,Miospermophilus lavertyi
m1,9.15,7.2,23.04,5.333,-97.71,24.98,unknown,unknown,terrestrial indet.,Aguascalientia wilsoni
m1,10.0,6.4,23.04,5.333,-97.71,24.98,unknown,unknown,terrestrial indet.,Aguascalientia wilsoni
m1,4.36,3.065,66.0,63.4,-71.43,52.32,Ferris,unknown,terrestrial indet.,Mithrandir gillianus
m1,4.191,3.096,66.0,63.4,-71.41,52.31,Ferris,unknown,terrestrial indet.,Mithrandir gillianus
m1,3.914,3.2,66.0,63.4,-71.42,52.31,Ferris,unknown,terrestrial indet.,Mithrandir gillianus
m1,4.1,3.012,66.0,63.4,-71.42,52.31,Ferris,unknown,terrestrial indet.,Mithrandir gillianus
m1,1.235,1.65,23.04,5.333,-101.62,39.88,Tesuque,unknown,terrestrial indet.,Mojavemys galushai
m1,2.91,2.97,16.3,12.5,-109.76,46.69,Deer Butte,unknown,terrestrial indet.,Monosaulax progressus
m1,2.865,3.1875,16.3,12.5,-109.76,46.69,Deer Butte,unknown,terrestrial indet.,Monosaulax progressus
m1,2.7,3.41,16.3,12.5,-109.76,46.69,Butte Creek,volcaniclastic,terrestrial indet.,Monosaulax typicus
m1,2.585,3.1075,16.3,12.5,-109.76,46.69,Butte Creek,volcaniclastic,terrestrial indet.,Monosaulax typicus
m1,15.0,7.8,37.0,33.9,-95.74,52.24,Chadron,tuff,wet floodplain,Montanatylopus matthewi
m1,1.5,1.65,29.5,18.5,-106.64,37.89,Sespe,sandstone,fluvial-lacustrine indet.,Tenudomys bodei
m1,17.9,10.8,23.04,5.333,-78.58,32.43,unknown,unknown,terrestrial indet.,Moropus oregonensis
m1,24.6,13.5,23.04,20.45,-84.46,34.75,Fleming,conglomerate,coarse channel fill,Moropus oregonensis
m1,43.9,26.2,23.1,18.5,-94.48,33.9,Delaho,unknown,terrestrial indet.,Menoceras barbouri
m1,4.8,1.8,2.58,1.8,-99.15,37.91,Crooked Creek,siltstone,terrestrial indet.,Neogale frenata
m1,5.75,2.1,4.7,1.4,-113.45,43.46,unknown,unknown,terrestrial indet.,Mustela rexroadensis
m1,5.1,1.9,4.7,1.4,-96.48,40.58,unknown,unknown,terrestrial indet.,Mustela rexroadensis
m1,7.5,2.3,1.4,0.21,-105.33,39.55,unknown,unknown,terrestrial indet.,Mustela nigripes
m1,7.3,2.2667,1.4,0.21,-105.33,39.55,unknown,unknown,terrestrial indet.,Mustela nigripes
m1,4.3,1.35,4.7,1.4,-99.15,37.91,Rexroad,unknown,terrestrial indet.,Mustela rexroadensis
m1,4.7,1.75,4.7,1.4,-99.15,37.91,Rexroad,unknown,terrestrial indet.,Mustela rexroadensis
m1,3.8,1.9,4.7,1.4,-99.15,37.91,Rexroad,unknown,terrestrial indet.,Mustela rexroadensis
m1,8.0,3.0,1.4,0.21,-78.33,39.84,unknown,unknown,cave,Neogale vison
m1,2.15,1.74,60.9,57.5,-76.45,53.23,Fort Union,siltstone,terrestrial indet.,Mylanodon rosei
m1,1.5,1.1,60.9,57.5,-76.45,53.23,Fort Union,siltstone,terrestrial indet.,Mylanodon rosei
m1,16.0,13.3,9.4,4.7,-78.79,29.15,Bone Valley,sandstone,marginal marine indet.,Mylohyus elmorei
m1,16.0,13.9,1.8,0.774,-82.13,27.87,Bermont,sandstone,estuary/bay,Mylohyus fossilis
m1,1.17,0.96,56.0,51.1,-78.54,51.42,Wasatch,unknown,terrestrial indet.,Tinimomys graybulliensis
m1,1.12,0.97,56.0,51.1,-78.54,51.42,unknown,unknown,terrestrial indet.,Tinimomys graybulliensis
m1,1.9,1.73,45.9,39.7,-85.58,35.54,Devil's Graveyard,unknown,terrestrial indet.,Pareumys boskeyi
m1,1.64,1.18,16.3,12.5,-109.76,46.69,Deer Butte,unknown,terrestrial indet.,Mystipterus pacificus
m1,1.65,1.1633,16.3,12.5,-109.76,46.69,Deer Butte,unknown,terrestrial indet.,Mystipterus pacificus
m1,1.555,1.15,23.04,5.333,-112.49,45.15,unknown,unknown,terrestrial indet.,Mystipterus pacificus
m1,2.3,2.5,45.9,39.7,-90.05,47.36,Uinta,unknown,terrestrial indet.,Mytonolagus petersoni
m1,2.3,2.5,45.9,39.7,-90.05,47.36,Uinta,unknown,terrestrial indet.,Mytonolagus petersoni
m1,4.38,3.84,45.9,39.7,-90.0,47.38,Uinta,unknown,terrestrial indet.,Mytonomys mytonensis
m1,4.4,3.68,45.9,39.7,-90.0,47.38,Uinta,unknown,terrestrial indet.,Mytonomys mytonensis
m1,1.29,1.19,45.9,39.7,-97.49,39.93,Sespe,sandstone,fluvial-lacustrine indet.,Metanoiamys fantasma
m1,1.03,0.93,39.7,37.0,-86.94,56.36,Cypress Hills,unknown,terrestrial indet.,Metanoiamys lacus
m1,16.8,8.5,4.7,1.4,-99.84,33.43,unknown,sandstone,fluvial indet.,Nannippus beckensis
m1,18.2,9.3,12.5,9.4,-113.02,37.67,Santa Margarita,unknown,terrestrial indet.,Hipparion tehonense
m1,2.35,2.09,60.9,57.5,-76.63,51.13,unknown,unknown,terrestrial indet.,Nannodectes gazini
m1,2.9333,2.8333,63.4,60.9,-74.71,38.65,Black Peaks,unknown,terrestrial indet.,Nannodectes gidleyi
m1,2.88,2.7,60.9,57.5,-78.5,46.09,unknown,shale,fissure fill,Nannodectes gidleyi
m1,2.42,2.24,60.9,57.5,-77.42,52.51,Fort Union,unknown,terrestrial indet.,Nannodectes intermedius
m1,2.3,2.3,60.9,57.5,-77.27,55.0,Fort Union,unknown,terrestrial indet.,Nannodectes intermedius
m1,2.35,2.2,60.9,57.5,-76.47,54.83,unknown,unknown,terrestrial indet.,Nannodectes intermedius
m1,2.69,2.58,60.9,57.5,-76.17,52.0,unknown,unknown,terrestrial indet.,Nannodectes simpsoni
m1,1.52,1.16,60.9,57.5,-74.56,38.89,Black Peaks,unknown,terrestrial indet.,Navajovius kohlhaasae
m1,1.2,0.84,63.4,60.9,-74.71,38.65,Black Peaks,unknown,terrestrial indet.,Navajovius kohlhaasae
m1,20.9,9.6,9.4,4.7,-105.37,30.85,unknown,unknown,terrestrial indet.,Neohipparion eurystyle
m1,21.0,9.5,9.4,4.7,-97.13,37.75,unknown,unknown,terrestrial indet.,Neohipparion eurystyle
m1,20.2,9.2,12.5,9.4,-116.32,40.4,unknown,siliciclastic,terrestrial indet.,Neohipparion trampasense
m1,18.7,9.1,12.5,9.4,-77.8,31.36,Alachua,unknown,marginal marine indet.,Neohipparion trampasense
m1,2.91,1.88,4.7,1.4,-108.1,33.49,Gila Conglomerate,marl,lacustrine indet.,Neotoma fossilis
m1,3.0333,1.96,4.7,1.4,-115.73,34.46,San Timoteo,unknown,terrestrial indet.,Neotoma fossilis
m1,2.97,2.02,4.7,1.4,-115.73,34.46,San Timoteo,unknown,terrestrial indet.,Neotoma fossilis
m1,3.285,1.6875,1.4,0.21,-116.58,34.09,San Timoteo,unknown,terrestrial indet.,Neotoma fuscipes
m1,3.55,2.0,1.4,0.21,-78.33,39.84,unknown,unknown,cave,Neotoma floridana
m1,2.07,1.32,9.4,4.7,-114.93,47.26,McKay,sandstone,pond,Yanshuella columbiana
m1,1.95,1.28,9.4,4.7,-114.93,47.26,McKay,sandstone,pond,Yanshuella columbiana
m1,5.9,4.9,51.1,45.9,-86.97,49.35,Bridger,tuff,fluvial indet.,Notharctus robinsoni
m1,9.7,6.7,23.1,18.5,-72.16,33.14,unknown,unknown,terrestrial indet.,Nothokemas waldropi
m1,9.5,6.4,23.1,18.5,-72.16,33.14,unknown,unknown,terrestrial indet.,Nothokemas waldropi
m1,13.1,16.8,1.4,0.21,-98.69,36.67,unknown,sandstone,fluvial indet.,Nothrotherium texanum
m1,1.45,1.345,23.1,18.5,-90.01,47.22,Harrison,unknown,terrestrial indet.,Nototamias quadratus
m1,1.54,1.38,24.7,23.1,-95.79,54.96,Cypress Hills,unknown,terrestrial indet.,Nototamias quadratus
m1,2.53,1.33,9.4,1.4,-83.09,41.51,unknown,unknown,terrestrial indet.,Ogmodontomys pipecreekensis
m1,5.4,2.2,1.4,0.21,-92.81,36.21,unknown,unknown,terrestrial indet.,Ondatra annectens
m1,5.1,2.1,1.4,0.21,-78.33,39.84,unknown,unknown,cave,Ondatra annectens
m1,6.0,2.35,1.4,0.21,-97.21,38.53,unknown,unknown,terrestrial indet.,Ondatra annectens
m1,5.7,2.5,1.4,0.21,-99.44,45.67,unknown,unknown,terrestrial indet.,Ondatra annectens
m1,5.7,2.3,1.4,0.21,-99.92,37.44,Crooked Creek,ash,terrestrial indet.,Ondatra annectens
m1,5.92,2.44,1.4,0.21,-97.7,40.03,unknown,unknown,terrestrial indet.,Ondatra annectens
m1,5.63,2.49,1.4,0.21,-99.34,34.04,unknown,unknown,terrestrial indet.,Ondatra annectens
m1,5.7,2.5,1.4,0.21,-99.44,45.67,unknown,unknown,terrestrial indet.,Ondatra annectens
m1,5.04,2.31,4.7,1.4,-99.78,42.71,unknown,unknown,terrestrial indet.,Ondatra idahoensis
m1,4.65,2.16,2.58,1.8,-81.93,29.34,unknown,unknown,terrestrial indet.,Ondatra idahoensis
m1,5.0,2.3,2.58,1.8,-99.15,37.91,Crooked Creek,siltstone,terrestrial indet.,Ondatra idahoensis
m1,5.425,2.295,1.4,0.21,-116.58,34.09,San Timoteo,unknown,terrestrial indet.,Ondatra idahoensis
m1,6.3,2.6,1.4,0.21,-97.21,38.53,McPherson,unknown,terrestrial indet.,Ondatra zibethicus
m1,6.6,2.6,1.4,0.21,-97.21,38.53,McPherson,unknown,terrestrial indet.,Ondatra zibethicus
m1,1.9,1.1,1.4,0.21,-101.54,33.94,unknown,unknown,terrestrial indet.,Onychomys pedroensis
m1,1.86,1.16,1.4,0.21,-99.0,40.43,Sappa,unknown,terrestrial indet.,Onychomys pedroensis
m1,2.6,0.9,4.7,1.4,-99.78,42.71,unknown,unknown,terrestrial indet.,Ophiomys parvus
m1,1.8,1.7,16.3,12.5,-104.57,47.65,Colter,unknown,terrestrial indet.,Oreolagus colteri
m1,1.9,1.8,16.3,12.5,-111.06,45.81,unknown,unknown,terrestrial indet.,Oreolagus wallacei
m1,2.0,1.9,18.5,16.3,-95.42,44.85,Pawnee Creek,unknown,channel,Oreolagus wilsoni
m1,1.925,1.875,18.5,16.3,-95.42,44.85,Pawnee Creek,unknown,channel,Oreolagus wilsoni
m1,7.1,5.1,51.1,45.9,-87.37,48.83,Green River,unknown,terrestrial indet.,Orohippus pumilus
m1,7.5,4.9,51.1,45.9,-87.38,49.45,Bridger,unknown,terrestrial indet.,Orohippus pumilus
m1,7.9,5.1,51.1,45.9,-87.38,49.45,Bridger,unknown,terrestrial indet.,Orohippus pumilus
m1,18.2333,8.1667,18.5,16.3,-94.98,46.73,Runningwater,unknown,terrestrial indet.,Osbornodon scitulus
m1,9.15,4.85,9.4,4.7,-115.41,36.19,Peace Valley Beds,sandstone,fluvial indet.,Ottoceros peacevalleyensis
m1,15.3,8.3,56.0,51.1,-80.68,50.99,Wind River,unknown,terrestrial indet.,Oxyaena forcipata
m1,16.3,9.7,56.0,51.1,-82.05,44.29,San Jose,unknown,terrestrial indet.,Oxyaena forcipata
m1,4.85,3.8,66.0,63.4,-68.59,59.89,Ravenscrag,sandstone,terrestrial indet.,Oxyclaenus corax
m1,6.65,5.2,66.0,63.4,-78.69,50.98,North Horn,unknown,terrestrial indet.,Oxyclaenus pugnax
m1,7.55,5.85,66.0,63.4,-78.69,50.98,North Horn,unknown,terrestrial indet.,Oxyclaenus pugnax
m1,2.1233,1.47,29.5,18.5,-102.1,50.8,Peterson Creek Beds,unknown,terrestrial indet.,Paciculus montanus
m1,2.28,1.54,23.1,18.5,-90.01,47.22,Harrison,unknown,terrestrial indet.,Paciculus nebraskensis
m1,2.21,1.56,24.7,23.1,-95.79,54.96,Cypress Hills,unknown,terrestrial indet.,Paciculus nebraskensis
m1,6.6,7.8,4.7,1.4,-99.15,37.91,Rexroad,unknown,terrestrial indet.,Paenemarmota barbouri
m1,6.7,7.8,4.7,1.4,-101.2,42.13,unknown,unknown,terrestrial indet.,Paenemarmota barbouri
m1,6.85,7.85,4.7,1.4,-99.15,37.91,Rexroad,unknown,terrestrial indet.,Paenemarmota barbouri
m1,7.9,8.0,4.7,1.4,-100.21,20.42,Goleta,unknown,terrestrial indet.,Paenemarmota barbouri
m1,7.2,7.4,4.7,1.4,-106.43,29.27,unknown,unknown,terrestrial indet.,Paenemarmota barbouri
m1,6.9,8.1,9.4,4.7,-105.37,30.85,unknown,unknown,terrestrial indet.,Paenemarmota mexicana
m1,5.72,5.94,4.7,1.4,-111.83,42.32,unknown,unknown,terrestrial indet.,Paenemarmota sawrockensis
m1,2.37,1.73,63.4,60.9,-74.08,51.29,Fort Union,unknown,terrestrial indet.,Plesiolestes problematicus
m1,2.4,1.9,60.9,57.5,-77.27,55.0,Fort Union,unknown,terrestrial indet.,Plesiolestes problematicus
m1,1.838,1.743,33.9,31.8,-91.61,49.36,unknown,siltstone,lacustrine - small,Palaeolagus burkei
m1,2.2,2.2,37.0,33.9,-90.2,49.33,White River,unknown,terrestrial indet.,Palaeolagus primus
m1,2.2,2.25,37.0,33.9,-91.37,55.94,Cypress Hills,unknown,terrestrial indet.,Palaeolagus temnodon
m1,16.4,10.53,57.5,56.0,-78.79,52.74,unknown,unknown,terrestrial indet.,Palaeonictis peloria
m1,16.5,8.7,57.5,56.0,-78.79,52.74,unknown,unknown,terrestrial indet.,Palaeonictis peloria
m1,27.0,18.5,51.1,45.9,-85.53,49.05,Bridger,unknown,terrestrial indet.,Palaeosyops robustus
m1,3.1,1.75,60.9,57.5,-78.13,60.96,Paskapoo,siltstone,fluvial-lacustrine indet.,Paleotomus junior
m1,3.0,2.0,63.4,60.9,-74.71,61.93,Paskapoo,unknown,fluvial indet.,Paleotomus junior
m1,1.72,2.72,4.7,0.21,-108.48,33.37,Gila Conglomerate,siltstone,fluvial indet.,Cratogeomys sansimonensis
m1,1.68,2.72,4.7,0.21,-108.48,33.37,Gila Conglomerate,siltstone,fluvial indet.,Cratogeomys sansimonensis
m1,2.44,1.41,4.7,1.4,-99.15,37.91,Rexroad,unknown,terrestrial indet.,Paracryptotis rex
m1,8.7,4.3,33.9,31.8,-87.83,47.98,Brule,unknown,terrestrial indet.,Paradaphoenus minimus
m1,8.4,4.2,33.9,31.8,-87.83,47.98,Brule,unknown,terrestrial indet.,Paradaphoenus minimus
m1,9.4,4.2,33.9,31.8,-87.83,47.98,Brule,unknown,terrestrial indet.,Paradaphoenus minimus
m1,8.7,4.5,29.5,18.5,-91.0,47.69,unknown,unknown,terrestrial indet.,Paradaphoenus tooheyi
m1,9.0,4.4,31.8,29.5,-88.94,47.11,Brule,unknown,terrestrial indet.,Paradaphoenus tooheyi
m1,1.352,1.415,33.9,31.8,-91.61,49.36,unknown,siltstone,lacustrine - small,Paradjidaumo trilophus
m1,1.5,1.6,33.9,31.8,-95.92,53.11,unknown,unknown,terrestrial indet.,Paradjidaumo trilophus
m1,1.3,1.4,37.0,33.9,-94.83,53.3,unknown,unknown,terrestrial indet.,Paradjidaumo trilophus
m1,1.65,1.61,37.0,31.8,-95.81,47.48,unknown,unknown,terrestrial indet.,Paradjidaumo trilophus
m1,1.24,1.2,39.7,37.0,-100.3,38.92,Sespe,unknown,terrestrial indet.,Paradjidaumo (Macroadjidaumo) reynoldsi
m1,1.7,1.6,33.9,31.8,-95.92,53.11,unknown,unknown,terrestrial indet.,Paradjidaumo (Paradjidaumo) spokanensis
m1,2.07,1.07,16.3,12.5,-109.76,46.69,Butte Creek,volcaniclastic,terrestrial indet.,Paradomnina relictus
m1,20.0,14.6,16.3,12.5,-109.76,46.69,Sucker Creek,unknown,terrestrial indet.,Desmatippus avus
m1,17.7,11.7,16.3,12.5,-113.02,39.24,Temblor,unknown,terrestrial indet.,Desmatippus avus
m1,13.5,11.1,18.5,16.3,-88.65,33.77,Oakville,unknown,terrestrial indet.,Parahippus leonensis
m1,14.1,11.6,18.5,16.3,-75.25,32.13,Alachua,sandstone,terrestrial indet.,Parahippus leonensis
m1,14.5,11.75,18.5,16.3,-75.25,32.13,Alachua,sandstone,terrestrial indet.,Parahippus leonensis
m1,14.95,10.1,20.45,15.98,-66.85,40.97,Calvert,sandstone,estuary/bay,Parahippus leonensis
m1,2.2567,2.1467,23.1,18.5,-90.01,47.22,Harrison,unknown,terrestrial indet.,Parallomys americanus
m1,2.6,2.48,24.7,23.1,-95.79,54.96,Cypress Hills,unknown,terrestrial indet.,Parallomys americanus
m1,17.4,11.5,16.3,12.5,-112.28,36.9,Caliente,unknown,terrestrial indet.,Paramiolabis taylori
m1,2.2,2.15,57.5,56.0,-78.79,52.74,unknown,unknown,terrestrial indet.,Acritoparamys atwateri
m1,4.12,4.05,45.9,39.7,-90.05,47.36,Uinta,unknown,terrestrial indet.,Metaparamys compressidens
m1,3.2,3.1,56.0,51.1,-84.08,50.15,Wasatch,unknown,terrestrial indet.,Paramys copei
m1,3.88,3.27,51.1,45.9,-84.53,51.57,unknown,unknown,terrestrial indet.,Paramys delicatior
m1,3.3,3.3,51.1,45.9,-87.38,49.45,Bridger,unknown,terrestrial indet.,Paramys delicatior
m1,3.6,3.5,51.1,45.9,-87.38,49.45,Bridger,unknown,terrestrial indet.,Paramys delicatior
m1,4.0,3.9,51.1,45.9,-87.05,47.75,Green River,sandstone,channel lag,Paramys delicatus
m1,4.1,3.9,51.1,45.9,-85.53,49.05,Bridger,unknown,terrestrial indet.,Paramys delicatus
m1,2.85,2.78,56.0,51.1,-7.41,73.41,Margaret,unknown,deltaic indet.,Paramys hunti
m1,2.71,2.51,56.0,51.1,-7.41,73.41,Margaret,unknown,deltaic indet.,Paramys hunti
m1,2.71,1.75,83.6,72.2,-66.36,53.83,Mesaverde,sandstone,channel,Alostera saskatchewanensis
m12,2.85,2.17,60.9,57.5,-78.13,60.96,Paskapoo,siltstone,fluvial-lacustrine indet.,Pararyctes rutherfordi
m1,1.43,1.42,9.4,4.7,-109.92,44.95,Starlight,claystone,fluvial-lacustrine indet.,Paratamias tarassus
m1,1.3,1.38,9.4,4.7,-109.92,44.95,Starlight,claystone,fluvial-lacustrine indet.,Paratamias tarassus
m1,2.2,1.0,63.4,60.9,-76.69,46.56,Nacimiento,unknown,terrestrial indet.,Krauseia clemensi
m1,2.3,0.9,63.4,60.9,-74.08,51.29,Fort Union,unknown,terrestrial indet.,Krauseia clemensi
m1,1.7,1.7,45.9,39.7,-89.82,47.22,Uinta,unknown,terrestrial indet.,Pareumys grangeri
m1,1.7,1.7,45.9,39.7,-89.82,47.22,Uinta,unknown,terrestrial indet.,Pareumys grangeri
m1,1.49,0.98,9.4,4.7,-107.29,37.9,Bidahochi,unknown,terrestrial indet.,Paronychomys alticuspis
m1,2.6,1.8,16.3,12.5,-93.26,45.99,Valentine,sandstone,channel,Parvericius montanus
m1,2.62,1.72,29.5,18.5,-71.63,31.26,unknown,claystone,fissure fill,Parvericius montanus
m1,4.05,3.0,37.0,33.9,-89.99,35.83,Capote Mountain Tuff,unknown,terrestrial indet.,Parvitragulus priscus
m1,3.7,2.8,37.0,33.9,-89.64,36.6,unknown,unknown,terrestrial indet.,Parvitragulus priscus
m1,1.25,1.0,12.5,9.4,-94.78,41.74,Ogallala,sandstone,channel,Parydrosorex concisus
m1,1.23,0.98,12.5,9.4,-94.78,41.74,Ogallala,sandstone,channel,Parydrosorex concisus
m1,20.18,15.04,12.5,9.4,-77.8,31.36,Alachua,unknown,marginal marine indet.,Yumaceras hamiltoni
m1,17.75,13.325,9.4,4.7,-97.13,37.75,unknown,unknown,terrestrial indet.,Pediomeryx hemphillensis
m1,1.78,1.18,72.2,66.0,-65.32,60.38,Frenchman,siltstone,floodplain,Pediomys elegans
m1,1.5,0.9,72.2,66.0,-74.19,48.42,unknown,unknown,terrestrial indet.,Leptalestes prokrejcii
m1,1.7,0.95,72.2,66.0,-70.23,62.29,St. Mary River,claystone,fluvial-deltaic indet.,Leptalestes krejcii
m1,1.54,0.91,72.2,66.0,-65.59,53.77,Lance,sandstone,fluvial indet.,Leptalestes krejcii
m1,1.395,0.9,72.2,66.0,-65.32,60.38,Frenchman,siltstone,floodplain,Leptalestes krejcii
m1,4.05,3.48,56.0,51.1,-80.94,52.67,Willwood,wackestone,wet floodplain,Cantius mckennai
m1,3.67,3.14,56.0,51.1,-81.07,52.21,Willwood,unknown,terrestrial indet.,Cantius ralstoni
m1,2.46,2.53,33.9,31.8,-87.83,47.98,Brule,unknown,terrestrial indet.,Pelycomys brulanus
m1,2.21,2.26,33.9,31.8,-87.83,47.98,Brule,unknown,terrestrial indet.,Pelycomys brulanus
m1,2.47,2.86,33.9,31.8,-91.61,49.36,unknown,siltstone,lacustrine - small,Pelycomys placidus
m1,1.3,0.7,51.1,45.9,-85.53,49.05,Bridger,unknown,terrestrial indet.,Peradectes chesteri
m1,1.3,0.8,51.1,45.9,-85.53,49.05,Bridger,unknown,terrestrial indet.,Peradectes chesteri
m1,1.7,1.0,56.0,51.1,-79.64,51.58,Willwood,mudstone,terrestrial indet.,Peradectes protinnominatus
m1,1.68,0.95,51.1,45.9,-87.05,47.75,Green River,sandstone,channel lag,Herpetotherium innominatum
m1,2.0,1.1,51.1,45.9,-87.38,49.45,Bridger,unknown,terrestrial indet.,Herpetotherium innominatum
m1,1.9,0.8,51.1,45.9,-87.38,49.45,Wasatch,unknown,terrestrial indet.,Herpetotherium innominatum
m1,1.64,0.97,56.0,51.1,-79.64,51.58,Willwood,mudstone,terrestrial indet.,Herpetotherium innominatum
m1,2.5,1.4,51.1,45.9,-87.05,47.75,Green River,sandstone,channel lag,Herpetotherium marsupium
m1,2.6,1.5,56.0,45.9,-85.48,49.74,Wasatch,unknown,terrestrial indet.,Herpetotherium marsupium
m1,1.798,1.016,33.9,31.8,-91.61,49.36,unknown,siltstone,lacustrine - small,Herpetotherium fugax
m1,11.0,8.4,63.4,57.5,-74.88,50.54,Hanna,unknown,terrestrial indet.,Periptychus carinidens
m1,10.3,8.7,63.4,60.9,-79.23,50.21,North Horn,unknown,terrestrial indet.,Periptychus carinidens
m1,1.265,1.5,9.4,4.7,-107.29,37.9,Bidahochi,unknown,terrestrial indet.,Cupidinimus bidahochiensis
m1,0.7,0.75,16.3,12.5,-111.81,38.82,Barstow,unknown,terrestrial indet.,Perognathoides eurekensis
m1,0.7,0.8,16.3,12.5,-111.81,38.82,Barstow,unknown,terrestrial indet.,Perognathoides eurekensis
m1,1.15,1.3,12.5,9.4,-113.77,36.46,MR Caliente,unknown,terrestrial indet.,Perognathus furlongi
m1,1.0,1.1,16.3,12.5,-104.57,47.65,Colter,unknown,terrestrial indet.,Perognathus furlongi
m1,1.0,1.1,16.3,12.5,-104.57,47.65,Colter,unknown,terrestrial indet.,Perognathus furlongi
m1,1.0,1.0,16.3,12.5,-94.07,46.05,Valentine,unknown,terrestrial indet.,Perognathus furlongi
m1,0.95,1.14,4.7,1.4,-108.1,33.49,Gila Conglomerate,marl,lacustrine indet.,Perognathus gidleyi
m1,0.75,0.85,16.3,12.5,-93.26,45.99,Valentine,sandstone,channel,Perognathus trojectioansrum
m1,0.75,0.85,16.3,12.5,-93.24,45.91,Valentine,unknown,terrestrial indet.,Perognathus trojectioansrum
m1,0.75,0.8,16.3,12.5,-93.28,46.01,Valentine,unknown,terrestrial indet.,Perognathus trojectioansrum
m1,1.9,1.0,9.4,4.7,-115.06,43.35,Thousand Creek,unknown,terrestrial indet.,Peromyscus antiquus
m1,1.8,1.05,9.4,4.7,-116.57,41.27,Coal Valley,unknown,terrestrial indet.,Peromyscus antiquus
m1,1.43,0.87,1.4,0.21,-99.34,34.04,Seymour,unknown,terrestrial indet.,Peromyscus cragini
m1,1.55,0.98,1.4,0.21,-99.34,34.04,Seymour,unknown,terrestrial indet.,Peromyscus cragini
m1,1.43,0.97,12.5,9.4,-111.49,46.16,Juntura,unknown,terrestrial indet.,Copemys dentalis
m1,1.76,1.03,12.5,9.4,-111.49,46.16,Juntura,unknown,terrestrial indet.,Copemys esmeraldensis
m1,1.73,1.08,9.4,4.7,-114.93,47.26,McKay,sandstone,pond,Copemys esmeraldensis
m1,1.65,0.96,9.4,4.7,-114.86,44.46,Drewsey,unknown,terrestrial indet.,Copemys esmeraldensis
m1,1.68,1.05,4.7,1.4,-115.73,34.46,San Timoteo,unknown,terrestrial indet.,Peromyscus hagermanensis
m1,1.64,1.07,4.7,1.4,-115.73,34.46,San Timoteo,unknown,terrestrial indet.,Peromyscus hagermanensis
m1,1.65,1.05,4.7,1.4,-115.73,34.46,San Timoteo,unknown,terrestrial indet.,Peromyscus hagermanensis
m1,1.39,0.98,16.3,12.5,-109.76,46.69,Deer Butte,unknown,terrestrial indet.,Copemys pagei
m1,2.2,1.4,12.5,9.4,-112.7,37.87,Kern River,unknown,terrestrial indet.,Basirepomys pliocenicus
m1,2.3,1.5,12.5,9.4,-112.7,37.87,Kern River,unknown,terrestrial indet.,Basirepomys pliocenicus
m1,1.4,0.9,1.4,0.21,-97.21,38.53,McPherson,unknown,terrestrial indet.,Peromyscus progressus
m1,1.7,1.0,4.7,1.4,-99.76,37.81,Rexroad,unknown,terrestrial indet.,Symmetrodontomys simplicidens
m1,1.4,0.9,9.4,4.7,-113.61,45.35,Chalk Butte,unknown,terrestrial indet.,Postcopemys valensis
m1,1.36,0.94,9.4,4.7,-114.86,44.46,Drewsey,unknown,terrestrial indet.,Postcopemys valensis
m1,1.5,0.93,9.4,4.7,-114.93,47.26,McKay,sandstone,pond,Postcopemys valensis
m1,1.18,1.68,12.5,9.4,-92.69,44.87,Ash Hollow,unknown,terrestrial indet.,Parapliosaccomys hibbardi
m1,1.25,2.0033,12.5,9.4,-94.8,45.3,Ash Hollow,siliciclastic,channel,Parapliosaccomys hibbardi
m1,1.09,1.47,16.3,12.5,-100.42,39.05,Tesuque,unknown,terrestrial indet.,Phelosaccomys neomexicanus
m1,1.125,1.41,16.3,12.5,-100.42,39.05,Tesuque,unknown,terrestrial indet.,Phelosaccomys neomexicanus
m1,1.02,1.5788,12.5,9.4,-112.99,38.09,Avawatz,unknown,terrestrial indet.,Phelosaccomys shotwelli
m1,7.9,7.3,60.9,57.5,-74.56,38.89,Black Peaks,unknown,terrestrial indet.,Phenacodus bisonensis
m1,9.6,7.35,60.9,57.5,-76.47,54.83,unknown,unknown,terrestrial indet.,Phenacodus bisonensis
m1,8.51,7.04,56.0,51.1,-80.09,51.71,Willwood,unknown,terrestrial indet.,Phenacodus vortmani
m1,8.28,7.0,56.0,51.1,-80.09,51.71,Willwood,unknown,terrestrial indet.,Phenacodus vortmani
m1,8.41,7.04,56.0,51.1,-80.09,51.71,Willwood,unknown,terrestrial indet.,Phenacodus vortmani
m1,2.0,1.6,60.9,57.5,-78.5,46.09,unknown,shale,fissure fill,Ignacius frugivorus
m1,1.95,1.7,60.9,57.5,-74.95,51.73,Fort Union,unknown,terrestrial indet.,Ignacius frugivorus
m1,2.34,2.05,57.5,56.0,-78.79,52.74,Willwood,unknown,terrestrial indet.,Dillerlemur pagei
m1,2.29,1.03,1.4,0.21,-97.7,40.03,Sappa,unknown,terrestrial indet.,Phenacomys intermedius
m1,8.5,3.87,27.3,23.04,-73.13,32.48,Crystal River,claystone,sinkhole,Phlaocyon achoros
m1,7.0,3.4,29.5,18.5,-71.63,31.26,unknown,claystone,fissure fill,Phlaocyon taylori
m1,6.6,3.25,29.5,18.5,-71.63,31.26,unknown,claystone,fissure fill,Phlaocyon taylori
m1,2.66,1.16,60.9,57.5,-77.42,52.51,Fort Union,unknown,terrestrial indet.,Picrodus canpacius
m1,2.6,1.3,60.9,57.5,-77.27,55.0,Fort Union,unknown,terrestrial indet.,Picrodus canpacius
m1,2.42,1.18,63.4,60.9,-73.27,53.83,Fort Union,unknown,terrestrial indet.,Picrodus calgariensis
m1,2.4,1.1,63.4,60.9,-74.71,61.93,Paskapoo,unknown,fluvial indet.,Picrodus calgariensis
m1,3.0,1.15,1.4,0.21,-99.92,37.44,Crooked Creek,ash,terrestrial indet.,Microtus meadensis
m1,3.02,1.12,1.4,0.21,-105.33,39.55,unknown,unknown,terrestrial indet.,Microtus meadensis
m1,14.0,13.0,1.4,0.21,-78.33,39.84,unknown,unknown,cave,Platygonus vetus
m1,12.6,11.8,1.4,0.21,-78.33,39.84,unknown,unknown,cave,Platygonus vetus
m1,12.0,12.5,1.4,0.21,-99.14,33.99,Seymour,unknown,terrestrial indet.,Platygonus vetus
m1,14.2,11.4,1.8,0.774,-82.13,27.87,Bermont,sandstone,estuary/bay,Platygonus vetus
m1,3.1,2.9,60.9,57.5,-76.47,54.83,Melville,unknown,terrestrial indet.,Plesiadapis anceps
m1,2.87,2.84,60.9,57.5,-76.63,51.13,unknown,unknown,terrestrial indet.,Plesiadapis anceps
m1,3.47,3.27,60.9,57.5,-75.93,54.07,unknown,unknown,terrestrial indet.,Plesiadapis churchilli
m1,3.26,2.97,60.9,57.5,-74.95,51.73,Fort Union,unknown,terrestrial indet.,Plesiadapis churchilli
m1,3.47,3.04,60.9,57.5,-66.51,56.07,Ravenscrag,sandstone,alluvial fan,Plesiadapis churchilli
m1,5.11,4.84,57.5,56.0,-78.79,52.74,Willwood,unknown,terrestrial indet.,Plesiadapis cookei
m1,2.9,2.6,57.5,56.0,-78.79,52.74,unknown,unknown,terrestrial indet.,Plesiadapis dubius
m1,2.9,2.5,57.5,56.0,-81.76,50.15,Wasatch,claystone,terrestrial indet.,Plesiadapis dubius
m1,3.22,2.93,60.9,57.5,-76.03,53.78,Fort Union,unknown,terrestrial indet.,Plesiadapis fodinatus
m1,3.17,2.92,60.9,57.5,-76.01,53.78,Fort Union,unknown,terrestrial indet.,Plesiadapis fodinatus
m1,2.63,2.57,60.9,57.5,-76.47,54.83,unknown,unknown,terrestrial indet.,Plesiadapis praecursor
m1,2.6,2.6,60.9,57.5,-76.47,54.83,unknown,unknown,terrestrial indet.,Plesiadapis praecursor
m1,2.65,2.55,60.9,57.5,-76.47,54.83,unknown,unknown,terrestrial indet.,Plesiadapis praecursor
m1,3.07,2.95,60.9,57.5,-75.51,53.47,Fort Union,siliciclastic,fluvial-lacustrine indet.,Plesiadapis rex
m1,3.0,2.7,57.5,56.0,-81.76,50.15,Wasatch,claystone,terrestrial indet.,Plesiadapis dubius
m1,26.4,12.5,4.7,1.4,-116.95,36.95,unknown,unknown,terrestrial indet.,Plesippus simplicidens
m1,29.6,19.0,4.7,1.4,-116.59,43.67,unknown,unknown,terrestrial indet.,Plesippus idahoensis
m1,29.6,13.0,4.7,1.4,-116.59,43.67,unknown,unknown,terrestrial indet.,Plesippus idahoensis
m1,27.1,10.6,9.4,4.7,-110.72,36.87,Big Sandy,unknown,terrestrial indet.,Plesiogulo lindsayi
m1,24.0,9.0,9.4,4.7,-98.52,41.18,unknown,unknown,terrestrial indet.,Plesiogulo marshalli
m1,24.0,8.6,9.4,4.7,-98.33,38.58,Ogallala,unknown,terrestrial indet.,Plesiogulo marshalli
m1,24.2,9.8,9.4,4.7,-97.13,37.75,unknown,unknown,terrestrial indet.,Plesiogulo marshalli
m1,25.1,9.4,9.4,4.7,-117.07,39.37,Mehrten,mudstone,terrestrial indet.,Plesiogulo marshalli
m1,2.37,1.73,63.4,60.9,-74.08,51.29,Fort Union,unknown,terrestrial indet.,Plesiolestes problematicus
m1,2.47,1.71,63.4,60.9,-73.72,54.42,unknown,unknown,terrestrial indet.,Plesiolestes problematicus
m1,2.25,1.63,60.9,57.5,-77.42,52.51,Fort Union,unknown,terrestrial indet.,Plesiolestes problematicus
m1,3.85,3.15,60.9,57.5,-76.63,51.13,unknown,unknown,terrestrial indet.,Torrejonia sirokyi
m1,5.45,3.3,16.3,12.5,-93.26,45.99,Valentine,sandstone,channel,Plesiosorex donroosai
m1,1.14,1.58,23.1,18.5,-92.19,47.28,Marsland,unknown,terrestrial indet.,Pleurolicus exiguus
m1,32.65,23.9,4.7,1.4,-99.15,37.91,Rexroad,unknown,terrestrial indet.,Megatylopus cochrani
m1,27.7,12.4,11.63,7.246,-111.61,38.23,Chanac,unknown,terrestrial indet.,Dinohippus leardi
m1,19.0,9.0,12.5,9.4,-113.77,36.46,MR Caliente,unknown,terrestrial indet.,Pliohippus tehonensis
m1,24.1,11.2,12.5,9.4,-113.02,37.67,Santa Margarita,unknown,terrestrial indet.,Pliohippus tehonensis
m1,2.91,1.4,9.4,1.4,-83.09,41.51,unknown,unknown,terrestrial indet.,Pliophenacomys koenigswaldi
m1,4.37,1.89,4.7,1.4,-116.59,43.67,unknown,unknown,terrestrial indet.,Ondatra idahoensis
m1,4.49,1.94,4.7,1.4,-116.59,43.67,unknown,unknown,terrestrial indet.,Ondatra idahoensis
m1,0.9567,1.5833,9.4,4.7,-97.02,37.94,unknown,sandstone,fluvial indet.,Pliosaccomys higginsensis
m1,9.1,4.6,9.4,4.7,-114.16,44.25,unknown,unknown,terrestrial indet.,Pliotaxidea nevadensis
m1,2.75,1.5,9.4,4.7,-118.41,39.62,Siesta,unknown,terrestrial indet.,Pliotomodon primitivus
m1,6.9,6.1,39.7,37.0,-88.5,36.09,unknown,unknown,terrestrial indet.,Pseudoprotoceras minor
m1,9.6,6.2,37.0,33.9,-86.47,46.45,White River,unknown,terrestrial indet.,Poebrotherium eximium
m1,9.7,6.5,37.0,33.9,-89.99,35.83,Capote Mountain Tuff,unknown,terrestrial indet.,Stevenscamelus franki
m1,2.05,1.7,39.7,37.0,-100.3,38.92,Sespe,unknown,terrestrial indet.,Presbymys lophatus
m1,14.1,10.3,56.0,51.1,-80.68,50.99,Wind River,unknown,terrestrial indet.,Probathyopsis lysitensis
m1,12.0,7.4,56.0,51.1,-80.68,50.99,Wind River,unknown,terrestrial indet.,Probathyopsis lysitensis
m1,11.5,8.4,57.5,56.0,-80.92,52.06,Wasatch,shale,terrestrial indet.,Probathyopsis praecursor
m1,11.7,8.8,57.5,56.0,-80.92,52.06,Wasatch,shale,terrestrial indet.,Probathyopsis praecursor
m1,3.5,1.5,60.9,57.5,-76.01,53.78,Fort Union,unknown,terrestrial indet.,Prochetodon cavus
m1,3.5,1.6,60.9,57.5,-76.45,53.23,unknown,unknown,terrestrial indet.,Prochetodon cavus
m1,3.85,1.7,57.5,56.0,-78.79,52.74,unknown,unknown,terrestrial indet.,Prochetodon taxus
m1,12.46,7.57,4.7,1.4,-99.15,37.91,Rexroad,unknown,terrestrial indet.,Procyon rexroadensis
m1,1.18,1.44,4.7,1.4,-115.73,34.46,San Timoteo,unknown,terrestrial indet.,Prodipodomys timoteoensis
m1,1.21,1.43,4.7,1.4,-115.73,34.46,San Timoteo,unknown,terrestrial indet.,Prodipodomys timoteoensis
m1,1.095,1.465,4.7,1.4,-115.73,34.46,San Timoteo,unknown,terrestrial indet.,Prodipodomys timoteoensis
m1,1.02,1.1,24.7,23.1,-95.79,54.96,Cypress Hills,unknown,terrestrial indet.,Trogomys ironcloudi
m1,1.22,1.35,18.5,16.3,-111.27,37.93,Branch Canyon,unknown,terrestrial indet.,Proheteromys sulculus
m1,1.91,1.83,45.9,39.7,-85.58,35.54,Devil's Graveyard,unknown,terrestrial indet.,Prolapsus junctionis
m1,1.91,1.63,45.9,39.7,-85.58,35.54,Devil's Graveyard,unknown,terrestrial indet.,Prolapsus junctionis
m1,2.52,2.15,45.9,39.7,-85.58,35.54,Devil's Graveyard,unknown,terrestrial indet.,Prolapsus sibilatoris
m1,2.445,2.1,45.9,39.7,-85.58,35.54,Devil's Graveyard,unknown,terrestrial indet.,Prolapsus sibilatoris
m1,2.8,2.6,63.4,60.9,-74.71,61.93,Paskapoo,unknown,fluvial indet.,Promioclaenus acolytus
m1,2.78,2.24,29.5,18.5,-102.1,50.8,Peterson Creek Beds,unknown,terrestrial indet.,Trilaccogaulus lemhiensis
m1,2.45,1.8,24.7,23.1,-90.25,48.13,Monroe Creek,unknown,terrestrial indet.,Promylagaulus riggsi
m1,2.09,1.7,23.1,18.5,-90.01,47.22,Harrison,unknown,terrestrial indet.,Promylagaulus riggsi
m1,2.315,1.62,24.7,23.1,-95.79,54.96,Cypress Hills,unknown,terrestrial indet.,Promylagaulus riggsi
m1,2.9,2.6,60.9,57.5,-76.38,61.88,Paskapoo,siltstone,lacustrine indet.,Pronothodectes gaoi
m1,2.95,2.65,60.9,57.5,-76.38,61.88,Paskapoo,siltstone,lacustrine indet.,Pronothodectes gaoi
m1,2.35,2.22,63.4,60.9,-73.72,54.42,unknown,unknown,terrestrial indet.,Pronothodectes jepi
m1,2.13,2.03,63.4,60.9,-73.65,56.02,Fort Union,unknown,terrestrial indet.,Pronothodectes matthewi
m1,1.45,1.35,9.4,4.7,-116.88,41.07,unknown,unknown,terrestrial indet.,Pronotolagus nevadensis
m1,1.2233,1.3467,9.4,4.7,-116.88,41.07,unknown,unknown,terrestrial indet.,Pronotolagus nevadensis
m1,1.905,1.405,33.9,31.8,-91.61,49.36,unknown,siltstone,lacustrine - small,Proscalops miocaenus
m1,2.76,1.92,23.1,18.5,-90.01,47.22,Harrison,unknown,terrestrial indet.,Proscalops secundus
m1,2.515,1.765,24.7,23.1,-95.79,54.96,Cypress Hills,unknown,terrestrial indet.,Proscalops secundus
m1,1.6,1.7,33.9,31.8,-95.92,53.11,unknown,unknown,terrestrial indet.,Altasciurus relictus
m1,1.703,1.697,33.9,31.8,-91.61,49.36,unknown,siltstone,lacustrine - small,Altasciurus relictus
m1,2.04,1.5,9.4,4.7,-105.37,30.85,unknown,unknown,terrestrial indet.,Prosigmodon chihuahuensis
m1,1.33,1.465,9.4,4.7,-105.37,30.85,unknown,unknown,terrestrial indet.,Prosigmodon oroscoi
m1,13.6,11.5,9.4,4.7,-97.13,37.75,unknown,unknown,terrestrial indet.,Prosthennops serus
m1,14.5,12.0,12.5,9.4,-111.49,46.16,unknown,unknown,terrestrial indet.,Prosthennops serus
m1,15.5,12.0,16.3,12.5,-94.39,42.96,unknown,unknown,terrestrial indet.,Prosthennops serus
m1,13.8,10.6667,20.45,13.82,-68.39,40.19,Calvert,claystone,transition zone/lower shoreface,Stirtonhyus xiphodonticus
m1,11.15,8.15,23.04,20.45,-84.46,34.75,Fleming,conglomerate,coarse channel fill,Prosynthetoceras orthrionanus
m1,1.27,1.24,39.7,37.0,-86.94,56.36,Cypress Hills,unknown,terrestrial indet.,Protadjidaumo pauli
m1,7.06,4.8,60.9,57.5,-75.51,53.47,Fort Union,siliciclastic,fluvial-lacustrine indet.,Protictis agastor
m1,4.6,2.87,63.4,60.9,-73.65,56.02,Fort Union,unknown,terrestrial indet.,Bryanictis microlestes
m1,4.3,2.55,60.9,57.5,-77.42,52.51,Fort Union,unknown,terrestrial indet.,Bryanictis microlestes
m1,6.4,4.1,63.4,60.9,-76.78,46.9,Nacimiento,siltstone,terrestrial indet.,Protictis minor
m1,6.3,4.2,63.4,60.9,-76.78,46.9,Nacimiento,siltstone,terrestrial indet.,Protictis minor
m1,4.1,2.9,66.0,61.66,-62.86,55.03,Fort Union,unknown,terrestrial indet.,Protictis paralus
m1,4.14,3.05,60.9,57.5,-75.51,53.47,Fort Union,siliciclastic,fluvial-lacustrine indet.,Protictis paralus
m1,8.65,5.65,63.4,60.9,-76.78,46.9,Nacimiento,siltstone,terrestrial indet.,Protictis simpsoni
m1,8.6,5.5,63.4,60.9,-76.78,46.9,Nacimiento,siltstone,terrestrial indet.,Protictis simpsoni
m1,2.85,1.85,63.4,60.9,-73.65,56.02,Fort Union,unknown,terrestrial indet.,Simpsonictis tenuis
m1,23.1,10.8,9.4,4.7,-97.22,42.35,Ash Hollow,unknown,terrestrial indet.,Protohippus gidleyi
m1,20.7,10.8,12.5,9.4,-77.8,31.36,Alachua,unknown,marginal marine indet.,Protohippus gidleyi
m1,20.8,10.0,16.3,12.5,-93.24,45.91,Valentine,unknown,terrestrial indet.,Protohippus perditus
m1,17.0,11.6,16.3,12.5,-89.33,33.57,Fleming,unknown,terrestrial indet.,Protohippus perditus
m1,22.6,12.1,18.5,16.3,-99.21,47.39,Arikaree,unknown,eolian indet.,Protolabis heterodontus
m1,9.26,6.86,45.9,39.7,-89.71,47.29,Uinta,unknown,terrestrial indet.,Protoreodon pumilus
m1,3.69,2.91,66.0,63.4,-67.64,57.54,Fort Union,sandstone,coarse channel fill,Protungulatum donnae
m1,4.166,3.106,66.0,63.4,-71.43,52.32,Ferris,unknown,terrestrial indet.,Protungulatum donnae
m1,19.6,7.8,12.5,9.4,-112.99,38.09,Avawatz,unknown,terrestrial indet.,Pseudaelurus intrepidus
m1,16.9,6.8333,16.3,12.5,-111.93,42.13,unknown,unknown,terrestrial indet.,Pseudaelurus intrepidus
m1,2.0,2.02,39.7,37.0,-86.94,56.36,Cypress Hills,unknown,terrestrial indet.,Pseudocylindrodon lateriviae
m1,1.86,2.15,37.0,33.9,-86.47,46.45,White River,unknown,terrestrial indet.,Pseudocylindrodon neglectus
m1,7.65,7.0,37.0,33.9,-85.0,49.11,Chadron,unknown,terrestrial indet.,Pseudoprotoceras longinaris
m1,9.2,7.425,37.0,33.9,-85.0,49.11,Chadron,unknown,terrestrial indet.,Pseudoprotoceras longinaris
m1,8.4,6.8,37.0,33.9,-87.35,47.77,Chadron,siltstone,terrestrial indet.,Pseudoprotoceras longinaris
m1,8.375,6.75,37.0,33.9,-87.35,47.77,Chadron,siltstone,terrestrial indet.,Pseudoprotoceras longinaris
m1,7.3,6.4,37.0,33.9,-87.35,47.77,Chadron,siltstone,terrestrial indet.,Pseudoprotoceras minor
m1,11.45,8.2,37.0,33.9,-90.2,49.33,White River,unknown,terrestrial indet.,Leptomeryx semicinctus
m1,11.5,8.8,37.0,33.9,-91.37,55.94,Cypress Hills,unknown,terrestrial indet.,Leptomeryx semicinctus
m1,11.1,8.5,37.0,33.9,-91.37,55.94,Cypress Hills,unknown,terrestrial indet.,Leptomeryx semicinctus
m1,1.11,1.1,18.5,16.3,-111.27,37.93,Branch Canyon,unknown,terrestrial indet.,Pseudotheridomys cuyamensis
m1,1.05,1.05,18.5,16.3,-95.42,44.85,Pawnee Creek,unknown,channel,Pseudotheridomys hesperus
m1,1.19,1.21,24.7,23.1,-95.79,54.96,Cypress Hills,unknown,terrestrial indet.,Pseudotheridomys hesperus
m1,0.998,0.964,16.3,12.5,-109.76,46.69,Deer Butte,unknown,terrestrial indet.,Pseudotheridomys pagei
m1,2.77,1.36,60.9,57.5,-78.13,60.96,Paskapoo,siltstone,fluvial-lacustrine indet.,Ptilodus gnomus
m1,2.7,1.4,63.4,60.9,-74.71,61.93,Paskapoo,unknown,fluvial indet.,Ptilodus gnomus
m1,3.3,1.6,60.9,57.5,-74.95,51.73,Fort Union,unknown,terrestrial indet.,Ptilodus kummae
m1,3.18,1.58,60.9,57.5,-77.86,50.78,Fort Union,unknown,terrestrial indet.,Ptilodus kummae
m1,5.85,5.425,51.1,45.9,-86.38,50.22,Bridger,unknown,terrestrial indet.,Quadratomus grossus
m1,7.15,6.4,51.1,45.9,-84.53,51.57,unknown,unknown,terrestrial indet.,Quadratomus sundelli
m1,6.45,6.35,51.1,45.9,-84.53,51.57,unknown,unknown,terrestrial indet.,Quadratomus sundelli
m1,5.29,4.15,66.0,63.4,-67.64,57.54,Fort Union,sandstone,coarse channel fill,Baioconodon nordicus
m1,12.5,9.8,16.3,12.5,-109.76,46.69,Butte Creek,volcaniclastic,terrestrial indet.,Bouromeryx americanus
m1,3.62,3.525,45.9,39.7,-98.28,39.4,Sespe,unknown,terrestrial indet.,Rapamys fricki
m1,1.29,0.83,4.7,1.4,-108.1,33.49,Gila Conglomerate,marl,lacustrine indet.,Reithrodontomys rexroadensis
m1,125.0,71.0,4.7,1.4,-105.96,34.77,Palomas,sandstone,fluvial indet.,Rhynchotherium falconeri
m1,2.5,2.0,23.1,18.5,-93.3,47.08,Harrison,unknown,terrestrial indet.,Sanctimus falkenbachi
m1,2.2,2.0,29.5,18.5,-92.34,47.0,unknown,unknown,terrestrial indet.,Sanctimus stouti
m1,1.79,1.89,29.5,24.7,-88.74,48.37,Sharps,unknown,terrestrial indet.,Sanctimus stuartae
m1,1.8386,2.1371,23.1,18.5,-90.01,47.22,Harrison,unknown,terrestrial indet.,Sanctimus stuartae
m1,1.8818,1.4,16.3,12.5,-109.76,46.69,Deer Butte,unknown,terrestrial indet.,Scalopoides ripafodiator
m1,1.885,1.47,16.3,12.5,-109.76,46.69,Butte Creek,volcaniclastic,terrestrial indet.,Scalopoides ripafodiator
m1,3.5,2.45,9.4,4.7,-94.37,44.58,unknown,unknown,terrestrial indet.,Hesperoscalops mcgrewi
m1,3.45,2.4875,9.4,4.7,-94.37,44.58,unknown,unknown,terrestrial indet.,Hesperoscalops mcgrewi
m1,1.75,1.35,56.0,51.1,-81.07,52.21,Willwood,unknown,terrestrial indet.,Nyctitherium curtidens
m1,1.8,1.5,51.1,45.9,-87.38,49.45,Bridger,unknown,terrestrial indet.,Nyctitherium curtidens
m1,1.6,1.3,51.1,45.9,-87.38,49.45,Bridger,unknown,terrestrial indet.,Nyctitherium curtidens
m1,1.8,1.4,51.1,45.9,-87.38,49.45,Bridger,unknown,terrestrial indet.,Nyctitherium curtidens
m1,1.7,1.3,51.1,45.9,-85.53,49.05,Bridger,unknown,terrestrial indet.,Nyctitherium curtidens
m1,1.6,1.4,51.1,45.9,-85.53,49.05,Bridger,unknown,terrestrial indet.,Nyctitherium curtidens
m1,1.5,1.1,16.3,12.5,-93.24,45.91,Valentine,unknown,terrestrial indet.,Schaubeumys cartomylos
m1,1.4833,1.1,16.3,12.5,-93.28,46.01,Valentine,unknown,terrestrial indet.,Schaubeumys cartomylos
m1,1.3,1.32,18.5,16.3,-100.38,53.88,Cypress Hills,unknown,terrestrial indet.,Sciurion campestre
m1,2.4,2.7,16.3,12.5,-109.76,46.69,Butte Creek,volcaniclastic,terrestrial indet.,Protospermophilus malheurensis
m1,2.25,1.75,51.1,45.9,-84.44,50.94,Aycross,unknown,terrestrial indet.,Shoshonius bowni
m1,2.1033,1.55,1.4,0.21,-99.34,34.04,Seymour,unknown,terrestrial indet.,Sigmodon curtisi
m1,3.12,1.72,1.4,0.21,-109.87,32.27,St. David,unknown,terrestrial indet.,Sigmodon curtisi
m1,2.31,1.59,1.4,0.21,-82.29,29.18,unknown,sandstone,sinkhole,Sigmodon curtisi
m1,2.46,1.59,1.4,0.21,-97.35,30.53,unknown,unknown,terrestrial indet.,Sigmodon curtisi
m1,2.2275,1.4375,4.7,1.4,-104.18,32.26,Love,unknown,terrestrial indet.,Sigmodon hudspethensis
m1,2.18,1.45,4.7,1.4,-104.18,32.26,Fort Hancock,unknown,terrestrial indet.,Sigmodon hudspethensis
m1,1.88,1.31,2.58,1.8,-99.15,37.91,Crooked Creek,siltstone,terrestrial indet.,Sigmodon minor
m1,1.8,1.32,39.7,37.0,-100.3,38.92,Sespe,unknown,terrestrial indet.,Simimys landeri
m1,24.4,11.1,9.4,4.7,-109.92,44.95,Starlight,claystone,fluvial-lacustrine indet.,Simocyon primigenius
m1,23.1,10.4,9.4,4.7,-115.46,46.26,Rattlesnake,siltstone,terrestrial indet.,Simocyon primigenius
m1,2.8,1.75,63.4,60.9,-73.72,54.42,unknown,unknown,terrestrial indet.,Simpsonictis tenuis
m1,3.13,2.04,37.0,33.9,-86.81,48.11,Chadron,unknown,terrestrial indet.,Sinclairella dakotensis
m1,6.1,3.2,51.1,45.9,-92.12,47.29,Sheep Pass,limestone,lacustrine - small,Sinopa rapax
m1,6.8,3.7,51.1,45.9,-87.38,49.45,Bridger,unknown,terrestrial indet.,Sinopa rapax
m1,7.5,4.3,51.1,45.9,-87.38,49.45,Bridger,unknown,terrestrial indet.,Sinopa rapax
m1,7.5,4.2,51.1,45.9,-85.53,49.05,Bridger,unknown,terrestrial indet.,Sinopa rapax
m1,4.9,3.8,51.1,45.9,-86.97,49.35,Bridger,tuff,fluvial indet.,Smilodectes mcgrewi
m1,4.9,4.0,51.1,45.9,-86.97,49.35,Bridger,tuff,fluvial indet.,Smilodectes mcgrewi
m1,5.1,4.2,51.1,45.9,-82.61,44.55,Huerfano,unknown,terrestrial indet.,Smilodectes mcgrewi
m1,5.2,3.9,63.4,60.9,-73.65,56.02,Fort Union,unknown,terrestrial indet.,Chriacus baldwini
m1,2.46,3.11,9.4,4.7,-97.16,38.78,unknown,unknown,terrestrial indet.,Spermophilus dotti
m1,2.4667,2.8667,9.4,4.7,-97.16,38.78,unknown,unknown,terrestrial indet.,Spermophilus dotti
m1,2.32,2.62,23.04,5.333,-94.81,39.87,Ogallala,unknown,terrestrial indet.,Spermophilus dotti
m1,1.93,2.04,1.4,0.21,-99.92,37.44,Crooked Creek,unknown,terrestrial indet.,Spermophilus tridecemlineatus
m1,6.7,2.675,2.58,1.8,-99.15,37.91,Crooked Creek,siltstone,terrestrial indet.,Spilogale putorius
m1,12.7,5.8,12.5,9.4,-110.34,46.52,Juntura,unknown,terrestrial indet.,Sthenictis junturensis
m1,33.0,25.0,45.9,39.7,-90.0,47.38,Uinta,unknown,terrestrial indet.,Sthenodectes incisivum
m1,4.44,1.87,66.0,63.4,-67.64,57.54,Fort Union,sandstone,coarse channel fill,Stygimys kuszmauli
m1,1.55,1.04,9.4,1.4,-83.09,41.51,unknown,unknown,terrestrial indet.,Symmetrodontomys daamsi
m1,1.75,1.1,4.7,1.4,-99.15,37.91,Rexroad,unknown,terrestrial indet.,Symmetrodontomys simplicidens
m1,2.9,1.3,1.4,0.21,-97.21,38.53,unknown,unknown,terrestrial indet.,Mictomys kansasensis
m1,2.82,1.23,1.4,0.21,-99.44,45.67,unknown,unknown,terrestrial indet.,Mictomys kansasensis
m1,3.1,1.4,2.58,1.8,-99.15,37.91,Crooked Creek,siltstone,terrestrial indet.,Mictomys vetus
m1,2.8,1.1,1.4,0.21,-99.92,37.44,Crooked Creek,ash,terrestrial indet.,Mictomys meltoni
m1,2.77,1.35,1.4,0.21,-97.7,40.03,unknown,unknown,terrestrial indet.,Mictomys meltoni
m1,3.11,1.19,1.4,0.21,-82.19,29.85,unknown,unknown,terrestrial indet.,Synaptomys morgani
m1,2.34,2.64,39.7,37.0,-86.94,56.36,Cypress Hills,unknown,terrestrial indet.,Tachylagus gawneae
m1,19.6,10.1,66.0,63.4,-76.0,47.4,Nacimiento,unknown,terrestrial indet.,Taeniolabis taoensis
m1,19.8,10.4,66.0,63.4,-76.0,47.4,Nacimiento,unknown,terrestrial indet.,Taeniolabis taoensis
m1,1.89,1.48,39.7,37.0,-86.94,56.36,Cypress Hills,unknown,terrestrial indet.,Talpavus conjunctus
m1,1.3,1.4,12.5,9.4,-113.77,36.46,MR Caliente,unknown,terrestrial indet.,Tamias ateles
m1,1.4,1.7,16.3,12.5,-104.57,47.65,Colter,unknown,terrestrial indet.,Tamias ateles
m1,1.3,1.5,16.3,12.5,-104.57,47.65,Colter,unknown,terrestrial indet.,Tamias ateles
m1,18.1,14.5,16.3,12.5,-91.98,43.15,Valentine,unknown,terrestrial indet.,Tapirus polkensis
m1,20.1,20.6,1.4,0.21,-97.71,38.93,unknown,unknown,terrestrial indet.,Tapirus (Helicotapirus) veroensis
m1,12.78,7.82,45.9,39.7,-98.28,39.4,Sespe,unknown,terrestrial indet.,Tapocyon robustus
m1,12.0,7.79,45.9,39.7,-91.73,52.52,Dell Beds,unknown,terrestrial indet.,Tapocyon robustus
m1,12.45,7.97,45.9,39.7,-90.05,47.36,Uinta,unknown,terrestrial indet.,Tapocyon robustus
m1,4.32,4.31,45.9,39.7,-98.28,39.4,Sespe,unknown,terrestrial indet.,Tapomys tapensis
m1,4.86,4.515,45.9,39.7,-98.28,39.4,Sespe,unknown,terrestrial indet.,Tapomys tapensis
m1,9.5,5.0,9.4,4.7,-115.06,43.35,Thousand Creek,unknown,terrestrial indet.,Pliotaxidea nevadensis
m1,46.2,32.1,12.5,9.4,-92.69,44.87,Ash Hollow,unknown,terrestrial indet.,Teleoceras major
m1,46.6,33.9,12.5,9.4,-92.69,44.87,Ash Hollow,unknown,terrestrial indet.,Teleoceras major
m1,49.25,31.45,9.4,4.7,-98.16,22.95,Rancho Viejo Beds,claystone,fluvial indet.,Teleoceras hicksi
m1,48.7,38.4,9.4,4.7,-97.22,42.35,Ash Hollow,unknown,terrestrial indet.,Teleoceras hicksi
m1,28.0,20.0,39.7,37.0,-88.4,49.59,Wagon Bed (Tepee Trail),unknown,terrestrial indet.,Telmatherium validus
m1,8.6,7.1,63.4,60.9,-76.11,45.82,Nacimiento,unknown,terrestrial indet.,Tetraclaenodon puercensis
m1,7.81,6.38,63.4,60.9,-73.72,54.42,unknown,unknown,terrestrial indet.,Tetraclaenodon puercensis
m1,7.68,6.36,63.4,60.9,-76.78,46.9,Nacimiento,siltstone,terrestrial indet.,Tetraclaenodon puercensis
m1,9.7875,5.3625,9.4,4.7,-97.13,37.75,unknown,unknown,terrestrial indet.,Texoceros altidens
m1,3.96,3.7633,51.1,45.9,-87.92,49.02,Fowkes,mudstone,terrestrial indet.,Thisbemys corrugatus
m1,2.275,2.135,51.1,45.9,-82.61,44.55,Huerfano,unknown,terrestrial indet.,Thisbemys elachistos
m1,2.12,2.0,51.1,45.9,-82.61,44.55,Huerfano,unknown,terrestrial indet.,Thisbemys elachistos
m1,4.0,3.97,45.9,39.7,-85.58,35.54,Devil's Graveyard,unknown,terrestrial indet.,Thisbemys corrugatus
m1,4.0,3.61,45.9,39.7,-85.58,35.54,Devil's Graveyard,unknown,terrestrial indet.,Thisbemys corrugatus
m1,3.91,4.02,45.9,39.7,-85.58,35.54,Devil's Graveyard,unknown,terrestrial indet.,Thisbemys corrugatus
m1,3.6,3.3,51.1,45.9,-87.38,49.45,Bridger,unknown,terrestrial indet.,Thisbemys corrugatus
m1,3.6,3.4,51.1,45.9,-87.38,49.45,Bridger,unknown,terrestrial indet.,Thisbemys corrugatus
m1,3.6,3.0,51.1,45.9,-85.53,49.05,Bridger,unknown,terrestrial indet.,Thisbemys corrugatus
m1,3.6,3.5,51.1,45.9,-85.53,49.05,Bridger,unknown,terrestrial indet.,Thisbemys corrugatus
m1,3.4,3.3,51.1,45.9,-87.38,49.45,Bridger,unknown,terrestrial indet.,Thisbemys corrugatus
m1,1.2,1.8,4.7,1.4,-113.45,43.46,unknown,unknown,terrestrial indet.,Thomomys gidleyi
m1,1.2433,1.9033,4.7,1.4,-113.45,43.46,unknown,unknown,terrestrial indet.,Thomomys gidleyi
m1,1.09,1.93,4.7,1.4,-115.73,34.46,San Timoteo,unknown,terrestrial indet.,Thomomys gidleyi
m1,1.2,1.1,56.0,51.1,-80.09,51.71,Willwood,unknown,terrestrial indet.,Tinimomys graybulliensis
m1,1.2,0.87,56.0,51.1,-78.54,51.42,Wasatch,unknown,terrestrial indet.,Tinimomys graybulliensis
m1,17.0,13.0,57.5,56.0,-78.79,52.74,unknown,unknown,terrestrial indet.,Titanoides nanus
m1,17.6,12.8,57.5,56.0,-78.79,52.74,Fort Union,unknown,terrestrial indet.,Titanoides nanus
m1,3.65,2.65,60.9,57.5,-77.42,52.51,Fort Union,unknown,terrestrial indet.,Torrejonia sirokyi
m1,1.25,0.81,12.5,9.4,-95.72,39.49,Laverne,unknown,terrestrial indet.,Copemys shotwelli
m1,1.39,0.9,12.5,9.4,-94.8,45.3,Ash Hollow,siliciclastic,channel,Copemys shotwelli
m1,4.6,3.2,60.9,57.5,-74.56,38.89,Black Peaks,unknown,terrestrial indet.,Chriacus baldwini
m1,5.25,3.4,63.4,60.9,-74.71,38.65,Black Peaks,unknown,terrestrial indet.,Chriacus baldwini
m1,2.35,1.97,23.1,18.5,-90.01,47.22,Harrison,unknown,terrestrial indet.,Trilaccogaulus ovatus
m1,2.3,1.71,24.7,23.1,-95.79,54.96,Cypress Hills,unknown,terrestrial indet.,Trilaccogaulus ovatus
m1,1.6,1.4,51.1,45.9,-85.53,49.05,Bridger,unknown,terrestrial indet.,Trogolemur myodes
m1,1.6333,1.5,51.1,45.9,-92.12,47.29,Sheep Pass,limestone,lacustrine - small,Trogolemur myodes
m1,1.2,1.03,51.1,45.9,-85.65,49.81,Bridger,unknown,terrestrial indet.,Uintasorex parvulus
m1,1.09,0.85,51.1,45.9,-87.05,47.75,Green River,sandstone,channel lag,Uintasorex parvulus
m1,3.0667,2.0667,16.3,12.5,-101.18,40.09,Tesuque,unknown,terrestrial indet.,Untermannerix copiosus
m1,3.1,2.1,12.5,9.4,-94.78,41.74,Ogallala,sandstone,channel,Untermannerix copiosus
m1,19.7,9.0,1.4,0.21,-78.33,39.84,unknown,unknown,cave,Ursus americanus
m1,1.82,1.45,51.1,45.9,-87.05,47.75,Green River,sandstone,channel lag,Utahia kayi
m1,1.85,1.5,51.1,45.9,-87.05,47.75,Green River,sandstone,channel lag,Utahia kayi
m1,1.27,1.28,39.7,37.0,-88.5,36.09,Chambers Tuff,unknown,terrestrial indet.,Viejadjidaumo magniscopuli
m1,5.5,2.9,51.1,45.9,-92.12,47.29,Sheep Pass,limestone,lacustrine - small,Viverravus minutus
m1,4.3,2.5,51.1,45.9,-87.38,49.45,Bridger,unknown,terrestrial indet.,Viverravus minutus
m1,2.4,1.9,51.1,45.9,-85.65,49.81,Bridger,unknown,terrestrial indet.,Washakius insignis
m1,2.2,1.77,51.1,45.9,-82.61,44.55,Huerfano,unknown,terrestrial indet.,Washakius izetti
m1,1.9,1.415,51.1,45.9,-85.19,49.68,Wasatch,shale,fluvial-lacustrine indet.,Washakius izetti
m1,2.3,1.7,51.1,45.9,-84.53,51.57,Aycross,unknown,terrestrial indet.,Washakius insignis
m1,6.5,3.47,56.0,51.1,-88.74,34.68,Las Tetas de Cabra,sandstone,fluvial-lacustrine indet.,Wyolestes iglesius
m1,6.16,3.5,56.0,51.1,-88.74,34.68,Las Tetas de Cabra,sandstone,fluvial-lacustrine indet.,Wyolestes iglesius
m1,1.2,0.8,56.0,48.07,-78.5,53.19,Willwood,wackestone,wet floodplain,Wyonycteris chalix
m1,8.71,6.37,56.0,51.1,-79.51,45.15,Huerfano,unknown,terrestrial indet.,Xenicohippus osborni
m1,2.13,1.88,37.0,33.9,-90.2,49.33,White River,unknown,terrestrial indet.,Yoderimys stewarti
m1,27.9,14.9,23.1,18.5,-93.27,46.38,Wildcat Hills Beds,sandstone,channel,Ysengrinia americana
m1,1.58,0.95,1.4,0.21,-99.92,37.44,Crooked Creek,ash,terrestrial indet.,Zapus sandersi
m1,1.5,0.94,1.4,0.21,-97.7,40.03,Sappa,unknown,terrestrial indet.,Zapus sandersi
m1,1.43,1.0,1.4,0.21,-99.0,40.43,Sappa,unknown,terrestrial indet.,Zapus sandersi
m1,1.52,0.96,1.4,0.21,-99.44,45.67,unknown,unknown,terrestrial indet.,Zapus sykesae
P4,3.3,4.2,60.9,57.5,-75.5,53.44,Fort Union,siliciclastic,fluvial-lacustrine indet.,Aaptoryctes ivyi
M1,3.0,4.1,60.9,57.5,-75.5,53.44,Fort Union,siliciclastic,fluvial-lacustrine indet.,Aaptoryctes ivyi
M2,2.5,4.8,60.9,57.5,-75.5,53.44,Fort Union,siliciclastic,fluvial-lacustrine indet.,Aaptoryctes ivyi
p4,3.3,2.3,60.9,57.5,-75.5,53.44,Fort Union,siliciclastic,fluvial-lacustrine indet.,Aaptoryctes ivyi
m2,2.5,2.6,60.9,57.5,-75.5,53.44,Fort Union,siliciclastic,fluvial-lacustrine indet.,Aaptoryctes ivyi
M1,22.5,27.0,45.9,39.7,-87.57,50.62,Tepee Trail,unknown,terrestrial indet.,Achaenodon robustus
M2,23.0,32.5,45.9,39.7,-87.57,50.62,Tepee Trail,unknown,terrestrial indet.,Achaenodon robustus
m3,110.0,80.0,45.9,39.7,-87.57,50.62,Tepee Trail,unknown,terrestrial indet.,Achaenodon robustus
P3,2.9,1.5,29.5,18.5,-71.63,31.26,unknown,claystone,fissure fill,Acheronictis webbi
P4,4.5,2.2,29.5,18.5,-71.63,31.26,unknown,claystone,fissure fill,Acheronictis webbi
M1,3.35,3.95,29.5,18.5,-71.63,31.26,unknown,claystone,fissure fill,Acheronictis webbi
M1,10.5,12.9,39.7,37.0,-88.5,36.09,Chambers Tuff,unknown,terrestrial indet.,Aclistomycter middletoni
M2,13.5,16.7,39.7,37.0,-88.5,36.09,Chambers Tuff,unknown,terrestrial indet.,Aclistomycter middletoni
M3,14.2,16.7,39.7,37.0,-88.5,36.09,Chambers Tuff,unknown,terrestrial indet.,Aclistomycter middletoni
P4,2.97,3.97,63.4,60.9,-77.16,46.7,Nacimiento,unknown,terrestrial indet.,Acmeodon secans
M1,3.3,4.3,63.4,60.9,-77.16,46.7,Nacimiento,unknown,terrestrial indet.,Acmeodon secans
M2,2.9,4.58,63.4,60.9,-77.16,46.7,Nacimiento,unknown,terrestrial indet.,Acmeodon secans
p4,3.26,2.02,63.4,60.9,-77.16,46.7,Nacimiento,unknown,terrestrial indet.,Acmeodon secans
M1,2.83,2.61,56.0,51.1,-79.64,51.58,Willwood,mudstone,terrestrial indet.,Acritoparamys atwateri
M2,2.83,2.61,56.0,51.1,-79.64,51.58,Willwood,mudstone,terrestrial indet.,Acritoparamys atwateri
M3,2.6,2.5,56.0,51.1,-79.64,51.58,Willwood,mudstone,terrestrial indet.,Acritoparamys atwateri
m2,2.4,2.12,56.0,51.1,-79.64,51.58,Willwood,mudstone,terrestrial indet.,Acritoparamys atwateri
m3,2.82,2.09,56.0,51.1,-79.64,51.58,Willwood,mudstone,terrestrial indet.,Acritoparamys atwateri
P3,15.5,8.0,9.4,4.7,-98.52,41.18,unknown,unknown,terrestrial indet.,Adelphailurus kansensis
P4,25.0,12.0,9.4,4.7,-98.52,41.18,unknown,unknown,terrestrial indet.,Adelphailurus kansensis
M1,4.0,8.0,9.4,4.7,-98.52,41.18,unknown,unknown,terrestrial indet.,Adelphailurus kansensis
P4,26.0,15.2,23.1,18.5,-93.8,46.72,unknown,unknown,terrestrial indet.,Adilophontes brachykolos
M1,21.3,24.0,23.1,18.5,-93.8,46.72,unknown,unknown,terrestrial indet.,Adilophontes brachykolos
M2,13.0,20.0,23.1,18.5,-93.8,46.72,unknown,unknown,terrestrial indet.,Adilophontes brachykolos
p4,18.0,10.7,23.1,18.5,-93.8,46.72,unknown,unknown,terrestrial indet.,Adilophontes brachykolos
m2,16.4,11.0,23.1,18.5,-93.8,46.72,unknown,unknown,terrestrial indet.,Adilophontes brachykolos
P4,27.4,17.6,23.1,18.5,-94.64,46.88,Marsland,unknown,terrestrial indet.,Adilophontes brachykolos
M1,22.0,27.7,23.1,18.5,-94.64,46.88,Marsland,unknown,terrestrial indet.,Adilophontes brachykolos
M2,15.1,23.0,23.1,18.5,-94.64,46.88,Marsland,unknown,terrestrial indet.,Adilophontes brachykolos
p4,20.7,10.8,23.1,18.5,-94.64,46.88,Marsland,unknown,terrestrial indet.,Adilophontes brachykolos
m2,16.5,13.3,23.1,18.5,-94.64,46.88,Marsland,unknown,terrestrial indet.,Adilophontes brachykolos
M1,0.98,1.04,39.7,37.0,-86.94,56.36,Cypress Hills,unknown,terrestrial indet.,Adjidaumo craigi
M2,0.98,1.04,39.7,37.0,-86.94,56.36,Cypress Hills,unknown,terrestrial indet.,Adjidaumo craigi
M3,0.86,0.97,39.7,37.0,-86.94,56.36,Cypress Hills,unknown,terrestrial indet.,Adjidaumo craigi
m2,0.99,0.97,39.7,37.0,-86.94,56.36,Cypress Hills,unknown,terrestrial indet.,Adjidaumo craigi
m3,0.94,0.84,39.7,37.0,-86.94,56.36,Cypress Hills,unknown,terrestrial indet.,Adjidaumo craigi
M1,28.4,29.1,12.5,9.4,-114.35,42.83,Truckee,unknown,terrestrial indet.,Aepycamelus bradyi
M2,35.6,25.9,12.5,9.4,-114.35,42.83,Truckee,unknown,terrestrial indet.,Aepycamelus bradyi
M3,41.3,23.8,12.5,9.4,-114.35,42.83,Truckee,unknown,terrestrial indet.,Aepycamelus bradyi
P4,4.1667,5.2667,33.9,31.8,-87.47,46.32,Brule,unknown,terrestrial indet.,Agnotocastor coloradensis
M1,3.45,4.95,33.9,31.8,-87.47,46.32,Brule,unknown,terrestrial indet.,Agnotocastor coloradensis
M2,3.425,4.7,33.9,31.8,-87.47,46.32,Brule,unknown,terrestrial indet.,Agnotocastor coloradensis
p4,3.8,4.2,33.9,31.8,-87.47,46.32,Brule,unknown,terrestrial indet.,Agnotocastor coloradensis
m2,3.75,4.25,33.9,31.8,-87.47,46.32,Brule,unknown,terrestrial indet.,Agnotocastor coloradensis
P4,3.435,4.17,33.9,31.8,-87.99,47.39,Brule,unknown,terrestrial indet.,Agnotocastor readingi
M1,2.905,4.045,33.9,31.8,-87.99,47.39,Brule,unknown,terrestrial indet.,Agnotocastor readingi
M2,2.755,3.75,33.9,31.8,-87.99,47.39,Brule,unknown,terrestrial indet.,Agnotocastor readingi
p4,3.75,3.5833,33.9,31.8,-87.99,47.39,Brule,unknown,terrestrial indet.,Agnotocastor readingi
m2,3.1767,3.6267,33.9,31.8,-87.99,47.39,Brule,unknown,terrestrial indet.,Agnotocastor readingi
P4,28.2,23.0,9.4,4.7,-98.3,22.97,Rancho Viejo Beds,unknown,fluvial indet.,Agriotherium schneideri
M1,27.4,30.1,9.4,4.7,-98.3,22.97,Rancho Viejo Beds,unknown,fluvial indet.,Agriotherium schneideri
M2,24.6,30.9,9.4,4.7,-98.3,22.97,Rancho Viejo Beds,unknown,fluvial indet.,Agriotherium schneideri
p4,21.3,12.7,9.4,4.7,-98.3,22.97,Rancho Viejo Beds,unknown,fluvial indet.,Agriotherium schneideri
m2,25.0,19.8,9.4,4.7,-98.3,22.97,Rancho Viejo Beds,unknown,fluvial indet.,Agriotherium schneideri
M1,0.64,1.01,57.5,56.0,-79.47,50.38,Fort Union,mudstone,floodplain,Alagomys russelli
M2,0.64,0.94,57.5,56.0,-79.47,50.38,Fort Union,mudstone,floodplain,Alagomys russelli
M3,0.64,0.74,57.5,56.0,-79.47,50.38,Fort Union,mudstone,floodplain,Alagomys russelli
m2,0.91,0.91,57.5,56.0,-79.47,50.38,Fort Union,mudstone,floodplain,Alagomys russelli
m3,1.01,0.87,57.5,56.0,-79.47,50.38,Fort Union,mudstone,floodplain,Alagomys russelli
M1,2.06,2.32,72.2,66.0,-65.32,60.38,Frenchman,siltstone,floodplain,Nortedelphys jasoni
M2,2.07,2.41,72.2,66.0,-65.32,60.38,Frenchman,siltstone,floodplain,Nortedelphys jasoni
M3,2.1,2.54,72.2,66.0,-65.32,60.38,Frenchman,siltstone,floodplain,Nortedelphys jasoni
m2,2.12,1.36,72.2,66.0,-65.32,60.38,Frenchman,siltstone,floodplain,Nortedelphys jasoni
m3,2.24,1.4,72.2,66.0,-65.32,60.38,Frenchman,siltstone,floodplain,Nortedelphys jasoni
M1,2.01,2.17,72.2,66.0,-66.02,53.68,Lance,sandstone,terrestrial indet.,Alphadon marshi
M2,2.15,2.39,72.2,66.0,-66.02,53.68,Lance,sandstone,terrestrial indet.,Alphadon marshi
M3,2.13,2.56,72.2,66.0,-66.02,53.68,Lance,sandstone,terrestrial indet.,Alphadon marshi
M1,2.13,2.33,72.2,66.0,-65.92,53.69,Lance,shale,terrestrial indet.,Alphadon marshi
M2,2.3,2.49,72.2,66.0,-65.92,53.69,Lance,shale,terrestrial indet.,Alphadon marshi
M3,2.37,2.88,72.2,66.0,-65.92,53.69,Lance,shale,terrestrial indet.,Alphadon marshi
M1,2.0723,2.2833,72.2,66.0,-65.32,60.38,Frenchman,sandstone,coarse channel fill,Nortedelphys jasoni
M2,2.1728,2.4932,72.2,66.0,-65.32,60.38,Frenchman,sandstone,coarse channel fill,Nortedelphys jasoni
M3,2.2445,2.7608,72.2,66.0,-65.32,60.38,Frenchman,sandstone,coarse channel fill,Nortedelphys jasoni
M1,2.6,2.6,83.6,72.2,-64.92,59.88,Dinosaur Park,unknown,terrestrial indet.,Turgidodon russelli
M2,2.8,2.9,83.6,72.2,-64.92,59.88,Dinosaur Park,unknown,terrestrial indet.,Turgidodon russelli
M3,2.7,3.3,83.6,72.2,-64.92,59.88,Dinosaur Park,unknown,terrestrial indet.,Turgidodon russelli
m2,2.8,1.8,83.6,72.2,-64.92,59.88,Dinosaur Park,unknown,terrestrial indet.,Turgidodon russelli
m3,3.0,1.8,83.6,72.2,-64.92,59.88,Dinosaur Park,unknown,terrestrial indet.,Turgidodon russelli
M1,27.0,22.0,16.3,12.5,-111.93,42.13,unknown,unknown,terrestrial indet.,Aepycamelus stocki
M2,35.5,24.0,16.3,12.5,-111.93,42.13,unknown,unknown,terrestrial indet.,Aepycamelus stocki
M3,36.8,21.0,16.3,12.5,-111.93,42.13,unknown,unknown,terrestrial indet.,Aepycamelus stocki
m2,32.3,19.1,16.3,12.5,-111.93,42.13,unknown,unknown,terrestrial indet.,Aepycamelus stocki
m3,42.5,16.1,16.3,12.5,-111.93,42.13,unknown,unknown,terrestrial indet.,Aepycamelus stocki
P4,6.5145,3.48,66.0,63.4,-71.42,52.32,Ferris,unknown,terrestrial indet.,Alveugena carbonensis
M1,7.2745,4.2575,66.0,63.4,-71.42,52.32,Ferris,unknown,terrestrial indet.,Alveugena carbonensis
M2,6.826,4.041,66.0,63.4,-71.42,52.32,Ferris,unknown,terrestrial indet.,Alveugena carbonensis
P4,3.2,3.29,23.1,18.5,-90.01,47.22,Harrison,unknown,terrestrial indet.,Alwoodia harkseni
M1,2.38,3.05,23.1,18.5,-90.01,47.22,Harrison,unknown,terrestrial indet.,Alwoodia harkseni
M2,2.42,3.08,23.1,18.5,-90.01,47.22,Harrison,unknown,terrestrial indet.,Alwoodia harkseni
m2,2.745,2.435,23.1,18.5,-90.01,47.22,Harrison,unknown,terrestrial indet.,Alwoodia harkseni
M1,1.6,2.0,12.5,9.4,-113.77,36.46,MR Caliente,unknown,terrestrial indet.,Ammospermophilus fossilis
M2,1.6,2.1,12.5,9.4,-113.77,36.46,MR Caliente,unknown,terrestrial indet.,Ammospermophilus fossilis
M3,1.8,1.9,12.5,9.4,-113.77,36.46,MR Caliente,unknown,terrestrial indet.,Ammospermophilus fossilis
m3,2.0,2.0,12.5,9.4,-113.77,36.46,MR Caliente,unknown,terrestrial indet.,Ammospermophilus fossilis
P4,25.85,15.3,18.5,16.3,-94.98,46.73,Runningwater,unknown,terrestrial indet.,Amphicyon galushai
M1,23.4,29.3,18.5,16.3,-94.98,46.73,Runningwater,unknown,terrestrial indet.,Amphicyon galushai
M2,17.1,26.7,18.5,16.3,-94.98,46.73,Runningwater,unknown,terrestrial indet.,Amphicyon galushai
p4,18.0,9.8,18.5,16.3,-94.98,46.73,Runningwater,unknown,terrestrial indet.,Amphicyon galushai
m2,19.9,14.8667,18.5,16.3,-94.98,46.73,Runningwater,unknown,terrestrial indet.,Amphicyon galushai
P4,17.4,22.3,23.04,20.45,-84.46,34.75,Fleming,conglomerate,coarse channel fill,Desmatippus texanus
M1,16.775,21.875,23.04,20.45,-84.46,34.75,Fleming,conglomerate,coarse channel fill,Desmatippus texanus
M2,17.6,23.4,23.04,20.45,-84.46,34.75,Fleming,conglomerate,coarse channel fill,Desmatippus texanus
p4,17.9,17.0,23.04,20.45,-84.46,34.75,Fleming,conglomerate,coarse channel fill,Desmatippus texanus
m2,14.825,12.475,23.04,20.45,-84.46,34.75,Fleming,conglomerate,coarse channel fill,Desmatippus texanus
P3,21.4,26.3,18.5,16.3,-75.25,32.13,Alachua,sandstone,terrestrial indet.,Anchitherium clarencei
P4,20.9,24.8,18.5,16.3,-75.25,32.13,Alachua,sandstone,terrestrial indet.,Anchitherium clarencei
M1,21.3,23.3,18.5,16.3,-75.25,32.13,Alachua,sandstone,terrestrial indet.,Anchitherium clarencei
p3,20.0333,14.2333,18.5,16.3,-75.25,32.13,Alachua,sandstone,terrestrial indet.,Anchitherium clarencei
p4,20.7667,14.5333,18.5,16.3,-75.25,32.13,Alachua,sandstone,terrestrial indet.,Anchitherium clarencei
P3,21.2,22.2,16.3,12.5,-78.43,32.76,Torreya,sandstone,marginal marine indet.,Anchitherium clarencei
P4,19.6,22.3,16.3,12.5,-78.43,32.76,Torreya,sandstone,marginal marine indet.,Anchitherium clarencei
M1,19.7,21.6,16.3,12.5,-78.43,32.76,Torreya,sandstone,marginal marine indet.,Anchitherium clarencei
M1,1.59,1.81,39.7,37.0,-86.94,56.36,Cypress Hills,unknown,terrestrial indet.,Churcheria baroni
M2,1.59,1.81,39.7,37.0,-86.94,56.36,Cypress Hills,unknown,terrestrial indet.,Churcheria baroni
M3,1.45,1.6,39.7,37.0,-86.94,56.36,Cypress Hills,unknown,terrestrial indet.,Churcheria baroni
m2,1.58,1.61,39.7,37.0,-86.94,56.36,Cypress Hills,unknown,terrestrial indet.,Churcheria baroni
m3,1.69,1.69,39.7,37.0,-86.94,56.36,Cypress Hills,unknown,terrestrial indet.,Churcheria baroni
M1,1.6775,1.035,12.5,9.4,-94.8,45.3,Ash Hollow,siliciclastic,channel,Antecalomys phthanus
M2,1.11,0.99,12.5,9.4,-94.8,45.3,Ash Hollow,siliciclastic,channel,Antecalomys phthanus
M3,0.77,0.88,12.5,9.4,-94.8,45.3,Ash Hollow,siliciclastic,channel,Antecalomys phthanus
m2,1.34,1.0367,12.5,9.4,-94.8,45.3,Ash Hollow,siliciclastic,channel,Antecalomys phthanus
m3,1.0033,0.8933,12.5,9.4,-94.8,45.3,Ash Hollow,siliciclastic,channel,Antecalomys phthanus
M1,5.0,5.5,51.1,45.9,-85.53,49.05,Bridger,unknown,terrestrial indet.,Antiacodon pygmaeus
M2,5.1,6.1,51.1,45.9,-85.53,49.05,Bridger,unknown,terrestrial indet.,Antiacodon pygmaeus
M3,4.7,5.7,51.1,45.9,-85.53,49.05,Bridger,unknown,terrestrial indet.,Antiacodon pygmaeus
m2,5.1,3.9,51.1,45.9,-85.53,49.05,Bridger,unknown,terrestrial indet.,Antiacodon pygmaeus
P4,1.69,1.51,51.1,45.9,-92.12,47.29,Sheep Pass,limestone,lacustrine - small,Apatemys bellus
M1,1.6825,2.085,51.1,45.9,-92.12,47.29,Sheep Pass,limestone,lacustrine - small,Apatemys bellus
M2,1.42,1.65,51.1,45.9,-92.12,47.29,Sheep Pass,limestone,lacustrine - small,Apatemys bellus
p4,1.1,0.7,51.1,45.9,-92.12,47.29,Sheep Pass,limestone,lacustrine - small,Apatemys bellus
P4,59.5,70.9,9.4,4.7,-97.13,37.75,unknown,unknown,terrestrial indet.,Aphelops mutilus
M1,63.0,67.0,9.4,4.7,-97.13,37.75,unknown,unknown,terrestrial indet.,Aphelops mutilus
M2,69.8,66.0,9.4,4.7,-97.13,37.75,unknown,unknown,terrestrial indet.,Aphelops mutilus
P4,4.4,5.85,60.9,57.5,-77.27,55.0,Fort Union,unknown,terrestrial indet.,Aphronorus orieli
M1,3.2,4.85,60.9,57.5,-77.27,55.0,Fort Union,unknown,terrestrial indet.,Aphronorus orieli
M2,3.1,4.85,60.9,57.5,-77.27,55.0,Fort Union,unknown,terrestrial indet.,Aphronorus orieli
p4,5.1,3.325,60.9,57.5,-77.27,55.0,Fort Union,unknown,terrestrial indet.,Aphronorus orieli
m2,3.4667,2.9,60.9,57.5,-77.27,55.0,Fort Union,unknown,terrestrial indet.,Aphronorus orieli
P4,2.49,2.45,39.7,37.0,-88.5,36.09,Chambers Tuff,unknown,terrestrial indet.,Apternodus iliffensis
M1,2.57,3.54,39.7,37.0,-88.5,36.09,Chambers Tuff,unknown,terrestrial indet.,Apternodus iliffensis
M2,2.32,3.46,39.7,37.0,-88.5,36.09,Chambers Tuff,unknown,terrestrial indet.,Apternodus iliffensis
P4,2.8,3.0,33.9,31.8,-88.37,47.64,Brule,unknown,terrestrial indet.,Apternodus gregoryi
M1,2.5,3.6,33.9,31.8,-88.37,47.64,Brule,unknown,terrestrial indet.,Apternodus gregoryi
M2,1.8,3.4,33.9,31.8,-88.37,47.64,Brule,unknown,terrestrial indet.,Apternodus gregoryi
p4,1.6,1.6,33.9,31.8,-88.37,47.64,Brule,unknown,terrestrial indet.,Apternodus gregoryi
m2,1.8,2.5,33.9,31.8,-88.37,47.64,Brule,unknown,terrestrial indet.,Apternodus gregoryi
P3,11.75,14.05,18.5,16.3,-75.25,32.13,Alachua,sandstone,terrestrial indet.,Archaeohippus blackbergi
P4,12.3,15.0,18.5,16.3,-75.25,32.13,Alachua,sandstone,terrestrial indet.,Archaeohippus blackbergi
M1,11.2,14.3,18.5,16.3,-75.25,32.13,Alachua,sandstone,terrestrial indet.,Archaeohippus blackbergi
p3,11.0,7.5,18.5,16.3,-75.25,32.13,Alachua,sandstone,terrestrial indet.,Archaeohippus blackbergi
p4,11.5,8.5,18.5,16.3,-75.25,32.13,Alachua,sandstone,terrestrial indet.,Archaeohippus blackbergi
P3,11.7,12.8,18.5,16.3,-75.25,32.13,Alachua,sandstone,terrestrial indet.,Archaeohippus blackbergi
P4,11.7,13.7,18.5,16.3,-75.25,32.13,Alachua,sandstone,terrestrial indet.,Archaeohippus blackbergi
M1,11.3,13.4,18.5,16.3,-75.25,32.13,Alachua,sandstone,terrestrial indet.,Archaeohippus blackbergi
p3,10.6,7.9,18.5,16.3,-75.25,32.13,Alachua,sandstone,terrestrial indet.,Archaeohippus blackbergi
p4,10.8,8.3,18.5,16.3,-75.25,32.13,Alachua,sandstone,terrestrial indet.,Archaeohippus blackbergi
P4,11.2,12.79,24.7,18.5,-73.53,30.81,unknown,claystone,terrestrial indet.,Archaeohippus mannulus
M1,10.46,12.61,24.7,18.5,-73.53,30.81,unknown,claystone,terrestrial indet.,Archaeohippus mannulus
M2,10.53,12.46,24.7,18.5,-73.53,30.81,unknown,claystone,terrestrial indet.,Archaeohippus mannulus
p4,10.0,8.4,24.7,18.5,-73.53,30.81,unknown,claystone,terrestrial indet.,Archaeohippus mannulus
m2,10.1,7.5,24.7,18.5,-73.53,30.81,unknown,claystone,terrestrial indet.,Archaeohippus mannulus
P3,1.6,3.4,29.5,18.5,-106.02,38.05,Tick Canyon,siltstone,fluvial indet.,Archaeolagus acaricolus
P4,1.6,3.5,29.5,18.5,-106.02,38.05,Tick Canyon,siltstone,fluvial indet.,Archaeolagus acaricolus
M1,1.7,3.3,29.5,18.5,-106.02,38.05,Tick Canyon,siltstone,fluvial indet.,Archaeolagus acaricolus
P3,1.7,3.2,29.5,18.5,-106.02,38.05,Tick Canyon,siltstone,fluvial indet.,Archaeolagus acaricolus
P4,1.7,3.6,29.5,18.5,-106.02,38.05,Tick Canyon,siltstone,fluvial indet.,Archaeolagus acaricolus
M1,1.7,3.3,29.5,18.5,-106.02,38.05,Tick Canyon,siltstone,fluvial indet.,Archaeolagus acaricolus
p3,2.05,1.95,29.5,18.5,-106.02,38.05,Tick Canyon,siltstone,fluvial indet.,Archaeolagus acaricolus
p4,2.2,2.45,29.5,18.5,-106.02,38.05,Tick Canyon,siltstone,fluvial indet.,Archaeolagus acaricolus
P3,2.5,4.45,24.7,23.1,-95.79,54.96,Cypress Hills,unknown,terrestrial indet.,Archaeolagus macrocephalus
P4,2.12,2.955,24.7,23.1,-95.79,54.96,Cypress Hills,unknown,terrestrial indet.,Archaeolagus macrocephalus
M1,2.04,3.86,24.7,23.1,-95.79,54.96,Cypress Hills,unknown,terrestrial indet.,Archaeolagus macrocephalus
p3,3.04,2.15,24.7,23.1,-95.79,54.96,Cypress Hills,unknown,terrestrial indet.,Archaeolagus macrocephalus
p4,2.74,3.05,24.7,23.1,-95.79,54.96,Cypress Hills,unknown,terrestrial indet.,Archaeolagus macrocephalus
P4,2.51,3.88,23.1,18.5,-90.01,47.22,Harrison,unknown,terrestrial indet.,Archaeolagus primigenius
M1,2.02,3.73,23.1,18.5,-90.01,47.22,Harrison,unknown,terrestrial indet.,Archaeolagus primigenius
M2,2.02,3.73,23.1,18.5,-90.01,47.22,Harrison,unknown,terrestrial indet.,Archaeolagus primigenius
p4,2.605,2.71,23.1,18.5,-90.01,47.22,Harrison,unknown,terrestrial indet.,Archaeolagus primigenius
m2,2.605,2.71,23.1,18.5,-90.01,47.22,Harrison,unknown,terrestrial indet.,Archaeolagus primigenius
P3,1.66,3.29,24.7,23.1,-95.79,54.96,Cypress Hills,unknown,terrestrial indet.,Archaeolagus primigenius
P4,1.67,2.91,24.7,23.1,-95.79,54.96,Cypress Hills,unknown,terrestrial indet.,Archaeolagus primigenius
M1,1.54,2.4,24.7,23.1,-95.79,54.96,Cypress Hills,unknown,terrestrial indet.,Archaeolagus primigenius
p3,2.09,1.8,24.7,23.1,-95.79,54.96,Cypress Hills,unknown,terrestrial indet.,Archaeolagus primigenius
p4,2.4,2.34,24.7,23.1,-95.79,54.96,Cypress Hills,unknown,terrestrial indet.,Archaeolagus primigenius
P4,2.7,3.25,56.0,51.1,-81.07,52.21,Willwood,unknown,terrestrial indet.,Arctodontomys wilsoni
M1,2.97,3.61,56.0,51.1,-81.07,52.21,Willwood,unknown,terrestrial indet.,Arctodontomys wilsoni
M2,3.0,3.92,56.0,51.1,-81.07,52.21,Willwood,unknown,terrestrial indet.,Arctodontomys wilsoni
p4,2.71,1.85,56.0,51.1,-81.07,52.21,Willwood,unknown,terrestrial indet.,Arctodontomys wilsoni
m2,2.96,2.24,56.0,51.1,-81.07,52.21,Willwood,unknown,terrestrial indet.,Arctodontomys wilsoni
P4,11.6,11.5,12.5,9.4,-77.8,31.36,Alachua,unknown,marginal marine indet.,Arctonasua floridana
M1,13.8,14.5,12.5,9.4,-77.8,31.36,Alachua,unknown,marginal marine indet.,Arctonasua floridana
M2,9.6,10.9,12.5,9.4,-77.8,31.36,Alachua,unknown,marginal marine indet.,Arctonasua floridana
p4,11.6,7.55,12.5,9.4,-77.8,31.36,Alachua,unknown,marginal marine indet.,Arctonasua floridana
m2,13.0,8.4,12.5,9.4,-77.8,31.36,Alachua,unknown,marginal marine indet.,Arctonasua floridana
P4,10.5,10.1,16.3,12.5,-93.28,46.01,Valentine,unknown,terrestrial indet.,Arctonasua gracilis
M1,10.9,11.3,16.3,12.5,-93.28,46.01,Valentine,unknown,terrestrial indet.,Arctonasua gracilis
M2,8.1,9.2,16.3,12.5,-93.28,46.01,Valentine,unknown,terrestrial indet.,Arctonasua gracilis
p4,10.0,6.3,16.3,12.5,-93.28,46.01,Valentine,unknown,terrestrial indet.,Arctonasua gracilis
m2,10.0,5.8,16.3,12.5,-93.28,46.01,Valentine,unknown,terrestrial indet.,Arctonasua gracilis
M1,3.7,4.9,60.9,57.5,-76.45,53.23,unknown,unknown,terrestrial indet.,Arctostylops steini
M2,4.5,5.6,60.9,57.5,-76.45,53.23,unknown,unknown,terrestrial indet.,Arctostylops steini
M3,4.0,5.1,60.9,57.5,-76.45,53.23,unknown,unknown,terrestrial indet.,Arctostylops steini
P4,7.4,4.3,29.5,18.5,-71.63,31.26,unknown,claystone,fissure fill,Arikarictis chapini
M1,5.5,8.1,29.5,18.5,-71.63,31.26,unknown,claystone,fissure fill,Arikarictis chapini
M2,1.2,4.1,29.5,18.5,-71.63,31.26,unknown,claystone,fissure fill,Arikarictis chapini
M1,18.3,20.0,23.1,18.5,-102.69,50.37,Blacktail Deer Creek,claystone,terrestrial indet.,Arretotherium acridens
M2,25.25,26.6,23.1,18.5,-102.69,50.37,Blacktail Deer Creek,claystone,terrestrial indet.,Arretotherium acridens
M3,28.3,29.4,23.1,18.5,-102.69,50.37,Blacktail Deer Creek,claystone,terrestrial indet.,Arretotherium acridens
M1,23.0,23.0667,23.04,20.45,-84.46,34.75,Fleming,conglomerate,coarse channel fill,Arretotherium acridens
M2,25.7,25.12,23.04,20.45,-84.46,34.75,Fleming,conglomerate,coarse channel fill,Arretotherium acridens
M3,27.3667,26.5,23.04,20.45,-84.46,34.75,Fleming,conglomerate,coarse channel fill,Arretotherium acridens
m2,24.15,14.45,23.04,20.45,-84.46,34.75,Fleming,conglomerate,coarse channel fill,Arretotherium acridens
m3,35.05,15.15,23.04,20.45,-84.46,34.75,Fleming,conglomerate,coarse channel fill,Arretotherium acridens
M1,19.85,20.15,18.5,16.3,-93.62,46.98,Batesland,unknown,terrestrial indet.,Arretotherium fricki
M2,23.8,22.85,18.5,16.3,-93.62,46.98,Batesland,unknown,terrestrial indet.,Arretotherium fricki
M3,25.575,25.425,18.5,16.3,-93.62,46.98,Batesland,unknown,terrestrial indet.,Arretotherium fricki
m2,23.5,12.7,18.5,16.3,-93.62,46.98,Batesland,unknown,terrestrial indet.,Arretotherium fricki
M1,18.0,20.0,23.1,18.5,-91.74,47.87,Harrison,unknown,terrestrial indet.,Arretotherium leptodus
M2,22.6,24.1,23.1,18.5,-91.74,47.87,Harrison,unknown,terrestrial indet.,Arretotherium leptodus
M3,25.35,27.65,23.1,18.5,-91.74,47.87,Harrison,unknown,terrestrial indet.,Arretotherium leptodus
P4,1.16,1.24,37.0,33.9,-90.2,49.33,White River,unknown,terrestrial indet.,Aulolithomys vexilliames
M1,1.24,1.44,37.0,33.9,-90.2,49.33,White River,unknown,terrestrial indet.,Aulolithomys vexilliames
M2,1.15,1.4,37.0,33.9,-90.2,49.33,White River,unknown,terrestrial indet.,Aulolithomys vexilliames
p4,1.13,1.06,37.0,33.9,-90.2,49.33,White River,unknown,terrestrial indet.,Aulolithomys vexilliames
m2,1.22,1.29,37.0,33.9,-90.2,49.33,White River,unknown,terrestrial indet.,Aulolithomys vexilliames
M1,1.29,0.8,4.7,1.4,-109.31,32.77,St. David,unknown,lacustrine indet.,Peromyscus minimus
M2,0.85,0.74,4.7,1.4,-109.31,32.77,St. David,unknown,lacustrine indet.,Peromyscus minimus
M3,0.61,0.61,4.7,1.4,-109.31,32.77,St. David,unknown,lacustrine indet.,Peromyscus minimus
P4,8.3,6.2,18.5,16.3,-112.96,46.54,unknown,unknown,terrestrial indet.,Bassaricyonoides stewartae
M1,6.7,6.9,18.5,16.3,-112.96,46.54,unknown,unknown,terrestrial indet.,Bassaricyonoides stewartae
M2,5.1,5.0,18.5,16.3,-112.96,46.54,unknown,unknown,terrestrial indet.,Bassaricyonoides stewartae
P4,7.9,4.5,27.3,23.04,-73.13,32.48,Crystal River,claystone,sinkhole,Phlaocyon achoros
M1,6.5,7.9,27.3,23.04,-73.13,32.48,Crystal River,claystone,sinkhole,Phlaocyon achoros
M2,4.1,6.2,27.3,23.04,-73.13,32.48,Crystal River,claystone,sinkhole,Phlaocyon achoros
M1,5.3,6.8,37.0,33.9,-95.21,52.63,Renova,claystone,terrestrial indet.,Bathygenys alpha
M2,5.8,7.3,37.0,33.9,-95.21,52.63,Renova,claystone,terrestrial indet.,Bathygenys alpha
M3,6.2,7.0,37.0,33.9,-95.21,52.63,Renova,claystone,terrestrial indet.,Bathygenys alpha
M1,5.4667,6.3667,37.0,33.9,-87.35,47.77,Chadron,siltstone,terrestrial indet.,Bathygenys alpha
M2,6.0333,7.1,37.0,33.9,-87.35,47.77,Chadron,siltstone,terrestrial indet.,Bathygenys alpha
M3,6.4,6.9,37.0,33.9,-87.35,47.77,Chadron,siltstone,terrestrial indet.,Bathygenys alpha
m2,5.8,4.6,37.0,33.9,-87.35,47.77,Chadron,siltstone,terrestrial indet.,Bathygenys alpha
m3,8.0,4.4,37.0,33.9,-87.35,47.77,Chadron,siltstone,terrestrial indet.,Bathygenys alpha
M1,2.4,3.1,60.9,57.5,-76.47,54.83,unknown,unknown,terrestrial indet.,Bisonalveus browni
M2,2.5,3.73,60.9,57.5,-76.47,54.83,unknown,unknown,terrestrial indet.,Bisonalveus browni
M3,1.8,3.1,60.9,57.5,-76.47,54.83,unknown,unknown,terrestrial indet.,Bisonalveus browni
m2,2.63,2.05,60.9,57.5,-76.47,54.83,unknown,unknown,terrestrial indet.,Bisonalveus browni
m3,2.6,1.8,60.9,57.5,-76.47,54.83,unknown,unknown,terrestrial indet.,Bisonalveus browni
P3,8.8,5.8,16.3,12.5,-94.51,43.26,unknown,unknown,terrestrial indet.,Brachypsalis hyaenoides
P4,14.1,10.0,16.3,12.5,-94.51,43.26,unknown,unknown,terrestrial indet.,Brachypsalis hyaenoides
M1,7.8,13.0,16.3,12.5,-94.51,43.26,unknown,unknown,terrestrial indet.,Brachypsalis hyaenoides
P3,9.3,6.5,16.3,12.5,-111.93,42.13,unknown,unknown,terrestrial indet.,Brachypsalis pachycephalus
P4,15.4,10.6,16.3,12.5,-111.93,42.13,unknown,unknown,terrestrial indet.,Brachypsalis pachycephalus
M1,8.0,12.5,16.3,12.5,-111.93,42.13,unknown,unknown,terrestrial indet.,Brachypsalis pachycephalus
p3,8.0,5.0,16.3,12.5,-111.93,42.13,unknown,unknown,terrestrial indet.,Brachypsalis pachycephalus
p4,11.0,6.9,16.3,12.5,-111.93,42.13,unknown,unknown,terrestrial indet.,Brachypsalis pachycephalus
M1,49.5,49.0,37.0,33.9,-90.33,35.77,Preitos,unknown,terrestrial indet.,Brontops brachycephalus
M2,64.0,59.0,37.0,33.9,-90.33,35.77,Preitos,unknown,terrestrial indet.,Brontops brachycephalus
M3,64.2,59.0,37.0,33.9,-90.33,35.77,Preitos,unknown,terrestrial indet.,Brontops brachycephalus
M1,7.45,8.2,51.1,45.9,-82.61,44.55,Huerfano,unknown,terrestrial indet.,Bunophorus sinclairi
M2,8.0,9.5,51.1,45.9,-82.61,44.55,Huerfano,unknown,terrestrial indet.,Bunophorus sinclairi
M3,7.6,9.3,51.1,45.9,-82.61,44.55,Huerfano,unknown,terrestrial indet.,Bunophorus sinclairi
P3,17.1,18.2,12.5,9.4,-77.8,31.36,Alachua,unknown,marginal marine indet.,Calippus cerasinus
P4,17.1,18.2,12.5,9.4,-77.8,31.36,Alachua,unknown,marginal marine indet.,Calippus cerasinus
M1,16.4,17.2,12.5,9.4,-77.8,31.36,Alachua,unknown,marginal marine indet.,Calippus cerasinus
p3,17.3,10.6,12.5,9.4,-77.8,31.36,Alachua,unknown,marginal marine indet.,Calippus cerasinus
p4,17.3,10.6,12.5,9.4,-77.8,31.36,Alachua,unknown,marginal marine indet.,Calippus cerasinus
P3,17.5,17.9,16.3,12.5,-93.24,45.91,Valentine,unknown,terrestrial indet.,Calippus proplacidus
P4,17.5,17.9,16.3,12.5,-93.24,45.91,Valentine,unknown,terrestrial indet.,Calippus proplacidus
M1,16.3,16.1,16.3,12.5,-93.24,45.91,Valentine,unknown,terrestrial indet.,Calippus proplacidus
p3,17.3,10.1,16.3,12.5,-93.24,45.91,Valentine,unknown,terrestrial indet.,Calippus proplacidus
p4,17.3,10.1,16.3,12.5,-93.24,45.91,Valentine,unknown,terrestrial indet.,Calippus proplacidus
P3,16.4,16.6,16.3,12.5,-89.33,33.57,Fleming,unknown,terrestrial indet.,Calippus proplacidus
P4,16.4,16.6,16.3,12.5,-89.33,33.57,Fleming,unknown,terrestrial indet.,Calippus proplacidus
M1,16.1,15.2,16.3,12.5,-89.33,33.57,Fleming,unknown,terrestrial indet.,Calippus proplacidus
p3,16.7,9.3,16.3,12.5,-89.33,33.57,Fleming,unknown,terrestrial indet.,Calippus proplacidus
p4,16.7,9.3,16.3,12.5,-89.33,33.57,Fleming,unknown,terrestrial indet.,Calippus proplacidus
P3,14.8,14.4,16.3,12.5,-78.79,29.15,Peace River,unknown,terrestrial indet.,Calippus proplacidus
P4,14.8,14.4,16.3,12.5,-78.79,29.15,Peace River,unknown,terrestrial indet.,Calippus proplacidus
M1,15.4,13.85,16.3,12.5,-78.79,29.15,Peace River,unknown,terrestrial indet.,Calippus proplacidus
M1,1.66,1.13,4.7,1.4,-110.85,35.58,Verde,mudstone,terrestrial indet.,Calomys (Bensonomys) arizonae
M2,1.19,1.04,4.7,1.4,-110.85,35.58,Verde,mudstone,terrestrial indet.,Calomys (Bensonomys) arizonae
M3,0.85,0.87,4.7,1.4,-110.85,35.58,Verde,mudstone,terrestrial indet.,Calomys (Bensonomys) arizonae
M1,1.56,1.04,4.7,1.4,-111.51,35.31,Verde,unknown,terrestrial indet.,Calomys (Bensonomys) arizonae
M2,1.2167,0.99,4.7,1.4,-111.51,35.31,Verde,unknown,terrestrial indet.,Calomys (Bensonomys) arizonae
M3,0.9,0.9,4.7,1.4,-111.51,35.31,Verde,unknown,terrestrial indet.,Calomys (Bensonomys) arizonae
m2,1.1825,1.015,4.7,1.4,-111.51,35.31,Verde,unknown,terrestrial indet.,Calomys (Bensonomys) arizonae
m3,1.035,0.89,4.7,1.4,-111.51,35.31,Verde,unknown,terrestrial indet.,Calomys (Bensonomys) arizonae
M1,1.643,1.089,9.4,4.7,-107.29,37.9,Bidahochi,unknown,terrestrial indet.,Calomys (Bensonomys) gidleyi
M2,1.129,1.071,9.4,4.7,-107.29,37.9,Bidahochi,unknown,terrestrial indet.,Calomys (Bensonomys) gidleyi
M3,0.85,0.856,9.4,4.7,-107.29,37.9,Bidahochi,unknown,terrestrial indet.,Calomys (Bensonomys) gidleyi
M1,1.433,0.929,9.4,4.7,-107.29,37.9,Bidahochi,unknown,terrestrial indet.,Calomys (Bensonomys) yazhi
M2,0.952,0.873,9.4,4.7,-107.29,37.9,Bidahochi,unknown,terrestrial indet.,Calomys (Bensonomys) yazhi
M3,0.65,0.587,9.4,4.7,-107.29,37.9,Bidahochi,unknown,terrestrial indet.,Calomys (Bensonomys) yazhi
M1,28.9,26.1,1.4,0.21,-101.99,22.04,Tacubaya,unknown,terrestrial indet.,Camelops hesternus
M2,38.5,28.7,1.4,0.21,-101.99,22.04,Tacubaya,unknown,terrestrial indet.,Camelops hesternus
M3,49.3,24.3,1.4,0.21,-101.99,22.04,Tacubaya,unknown,terrestrial indet.,Camelops hesternus
P4,2.74,2.97,24.7,23.1,-95.79,54.96,Cypress Hills,unknown,terrestrial indet.,Campestrallomys dawsonae
M1,2.59,3.5,24.7,23.1,-95.79,54.96,Cypress Hills,unknown,terrestrial indet.,Campestrallomys dawsonae
M2,2.59,3.5,24.7,23.1,-95.79,54.96,Cypress Hills,unknown,terrestrial indet.,Campestrallomys dawsonae
p4,2.73,2.44,24.7,23.1,-95.79,54.96,Cypress Hills,unknown,terrestrial indet.,Campestrallomys dawsonae
m2,3.17,2.81,24.7,23.1,-95.79,54.96,Cypress Hills,unknown,terrestrial indet.,Campestrallomys dawsonae
M1,2.24,2.55,29.5,18.5,-91.48,47.23,unknown,unknown,terrestrial indet.,Campestrallomys siouxensis
M2,2.48,2.69,29.5,18.5,-91.48,47.23,unknown,unknown,terrestrial indet.,Campestrallomys siouxensis
M3,2.71,2.58,29.5,18.5,-91.48,47.23,unknown,unknown,terrestrial indet.,Campestrallomys siouxensis
P3,5.4,4.0,37.0,33.9,-91.42,49.47,White River,unknown,terrestrial indet.,Parictis personi
P4,7.0,6.0,37.0,33.9,-91.42,49.47,White River,unknown,terrestrial indet.,Parictis personi
M1,6.0,8.5,37.0,33.9,-91.42,49.47,White River,unknown,terrestrial indet.,Parictis personi
P3,10.3,3.7,1.4,0.21,-101.99,22.04,Tacubaya,unknown,terrestrial indet.,Canis cedazoensis
P4,16.9,6.9,1.4,0.21,-101.99,22.04,Tacubaya,unknown,terrestrial indet.,Canis cedazoensis
M1,10.1,12.2,1.4,0.21,-101.99,22.04,Tacubaya,unknown,terrestrial indet.,Canis cedazoensis
P4,16.7,7.1,9.4,4.7,-98.52,41.18,unknown,unknown,terrestrial indet.,Eucyon davisi
M1,11.5,13.6,9.4,4.7,-98.52,41.18,unknown,unknown,terrestrial indet.,Eucyon davisi
M2,6.6,10.1,9.4,4.7,-98.52,41.18,unknown,unknown,terrestrial indet.,Eucyon davisi
p4,10.7,4.2,9.4,4.7,-98.52,41.18,unknown,unknown,terrestrial indet.,Eucyon davisi
m2,8.4,5.5,9.4,4.7,-98.52,41.18,unknown,unknown,terrestrial indet.,Eucyon davisi
P4,3.45,4.6,56.0,51.1,-82.33,43.51,San Jose,unknown,terrestrial indet.,Cantius frugivorus
M1,4.14,5.61,56.0,51.1,-82.33,43.51,San Jose,unknown,terrestrial indet.,Cantius frugivorus
M2,4.4,6.26,56.0,51.1,-82.33,43.51,San Jose,unknown,terrestrial indet.,Cantius frugivorus
p4,3.98,2.78,56.0,51.1,-82.33,43.51,San Jose,unknown,terrestrial indet.,Cantius frugivorus
m2,4.36,3.86,56.0,51.1,-82.33,43.51,San Jose,unknown,terrestrial indet.,Cantius frugivorus
M1,10.9,8.1,4.7,1.4,-117.44,47.85,Ringold,unknown,terrestrial indet.,Capromeryx tauntonensis
M2,12.6,7.8,4.7,1.4,-117.44,47.85,Ringold,unknown,terrestrial indet.,Capromeryx tauntonensis
M3,14.6,7.7,4.7,1.4,-117.44,47.85,Ringold,unknown,terrestrial indet.,Capromeryx tauntonensis
M1,9.0,9.9,56.0,51.1,-80.94,52.71,Willwood,unknown,terrestrial indet.,Cardiolophus radinskyi
M2,9.0,10.4,56.0,51.1,-80.94,52.71,Willwood,unknown,terrestrial indet.,Cardiolophus radinskyi
M3,8.8,10.0,56.0,51.1,-80.94,52.71,Willwood,unknown,terrestrial indet.,Cardiolophus radinskyi
m2,9.1,6.7,56.0,51.1,-80.94,52.71,Willwood,unknown,terrestrial indet.,Cardiolophus radinskyi
m3,12.4,6.8,56.0,51.1,-80.94,52.71,Willwood,unknown,terrestrial indet.,Cardiolophus radinskyi
M1,8.0,9.9,56.0,51.1,-81.07,52.21,Willwood,unknown,terrestrial indet.,Cardiolophus radinskyi
M2,10.0,11.0,56.0,51.1,-81.07,52.21,Willwood,unknown,terrestrial indet.,Cardiolophus radinskyi
M3,8.8,11.1,56.0,51.1,-81.07,52.21,Willwood,unknown,terrestrial indet.,Cardiolophus radinskyi
m2,9.6,6.8,56.0,51.1,-81.07,52.21,Willwood,unknown,terrestrial indet.,Cardiolophus radinskyi
m3,13.6,7.5,56.0,51.1,-81.07,52.21,Willwood,unknown,terrestrial indet.,Cardiolophus radinskyi
P4,15.7,8.0,9.4,4.7,-78.95,28.93,Peace River,sandstone,marginal marine indet.,Carpocyon limosus
M1,11.4,13.8,9.4,4.7,-78.95,28.93,Peace River,sandstone,marginal marine indet.,Carpocyon limosus
M2,8.6,11.2,9.4,4.7,-78.95,28.93,Peace River,sandstone,marginal marine indet.,Carpocyon limosus
P3,1.62,1.7,60.9,57.5,-76.17,64.52,Paskapoo,shale,fluvial-lacustrine indet.,Carpodaptes cygneus
P4,1.67,1.83,60.9,57.5,-76.17,64.52,Paskapoo,shale,fluvial-lacustrine indet.,Carpodaptes cygneus
M1,1.18,1.68,60.9,57.5,-76.17,64.52,Paskapoo,shale,fluvial-lacustrine indet.,Carpodaptes cygneus
P3,1.75,1.82,60.9,57.5,-66.51,56.07,Ravenscrag,sandstone,alluvial fan,Carpodaptes stonleyi
P4,1.65,1.87,60.9,57.5,-66.51,56.07,Ravenscrag,sandstone,alluvial fan,Carpodaptes stonleyi
M1,1.26,1.86,60.9,57.5,-66.51,56.07,Ravenscrag,sandstone,alluvial fan,Carpodaptes stonleyi
p4,2.28,1.38,60.9,57.5,-66.51,56.07,Ravenscrag,sandstone,alluvial fan,Carpodaptes stonleyi
P3,2.63,2.05,57.5,56.0,-78.79,52.74,Willwood,unknown,terrestrial indet.,Carpolestes simpsoni
P4,2.02,1.78,57.5,56.0,-78.79,52.74,Willwood,unknown,terrestrial indet.,Carpolestes simpsoni
M1,1.49,2.04,57.5,56.0,-78.79,52.74,Willwood,unknown,terrestrial indet.,Carpolestes simpsoni
p4,2.96,1.6,57.5,56.0,-78.79,52.74,Willwood,unknown,terrestrial indet.,Carpolestes simpsoni
P3,3.08,2.97,59.24,56.0,-77.04,53.09,Fort Union,siliciclastic,fluvial-lacustrine indet.,Carpodaptes jepseni
P4,2.35,2.72,59.24,56.0,-77.04,53.09,Fort Union,siliciclastic,fluvial-lacustrine indet.,Carpodaptes jepseni
M1,1.81,2.49,59.24,56.0,-77.04,53.09,Fort Union,siliciclastic,fluvial-lacustrine indet.,Carpodaptes jepseni
p4,3.76,2.34,59.24,56.0,-77.04,53.09,Fort Union,siliciclastic,fluvial-lacustrine indet.,Carpodaptes jepseni
P4,8.5,9.2,4.7,1.4,-116.59,43.67,unknown,unknown,terrestrial indet.,Castor californicus
M1,6.3333,7.0333,4.7,1.4,-116.59,43.67,unknown,unknown,terrestrial indet.,Castor californicus
M2,7.6,8.85,4.7,1.4,-116.59,43.67,unknown,unknown,terrestrial indet.,Castor californicus
p4,9.875,7.75,4.7,1.4,-116.59,43.67,unknown,unknown,terrestrial indet.,Castor californicus
m2,7.1333,7.4667,4.7,1.4,-116.59,43.67,unknown,unknown,terrestrial indet.,Castor californicus
P4,4.3,3.5,66.0,63.4,-70.31,49.63,Denver,shale,terrestrial indet.,Catopsalis alexanderi
M1,10.32,5.64,66.0,63.4,-70.31,49.63,Denver,shale,terrestrial indet.,Catopsalis alexanderi
M2,6.5333,5.9667,66.0,63.4,-70.31,49.63,Denver,shale,terrestrial indet.,Catopsalis alexanderi
p4,4.325,2.65,66.0,63.4,-70.31,49.63,Denver,shale,terrestrial indet.,Catopsalis alexanderi
m2,6.4143,9.5714,66.0,63.4,-70.31,49.63,Denver,shale,terrestrial indet.,Catopsalis alexanderi
P4,4.3,2.8,66.0,63.4,-72.34,55.09,Fort Union,unknown,terrestrial indet.,Catopsalis alexanderi
M1,10.0,5.1,66.0,63.4,-72.34,55.09,Fort Union,unknown,terrestrial indet.,Catopsalis alexanderi
M2,7.2,5.9,66.0,63.4,-72.34,55.09,Fort Union,unknown,terrestrial indet.,Catopsalis alexanderi
m2,7.1,5.3,66.0,63.4,-72.34,55.09,Fort Union,unknown,terrestrial indet.,Catopsalis alexanderi
P4,5.9,4.1,60.9,57.5,-77.42,52.51,Fort Union,unknown,terrestrial indet.,Catopsalis calgariensis
M1,18.8,10.2,60.9,57.5,-77.42,52.51,Fort Union,unknown,terrestrial indet.,Catopsalis calgariensis
M2,10.4,9.7,60.9,57.5,-77.42,52.51,Fort Union,unknown,terrestrial indet.,Catopsalis calgariensis
m2,9.7,9.4,60.9,57.5,-77.42,52.51,Fort Union,unknown,terrestrial indet.,Catopsalis calgariensis
P4,1.7,1.6,51.1,45.9,-85.53,49.05,Bridger,unknown,terrestrial indet.,Centetodon bembicophagus
M1,1.6,2.1,51.1,45.9,-85.53,49.05,Bridger,unknown,terrestrial indet.,Centetodon bembicophagus
M2,1.5,2.1,51.1,45.9,-85.53,49.05,Bridger,unknown,terrestrial indet.,Centetodon bembicophagus
p4,1.3,0.8,51.1,45.9,-85.53,49.05,Bridger,unknown,terrestrial indet.,Centetodon bembicophagus
M3,1.92,2.53,39.7,37.0,-86.94,56.36,Cypress Hills,unknown,terrestrial indet.,Centetodon magnus
m2,2.175,1.32,39.7,37.0,-86.94,56.36,Cypress Hills,unknown,terrestrial indet.,Centetodon magnus
m3,1.99,1.2,39.7,37.0,-86.94,56.36,Cypress Hills,unknown,terrestrial indet.,Centetodon magnus
P4,2.15,1.0,83.6,72.2,-71.37,58.79,Two Medicine,carbonate,terrestrial indet.,Filikomys primaevus
M1,2.39,1.2,83.6,72.2,-71.37,58.79,Two Medicine,carbonate,terrestrial indet.,Filikomys primaevus
M2,1.59,1.53,83.6,72.2,-71.37,58.79,Two Medicine,carbonate,terrestrial indet.,Filikomys primaevus
P4,2.21,0.63,83.6,72.2,-71.37,58.79,Two Medicine,carbonate,terrestrial indet.,Filikomys primaevus
M1,2.29,1.12,83.6,72.2,-71.37,58.79,Two Medicine,carbonate,terrestrial indet.,Filikomys primaevus
M2,1.3,1.34,83.6,72.2,-71.37,58.79,Two Medicine,carbonate,terrestrial indet.,Filikomys primaevus
m2,1.22,1.11,83.6,72.2,-71.37,58.79,Two Medicine,carbonate,terrestrial indet.,Filikomys primaevus
P3,2.8,1.9,66.0,63.4,-76.0,47.4,Nacimiento,unknown,terrestrial indet.,Puercolestes simpsoni
p4,2.55,1.3,66.0,63.4,-76.0,47.4,Nacimiento,unknown,terrestrial indet.,Puercolestes simpsoni
M1,2.8,3.8,66.0,63.4,-75.98,47.36,unknown,unknown,terrestrial indet.,Puercolestes simpsoni
P4,4.3,2.1,72.2,66.0,-66.02,53.68,Lance,sandstone,terrestrial indet.,Cimolodon nitidus
M1,4.0,2.3,72.2,66.0,-66.02,53.68,Lance,sandstone,terrestrial indet.,Cimolodon nitidus
M2,2.9,2.5,72.2,66.0,-66.02,53.68,Lance,sandstone,terrestrial indet.,Cimolodon nitidus
p4,5.8,2.3,72.2,66.0,-66.02,53.68,Lance,sandstone,terrestrial indet.,Cimolodon nitidus
m2,2.8,2.1,72.2,66.0,-66.02,53.68,Lance,sandstone,terrestrial indet.,Cimolodon nitidus
P4,4.4,2.1,72.2,66.0,-65.92,53.69,Lance,shale,terrestrial indet.,Cimolodon nitidus
M1,4.2,2.3,72.2,66.0,-65.92,53.69,Lance,shale,terrestrial indet.,Cimolodon nitidus
M2,2.9,2.6,72.2,66.0,-65.92,53.69,Lance,shale,terrestrial indet.,Cimolodon nitidus
p4,5.8,2.35,72.2,66.0,-65.92,53.69,Lance,shale,terrestrial indet.,Cimolodon nitidus
m2,2.9,2.1,72.2,66.0,-65.92,53.69,Lance,shale,terrestrial indet.,Cimolodon nitidus
P4,3.0,1.3,72.2,66.0,-65.92,53.69,Lance,shale,terrestrial indet.,Cimolomys gracilis
M1,4.8,2.7,72.2,66.0,-65.92,53.69,Lance,shale,terrestrial indet.,Cimolomys gracilis
M2,3.3,2.9,72.2,66.0,-65.92,53.69,Lance,shale,terrestrial indet.,Cimolomys gracilis
p4,4.7,1.7,72.2,66.0,-65.92,53.69,Lance,shale,terrestrial indet.,Cimolomys gracilis
m2,3.6,2.7,72.2,66.0,-65.92,53.69,Lance,shale,terrestrial indet.,Cimolomys gracilis
P4,3.27,1.4,72.2,66.0,-65.32,60.38,Frenchman,siltstone,floodplain,Cimolomys gracilis
M1,5.6,2.89,72.2,66.0,-65.32,60.38,Frenchman,siltstone,floodplain,Cimolomys gracilis
M2,3.68,3.33,72.2,66.0,-65.32,60.38,Frenchman,siltstone,floodplain,Cimolomys gracilis
m2,4.39,2.72,72.2,66.0,-65.32,60.38,Frenchman,siltstone,floodplain,Cimolomys gracilis
M1,2.4,2.8,9.4,4.7,-97.16,38.78,unknown,unknown,terrestrial indet.,Spermophilus dotti
M2,2.73,3.42,9.4,4.7,-97.16,38.78,unknown,unknown,terrestrial indet.,Spermophilus dotti
M3,3.24,3.26,9.4,4.7,-97.16,38.78,unknown,unknown,terrestrial indet.,Spermophilus dotti
m2,2.7775,3.225,9.4,4.7,-97.16,38.78,unknown,unknown,terrestrial indet.,Spermophilus dotti
m3,3.1367,3.2533,9.4,4.7,-97.16,38.78,unknown,unknown,terrestrial indet.,Spermophilus dotti
M1,2.34,3.125,23.04,5.333,-94.81,39.87,Ogallala,unknown,terrestrial indet.,Spermophilus dotti
M2,2.51,3.355,23.04,5.333,-94.81,39.87,Ogallala,unknown,terrestrial indet.,Spermophilus dotti
M3,2.74,3.085,23.04,5.333,-94.81,39.87,Ogallala,unknown,terrestrial indet.,Spermophilus dotti
m2,2.555,2.96,23.04,5.333,-94.81,39.87,Ogallala,unknown,terrestrial indet.,Spermophilus dotti
m3,3.005,3.035,23.04,5.333,-94.81,39.87,Ogallala,unknown,terrestrial indet.,Spermophilus dotti
M1,2.4,3.3,4.7,1.4,-104.18,32.26,Fort Hancock,unknown,terrestrial indet.,Spermophilus mcgheei
M2,2.4,3.7,4.7,1.4,-104.18,32.26,Fort Hancock,unknown,terrestrial indet.,Spermophilus mcgheei
M3,3.2,3.7,4.7,1.4,-104.18,32.26,Fort Hancock,unknown,terrestrial indet.,Spermophilus mcgheei
M1,12.0,14.3,45.9,39.7,-86.48,36.39,Colmena Tuff,unknown,terrestrial indet.,Plesiocolopirus hancocki
M2,14.5,15.1,45.9,39.7,-86.48,36.39,Colmena Tuff,unknown,terrestrial indet.,Plesiocolopirus hancocki
M3,14.3,15.7,45.9,39.7,-86.48,36.39,Colmena Tuff,unknown,terrestrial indet.,Plesiocolopirus hancocki
P4,7.4,10.1,63.4,60.9,-79.23,50.21,North Horn,unknown,terrestrial indet.,Conoryctella dragonensis
M1,8.1,11.1,63.4,60.9,-79.23,50.21,North Horn,unknown,terrestrial indet.,Conoryctella dragonensis
M2,7.4,8.9,63.4,60.9,-79.23,50.21,North Horn,unknown,terrestrial indet.,Conoryctella dragonensis
P4,5.8,7.9,63.4,60.9,-77.16,46.7,Nacimiento,unknown,terrestrial indet.,Conoryctella pattersoni
M1,7.2,8.6,63.4,60.9,-77.16,46.7,Nacimiento,unknown,terrestrial indet.,Conoryctella pattersoni
M2,6.8,8.0,63.4,60.9,-77.16,46.7,Nacimiento,unknown,terrestrial indet.,Conoryctella pattersoni
p4,6.9,4.9,63.4,60.9,-77.16,46.7,Nacimiento,unknown,terrestrial indet.,Conoryctella pattersoni
m2,8.0,5.3,63.4,60.9,-77.16,46.7,Nacimiento,unknown,terrestrial indet.,Conoryctella pattersoni
P4,8.2,12.0,63.4,60.9,-76.11,45.82,Nacimiento,unknown,terrestrial indet.,Conoryctes comma
M1,9.1,13.0,63.4,60.9,-76.11,45.82,Nacimiento,unknown,terrestrial indet.,Conoryctes comma
M2,7.6,11.7,63.4,60.9,-76.11,45.82,Nacimiento,unknown,terrestrial indet.,Conoryctes comma
p4,10.8,7.4,63.4,60.9,-76.11,45.82,Nacimiento,unknown,terrestrial indet.,Conoryctes comma
M1,1.46,1.71,39.7,37.0,-86.94,56.36,Cypress Hills,unknown,terrestrial indet.,Herpetotherium innominatum
M2,1.405,1.9,39.7,37.0,-86.94,56.36,Cypress Hills,unknown,terrestrial indet.,Herpetotherium innominatum
M3,1.56,2.23,39.7,37.0,-86.94,56.36,Cypress Hills,unknown,terrestrial indet.,Herpetotherium innominatum
M1,3.93,5.75,56.0,51.1,-80.68,50.99,Wind River,unknown,terrestrial indet.,Cantius frugivorus
M2,4.25,6.3,56.0,51.1,-80.68,50.99,Wind River,unknown,terrestrial indet.,Cantius frugivorus
M3,3.45,5.2,56.0,51.1,-80.68,50.99,Wind River,unknown,terrestrial indet.,Cantius frugivorus
m2,4.25,3.95,56.0,51.1,-80.68,50.99,Wind River,unknown,terrestrial indet.,Cantius frugivorus
m3,5.55,3.45,56.0,51.1,-80.68,50.99,Wind River,unknown,terrestrial indet.,Cantius frugivorus
M1,1.6075,1.075,16.3,12.5,-104.9,49.7,Madison Valley,sandstone,channel,Copemys lindsayi
M2,1.22,1.12,16.3,12.5,-104.9,49.7,Madison Valley,sandstone,channel,Copemys lindsayi
M3,0.9,0.97,16.3,12.5,-104.9,49.7,Madison Valley,sandstone,channel,Copemys lindsayi
m2,1.234,0.988,16.3,12.5,-104.9,49.7,Madison Valley,sandstone,channel,Copemys lindsayi
M1,1.7833,1.1667,16.3,12.5,-93.26,45.99,Valentine,sandstone,channel,Copemys longidens
M2,1.275,1.1875,16.3,12.5,-93.26,45.99,Valentine,sandstone,channel,Copemys longidens
M3,0.9,0.9,16.3,12.5,-93.26,45.99,Valentine,sandstone,channel,Copemys longidens
m2,1.3843,1.1414,16.3,12.5,-93.26,45.99,Valentine,sandstone,channel,Copemys longidens
M1,1.65,1.15,16.3,12.5,-93.24,45.91,Valentine,unknown,terrestrial indet.,Copemys longidens
M2,1.15,0.9,16.3,12.5,-93.24,45.91,Valentine,unknown,terrestrial indet.,Copemys longidens
M3,0.95,0.8,16.3,12.5,-93.24,45.91,Valentine,unknown,terrestrial indet.,Copemys longidens
P3,22.5,21.8,4.7,1.4,-81.35,27.86,Tamiami,sandstone,estuary/bay,Cormohipparion emsliei
P4,21.1,21.6,4.7,1.4,-81.35,27.86,Tamiami,sandstone,estuary/bay,Cormohipparion emsliei
M1,19.7,19.7,4.7,1.4,-81.35,27.86,Tamiami,sandstone,estuary/bay,Cormohipparion emsliei
P3,29.1,24.3,16.3,12.5,-92.91,45.99,Valentine,unknown,terrestrial indet.,Cormohipparion quinni
P4,25.2,22.5,16.3,12.5,-92.91,45.99,Valentine,unknown,terrestrial indet.,Cormohipparion quinni
M1,21.2,22.7,16.3,12.5,-92.91,45.99,Valentine,unknown,terrestrial indet.,Cormohipparion quinni
M1,6.1,6.8,45.9,39.7,-98.28,39.4,Sespe,unknown,terrestrial indet.,Craseops sylvestris
M2,6.4,7.0,45.9,39.7,-98.28,39.4,Sespe,unknown,terrestrial indet.,Craseops sylvestris
M3,5.5,5.7,45.9,39.7,-98.28,39.4,Sespe,unknown,terrestrial indet.,Craseops sylvestris
m2,5.6,4.5,45.9,39.7,-98.28,39.4,Sespe,unknown,terrestrial indet.,Craseops sylvestris
m3,6.6,4.5,45.9,39.7,-98.28,39.4,Sespe,unknown,terrestrial indet.,Craseops sylvestris
P4,2.87,2.47,24.7,23.1,-95.79,54.96,Cypress Hills,unknown,terrestrial indet.,Crucimys milleri
M1,1.65,1.65,24.7,23.1,-95.79,54.96,Cypress Hills,unknown,terrestrial indet.,Crucimys milleri
M2,1.65,1.65,24.7,23.1,-95.79,54.96,Cypress Hills,unknown,terrestrial indet.,Crucimys milleri
p4,2.36,1.5,24.7,23.1,-95.79,54.96,Cypress Hills,unknown,terrestrial indet.,Crucimys milleri
m2,1.75,1.35,24.7,23.1,-95.79,54.96,Cypress Hills,unknown,terrestrial indet.,Crucimys milleri
P4,1.6,1.6,12.5,9.4,-112.99,38.09,Avawatz,unknown,terrestrial indet.,Cupidinimus avawatzensis
M1,1.2,1.7,12.5,9.4,-112.99,38.09,Avawatz,unknown,terrestrial indet.,Cupidinimus avawatzensis
M2,1.0667,1.4,12.5,9.4,-112.99,38.09,Avawatz,unknown,terrestrial indet.,Cupidinimus avawatzensis
p4,1.2667,1.2,12.5,9.4,-112.99,38.09,Avawatz,unknown,terrestrial indet.,Cupidinimus avawatzensis
m2,1.0,1.4,12.5,9.4,-112.99,38.09,Avawatz,unknown,terrestrial indet.,Cupidinimus avawatzensis
P4,1.26,1.31,18.5,16.3,-111.3,39.82,Kramer Beds,claystone,fluvial indet.,Cupidinimus boronensis
M1,0.99,1.3,18.5,16.3,-111.3,39.82,Kramer Beds,claystone,fluvial indet.,Cupidinimus boronensis
M2,0.86,1.11,18.5,16.3,-111.3,39.82,Kramer Beds,claystone,fluvial indet.,Cupidinimus boronensis
p4,1.0,1.05,18.5,16.3,-111.3,39.82,Kramer Beds,claystone,fluvial indet.,Cupidinimus boronensis
m2,0.95,1.19,18.5,16.3,-111.3,39.82,Kramer Beds,claystone,fluvial indet.,Cupidinimus boronensis
P4,1.54,1.53,16.3,12.5,-100.42,39.05,Tesuque,unknown,terrestrial indet.,Perognathoides kleinfelderi
M1,1.03,1.45,16.3,12.5,-100.42,39.05,Tesuque,unknown,terrestrial indet.,Perognathoides kleinfelderi
M2,0.95,1.4,16.3,12.5,-100.42,39.05,Tesuque,unknown,terrestrial indet.,Perognathoides kleinfelderi
P4,1.22,1.23,16.3,12.5,-104.9,49.7,Madison Valley,sandstone,channel,Cupidinimus halli
M1,0.88,1.18,16.3,12.5,-104.9,49.7,Madison Valley,sandstone,channel,Cupidinimus halli
M2,0.81,1.07,16.3,12.5,-104.9,49.7,Madison Valley,sandstone,channel,Cupidinimus halli
p4,1.06,0.94,16.3,12.5,-104.9,49.7,Madison Valley,sandstone,channel,Cupidinimus halli
m2,0.86,1.11,16.3,12.5,-104.9,49.7,Madison Valley,sandstone,channel,Cupidinimus halli
P4,1.41,1.33,12.5,9.4,-94.8,45.3,Ash Hollow,siliciclastic,channel,Cupidinimus prattensis
M1,1.06,1.32,12.5,9.4,-94.8,45.3,Ash Hollow,siliciclastic,channel,Cupidinimus prattensis
M2,1.06,1.32,12.5,9.4,-94.8,45.3,Ash Hollow,siliciclastic,channel,Cupidinimus prattensis
p4,0.91,0.91,12.5,9.4,-94.8,45.3,Ash Hollow,siliciclastic,channel,Cupidinimus prattensis
m2,1.15,1.44,12.5,9.4,-94.8,45.3,Ash Hollow,siliciclastic,channel,Cupidinimus prattensis
M1,24.5,20.4,16.3,12.5,-112.28,36.9,Caliente,unknown,terrestrial indet.,Cuyamacamelus jamesi
M2,29.5,22.6,16.3,12.5,-112.28,36.9,Caliente,unknown,terrestrial indet.,Cuyamacamelus jamesi
M3,29.6,23.15,16.3,12.5,-112.28,36.9,Caliente,unknown,terrestrial indet.,Cuyamacamelus jamesi
P4,1.73,2.03,37.0,33.9,-95.21,52.63,Renova,claystone,terrestrial indet.,Cylindrodon fontis
M1,1.86,1.99,37.0,33.9,-95.21,52.63,Renova,claystone,terrestrial indet.,Cylindrodon fontis
M2,1.78,1.78,37.0,33.9,-95.21,52.63,Renova,claystone,terrestrial indet.,Cylindrodon fontis
M1,10.95,10.75,16.3,12.5,-111.81,38.82,Barstow,unknown,terrestrial indet.,Tedfordhyus occidentalis
M2,12.9,13.0,16.3,12.5,-111.81,38.82,Barstow,unknown,terrestrial indet.,Tedfordhyus occidentalis
M3,11.05,10.4,16.3,12.5,-111.81,38.82,Barstow,unknown,terrestrial indet.,Tedfordhyus occidentalis
m2,12.5,10.9,16.3,12.5,-111.81,38.82,Barstow,unknown,terrestrial indet.,Tedfordhyus occidentalis
m3,13.7,9.35,16.3,12.5,-111.81,38.82,Barstow,unknown,terrestrial indet.,Tedfordhyus occidentalis
P4,14.0,11.5,37.0,33.9,-89.99,35.83,unknown,unknown,terrestrial indet.,Brachyrhynchocyon dodgei
M1,9.7,16.5,37.0,33.9,-89.99,35.83,unknown,unknown,terrestrial indet.,Brachyrhynchocyon dodgei
M2,7.3,10.8,37.0,33.9,-89.99,35.83,unknown,unknown,terrestrial indet.,Brachyrhynchocyon dodgei
p4,11.6,5.9,37.0,33.9,-89.99,35.83,unknown,unknown,terrestrial indet.,Brachyrhynchocyon dodgei
m2,9.8,6.65,37.0,33.9,-89.99,35.83,unknown,unknown,terrestrial indet.,Brachyrhynchocyon dodgei
P4,14.05,10.0,37.0,33.9,-87.35,47.77,Chadron,siltstone,terrestrial indet.,Brachyrhynchocyon dodgei
M1,11.05,15.8,37.0,33.9,-87.35,47.77,Chadron,siltstone,terrestrial indet.,Brachyrhynchocyon dodgei
M2,7.35,10.55,37.0,33.9,-87.35,47.77,Chadron,siltstone,terrestrial indet.,Brachyrhynchocyon dodgei
p4,11.3,5.2,37.0,33.9,-87.35,47.77,Chadron,siltstone,terrestrial indet.,Brachyrhynchocyon dodgei
m2,8.8,5.75,37.0,33.9,-87.35,47.77,Chadron,siltstone,terrestrial indet.,Brachyrhynchocyon dodgei
P4,27.1,18.8,23.1,18.5,-93.8,46.72,unknown,unknown,terrestrial indet.,Daphoenodon falkenbachi
M1,22.1,26.9,23.1,18.5,-93.8,46.72,unknown,unknown,terrestrial indet.,Daphoenodon falkenbachi
M2,15.0,21.7,23.1,18.5,-93.8,46.72,unknown,unknown,terrestrial indet.,Daphoenodon falkenbachi
p4,19.3,9.7,23.1,18.5,-93.8,46.72,unknown,unknown,terrestrial indet.,Daphoenodon falkenbachi
m2,16.4,11.5,23.1,18.5,-93.8,46.72,unknown,unknown,terrestrial indet.,Daphoenodon falkenbachi
P4,26.4,16.2,23.1,18.5,-92.34,47.0,unknown,unknown,terrestrial indet.,Daphoenodon falkenbachi
M1,22.0,27.7,23.1,18.5,-92.34,47.0,unknown,unknown,terrestrial indet.,Daphoenodon falkenbachi
M2,14.3,21.6,23.1,18.5,-92.34,47.0,unknown,unknown,terrestrial indet.,Daphoenodon falkenbachi
P4,11.2,7.6,39.7,37.0,-88.5,36.09,Chambers Tuff,unknown,terrestrial indet.,Daphoenus lambei
M1,7.9,12.1,39.7,37.0,-88.5,36.09,Chambers Tuff,unknown,terrestrial indet.,Daphoenus lambei
M2,5.8,9.4,39.7,37.0,-88.5,36.09,Chambers Tuff,unknown,terrestrial indet.,Daphoenus lambei
m2,7.8,5.4,39.7,37.0,-88.5,36.09,Chambers Tuff,unknown,terrestrial indet.,Daphoenus lambei
M1,17.0,13.0,9.4,4.7,-98.16,22.95,Rancho Viejo Beds,claystone,fluvial indet.,Desmathyus brachydontus
M2,21.0,16.0,9.4,4.7,-98.16,22.95,Rancho Viejo Beds,claystone,fluvial indet.,Desmathyus brachydontus
M3,24.0,18.0,9.4,4.7,-98.16,22.95,Rancho Viejo Beds,claystone,fluvial indet.,Desmathyus brachydontus
M1,7.3,8.6,66.0,63.4,-77.82,50.68,North Horn,unknown,terrestrial indet.,Desmatoclaenus hermaeus
M2,7.35,11.0,66.0,63.4,-77.82,50.68,North Horn,unknown,terrestrial indet.,Desmatoclaenus hermaeus
M3,6.1,8.75,66.0,63.4,-77.82,50.68,North Horn,unknown,terrestrial indet.,Desmatoclaenus hermaeus
M1,4.25,5.3,56.0,51.1,-80.68,50.99,Wind River,unknown,terrestrial indet.,Diacodexis kelleyi
M2,4.42,6.03,56.0,51.1,-80.68,50.99,Wind River,unknown,terrestrial indet.,Diacodexis kelleyi
M3,4.11,5.93,56.0,51.1,-80.68,50.99,Wind River,unknown,terrestrial indet.,Diacodexis kelleyi
m2,4.47,3.97,56.0,51.1,-80.68,50.99,Wind River,unknown,terrestrial indet.,Diacodexis kelleyi
m3,5.73,3.72,56.0,51.1,-80.68,50.99,Wind River,unknown,terrestrial indet.,Diacodexis kelleyi
P4,2.835,3.47,56.0,51.1,-82.05,44.29,San Jose,unknown,terrestrial indet.,Diacodon alticuspis
M1,2.97,3.48,56.0,51.1,-82.05,44.29,San Jose,unknown,terrestrial indet.,Diacodon alticuspis
M2,3.055,4.14,56.0,51.1,-82.05,44.29,San Jose,unknown,terrestrial indet.,Diacodon alticuspis
M1,46.2,54.8,29.5,24.7,-88.74,48.37,Sharps,unknown,terrestrial indet.,Diceratherium radtkei
M2,52.6,56.9,29.5,24.7,-88.74,48.37,Sharps,unknown,terrestrial indet.,Diceratherium radtkei
M3,55.1,53.5,29.5,24.7,-88.74,48.37,Sharps,unknown,terrestrial indet.,Diceratherium radtkei
m2,49.3,35.5,29.5,24.7,-88.74,48.37,Sharps,unknown,terrestrial indet.,Diceratherium radtkei
m3,60.7,33.4,29.5,24.7,-88.74,48.37,Sharps,unknown,terrestrial indet.,Diceratherium radtkei
P4,33.0,36.5,29.5,24.7,-88.74,48.37,Sharps,unknown,terrestrial indet.,Diceratherium marriottae
M1,41.2,36.0,29.5,24.7,-88.74,48.37,Sharps,unknown,terrestrial indet.,Diceratherium marriottae
M2,44.6,40.15,29.5,24.7,-88.74,48.37,Sharps,unknown,terrestrial indet.,Diceratherium marriottae
p4,33.3,19.5,29.5,24.7,-88.74,48.37,Sharps,unknown,terrestrial indet.,Diceratherium marriottae
M1,3.6,2.75,33.9,31.8,-87.83,47.98,Brule,unknown,terrestrial indet.,Diplolophus insolens
M2,2.25,2.8,33.9,31.8,-87.83,47.98,Brule,unknown,terrestrial indet.,Diplolophus insolens
M3,2.2,2.45,33.9,31.8,-87.83,47.98,Brule,unknown,terrestrial indet.,Diplolophus insolens
P4,1.14,1.54,4.7,1.4,-108.6,33.79,unknown,unknown,terrestrial indet.,Dipodomys gidleyi
M1,1.04,1.68,4.7,1.4,-108.6,33.79,unknown,unknown,terrestrial indet.,Dipodomys gidleyi
M2,1.0,1.44,4.7,1.4,-108.6,33.79,unknown,unknown,terrestrial indet.,Dipodomys gidleyi
P4,6.205,5.65,12.5,9.4,-94.8,45.3,Ash Hollow,siliciclastic,channel,Dipoides tanneri
M1,3.855,4.865,12.5,9.4,-94.8,45.3,Ash Hollow,siliciclastic,channel,Dipoides tanneri
M2,3.835,5.095,12.5,9.4,-94.8,45.3,Ash Hollow,siliciclastic,channel,Dipoides tanneri
p4,6.8367,4.8158,12.5,9.4,-94.8,45.3,Ash Hollow,siliciclastic,channel,Dipoides tanneri
m2,3.8233,4.68,12.5,9.4,-94.8,45.3,Ash Hollow,siliciclastic,channel,Dipoides tanneri
P4,3.45,4.1,9.4,4.7,-113.61,45.35,Chalk Butte,unknown,terrestrial indet.,Dipoides vallicula
M1,3.1,3.55,9.4,4.7,-113.61,45.35,Chalk Butte,unknown,terrestrial indet.,Dipoides vallicula
M2,3.1,3.55,9.4,4.7,-113.61,45.35,Chalk Butte,unknown,terrestrial indet.,Dipoides vallicula
p4,5.1,3.525,9.4,4.7,-113.61,45.35,Chalk Butte,unknown,terrestrial indet.,Dipoides vallicula
m2,3.5286,3.7714,9.4,4.7,-113.61,45.35,Chalk Butte,unknown,terrestrial indet.,Dipoides vallicula
P4,4.1,4.7,9.4,4.7,-107.29,37.9,Bidahochi,unknown,terrestrial indet.,Dipoides williamsi
M1,3.5,4.2,9.4,4.7,-107.29,37.9,Bidahochi,unknown,terrestrial indet.,Dipoides williamsi
M2,3.4,3.9,9.4,4.7,-107.29,37.9,Bidahochi,unknown,terrestrial indet.,Dipoides williamsi
P4,1.98,1.99,33.9,31.8,-91.61,49.36,unknown,siltstone,lacustrine - small,Domnina gradata
M1,2.043,2.193,33.9,31.8,-91.61,49.36,unknown,siltstone,lacustrine - small,Domnina gradata
M2,1.92,2.057,33.9,31.8,-91.61,49.36,unknown,siltstone,lacustrine - small,Domnina gradata
m2,1.885,1.29,33.9,31.8,-91.61,49.36,unknown,siltstone,lacustrine - small,Domnina gradata
M1,3.875,3.0,12.5,9.4,-95.72,39.49,Laverne,unknown,terrestrial indet.,Domninoides hessei
M2,2.75,3.1,12.5,9.4,-95.72,39.49,Laverne,unknown,terrestrial indet.,Domninoides hessei
M3,2.5,2.0,12.5,9.4,-95.72,39.49,Laverne,unknown,terrestrial indet.,Domninoides hessei
M1,2.9,1.7,12.5,9.4,-95.72,39.49,Laverne,unknown,terrestrial indet.,Domninoides knoxjonesi
M2,2.05,2.0,12.5,9.4,-95.72,39.49,Laverne,unknown,terrestrial indet.,Domninoides knoxjonesi
M3,2.325,1.85,12.5,9.4,-95.72,39.49,Laverne,unknown,terrestrial indet.,Domninoides knoxjonesi
M1,1.82,2.63,24.7,23.1,-95.79,54.96,Cypress Hills,unknown,terrestrial indet.,Downsimus chadwicki
M2,1.82,2.63,24.7,23.1,-95.79,54.96,Cypress Hills,unknown,terrestrial indet.,Downsimus chadwicki
M3,1.38,1.675,24.7,23.1,-95.79,54.96,Cypress Hills,unknown,terrestrial indet.,Downsimus chadwicki
m2,1.9,1.57,24.7,23.1,-95.79,54.96,Cypress Hills,unknown,terrestrial indet.,Downsimus chadwicki
m3,2.62,1.97,24.7,23.1,-95.79,54.96,Cypress Hills,unknown,terrestrial indet.,Downsimus chadwicki
M1,18.0,21.0,16.3,12.5,-111.06,45.81,unknown,unknown,terrestrial indet.,Dromomeryx borealis
M2,21.0,23.0,16.3,12.5,-111.06,45.81,unknown,unknown,terrestrial indet.,Dromomeryx borealis
M3,23.0,24.0,16.3,12.5,-111.06,45.81,unknown,unknown,terrestrial indet.,Dromomeryx borealis
M1,46.0,58.0,39.7,37.0,-88.5,36.09,Chambers Tuff,unknown,terrestrial indet.,Duchesneodus uintensis
M2,54.0,68.0,39.7,37.0,-88.5,36.09,Chambers Tuff,unknown,terrestrial indet.,Duchesneodus uintensis
M3,66.0,70.0,39.7,37.0,-88.5,36.09,Chambers Tuff,unknown,terrestrial indet.,Duchesneodus uintensis
M1,11.8,11.8,16.3,12.5,-110.98,38.47,Barstow,unknown,terrestrial indet.,Dyseohyus fricki
M2,13.25,14.0,16.3,12.5,-110.98,38.47,Barstow,unknown,terrestrial indet.,Dyseohyus fricki
M3,14.2,13.6,16.3,12.5,-110.98,38.47,Barstow,unknown,terrestrial indet.,Dyseohyus fricki
m2,13.3,11.0,16.3,12.5,-110.98,38.47,Barstow,unknown,terrestrial indet.,Dyseohyus fricki
m3,18.6,11.45,16.3,12.5,-110.98,38.47,Barstow,unknown,terrestrial indet.,Dyseohyus fricki
M1,12.6167,12.1167,16.3,12.5,-97.28,45.82,Olcott,unknown,terrestrial indet.,Stirtonhyus xiphodonticus
M2,14.3333,13.2667,16.3,12.5,-97.28,45.82,Olcott,unknown,terrestrial indet.,Stirtonhyus xiphodonticus
M3,15.65,11.75,16.3,12.5,-97.28,45.82,Olcott,unknown,terrestrial indet.,Stirtonhyus xiphodonticus
m2,14.6,12.8,16.3,12.5,-97.28,45.82,Olcott,unknown,terrestrial indet.,Stirtonhyus xiphodonticus
m3,19.2,12.0,16.3,12.5,-97.28,45.82,Olcott,unknown,terrestrial indet.,Stirtonhyus xiphodonticus
P4,1.7,2.7,45.9,39.7,-96.6,38.2,Santiago,siliciclastic,terrestrial indet.,Dyseolemur pacificus
M1,1.8,2.9,45.9,39.7,-96.6,38.2,Santiago,siliciclastic,terrestrial indet.,Dyseolemur pacificus
M2,1.9,2.9,45.9,39.7,-96.6,38.2,Santiago,siliciclastic,terrestrial indet.,Dyseolemur pacificus
M1,6.72,7.78,60.9,57.5,-75.51,53.47,Fort Union,siliciclastic,fluvial-lacustrine indet.,Ectocion cedrus
M2,7.3,8.16,60.9,57.5,-75.51,53.47,Fort Union,siliciclastic,fluvial-lacustrine indet.,Ectocion cedrus
M3,6.28,6.76,60.9,57.5,-75.51,53.47,Fort Union,siliciclastic,fluvial-lacustrine indet.,Ectocion cedrus
m2,6.36,4.95,60.9,57.5,-75.51,53.47,Fort Union,siliciclastic,fluvial-lacustrine indet.,Ectocion cedrus
m3,6.9,4.31,60.9,57.5,-75.51,53.47,Fort Union,siliciclastic,fluvial-lacustrine indet.,Ectocion cedrus
M1,8.39,7.21,60.9,57.5,-76.47,54.83,unknown,unknown,terrestrial indet.,Ectocion collinus
M2,7.4,8.36,60.9,57.5,-76.47,54.83,unknown,unknown,terrestrial indet.,Ectocion collinus
M3,6.39,7.07,60.9,57.5,-76.47,54.83,unknown,unknown,terrestrial indet.,Ectocion collinus
m2,6.71,5.59,60.9,57.5,-76.47,54.83,unknown,unknown,terrestrial indet.,Ectocion collinus
m3,7.34,4.81,60.9,57.5,-76.47,54.83,unknown,unknown,terrestrial indet.,Ectocion collinus
P4,5.43,5.34,56.0,51.1,-79.64,51.58,Willwood,mudstone,terrestrial indet.,Ectocion parvus
M1,5.5,7.1,56.0,51.1,-79.64,51.58,Willwood,mudstone,terrestrial indet.,Ectocion parvus
M2,5.8,7.4,56.0,51.1,-79.64,51.58,Willwood,mudstone,terrestrial indet.,Ectocion parvus
p4,5.65,3.63,56.0,51.1,-79.64,51.58,Willwood,mudstone,terrestrial indet.,Ectocion parvus
m2,5.6,4.47,56.0,51.1,-79.64,51.58,Willwood,mudstone,terrestrial indet.,Ectocion parvus
P4,2.4167,0.8833,57.5,56.0,-78.79,52.74,unknown,unknown,terrestrial indet.,Ectypodus powelli
M1,2.48,1.2,57.5,56.0,-78.79,52.74,unknown,unknown,terrestrial indet.,Ectypodus powelli
M2,1.1667,1.2,57.5,56.0,-78.79,52.74,unknown,unknown,terrestrial indet.,Ectypodus powelli
m2,1.1667,1.0667,57.5,56.0,-78.79,52.74,unknown,unknown,terrestrial indet.,Ectypodus powelli
P4,2.3,0.8,57.5,56.0,-78.79,52.74,unknown,unknown,terrestrial indet.,Ectypodus powelli
M1,2.4,1.1,57.5,56.0,-78.79,52.74,unknown,unknown,terrestrial indet.,Ectypodus powelli
M2,1.0,1.0,57.5,56.0,-78.79,52.74,unknown,unknown,terrestrial indet.,Ectypodus powelli
m2,1.1,1.0,57.5,56.0,-78.79,52.74,unknown,unknown,terrestrial indet.,Ectypodus powelli
P4,1.88,0.72,56.0,51.1,-78.54,51.42,Wind River,unknown,terrestrial indet.,Ectypodus tardus
M1,2.06,1.05,56.0,51.1,-78.54,51.42,Wind River,unknown,terrestrial indet.,Ectypodus tardus
M2,1.03,1.06,56.0,51.1,-78.54,51.42,Wind River,unknown,terrestrial indet.,Ectypodus tardus
m2,1.03,0.9,56.0,51.1,-78.54,51.42,Wind River,unknown,terrestrial indet.,Ectypodus tardus
P4,8.7,7.5,18.5,16.3,-94.98,46.73,Runningwater,unknown,terrestrial indet.,Edaphocyon lautus
M1,8.6,9.4,18.5,16.3,-94.98,46.73,Runningwater,unknown,terrestrial indet.,Edaphocyon lautus
M2,5.3,7.8,18.5,16.3,-94.98,46.73,Runningwater,unknown,terrestrial indet.,Edaphocyon lautus
P4,8.65,7.75,16.3,12.5,-89.46,33.71,Fleming,unknown,terrestrial indet.,Edaphocyon pointblankensis
M1,7.0,9.2,16.3,12.5,-89.46,33.71,Fleming,unknown,terrestrial indet.,Edaphocyon pointblankensis
M2,6.4,7.3,16.3,12.5,-89.46,33.71,Fleming,unknown,terrestrial indet.,Edaphocyon pointblankensis
P3,1.58,2.05,60.9,57.5,-78.13,60.96,Paskapoo,siltstone,fluvial-lacustrine indet.,Elphidotarsius russelli
P4,1.75,2.21,60.9,57.5,-78.13,60.96,Paskapoo,siltstone,fluvial-lacustrine indet.,Elphidotarsius russelli
M1,1.38,2.1,60.9,57.5,-78.13,60.96,Paskapoo,siltstone,fluvial-lacustrine indet.,Elphidotarsius russelli
p4,2.27,1.325,60.9,57.5,-78.13,60.96,Paskapoo,siltstone,fluvial-lacustrine indet.,Elphidotarsius russelli
M1,0.95,0.9,51.1,45.9,-92.12,47.29,Sheep Pass,limestone,lacustrine - small,Elymys complexus
M2,0.91,0.86,51.1,45.9,-92.12,47.29,Sheep Pass,limestone,lacustrine - small,Elymys complexus
M3,0.8,0.81,51.1,45.9,-92.12,47.29,Sheep Pass,limestone,lacustrine - small,Elymys complexus
m2,1.02,0.85,51.1,45.9,-92.12,47.29,Sheep Pass,limestone,lacustrine - small,Elymys complexus
P4,2.34,2.08,23.1,18.5,-90.01,47.22,Harrison,unknown,terrestrial indet.,Entoptychus grandiplanus
M1,1.41,2.08,23.1,18.5,-90.01,47.22,Harrison,unknown,terrestrial indet.,Entoptychus grandiplanus
M2,1.35,1.95,23.1,18.5,-90.01,47.22,Harrison,unknown,terrestrial indet.,Entoptychus grandiplanus
p4,1.82,1.84,23.1,18.5,-90.01,47.22,Harrison,unknown,terrestrial indet.,Entoptychus grandiplanus
m2,1.45,1.95,23.1,18.5,-90.01,47.22,Harrison,unknown,terrestrial indet.,Entoptychus grandiplanus
P4,4.1,4.6,45.9,39.7,-98.28,39.4,Sespe,unknown,terrestrial indet.,Eohaplomys matutinus
M1,4.15,5.1,45.9,39.7,-98.28,39.4,Sespe,unknown,terrestrial indet.,Eohaplomys matutinus
M2,4.3,4.8,45.9,39.7,-98.28,39.4,Sespe,unknown,terrestrial indet.,Eohaplomys matutinus
m2,4.325,3.95,45.9,39.7,-98.28,39.4,Sespe,unknown,terrestrial indet.,Eohaplomys matutinus
M1,14.8,17.5,51.1,45.9,-85.19,49.68,Wasatch,shale,fluvial-lacustrine indet.,Eotitanops gregoryi
M2,16.8,18.7,51.1,45.9,-85.19,49.68,Wasatch,shale,fluvial-lacustrine indet.,Eotitanops gregoryi
M3,16.0,16.6,51.1,45.9,-85.19,49.68,Wasatch,shale,fluvial-lacustrine indet.,Eotitanops gregoryi
m2,14.9,10.4,51.1,45.9,-85.19,49.68,Wasatch,shale,fluvial-lacustrine indet.,Eotitanops gregoryi
m3,16.6,10.2,51.1,45.9,-85.19,49.68,Wasatch,shale,fluvial-lacustrine indet.,Eotitanops gregoryi
P4,9.1,7.5,12.5,9.4,-94.8,41.74,Ogallala,siltstone,floodplain,Ceratogaulus minor
M1,3.2,4.3,12.5,9.4,-94.8,41.74,Ogallala,siltstone,floodplain,Ceratogaulus minor
M2,1.9,2.9,12.5,9.4,-94.8,41.74,Ogallala,siltstone,floodplain,Ceratogaulus minor
M1,8.7,11.6,45.9,39.7,-87.18,50.06,Tepee Trail,unknown,terrestrial indet.,Epihippus gracilis
M2,9.2,12.3,45.9,39.7,-87.18,50.06,Tepee Trail,unknown,terrestrial indet.,Epihippus gracilis
M3,9.4,12.1,45.9,39.7,-87.18,50.06,Tepee Trail,unknown,terrestrial indet.,Epihippus gracilis
P3,25.8,25.9,2.58,0.0117,-101.55,35.23,unknown,claystone,fluvial-lacustrine indet.,Equus conversidens
P4,24.3,25.8,2.58,0.0117,-101.55,35.23,unknown,claystone,fluvial-lacustrine indet.,Equus conversidens
M1,22.2,23.9,2.58,0.0117,-101.55,35.23,unknown,claystone,fluvial-lacustrine indet.,Equus conversidens
p3,27.5,18.3,2.58,0.0117,-101.55,35.23,unknown,claystone,fluvial-lacustrine indet.,Equus conversidens
p4,23.2,17.8,2.58,0.0117,-101.55,35.23,unknown,claystone,fluvial-lacustrine indet.,Equus conversidens
P3,25.35,26.45,1.4,0.21,-101.54,33.94,unknown,unknown,terrestrial indet.,Equus conversidens
P4,24.3,26.25,1.4,0.21,-101.54,33.94,unknown,unknown,terrestrial indet.,Equus conversidens
M1,22.225,24.9,1.4,0.21,-101.54,33.94,unknown,unknown,terrestrial indet.,Equus conversidens
p3,26.5333,16.0333,1.4,0.21,-101.54,33.94,unknown,unknown,terrestrial indet.,Equus conversidens
p4,27.0,16.32,1.4,0.21,-101.54,33.94,unknown,unknown,terrestrial indet.,Equus conversidens
P3,26.7,24.2,4.7,1.4,-105.74,35.87,Sierra Ladrones,unknown,terrestrial indet.,Equus (Asinus) cumminsi
P4,24.3,27.9,4.7,1.4,-105.74,35.87,Sierra Ladrones,unknown,terrestrial indet.,Equus (Asinus) cumminsi
M1,29.3,27.0,4.7,1.4,-105.74,35.87,Sierra Ladrones,unknown,terrestrial indet.,Equus (Asinus) cumminsi
p3,28.0,15.5,4.7,1.4,-104.18,32.26,Camp Rice,unknown,terrestrial indet.,Equus (Asinus) cumminsi
p4,27.0,14.8,4.7,1.4,-104.18,32.26,Camp Rice,unknown,terrestrial indet.,Equus (Asinus) cumminsi
P3,31.84,29.76,4.7,1.4,-117.11,35.97,Tulare,unknown,terrestrial indet.,Equus mexicanus
P4,30.24,28.1,4.7,1.4,-117.11,35.97,Tulare,unknown,terrestrial indet.,Equus mexicanus
M1,27.06,28.54,4.7,1.4,-117.11,35.97,Tulare,unknown,terrestrial indet.,Equus mexicanus
p3,31.0,17.8,4.7,1.4,-117.11,35.97,Tulare,unknown,terrestrial indet.,Equus mexicanus
p4,33.0,15.8,4.7,1.4,-117.11,35.97,Tulare,unknown,terrestrial indet.,Equus mexicanus
P3,33.2,29.5,4.7,1.4,-104.18,32.26,Love,unknown,terrestrial indet.,Equus mexicanus
P4,31.9,28.8,4.7,1.4,-104.18,32.26,Love,unknown,terrestrial indet.,Equus mexicanus
M1,27.6,28.8,4.7,1.4,-104.18,32.26,Love,unknown,terrestrial indet.,Equus mexicanus
P3,32.0,30.1,1.4,0.21,-99.14,33.99,Seymour,unknown,terrestrial indet.,Equus mexicanus
P4,31.4,29.85,1.4,0.21,-99.14,33.99,Seymour,unknown,terrestrial indet.,Equus mexicanus
M1,26.9,28.95,1.4,0.21,-99.14,33.99,Seymour,unknown,terrestrial indet.,Equus mexicanus
P3,30.0,32.4,4.7,1.4,-99.15,37.91,Crooked Creek,unknown,terrestrial indet.,Plesippus simplicidens
P4,28.0,32.3,4.7,1.4,-99.15,37.91,Crooked Creek,unknown,terrestrial indet.,Plesippus simplicidens
M1,23.0,30.0,4.7,1.4,-99.15,37.91,Crooked Creek,unknown,terrestrial indet.,Plesippus simplicidens
P4,7.05,7.6,2.58,0.774,-81.8,30.02,unknown,unknown,terrestrial indet.,Erethizon poyeri
M1,6.8,7.3,2.58,0.774,-81.8,30.02,unknown,unknown,terrestrial indet.,Erethizon poyeri
M2,6.35,7.2,2.58,0.774,-81.8,30.02,unknown,unknown,terrestrial indet.,Erethizon poyeri
p4,7.6,6.5,2.58,0.774,-81.8,30.02,unknown,unknown,terrestrial indet.,Erethizon poyeri
m2,7.4,7.0,2.58,0.774,-81.8,30.02,unknown,unknown,terrestrial indet.,Erethizon poyeri
P4,8.8,11.15,51.1,45.9,-83.12,50.2,Wind River,mudstone,fluvial-lacustrine indet.,Esthonyx acutidens
M1,8.35,12.45,51.1,45.9,-83.12,50.2,Wind River,mudstone,fluvial-lacustrine indet.,Esthonyx acutidens
M2,9.1333,13.9333,51.1,45.9,-83.12,50.2,Wind River,mudstone,fluvial-lacustrine indet.,Esthonyx acutidens
P4,7.7,10.7,57.5,56.0,-78.79,52.74,unknown,unknown,terrestrial indet.,Azygonyx ancylion
M1,8.8,10.8,57.5,56.0,-78.79,52.74,unknown,unknown,terrestrial indet.,Azygonyx ancylion
M2,8.5,12.4,57.5,56.0,-78.79,52.74,unknown,unknown,terrestrial indet.,Azygonyx ancylion
p4,7.5,5.9,57.5,56.0,-78.79,52.74,unknown,unknown,terrestrial indet.,Azygonyx ancylion
m2,8.5,8.2,57.5,56.0,-78.79,52.74,unknown,unknown,terrestrial indet.,Azygonyx ancylion
P4,3.64,4.01,12.5,9.4,-94.8,45.3,Ash Hollow,siliciclastic,channel,Nothodipoides planus
M1,3.09,3.6,12.5,9.4,-94.8,45.3,Ash Hollow,siliciclastic,channel,Nothodipoides planus
M2,3.09,3.6,12.5,9.4,-94.8,45.3,Ash Hollow,siliciclastic,channel,Nothodipoides planus
p4,4.395,3.47,12.5,9.4,-94.8,45.3,Ash Hollow,siliciclastic,channel,Nothodipoides planus
m2,3.1,3.74,12.5,9.4,-94.8,45.3,Ash Hollow,siliciclastic,channel,Nothodipoides planus
M1,3.28,4.88,63.4,60.9,-73.65,56.02,Fort Union,unknown,terrestrial indet.,Eudaemonema cuspidata
M2,3.42,4.92,63.4,60.9,-73.65,56.02,Fort Union,unknown,terrestrial indet.,Eudaemonema cuspidata
M3,3.2,3.83,63.4,60.9,-73.65,56.02,Fort Union,unknown,terrestrial indet.,Eudaemonema cuspidata
m2,3.33,2.65,63.4,60.9,-73.65,56.02,Fort Union,unknown,terrestrial indet.,Eudaemonema cuspidata
m3,3.98,2.42,63.4,60.9,-73.65,56.02,Fort Union,unknown,terrestrial indet.,Eudaemonema cuspidata
M1,2.91,1.86,33.9,31.8,-91.61,49.36,unknown,siltstone,lacustrine - small,Eumys elegans
M2,2.05,1.88,33.9,31.8,-91.61,49.36,unknown,siltstone,lacustrine - small,Eumys elegans
M3,1.568,1.66,33.9,31.8,-91.61,49.36,unknown,siltstone,lacustrine - small,Eumys elegans
m2,2.186,1.871,33.9,31.8,-91.61,49.36,unknown,siltstone,lacustrine - small,Eumys elegans
m3,1.96,1.78,33.9,31.8,-91.61,49.36,unknown,siltstone,lacustrine - small,Eumys elegans
P4,3.25,3.22,16.3,12.5,-104.9,49.7,Madison Valley,sandstone,channel,Euroxenomys inconnexus
M1,2.91,2.96,16.3,12.5,-104.9,49.7,Madison Valley,sandstone,channel,Euroxenomys inconnexus
M2,2.825,2.985,16.3,12.5,-104.9,49.7,Madison Valley,sandstone,channel,Euroxenomys inconnexus
p4,4.6,3.5,16.3,12.5,-104.9,49.7,Madison Valley,sandstone,channel,Euroxenomys inconnexus
M1,1.17,1.51,9.4,4.7,-115.43,47.6,Alkali Canyon,sandstone,terrestrial indet.,Neotamias malloryi
M2,1.21,1.56,9.4,4.7,-115.43,47.6,Alkali Canyon,sandstone,terrestrial indet.,Neotamias malloryi
M3,1.41,1.51,9.4,4.7,-115.43,47.6,Alkali Canyon,sandstone,terrestrial indet.,Neotamias malloryi
M1,1.2067,1.5033,9.4,4.7,-115.43,47.6,Alkali Canyon,sandstone,terrestrial indet.,Neotamias malloryi
M2,1.2767,1.57,9.4,4.7,-115.43,47.6,Alkali Canyon,sandstone,terrestrial indet.,Neotamias malloryi
M3,1.44,1.44,9.4,4.7,-115.43,47.6,Alkali Canyon,sandstone,terrestrial indet.,Neotamias malloryi
P4,1.89,1.83,39.7,37.0,-86.94,56.36,Cypress Hills,unknown,terrestrial indet.,Eutypomys acares
M1,1.97,2.04,39.7,37.0,-86.94,56.36,Cypress Hills,unknown,terrestrial indet.,Eutypomys acares
M2,1.97,2.04,39.7,37.0,-86.94,56.36,Cypress Hills,unknown,terrestrial indet.,Eutypomys acares
p4,1.81,1.49,39.7,37.0,-86.94,56.36,Cypress Hills,unknown,terrestrial indet.,Eutypomys acares
m2,2.01,1.84,39.7,37.0,-86.94,56.36,Cypress Hills,unknown,terrestrial indet.,Eutypomys acares
P4,3.85,3.65,37.0,33.9,-89.99,35.83,unknown,unknown,terrestrial indet.,Eutypomys inexpectatus
M1,3.73,4.045,37.0,33.9,-89.99,35.83,unknown,unknown,terrestrial indet.,Eutypomys inexpectatus
M2,3.83,4.075,37.0,33.9,-89.99,35.83,unknown,unknown,terrestrial indet.,Eutypomys inexpectatus
P4,3.6367,3.56,37.0,33.9,-89.99,35.83,unknown,unknown,terrestrial indet.,Eutypomys inexpectatus
M1,3.6,3.74,37.0,33.9,-89.99,35.83,unknown,unknown,terrestrial indet.,Eutypomys inexpectatus
M2,3.21,3.55,37.0,33.9,-89.99,35.83,unknown,unknown,terrestrial indet.,Eutypomys inexpectatus
P4,1.29,1.16,39.7,37.0,-86.94,56.36,Cypress Hills,unknown,terrestrial indet.,Microeutypomys tilliei
M1,1.29,1.39,39.7,37.0,-86.94,56.36,Cypress Hills,unknown,terrestrial indet.,Microeutypomys tilliei
M2,1.29,1.39,39.7,37.0,-86.94,56.36,Cypress Hills,unknown,terrestrial indet.,Microeutypomys tilliei
p4,1.51,1.25,39.7,37.0,-86.94,56.36,Cypress Hills,unknown,terrestrial indet.,Microeutypomys tilliei
m2,1.35,1.2,39.7,37.0,-86.94,56.36,Cypress Hills,unknown,terrestrial indet.,Microeutypomys tilliei
P4,3.2,2.954,18.5,16.3,-95.06,46.14,Runningwater,unknown,terrestrial indet.,Fanimus ultimus
M1,1.815,2.575,18.5,16.3,-95.06,46.14,Runningwater,unknown,terrestrial indet.,Fanimus ultimus
M2,1.815,2.575,18.5,16.3,-95.06,46.14,Runningwater,unknown,terrestrial indet.,Fanimus ultimus
p4,2.5,2.3,18.5,16.3,-95.06,46.14,Runningwater,unknown,terrestrial indet.,Fanimus ultimus
m2,1.9,2.68,18.5,16.3,-95.06,46.14,Runningwater,unknown,terrestrial indet.,Fanimus ultimus
P4,2.3,2.1,29.5,18.5,-92.34,47.0,unknown,unknown,terrestrial indet.,Florentiamys tiptoni
M1,2.6,2.0,29.5,18.5,-92.34,47.0,unknown,unknown,terrestrial indet.,Florentiamys tiptoni
M2,2.4,1.9,29.5,18.5,-92.34,47.0,unknown,unknown,terrestrial indet.,Florentiamys tiptoni
p4,1.8,1.9,29.5,18.5,-92.34,47.0,unknown,unknown,terrestrial indet.,Florentiamys tiptoni
m2,2.4,2.0,29.5,18.5,-92.34,47.0,unknown,unknown,terrestrial indet.,Florentiamys tiptoni
P4,2.5,2.4,29.5,18.5,-92.48,48.02,unknown,unknown,terrestrial indet.,Florentiamys kingi
M1,2.5,2.0,29.5,18.5,-92.48,48.02,unknown,unknown,terrestrial indet.,Florentiamys kingi
M2,2.5,1.9,29.5,18.5,-92.48,48.02,unknown,unknown,terrestrial indet.,Florentiamys kingi
p4,2.0,2.4,29.5,18.5,-92.48,48.02,unknown,unknown,terrestrial indet.,Florentiamys kingi
m2,2.4,2.1,29.5,18.5,-92.48,48.02,unknown,unknown,terrestrial indet.,Florentiamys kingi
P4,2.6,2.4,29.5,18.5,-92.48,48.02,Gering,unknown,terrestrial indet.,Florentiamys kingi
M1,2.5,1.9,29.5,18.5,-92.48,48.02,Gering,unknown,terrestrial indet.,Florentiamys kingi
M2,2.4,2.0,29.5,18.5,-92.48,48.02,Gering,unknown,terrestrial indet.,Florentiamys kingi
P4,2.68,2.67,29.5,18.5,-92.34,47.0,unknown,unknown,terrestrial indet.,Florentiamys loomisi
M1,2.4,2.64,29.5,18.5,-92.34,47.0,unknown,unknown,terrestrial indet.,Florentiamys loomisi
M2,2.13,2.54,29.5,18.5,-92.34,47.0,unknown,unknown,terrestrial indet.,Florentiamys loomisi
p4,2.13,1.93,29.5,18.5,-92.34,47.0,unknown,unknown,terrestrial indet.,Florentiamys loomisi
m2,2.24,2.57,29.5,18.5,-92.34,47.0,unknown,unknown,terrestrial indet.,Florentiamys loomisi
P4,2.5,2.3,24.7,23.1,-90.25,48.13,Monroe Creek,unknown,terrestrial indet.,Florentiamys tiptoni
M1,2.5,2.1,24.7,23.1,-90.25,48.13,Monroe Creek,unknown,terrestrial indet.,Florentiamys tiptoni
M2,2.3,1.8,24.7,23.1,-90.25,48.13,Monroe Creek,unknown,terrestrial indet.,Florentiamys tiptoni
P4,2.31,2.44,24.7,23.1,-95.79,54.96,Cypress Hills,unknown,terrestrial indet.,Florentiamys tiptoni
M1,1.72,2.3,24.7,23.1,-95.79,54.96,Cypress Hills,unknown,terrestrial indet.,Florentiamys tiptoni
M2,1.72,2.3,24.7,23.1,-95.79,54.96,Cypress Hills,unknown,terrestrial indet.,Florentiamys tiptoni
p4,1.79,1.69,24.7,23.1,-95.79,54.96,Cypress Hills,unknown,terrestrial indet.,Florentiamys tiptoni
m2,1.71,2.04,24.7,23.1,-95.79,54.96,Cypress Hills,unknown,terrestrial indet.,Florentiamys tiptoni
M1,6.0,7.3,51.1,45.9,-92.12,47.29,Sheep Pass,limestone,lacustrine - small,Fouchia elyensis
M2,7.2,8.3,51.1,45.9,-92.12,47.29,Sheep Pass,limestone,lacustrine - small,Fouchia elyensis
M3,6.2,7.6,51.1,45.9,-92.12,47.29,Sheep Pass,limestone,lacustrine - small,Fouchia elyensis
m2,6.0,4.3,51.1,45.9,-92.12,47.29,Sheep Pass,limestone,lacustrine - small,Fouchia elyensis
m3,7.25,4.8,51.1,45.9,-92.12,47.29,Sheep Pass,limestone,lacustrine - small,Fouchia elyensis
M1,2.08,1.42,9.4,4.7,-107.91,34.61,Quiburis,unknown,terrestrial indet.,Galushamys redingtonensis
M2,1.62,1.27,9.4,4.7,-107.91,34.61,Quiburis,unknown,terrestrial indet.,Galushamys redingtonensis
M3,1.17,1.0,9.4,4.7,-107.91,34.61,Quiburis,unknown,terrestrial indet.,Galushamys redingtonensis
P4,1.41,2.03,4.7,1.4,-110.85,35.58,Verde,mudstone,terrestrial indet.,Nerterogeomys minor
M1,1.05,2.13,4.7,1.4,-110.85,35.58,Verde,mudstone,terrestrial indet.,Nerterogeomys minor
M2,0.92,1.84,4.7,1.4,-110.85,35.58,Verde,mudstone,terrestrial indet.,Nerterogeomys minor
P4,1.98,1.65,2.58,1.8,-81.93,29.34,unknown,unknown,terrestrial indet.,Orthogeomys propinetis
M1,0.99,1.97,2.58,1.8,-81.93,29.34,unknown,unknown,terrestrial indet.,Orthogeomys propinetis
M2,1.11,1.81,2.58,1.8,-81.93,29.34,unknown,unknown,terrestrial indet.,Orthogeomys propinetis
M1,2.0,1.5,24.7,23.1,-95.79,54.96,Cypress Hills,unknown,terrestrial indet.,Geringia gloveri
M2,1.52,1.5,24.7,23.1,-95.79,54.96,Cypress Hills,unknown,terrestrial indet.,Geringia gloveri
M3,1.25,1.36,24.7,23.1,-95.79,54.96,Cypress Hills,unknown,terrestrial indet.,Geringia gloveri
m2,1.41,1.24,24.7,23.1,-95.79,54.96,Cypress Hills,unknown,terrestrial indet.,Geringia gloveri
m3,1.36,1.25,24.7,23.1,-95.79,54.96,Cypress Hills,unknown,terrestrial indet.,Geringia gloveri
M1,39.4333,35.1667,4.7,1.4,-100.2,34.49,Blanco,unknown,terrestrial indet.,Gigantocamelus spatulus
M2,52.4,35.8667,4.7,1.4,-100.2,34.49,Blanco,unknown,terrestrial indet.,Gigantocamelus spatulus
M3,58.2,35.3333,4.7,1.4,-100.2,34.49,Blanco,unknown,terrestrial indet.,Gigantocamelus spatulus
P4,2.05,2.2,23.1,18.5,-102.69,50.37,Blacktail Deer Creek,claystone,terrestrial indet.,Entoptychus montanensis
M1,1.3,2.3,23.1,18.5,-102.69,50.37,Blacktail Deer Creek,claystone,terrestrial indet.,Entoptychus montanensis
M2,1.45,2.25,23.1,18.5,-102.69,50.37,Blacktail Deer Creek,claystone,terrestrial indet.,Entoptychus montanensis
P4,2.9,2.15,23.1,18.5,-94.48,33.9,Delaho,unknown,terrestrial indet.,Gregorymys riograndensis
M1,1.26,2.02,23.1,18.5,-94.48,33.9,Delaho,unknown,terrestrial indet.,Gregorymys riograndensis
M2,1.14,1.72,23.1,18.5,-94.48,33.9,Delaho,unknown,terrestrial indet.,Gregorymys riograndensis
p4,2.4,1.77,23.1,18.5,-94.48,33.9,Delaho,unknown,terrestrial indet.,Gregorymys riograndensis
m2,1.26,1.92,23.1,18.5,-94.48,33.9,Delaho,unknown,terrestrial indet.,Gregorymys riograndensis
P3,1.45,2.75,18.5,16.3,-93.54,47.05,Rosebud,conglomerate,coarse channel fill,Gripholagomys lavocati
P4,1.65,2.65,18.5,16.3,-93.54,47.05,Rosebud,conglomerate,coarse channel fill,Gripholagomys lavocati
M1,1.45,2.5,18.5,16.3,-93.54,47.05,Rosebud,conglomerate,coarse channel fill,Gripholagomys lavocati
M1,2.5,1.33,4.7,1.4,-96.97,43.06,Long Pine,siltstone,floodplain,Guildayomys hibbardi
M2,1.93,1.19,4.7,1.4,-96.97,43.06,Long Pine,siltstone,floodplain,Guildayomys hibbardi
M3,1.74,1.02,4.7,1.4,-96.97,43.06,Long Pine,siltstone,floodplain,Guildayomys hibbardi
P4,2.53,3.05,72.2,66.0,-65.32,60.38,Frenchman,siltstone,floodplain,Gypsonictops illuminatus
M1,2.42,3.6,72.2,66.0,-65.32,60.38,Frenchman,siltstone,floodplain,Gypsonictops illuminatus
M2,2.16,2.86,72.2,66.0,-65.32,60.38,Frenchman,siltstone,floodplain,Gypsonictops illuminatus
p4,2.55,1.42,72.2,66.0,-65.32,60.38,Frenchman,siltstone,floodplain,Gypsonictops illuminatus
m2,2.44,1.98,72.2,66.0,-65.32,60.38,Frenchman,siltstone,floodplain,Gypsonictops illuminatus
P4,19.7,26.3,60.9,57.5,-81.5,49.76,Flagstaff,unknown,terrestrial indet.,Haplolambda simpsoni
M1,20.6,28.9,60.9,57.5,-81.5,49.76,Flagstaff,unknown,terrestrial indet.,Haplolambda simpsoni
M2,21.9,30.4,60.9,57.5,-81.5,49.76,Flagstaff,unknown,terrestrial indet.,Haplolambda simpsoni
P4,2.75,2.9433,56.0,51.1,-78.54,51.42,Wasatch,unknown,terrestrial indet.,Haplomylus speirianus
M1,2.686,3.472,56.0,51.1,-78.54,51.42,Wasatch,unknown,terrestrial indet.,Haplomylus speirianus
M2,2.696,4.022,56.0,51.1,-78.54,51.42,Wasatch,unknown,terrestrial indet.,Haplomylus speirianus
p4,3.0738,1.6976,56.0,51.1,-78.54,51.42,Wasatch,unknown,terrestrial indet.,Haplomylus speirianus
m2,2.8567,2.3483,56.0,51.1,-78.54,51.42,Wasatch,unknown,terrestrial indet.,Haplomylus speirianus
P4,1.8,2.02,18.5,16.3,-100.39,47.45,Arikaree,unknown,eolian indet.,Harrymys irvini
M1,1.71,2.11,18.5,16.3,-100.39,47.45,Arikaree,unknown,eolian indet.,Harrymys irvini
M2,1.76,2.24,18.5,16.3,-100.39,47.45,Arikaree,unknown,eolian indet.,Harrymys irvini
p4,1.72,1.82,18.5,16.3,-100.39,47.45,Arikaree,unknown,eolian indet.,Harrymys irvini
m2,1.81,2.23,18.5,16.3,-100.39,47.45,Arikaree,unknown,eolian indet.,Harrymys irvini
P4,0.63,0.82,33.9,31.8,-87.83,47.98,Brule,unknown,terrestrial indet.,Megaheliscomys mcgrewi
M1,1.18,1.36,33.9,31.8,-87.83,47.98,Brule,unknown,terrestrial indet.,Megaheliscomys mcgrewi
M2,1.0,1.25,33.9,31.8,-87.83,47.98,Brule,unknown,terrestrial indet.,Megaheliscomys mcgrewi
P4,0.78,0.78,37.0,33.9,-95.21,52.63,Renova,claystone,terrestrial indet.,Heliscomys ostranderi
M1,0.83,0.91,37.0,33.9,-95.21,52.63,Renova,claystone,terrestrial indet.,Heliscomys ostranderi
M2,0.73,0.82,37.0,33.9,-95.21,52.63,Renova,claystone,terrestrial indet.,Heliscomys ostranderi
P4,0.9,1.2,29.5,18.5,-92.34,47.0,unknown,unknown,terrestrial indet.,Proharrymys schlaikjeri
M1,1.1,1.4,29.5,18.5,-92.34,47.0,unknown,unknown,terrestrial indet.,Proharrymys schlaikjeri
M2,1.1,1.4,29.5,18.5,-92.34,47.0,unknown,unknown,terrestrial indet.,Proharrymys schlaikjeri
P4,0.705,0.8175,33.9,31.8,-87.47,46.32,Brule,unknown,terrestrial indet.,Heliscomys vetus
M1,0.8625,1.05,33.9,31.8,-87.47,46.32,Brule,unknown,terrestrial indet.,Heliscomys vetus
M2,0.72,0.865,33.9,31.8,-87.47,46.32,Brule,unknown,terrestrial indet.,Heliscomys vetus
p4,0.5123,0.57,33.9,31.8,-87.47,46.32,Brule,unknown,terrestrial indet.,Heliscomys vetus
m2,0.7967,0.8467,33.9,31.8,-87.47,46.32,Brule,unknown,terrestrial indet.,Heliscomys vetus
P4,0.739,0.807,33.9,31.8,-91.61,49.36,unknown,siltstone,lacustrine - small,Heliscomys vetus
M1,0.859,1.046,33.9,31.8,-91.61,49.36,unknown,siltstone,lacustrine - small,Heliscomys vetus
M2,0.806,0.994,33.9,31.8,-91.61,49.36,unknown,siltstone,lacustrine - small,Heliscomys vetus
p4,0.623,0.634,33.9,31.8,-91.61,49.36,unknown,siltstone,lacustrine - small,Heliscomys vetus
m2,0.923,1.004,33.9,31.8,-91.61,49.36,unknown,siltstone,lacustrine - small,Heliscomys vetus
M1,9.75,11.0,51.1,45.9,-85.53,49.05,Bridger,unknown,terrestrial indet.,Helohyus milleri
M2,10.0,13.5,51.1,45.9,-85.53,49.05,Bridger,unknown,terrestrial indet.,Helohyus milleri
M3,10.0,14.5,51.1,45.9,-85.53,49.05,Bridger,unknown,terrestrial indet.,Helohyus milleri
M1,5.1,5.8,39.7,37.0,-88.4,49.59,Wagon Bed (Tepee Trail),unknown,terrestrial indet.,Hendryomeryx wilsoni
M2,5.3,5.8,39.7,37.0,-88.4,49.59,Wagon Bed (Tepee Trail),unknown,terrestrial indet.,Hendryomeryx wilsoni
M3,5.35,6.8,39.7,37.0,-88.4,49.59,Wagon Bed (Tepee Trail),unknown,terrestrial indet.,Hendryomeryx wilsoni
m2,5.2,3.775,39.7,37.0,-88.4,49.59,Wagon Bed (Tepee Trail),unknown,terrestrial indet.,Hendryomeryx wilsoni
M1,1.66,2.02,39.7,37.0,-86.94,56.36,Cypress Hills,unknown,terrestrial indet.,Herpetotherium knighti
M2,1.78,2.23,39.7,37.0,-86.94,56.36,Cypress Hills,unknown,terrestrial indet.,Herpetotherium knighti
M3,1.89,2.34,39.7,37.0,-86.94,56.36,Cypress Hills,unknown,terrestrial indet.,Herpetotherium knighti
M1,2.18,2.45,39.7,37.0,-86.94,56.36,Cypress Hills,unknown,terrestrial indet.,Herpetotherium marsupium
M2,2.24,2.6,39.7,37.0,-86.94,56.36,Cypress Hills,unknown,terrestrial indet.,Herpetotherium marsupium
M3,2.23,2.81,39.7,37.0,-86.94,56.36,Cypress Hills,unknown,terrestrial indet.,Herpetotherium marsupium
M1,2.04,2.3,37.0,33.9,-91.37,55.94,Cypress Hills,unknown,terrestrial indet.,Herpetotherium valens
M2,1.98,2.47,37.0,33.9,-91.37,55.94,Cypress Hills,unknown,terrestrial indet.,Herpetotherium valens
M3,2.05,2.54,37.0,33.9,-91.37,55.94,Cypress Hills,unknown,terrestrial indet.,Herpetotherium valens
m2,2.19,1.33,37.0,33.9,-91.37,55.94,Cypress Hills,unknown,terrestrial indet.,Herpetotherium valens
m3,2.25,1.32,37.0,33.9,-91.37,55.94,Cypress Hills,unknown,terrestrial indet.,Herpetotherium valens
M1,1.55,1.79,23.1,18.5,-90.01,47.22,Harrison,unknown,terrestrial indet.,Herpetotherium youngi
M2,1.705,1.93,23.1,18.5,-90.01,47.22,Harrison,unknown,terrestrial indet.,Herpetotherium youngi
M3,1.62,2.1033,23.1,18.5,-90.01,47.22,Harrison,unknown,terrestrial indet.,Herpetotherium youngi
m2,1.788,1.104,23.1,18.5,-90.01,47.22,Harrison,unknown,terrestrial indet.,Herpetotherium youngi
m3,1.97,1.125,23.1,18.5,-90.01,47.22,Harrison,unknown,terrestrial indet.,Herpetotherium youngi
M1,1.78,1.87,24.7,23.1,-95.79,54.96,Cypress Hills,unknown,terrestrial indet.,Herpetotherium youngi
M2,1.9,2.22,24.7,23.1,-95.79,54.96,Cypress Hills,unknown,terrestrial indet.,Herpetotherium youngi
M3,2.02,2.35,24.7,23.1,-95.79,54.96,Cypress Hills,unknown,terrestrial indet.,Herpetotherium youngi
m2,2.01,1.27,24.7,23.1,-95.79,54.96,Cypress Hills,unknown,terrestrial indet.,Herpetotherium youngi
m3,2.02,1.19,24.7,23.1,-95.79,54.96,Cypress Hills,unknown,terrestrial indet.,Herpetotherium youngi
P4,9.0,6.1,16.3,12.5,-109.76,46.69,Butte Creek,volcaniclastic,terrestrial indet.,Hesperogaulus gazini
M2,3.55,4.25,16.3,12.5,-109.76,46.69,Butte Creek,volcaniclastic,terrestrial indet.,Hesperogaulus gazini
M3,2.9,3.45,16.3,12.5,-109.76,46.69,Butte Creek,volcaniclastic,terrestrial indet.,Hesperogaulus gazini
p4,9.85,4.6,16.3,12.5,-109.76,46.69,Butte Creek,volcaniclastic,terrestrial indet.,Hesperogaulus gazini
m2,3.75,3.45,16.3,12.5,-109.76,46.69,Butte Creek,volcaniclastic,terrestrial indet.,Hesperogaulus gazini
m3,3.45,2.35,16.3,12.5,-109.76,46.69,Butte Creek,volcaniclastic,terrestrial indet.,Hesperogaulus gazini
M1,8.1,11.0,39.7,37.0,-88.5,36.09,unknown,unknown,terrestrial indet.,Heteromeryx dispar
M2,9.6,12.7,39.7,37.0,-88.5,36.09,unknown,unknown,terrestrial indet.,Heteromeryx dispar
M3,10.35,13.1,39.7,37.0,-88.5,36.09,unknown,unknown,terrestrial indet.,Heteromeryx dispar
m3,15.0,7.9,39.7,37.0,-88.5,36.09,unknown,unknown,terrestrial indet.,Heteromeryx dispar
P3,26.8,27.0,23.04,5.333,-112.78,36.75,Caliente,unknown,terrestrial indet.,Heteropliohippus hulberti
P4,26.9,26.1,23.04,5.333,-112.78,36.75,Caliente,unknown,terrestrial indet.,Heteropliohippus hulberti
M1,26.5,23.5,23.04,5.333,-112.78,36.75,Caliente,unknown,terrestrial indet.,Heteropliohippus hulberti
p3,24.6,16.2,23.04,5.333,-112.78,36.75,Caliente,unknown,terrestrial indet.,Heteropliohippus hulberti
p4,24.9,16.1,23.04,5.333,-112.78,36.75,Caliente,unknown,terrestrial indet.,Heteropliohippus hulberti
P4,1.85,1.89,18.5,16.3,-93.54,47.05,Rosebud,conglomerate,coarse channel fill,Hibbarderix obfuscatus
M1,1.96,2.42,18.5,16.3,-93.54,47.05,Rosebud,conglomerate,coarse channel fill,Hibbarderix obfuscatus
M2,1.61,2.04,18.5,16.3,-93.54,47.05,Rosebud,conglomerate,coarse channel fill,Hibbarderix obfuscatus
M1,2.4,1.48,4.7,1.4,-96.97,43.06,Long Pine,siltstone,floodplain,Hibbardomys voorhiesi
M2,2.0,1.34,4.7,1.4,-96.97,43.06,Long Pine,siltstone,floodplain,Hibbardomys voorhiesi
M3,1.89,1.07,4.7,1.4,-96.97,43.06,Long Pine,siltstone,floodplain,Hibbardomys voorhiesi
P3,22.75,17.05,11.63,7.246,-111.61,38.23,Chanac,unknown,terrestrial indet.,Hipparion forcei
P4,24.55,17.6,11.63,7.246,-111.61,38.23,Chanac,unknown,terrestrial indet.,Hipparion forcei
M1,21.95,15.85,11.63,7.246,-111.61,38.23,Chanac,unknown,terrestrial indet.,Hipparion forcei
p3,22.5333,12.5,11.63,7.246,-111.61,38.23,Chanac,unknown,terrestrial indet.,Hipparion forcei
P4,1.547,1.695,23.1,18.5,-90.01,47.22,Harrison,unknown,terrestrial indet.,Hitonkala macdonaldtau
M1,1.2575,1.67,23.1,18.5,-90.01,47.22,Harrison,unknown,terrestrial indet.,Hitonkala macdonaldtau
M2,1.21,1.615,23.1,18.5,-90.01,47.22,Harrison,unknown,terrestrial indet.,Hitonkala macdonaldtau
p4,1.17,1.09,23.1,18.5,-90.01,47.22,Harrison,unknown,terrestrial indet.,Hitonkala macdonaldtau
m2,1.29,1.41,23.1,18.5,-90.01,47.22,Harrison,unknown,terrestrial indet.,Hitonkala macdonaldtau
P4,1.29,1.45,24.7,23.1,-95.79,54.96,Cypress Hills,unknown,terrestrial indet.,Hitonkala macdonaldtau
M1,1.28,1.46,24.7,23.1,-95.79,54.96,Cypress Hills,unknown,terrestrial indet.,Hitonkala macdonaldtau
M2,1.28,1.46,24.7,23.1,-95.79,54.96,Cypress Hills,unknown,terrestrial indet.,Hitonkala macdonaldtau
m2,1.27,1.41,24.7,23.1,-95.79,54.96,Cypress Hills,unknown,terrestrial indet.,Hitonkala macdonaldtau
P3,6.2,3.0,31.8,18.5,-106.6,37.84,Sespe,claystone,terrestrial indet.,Hoplophoneus cerebralis
P4,14.7,5.5,31.8,18.5,-106.6,37.84,Sespe,claystone,terrestrial indet.,Hoplophoneus cerebralis
M1,3.6,6.4,31.8,18.5,-106.6,37.84,Sespe,claystone,terrestrial indet.,Hoplophoneus cerebralis
P4,12.7,7.6,37.0,33.9,-89.99,35.83,Capote Mountain Tuff,unknown,terrestrial indet.,Hyaenodon crucians
M1,10.45,6.3,37.0,33.9,-89.99,35.83,Capote Mountain Tuff,unknown,terrestrial indet.,Hyaenodon crucians
M2,12.7,6.9,37.0,33.9,-89.99,35.83,Capote Mountain Tuff,unknown,terrestrial indet.,Hyaenodon crucians
P4,7.45,6.05,37.0,33.9,-89.99,35.83,Capote Mountain Tuff,unknown,terrestrial indet.,Hyaenodon raineyi
M1,7.1,4.75,37.0,33.9,-89.99,35.83,Capote Mountain Tuff,unknown,terrestrial indet.,Hyaenodon raineyi
M2,8.75,4.7,37.0,33.9,-89.99,35.83,Capote Mountain Tuff,unknown,terrestrial indet.,Hyaenodon raineyi
p4,7.75,3.6,37.0,33.9,-89.99,35.83,Capote Mountain Tuff,unknown,terrestrial indet.,Hyaenodon raineyi
m2,6.5,3.5,37.0,33.9,-89.99,35.83,Capote Mountain Tuff,unknown,terrestrial indet.,Hyaenodon raineyi
P4,7.5,5.9,37.0,33.9,-89.99,35.83,Capote Mountain Tuff,unknown,terrestrial indet.,Hyaenodon raineyi
M1,8.1,5.7,37.0,33.9,-89.99,35.83,Capote Mountain Tuff,unknown,terrestrial indet.,Hyaenodon raineyi
M2,8.1,5.6,37.0,33.9,-89.99,35.83,Capote Mountain Tuff,unknown,terrestrial indet.,Hyaenodon raineyi
p4,6.9,3.5,37.0,33.9,-89.99,35.83,Capote Mountain Tuff,unknown,terrestrial indet.,Hyaenodon raineyi
M1,3.62,4.48,51.1,45.9,-87.37,48.83,Bridger,unknown,terrestrial indet.,Hyopsodus lepidus
M2,3.65,5.23,51.1,45.9,-87.37,48.83,Bridger,unknown,terrestrial indet.,Hyopsodus lepidus
M3,2.89,4.34,51.1,45.9,-87.37,48.83,Bridger,unknown,terrestrial indet.,Hyopsodus lepidus
M1,3.68,4.75,51.1,45.9,-85.53,49.05,Bridger,unknown,terrestrial indet.,Hyopsodus paulus
M2,3.84,5.2,51.1,45.9,-85.53,49.05,Bridger,unknown,terrestrial indet.,Hyopsodus paulus
M3,3.12,4.43,51.1,45.9,-85.53,49.05,Bridger,unknown,terrestrial indet.,Hyopsodus paulus
M1,3.6,4.76,51.1,45.9,-87.37,48.83,Bridger,unknown,terrestrial indet.,Hyopsodus paulus
M2,3.91,5.42,51.1,45.9,-87.37,48.83,Bridger,unknown,terrestrial indet.,Hyopsodus paulus
M3,3.24,4.52,51.1,45.9,-87.37,48.83,Bridger,unknown,terrestrial indet.,Hyopsodus paulus
M1,3.87,4.77,51.1,45.9,-85.53,49.05,Bridger,unknown,terrestrial indet.,Hyopsodus paulus
M2,3.93,5.6,51.1,45.9,-85.53,49.05,Bridger,unknown,terrestrial indet.,Hyopsodus paulus
M3,3.26,4.81,51.1,45.9,-85.53,49.05,Bridger,unknown,terrestrial indet.,Hyopsodus paulus
M1,3.79,4.9,51.1,45.9,-87.37,48.83,Bridger,unknown,terrestrial indet.,Hyopsodus paulus
M2,4.11,5.84,51.1,45.9,-87.37,48.83,Bridger,unknown,terrestrial indet.,Hyopsodus paulus
M3,3.4,4.96,51.1,45.9,-87.37,48.83,Bridger,unknown,terrestrial indet.,Hyopsodus paulus
M1,4.25,5.53,51.1,45.9,-87.37,48.83,Bridger,unknown,terrestrial indet.,Hyopsodus paulus
M2,4.58,6.68,51.1,45.9,-87.37,48.83,Bridger,unknown,terrestrial indet.,Hyopsodus paulus
M3,3.84,5.6,51.1,45.9,-87.37,48.83,Bridger,unknown,terrestrial indet.,Hyopsodus paulus
M1,4.07,5.31,51.1,45.9,-87.37,48.83,Bridger,unknown,terrestrial indet.,Hyopsodus paulus
M2,4.34,6.38,51.1,45.9,-87.37,48.83,Bridger,unknown,terrestrial indet.,Hyopsodus paulus
M3,3.71,5.51,51.1,45.9,-87.37,48.83,Bridger,unknown,terrestrial indet.,Hyopsodus paulus
M1,4.18,5.29,51.1,45.9,-87.37,48.83,Bridger,unknown,terrestrial indet.,Hyopsodus paulus
M2,4.37,6.25,51.1,45.9,-87.37,48.83,Bridger,unknown,terrestrial indet.,Hyopsodus paulus
M3,3.56,5.21,51.1,45.9,-87.37,48.83,Bridger,unknown,terrestrial indet.,Hyopsodus paulus
M1,4.05,5.2,45.9,39.7,-87.9,47.5,Washakie,unknown,terrestrial indet.,Hyopsodus paulus
M2,4.5,6.5,45.9,39.7,-87.9,47.5,Washakie,unknown,terrestrial indet.,Hyopsodus paulus
M3,3.55,5.05,45.9,39.7,-87.9,47.5,Washakie,unknown,terrestrial indet.,Hyopsodus paulus
M1,3.426,3.718,51.1,45.9,-92.12,47.29,Sheep Pass,limestone,lacustrine - small,Hyopsodus paulus
M2,3.58,4.905,51.1,45.9,-92.12,47.29,Sheep Pass,limestone,lacustrine - small,Hyopsodus paulus
M3,2.87,3.9967,51.1,45.9,-92.12,47.29,Sheep Pass,limestone,lacustrine - small,Hyopsodus paulus
m2,3.45,2.21,51.1,45.9,-92.12,47.29,Sheep Pass,limestone,lacustrine - small,Hyopsodus paulus
m3,4.1,3.7,51.1,45.9,-92.12,47.29,Sheep Pass,limestone,lacustrine - small,Hyopsodus paulus
M1,5.066,6.466,39.7,37.0,-93.02,53.01,Climbing Arrow,unknown,terrestrial indet.,Hyopsodus sholemi
M2,5.066,7.333,39.7,37.0,-93.02,53.01,Climbing Arrow,unknown,terrestrial indet.,Hyopsodus sholemi
M3,4.025,6.325,39.7,37.0,-93.02,53.01,Climbing Arrow,unknown,terrestrial indet.,Hyopsodus sholemi
m2,5.5,4.3,39.7,37.0,-93.02,53.01,Climbing Arrow,unknown,terrestrial indet.,Hyopsodus sholemi
P3,27.1,31.15,16.3,12.5,-111.93,42.13,unknown,unknown,terrestrial indet.,Hypohippus affinis
P4,28.0,33.15,16.3,12.5,-111.93,42.13,unknown,unknown,terrestrial indet.,Hypohippus affinis
M1,26.7,31.5,16.3,12.5,-111.93,42.13,unknown,unknown,terrestrial indet.,Hypohippus affinis
p3,23.7,18.35,16.3,12.5,-111.93,42.13,unknown,unknown,terrestrial indet.,Hypohippus affinis
p4,24.4,20.2,16.3,12.5,-111.93,42.13,unknown,unknown,terrestrial indet.,Hypohippus affinis
P4,17.1,18.3,29.5,18.5,-92.34,47.0,Harrison,unknown,terrestrial indet.,Kalobatippus avus
M1,17.0,17.8,29.5,18.5,-92.34,47.0,Harrison,unknown,terrestrial indet.,Kalobatippus avus
M2,17.0,19.0,29.5,18.5,-92.34,47.0,Harrison,unknown,terrestrial indet.,Kalobatippus avus
P3,1.52,3.52,4.7,0.21,-108.48,33.37,Gila Conglomerate,siltstone,fluvial indet.,Hypolagus arizonensis
P4,1.68,3.6,4.7,0.21,-108.48,33.37,Gila Conglomerate,siltstone,fluvial indet.,Hypolagus arizonensis
M1,1.6,3.4,4.7,0.21,-108.48,33.37,Gila Conglomerate,siltstone,fluvial indet.,Hypolagus arizonensis
P3,2.4,4.6,29.5,18.5,-92.34,47.0,unknown,unknown,terrestrial indet.,Megalagus primitivus
P4,2.4,5.2,29.5,18.5,-92.34,47.0,unknown,unknown,terrestrial indet.,Megalagus primitivus
M1,2.5,5.0,29.5,18.5,-92.34,47.0,unknown,unknown,terrestrial indet.,Megalagus primitivus
P3,2.39,4.81,9.4,4.7,-115.06,43.35,Thousand Creek,unknown,terrestrial indet.,Hypolagus vetus
P4,2.65,4.73,9.4,4.7,-115.06,43.35,Thousand Creek,unknown,terrestrial indet.,Hypolagus vetus
M1,2.48,4.29,9.4,4.7,-115.06,43.35,Thousand Creek,unknown,terrestrial indet.,Hypolagus vetus
p3,3.08,2.9,9.4,4.7,-115.06,43.35,Thousand Creek,unknown,terrestrial indet.,Hypolagus vetus
p4,2.99,3.2,9.4,4.7,-115.06,43.35,Thousand Creek,unknown,terrestrial indet.,Hypolagus vetus
M1,20.5,25.6,51.1,45.9,-86.38,50.22,Bridger,unknown,terrestrial indet.,Hyrachyus eximius
M2,22.0,27.8,51.1,45.9,-86.38,50.22,Bridger,unknown,terrestrial indet.,Hyrachyus eximius
M3,23.8,27.0,51.1,45.9,-86.38,50.22,Bridger,unknown,terrestrial indet.,Hyrachyus eximius
M1,17.2,19.25,51.1,45.9,-92.12,47.29,Sheep Pass,limestone,lacustrine - small,Hyrachyus modestus
M2,19.0,20.74,51.1,45.9,-92.12,47.29,Sheep Pass,limestone,lacustrine - small,Hyrachyus modestus
M3,16.44,19.58,51.1,45.9,-92.12,47.29,Sheep Pass,limestone,lacustrine - small,Hyrachyus modestus
m2,18.28,12.84,51.1,45.9,-92.12,47.29,Sheep Pass,limestone,lacustrine - small,Hyrachyus modestus
m3,19.2667,12.6667,51.1,45.9,-92.12,47.29,Sheep Pass,limestone,lacustrine - small,Hyrachyus modestus
M1,21.4,25.0,31.8,29.5,-87.22,48.58,Sharps,unknown,terrestrial indet.,Hyracodon nebraskensis
M2,23.85,25.4,31.8,29.5,-87.22,48.58,Sharps,unknown,terrestrial indet.,Hyracodon nebraskensis
M3,22.6,22.35,31.8,29.5,-87.22,48.58,Sharps,unknown,terrestrial indet.,Hyracodon nebraskensis
M1,14.8,17.1,39.7,37.0,-88.5,36.09,unknown,unknown,terrestrial indet.,Hyracodon primus
M2,17.0333,18.5667,39.7,37.0,-88.5,36.09,unknown,unknown,terrestrial indet.,Hyracodon primus
M3,15.3333,18.1333,39.7,37.0,-88.5,36.09,unknown,unknown,terrestrial indet.,Hyracodon primus
P4,8.46,9.405,12.5,9.4,-94.8,45.3,Ash Hollow,siliciclastic,channel,Hystricops venustus
M1,6.03,6.755,12.5,9.4,-94.8,45.3,Ash Hollow,siliciclastic,channel,Hystricops venustus
M2,6.03,6.755,12.5,9.4,-94.8,45.3,Ash Hollow,siliciclastic,channel,Hystricops venustus
p4,10.38,8.325,12.5,9.4,-94.8,45.3,Ash Hollow,siliciclastic,channel,Hystricops venustus
m2,7.0,7.42,12.5,9.4,-94.8,45.3,Ash Hollow,siliciclastic,channel,Hystricops venustus
P4,5.0,3.7,63.4,60.9,-73.65,56.02,Fort Union,unknown,terrestrial indet.,Ictidopappus mustelinus
M1,3.4,5.3,63.4,60.9,-73.65,56.02,Fort Union,unknown,terrestrial indet.,Ictidopappus mustelinus
M2,2.6,3.75,63.4,60.9,-73.65,56.02,Fort Union,unknown,terrestrial indet.,Ictidopappus mustelinus
p4,3.0,2.0,63.4,60.9,-73.65,56.02,Fort Union,unknown,terrestrial indet.,Ictidopappus mustelinus
M1,2.15,2.65,60.9,57.5,-66.51,56.07,Ravenscrag,sandstone,alluvial fan,Ignacius frugivorus
M2,1.96,2.85,60.9,57.5,-66.51,56.07,Ravenscrag,sandstone,alluvial fan,Ignacius frugivorus
M3,1.8,2.2,60.9,57.5,-66.51,56.07,Ravenscrag,sandstone,alluvial fan,Ignacius frugivorus
m2,2.08,1.68,60.9,57.5,-66.51,56.07,Ravenscrag,sandstone,alluvial fan,Ignacius frugivorus
m3,2.67,1.47,60.9,57.5,-66.51,56.07,Ravenscrag,sandstone,alluvial fan,Ignacius frugivorus
M1,2.4,3.35,56.0,51.1,-81.07,52.21,Willwood,unknown,terrestrial indet.,Ignacius graybullianus
M2,2.25,3.25,56.0,51.1,-81.07,52.21,Willwood,unknown,terrestrial indet.,Ignacius graybullianus
M3,2.55,2.5,56.0,51.1,-81.07,52.21,Willwood,unknown,terrestrial indet.,Ignacius graybullianus
M1,2.9,3.35,39.7,37.0,-88.5,36.09,Chambers Tuff,unknown,terrestrial indet.,Ischyromys blacki
M2,3.15,3.25,39.7,37.0,-88.5,36.09,Chambers Tuff,unknown,terrestrial indet.,Ischyromys blacki
M3,3.1,3.1,39.7,37.0,-88.5,36.09,Chambers Tuff,unknown,terrestrial indet.,Ischyromys blacki
M1,12.0,14.9,51.1,45.9,-88.55,48.71,Washakie,unknown,terrestrial indet.,Isectolophus latidens
M2,13.2,15.8,51.1,45.9,-88.55,48.71,Washakie,unknown,terrestrial indet.,Isectolophus latidens
M3,13.0,15.4,51.1,45.9,-88.55,48.71,Washakie,unknown,terrestrial indet.,Isectolophus latidens
P4,1.19,1.22,39.7,37.0,-86.94,56.36,Cypress Hills,unknown,terrestrial indet.,Janimus dawsonae
M1,1.22,1.3,39.7,37.0,-86.94,56.36,Cypress Hills,unknown,terrestrial indet.,Janimus dawsonae
M2,1.22,1.3,39.7,37.0,-86.94,56.36,Cypress Hills,unknown,terrestrial indet.,Janimus dawsonae
p4,1.31,1.13,39.7,37.0,-86.94,56.36,Cypress Hills,unknown,terrestrial indet.,Janimus dawsonae
m2,1.23,1.13,39.7,37.0,-86.94,56.36,Cypress Hills,unknown,terrestrial indet.,Janimus dawsonae
M1,1.17,0.94,1.4,0.21,-99.44,45.67,unknown,unknown,terrestrial indet.,Javazapus weeksi
M2,1.19,1.06,1.4,0.21,-99.44,45.67,unknown,unknown,terrestrial indet.,Javazapus weeksi
M3,1.07,1.05,1.4,0.21,-99.44,45.67,unknown,unknown,terrestrial indet.,Javazapus weeksi
m2,1.33,1.0,1.4,0.21,-99.44,45.67,unknown,unknown,terrestrial indet.,Javazapus weeksi
m3,0.92,0.82,1.4,0.21,-99.44,45.67,unknown,unknown,terrestrial indet.,Javazapus weeksi
P4,1.8,2.3,56.0,51.1,-82.33,43.51,San Jose,unknown,terrestrial indet.,Jemezius szalayi
M1,2.2,2.7,56.0,51.1,-82.33,43.51,San Jose,unknown,terrestrial indet.,Jemezius szalayi
M2,1.9,2.9,56.0,51.1,-82.33,43.51,San Jose,unknown,terrestrial indet.,Jemezius szalayi
p4,2.0,1.8,56.0,51.1,-82.33,43.51,San Jose,unknown,terrestrial indet.,Jemezius szalayi
m2,2.2,1.95,56.0,51.1,-82.33,43.51,San Jose,unknown,terrestrial indet.,Jemezius szalayi
P4,2.2,1.8,37.0,33.9,-94.83,53.3,unknown,unknown,terrestrial indet.,Micropternodus strophensis
M1,2.3,2.5,37.0,33.9,-94.83,53.3,unknown,unknown,terrestrial indet.,Micropternodus strophensis
M2,1.8,2.7,37.0,33.9,-94.83,53.3,unknown,unknown,terrestrial indet.,Micropternodus strophensis
P4,1.3,1.2,31.8,29.5,-88.25,47.07,Brule,unknown,terrestrial indet.,Kirkomys nebraskensis
M1,1.1,1.5,31.8,29.5,-88.25,47.07,Brule,unknown,terrestrial indet.,Kirkomys nebraskensis
M2,1.1,1.5,31.8,29.5,-88.25,47.07,Brule,unknown,terrestrial indet.,Kirkomys nebraskensis
P4,2.7,3.0,60.9,57.5,-76.32,61.74,Paskapoo,siltstone,terrestrial indet.,Lainoryctes youzwyshyni
M1,2.7,3.3,60.9,57.5,-76.32,61.74,Paskapoo,siltstone,terrestrial indet.,Lainoryctes youzwyshyni
M2,2.6,4.0,60.9,57.5,-76.32,61.74,Paskapoo,siltstone,terrestrial indet.,Lainoryctes youzwyshyni
P4,2.96,3.02,12.5,9.4,-113.77,36.46,MR Caliente,unknown,terrestrial indet.,Lanthanotherium sawini
M1,2.91,3.25,12.5,9.4,-113.77,36.46,MR Caliente,unknown,terrestrial indet.,Lanthanotherium sawini
M2,2.39,3.02,12.5,9.4,-113.77,36.46,MR Caliente,unknown,terrestrial indet.,Lanthanotherium sawini
p4,2.85,1.71,12.5,9.4,-113.77,36.46,MR Caliente,unknown,terrestrial indet.,Lanthanotherium sawini
m2,2.96,2.11,12.5,9.4,-113.77,36.46,MR Caliente,unknown,terrestrial indet.,Lanthanotherium sawini
M1,1.96,1.47,24.7,23.1,-95.79,54.96,Cypress Hills,unknown,terrestrial indet.,Leidymys korthi
M2,1.54,1.36,24.7,23.1,-95.79,54.96,Cypress Hills,unknown,terrestrial indet.,Leidymys korthi
M3,1.4,1.41,24.7,23.1,-95.79,54.96,Cypress Hills,unknown,terrestrial indet.,Leidymys korthi
m2,1.59,1.23,24.7,23.1,-95.79,54.96,Cypress Hills,unknown,terrestrial indet.,Leidymys korthi
m3,1.54,1.21,24.7,23.1,-95.79,54.96,Cypress Hills,unknown,terrestrial indet.,Leidymys korthi
P4,1.4,1.7,56.0,51.1,-82.05,44.29,San Jose,unknown,terrestrial indet.,Leptacodon catulus
M1,1.3,1.8,56.0,51.1,-82.05,44.29,San Jose,unknown,terrestrial indet.,Leptacodon catulus
M2,1.3,1.9,56.0,51.1,-82.05,44.29,San Jose,unknown,terrestrial indet.,Leptacodon catulus
p4,1.4,0.8,56.0,51.1,-82.05,44.29,San Jose,unknown,terrestrial indet.,Leptacodon catulus
m2,1.3,1.1,56.0,51.1,-82.05,44.29,San Jose,unknown,terrestrial indet.,Leptacodon catulus
P3,6.6,5.4,16.3,4.7,-96.81,42.36,Ogallala,unknown,terrestrial indet.,Leptarctus wortmani
P4,9.1,8.2,16.3,4.7,-96.81,42.36,Ogallala,unknown,terrestrial indet.,Leptarctus wortmani
M1,10.1,9.1,16.3,4.7,-96.81,42.36,Ogallala,unknown,terrestrial indet.,Leptarctus wortmani
P3,5.4,4.8,16.3,12.5,-91.98,43.15,Valentine,unknown,terrestrial indet.,Leptarctus martini
P4,8.8,9.5,16.3,12.5,-91.98,43.15,Valentine,unknown,terrestrial indet.,Leptarctus martini
M1,8.9,10.2,16.3,12.5,-91.98,43.15,Valentine,unknown,terrestrial indet.,Leptarctus martini
P3,4.0,3.8,16.3,12.5,-96.7,44.18,Pawnee Creek Beds,unknown,terrestrial indet.,Leptarctus primus
P4,7.7,7.7,16.3,12.5,-96.7,44.18,Pawnee Creek Beds,unknown,terrestrial indet.,Leptarctus primus
M1,7.3,7.6,16.3,12.5,-96.7,44.18,Pawnee Creek Beds,unknown,terrestrial indet.,Leptarctus primus
p3,4.2,3.6,16.3,12.5,-96.7,44.18,Pawnee Creek Beds,unknown,terrestrial indet.,Leptarctus primus
p4,6.0,4.1,16.3,12.5,-96.7,44.18,Pawnee Creek Beds,unknown,terrestrial indet.,Leptarctus primus
P4,3.35,3.92,37.0,33.9,-89.99,35.83,unknown,unknown,terrestrial indet.,Leptictis wilsoni
M1,3.05,4.13,37.0,33.9,-89.99,35.83,unknown,unknown,terrestrial indet.,Leptictis wilsoni
M2,2.91,4.1,37.0,33.9,-89.99,35.83,unknown,unknown,terrestrial indet.,Leptictis wilsoni
P3,8.2,6.9,33.9,31.8,-87.83,47.98,Brule,unknown,terrestrial indet.,Leptochoerus emilyae
P4,5.5,8.4,33.9,31.8,-87.83,47.98,Brule,unknown,terrestrial indet.,Leptochoerus emilyae
M1,4.8,7.5,33.9,31.8,-87.83,47.98,Brule,unknown,terrestrial indet.,Leptochoerus emilyae
P4,0.8,0.855,29.5,24.7,-89.39,47.96,unknown,conglomerate,coarse channel fill,Leptodontomys douglassi
M1,0.84,0.88,29.5,24.7,-89.39,47.96,unknown,conglomerate,coarse channel fill,Leptodontomys douglassi
M2,0.78,0.89,29.5,24.7,-89.39,47.96,unknown,conglomerate,coarse channel fill,Leptodontomys douglassi
p4,0.875,0.73,29.5,24.7,-89.39,47.96,unknown,conglomerate,coarse channel fill,Leptodontomys douglassi
m2,0.975,0.8975,29.5,24.7,-89.39,47.96,unknown,conglomerate,coarse channel fill,Leptodontomys douglassi
M1,6.0,7.0,23.1,18.5,-93.3,47.08,Harrison,unknown,terrestrial indet.,Leptomeryx obliquidens
M2,7.0,8.0,23.1,18.5,-93.3,47.08,Harrison,unknown,terrestrial indet.,Leptomeryx obliquidens
M3,6.0,7.0,23.1,18.5,-93.3,47.08,Harrison,unknown,terrestrial indet.,Leptomeryx obliquidens
M1,7.5,8.5,37.0,33.9,-87.35,47.77,Chadron,siltstone,terrestrial indet.,Leptomeryx yoderi
M2,7.9,9.7,37.0,33.9,-87.35,47.77,Chadron,siltstone,terrestrial indet.,Leptomeryx yoderi
M3,7.8,9.2,37.0,33.9,-87.35,47.77,Chadron,siltstone,terrestrial indet.,Leptomeryx yoderi
m2,8.05,5.8,37.0,33.9,-87.35,47.77,Chadron,siltstone,terrestrial indet.,Leptomeryx yoderi
m3,11.5,5.4,37.0,33.9,-87.35,47.77,Chadron,siltstone,terrestrial indet.,Leptomeryx yoderi
M1,6.4,7.9,45.9,39.7,-98.28,39.4,Sespe,unknown,terrestrial indet.,Leptoreodon (Hesperomeryx) edwardsi
M2,6.8,8.8,45.9,39.7,-98.28,39.4,Sespe,unknown,terrestrial indet.,Leptoreodon (Hesperomeryx) edwardsi
M3,7.3,9.3,45.9,39.7,-98.28,39.4,Sespe,unknown,terrestrial indet.,Leptoreodon (Hesperomeryx) edwardsi
m2,6.9,5.7,45.9,39.7,-98.28,39.4,Sespe,unknown,terrestrial indet.,Leptoreodon (Hesperomeryx) edwardsi
m3,10.4,5.8,45.9,39.7,-98.28,39.4,Sespe,unknown,terrestrial indet.,Leptoreodon (Hesperomeryx) edwardsi
M1,5.4,7.4,45.9,39.7,-82.01,33.29,Laredo,sandstone,estuary/bay,Leptoreodon leptolophus
M2,6.4,9.5,45.9,39.7,-82.01,33.29,Laredo,sandstone,estuary/bay,Leptoreodon leptolophus
M3,6.5,10.0,45.9,39.7,-82.01,33.29,Laredo,sandstone,estuary/bay,Leptoreodon leptolophus
M1,7.0,8.5,45.9,39.7,-90.0,47.38,Uinta,unknown,terrestrial indet.,Leptoreodon marshi
M2,8.0,10.0,45.9,39.7,-90.0,47.38,Uinta,unknown,terrestrial indet.,Leptoreodon marshi
M3,8.6,11.0,45.9,39.7,-90.0,47.38,Uinta,unknown,terrestrial indet.,Leptoreodon marshi
M1,7.1,8.0,45.9,39.7,-85.58,35.54,Devil's Graveyard,unknown,terrestrial indet.,Leptoreodon marshi
M2,7.5,8.9,45.9,39.7,-85.58,35.54,Devil's Graveyard,unknown,terrestrial indet.,Leptoreodon marshi
M3,8.8,10.2,45.9,39.7,-85.58,35.54,Devil's Graveyard,unknown,terrestrial indet.,Leptoreodon marshi
m2,7.35,5.875,45.9,39.7,-85.58,35.54,Devil's Graveyard,unknown,terrestrial indet.,Leptoreodon marshi
m3,11.2,6.125,45.9,39.7,-85.58,35.54,Devil's Graveyard,unknown,terrestrial indet.,Leptoreodon marshi
M1,6.5,8.1,45.9,39.7,-83.75,56.77,Cypress Hills,sandstone,fluvial indet.,Leptoreodon marshi
M2,8.1,10.4,45.9,39.7,-83.75,56.77,Cypress Hills,sandstone,fluvial indet.,Leptoreodon marshi
M3,8.5,11.7,45.9,39.7,-83.75,56.77,Cypress Hills,sandstone,fluvial indet.,Leptoreodon marshi
P4,3.59,4.81,56.0,51.1,-79.51,45.15,Huerfano,unknown,terrestrial indet.,Notoparamys costilloi
M1,3.82,5.11,56.0,51.1,-79.51,45.15,Huerfano,unknown,terrestrial indet.,Notoparamys costilloi
M2,4.12,4.88,56.0,51.1,-79.51,45.15,Huerfano,unknown,terrestrial indet.,Notoparamys costilloi
P4,4.0,4.0,16.3,12.5,-112.26,45.14,Virgin Valley,unknown,terrestrial indet.,Liodontia alexandrae
M1,2.5,3.0,16.3,12.5,-112.26,45.14,Virgin Valley,unknown,terrestrial indet.,Liodontia alexandrae
M2,2.5,3.0,16.3,12.5,-112.26,45.14,Virgin Valley,unknown,terrestrial indet.,Liodontia alexandrae
p4,3.2,2.2,16.3,12.5,-112.26,45.14,Virgin Valley,unknown,terrestrial indet.,Liodontia alexandrae
m2,2.6,2.0,16.3,12.5,-112.26,45.14,Virgin Valley,unknown,terrestrial indet.,Liodontia alexandrae
P4,3.4,3.2,16.3,12.5,-109.76,46.69,Butte Creek,volcaniclastic,terrestrial indet.,Liodontia alexandrae
M1,2.3,2.95,16.3,12.5,-109.76,46.69,Butte Creek,volcaniclastic,terrestrial indet.,Liodontia alexandrae
M2,2.55,2.75,16.3,12.5,-109.76,46.69,Butte Creek,volcaniclastic,terrestrial indet.,Liodontia alexandrae
p4,3.3,2.4,16.3,12.5,-109.76,46.69,Butte Creek,volcaniclastic,terrestrial indet.,Liodontia alexandrae
m2,2.6667,2.2,16.3,12.5,-109.76,46.69,Butte Creek,volcaniclastic,terrestrial indet.,Liodontia alexandrae
M1,4.07,5.67,60.9,57.5,-78.13,60.96,Paskapoo,siltstone,fluvial-lacustrine indet.,Litomylus grandaletes
M2,4.33,6.17,60.9,57.5,-78.13,60.96,Paskapoo,siltstone,fluvial-lacustrine indet.,Litomylus grandaletes
M3,3.45,4.9,60.9,57.5,-78.13,60.96,Paskapoo,siltstone,fluvial-lacustrine indet.,Litomylus grandaletes
m2,4.38,3.66,60.9,57.5,-78.13,60.96,Paskapoo,siltstone,fluvial-lacustrine indet.,Litomylus grandaletes
m3,4.4,3.0,60.9,57.5,-78.13,60.96,Paskapoo,siltstone,fluvial-lacustrine indet.,Litomylus grandaletes
M1,8.7,9.1,16.3,12.5,-89.1,33.53,Fleming,unknown,terrestrial indet.,Longirostromeryx wellsi
M2,10.0,10.2,16.3,12.5,-89.1,33.53,Fleming,unknown,terrestrial indet.,Longirostromeryx wellsi
M3,9.2,9.9,16.3,12.5,-89.1,33.53,Fleming,unknown,terrestrial indet.,Longirostromeryx wellsi
m2,9.6,6.2,16.3,12.5,-89.1,33.53,Fleming,unknown,terrestrial indet.,Longirostromeryx wellsi
m3,14.0,6.1,16.3,12.5,-89.1,33.53,Fleming,unknown,terrestrial indet.,Longirostromeryx wellsi
M1,6.8,4.8,66.0,63.4,-72.34,55.09,Fort Union,unknown,terrestrial indet.,Baioconodon nordicus
M2,8.3,5.1,66.0,63.4,-72.34,55.09,Fort Union,unknown,terrestrial indet.,Baioconodon nordicus
M3,7.0,4.4,66.0,63.4,-72.34,55.09,Fort Union,unknown,terrestrial indet.,Baioconodon nordicus
P3,7.2,4.5,9.4,4.7,-115.06,43.35,Thousand Creek,unknown,terrestrial indet.,Lutravus halli
P4,11.4,7.9,9.4,4.7,-115.06,43.35,Thousand Creek,unknown,terrestrial indet.,Lutravus halli
M1,6.4,10.6,9.4,4.7,-115.06,43.35,Thousand Creek,unknown,terrestrial indet.,Lutravus halli
P3,6.8,3.8,16.3,12.5,-96.7,44.18,Pawnee Creek Beds,unknown,terrestrial indet.,Pseudaelurus stouti
P4,10.0,5.4,16.3,12.5,-96.7,44.18,Pawnee Creek Beds,unknown,terrestrial indet.,Pseudaelurus stouti
M1,1.5,3.6,16.3,12.5,-96.7,44.18,Pawnee Creek Beds,unknown,terrestrial indet.,Pseudaelurus stouti
P4,9.3,7.6,56.0,51.1,-79.47,50.76,Wind River,unknown,terrestrial indet.,Machaeroides simpsoni
M1,9.4,11.2,56.0,51.1,-79.47,50.76,Wind River,unknown,terrestrial indet.,Machaeroides simpsoni
M2,3.7,10.5,56.0,51.1,-79.47,50.76,Wind River,unknown,terrestrial indet.,Machaeroides simpsoni
p4,8.0,3.5,56.0,51.1,-79.47,50.76,Wind River,unknown,terrestrial indet.,Machaeroides simpsoni
P4,1.45,1.95,56.0,51.1,-81.07,52.21,Willwood,unknown,terrestrial indet.,Macrocranion junnei
M1,1.7,2.15,56.0,51.1,-81.07,52.21,Willwood,unknown,terrestrial indet.,Macrocranion junnei
M2,1.5,2.25,56.0,51.1,-81.07,52.21,Willwood,unknown,terrestrial indet.,Macrocranion junnei
M1,3.62,4.4,39.7,37.0,-87.58,35.26,Devil's Graveyard,unknown,terrestrial indet.,Mahgarita stevensi
M2,3.62,4.89,39.7,37.0,-87.58,35.26,Devil's Graveyard,unknown,terrestrial indet.,Mahgarita stevensi
M3,3.03,4.41,39.7,37.0,-87.58,35.26,Devil's Graveyard,unknown,terrestrial indet.,Mahgarita stevensi
m3,4.21,2.4,39.7,37.0,-87.58,35.26,Devil's Graveyard,unknown,terrestrial indet.,Mahgarita stevensi
M1,90.0,65.7,9.4,4.7,-116.57,41.27,unknown,unknown,terrestrial indet.,Mammut matthewi
M2,115.0,77.5,9.4,4.7,-116.57,41.27,unknown,unknown,terrestrial indet.,Mammut matthewi
M3,179.0,80.0,9.4,4.7,-116.57,41.27,unknown,unknown,terrestrial indet.,Mammut matthewi
P4,7.6,10.345,33.9,31.8,-86.23,50.95,unknown,unknown,terrestrial indet.,Manitsha tanka
M1,8.475,10.975,33.9,31.8,-86.23,50.95,unknown,unknown,terrestrial indet.,Manitsha tanka
M2,8.5,10.52,33.9,31.8,-86.23,50.95,unknown,unknown,terrestrial indet.,Manitsha tanka
M1,4.5,5.33,9.4,4.7,-116.88,41.07,unknown,unknown,terrestrial indet.,Marmota korthi
M2,4.865,5.485,9.4,4.7,-116.88,41.07,unknown,unknown,terrestrial indet.,Marmota korthi
M3,5.63,5.55,9.4,4.7,-116.88,41.07,unknown,unknown,terrestrial indet.,Marmota korthi
P4,27.4,38.2,16.3,12.5,-111.81,38.82,Barstow,unknown,terrestrial indet.,Megahippus mckennai
M1,27.2,39.7,16.3,12.5,-111.81,38.82,Barstow,unknown,terrestrial indet.,Megahippus mckennai
M2,25.3,39.0,16.3,12.5,-111.81,38.82,Barstow,unknown,terrestrial indet.,Megahippus mckennai
P3,2.8,4.18,37.0,33.9,-91.37,55.94,Cypress Hills,unknown,terrestrial indet.,Megalagus brachyodon
P4,2.33,3.93,37.0,33.9,-91.37,55.94,Cypress Hills,unknown,terrestrial indet.,Megalagus brachyodon
M1,2.3975,4.615,37.0,33.9,-91.37,55.94,Cypress Hills,unknown,terrestrial indet.,Megalagus brachyodon
p4,2.74,2.93,37.0,33.9,-91.37,55.94,Cypress Hills,unknown,terrestrial indet.,Megalagus brachyodon
P3,2.0,3.4,29.5,18.5,-71.63,31.26,unknown,claystone,fissure fill,Megalagus abaconis
P4,2.1,3.4,29.5,18.5,-71.63,31.26,unknown,claystone,fissure fill,Megalagus abaconis
M1,1.91,3.31,29.5,18.5,-71.63,31.26,unknown,claystone,fissure fill,Megalagus abaconis
p3,2.23,2.12,29.5,18.5,-71.63,31.26,unknown,claystone,fissure fill,Megalagus abaconis
p4,2.6,2.62,29.5,18.5,-71.63,31.26,unknown,claystone,fissure fill,Megalagus abaconis
P3,3.0,3.4,29.5,18.5,-98.93,52.07,unknown,unknown,terrestrial indet.,Megalagus dawsoni
P4,2.8,3.5,29.5,18.5,-98.93,52.07,unknown,unknown,terrestrial indet.,Megalagus dawsoni
M1,2.5,3.3,29.5,18.5,-98.93,52.07,unknown,unknown,terrestrial indet.,Megalagus dawsoni
M1,16.25,21.25,9.4,4.7,-116.87,39.07,Mehrten,unknown,terrestrial indet.,Megalonyx mathisi
M2,17.25,24.25,9.4,4.7,-116.87,39.07,Mehrten,unknown,terrestrial indet.,Megalonyx mathisi
M3,17.25,23.5,9.4,4.7,-116.87,39.07,Mehrten,unknown,terrestrial indet.,Megalonyx mathisi
M1,14.0,16.5,4.7,1.4,-117.69,46.97,Ringold,unknown,terrestrial indet.,Megalonyx leptostomus
M2,13.9,20.5,4.7,1.4,-117.69,46.97,Ringold,unknown,terrestrial indet.,Megalonyx leptostomus
M3,13.5,19.2,4.7,1.4,-117.69,46.97,Ringold,unknown,terrestrial indet.,Megalonyx leptostomus
M1,15.3,19.0,1.4,0.21,-74.83,40.33,unknown,unknown,cave,Megalonyx wheatleyi
M2,15.8,22.2,1.4,0.21,-74.83,40.33,unknown,unknown,cave,Megalonyx wheatleyi
M3,15.5,23.5,1.4,0.21,-74.83,40.33,unknown,unknown,cave,Megalonyx wheatleyi
m2,15.4,21.5,1.4,0.21,-74.83,40.33,unknown,unknown,cave,Megalonyx wheatleyi
m3,16.2,21.9,1.4,0.21,-74.83,40.33,unknown,unknown,cave,Megalonyx wheatleyi
M1,2.05,1.99,16.3,12.5,-91.4,46.21,Fort Randall,claystone,terrestrial indet.,Megasminthus tiheni
M2,1.655,1.68,16.3,12.5,-91.4,46.21,Fort Randall,claystone,terrestrial indet.,Megasminthus tiheni
M3,1.41,1.81,16.3,12.5,-91.4,46.21,Fort Randall,claystone,terrestrial indet.,Megasminthus tiheni
M1,2.1,2.25,16.3,12.5,-92.94,46.29,unknown,unknown,terrestrial indet.,Megasminthus tiheni
M2,1.675,2.1,16.3,12.5,-92.94,46.29,unknown,unknown,terrestrial indet.,Megasminthus tiheni
M3,1.2,1.75,16.3,12.5,-92.94,46.29,unknown,unknown,terrestrial indet.,Megasminthus tiheni
M1,1.9,1.91,16.3,12.5,-91.27,45.59,Valentine,conglomerate,fluvial indet.,Megasminthus tiheni
M2,1.63,1.81,16.3,12.5,-91.27,45.59,Valentine,conglomerate,fluvial indet.,Megasminthus tiheni
M3,1.19,1.54,16.3,12.5,-91.27,45.59,Valentine,conglomerate,fluvial indet.,Megasminthus tiheni
m2,1.84,1.58,16.3,12.5,-91.27,45.59,Valentine,conglomerate,fluvial indet.,Megasminthus tiheni
m3,1.6,1.45,16.3,12.5,-91.27,45.59,Valentine,conglomerate,fluvial indet.,Megasminthus tiheni
P4,3.83,2.4,72.2,66.0,-62.43,54.22,Fox Hills,unknown,terrestrial indet.,Meniscoessus robustus
M1,7.4,4.2,72.2,66.0,-62.43,54.22,Fox Hills,unknown,terrestrial indet.,Meniscoessus robustus
M2,5.88,4.96,72.2,66.0,-62.43,54.22,Fox Hills,unknown,terrestrial indet.,Meniscoessus robustus
p4,6.8,2.6,72.2,66.0,-62.43,54.22,Fox Hills,unknown,terrestrial indet.,Meniscoessus robustus
m2,5.6,3.5,72.2,66.0,-62.43,54.22,Fox Hills,unknown,terrestrial indet.,Meniscoessus robustus
P4,4.1,2.6,72.2,66.0,-66.02,53.68,Lance,sandstone,terrestrial indet.,Meniscoessus robustus
M1,8.9,5.2,72.2,66.0,-66.02,53.68,Lance,sandstone,terrestrial indet.,Meniscoessus robustus
M2,7.4,6.5,72.2,66.0,-66.02,53.68,Lance,sandstone,terrestrial indet.,Meniscoessus robustus
p4,6.3,2.7,72.2,66.0,-66.02,53.68,Lance,sandstone,terrestrial indet.,Meniscoessus robustus
m2,7.4,4.7,72.2,66.0,-66.02,53.68,Lance,sandstone,terrestrial indet.,Meniscoessus robustus
P4,4.1,2.6,72.2,66.0,-65.92,53.69,Lance,shale,terrestrial indet.,Meniscoessus robustus
M1,9.2,5.3,72.2,66.0,-65.92,53.69,Lance,shale,terrestrial indet.,Meniscoessus robustus
M2,7.4,6.4,72.2,66.0,-65.92,53.69,Lance,shale,terrestrial indet.,Meniscoessus robustus
p4,6.2,2.9,72.2,66.0,-65.92,53.69,Lance,shale,terrestrial indet.,Meniscoessus robustus
m2,7.6,5.0,72.2,66.0,-65.92,53.69,Lance,shale,terrestrial indet.,Meniscoessus robustus
P4,4.23,3.68,29.5,18.5,-102.1,50.8,Peterson Creek Beds,unknown,terrestrial indet.,Niglarodon yeariani
M1,1.99,2.98,29.5,18.5,-102.1,50.8,Peterson Creek Beds,unknown,terrestrial indet.,Niglarodon yeariani
M2,2.04,2.98,29.5,18.5,-102.1,50.8,Peterson Creek Beds,unknown,terrestrial indet.,Niglarodon yeariani
M1,8.95,10.56,56.0,51.1,-82.33,43.51,San Jose,unknown,terrestrial indet.,Meniscotherium chamense
M2,10.27,12.29,56.0,51.1,-82.33,43.51,San Jose,unknown,terrestrial indet.,Meniscotherium chamense
M3,9.03,11.53,56.0,51.1,-82.33,43.51,San Jose,unknown,terrestrial indet.,Meniscotherium chamense
M1,6.3,11.5,56.0,51.1,-84.08,50.15,Wasatch,unknown,terrestrial indet.,Meniscotherium chamense
M2,7.9,11.0,56.0,51.1,-84.08,50.15,Wasatch,unknown,terrestrial indet.,Meniscotherium chamense
M3,8.1,11.6,56.0,51.1,-84.08,50.15,Wasatch,unknown,terrestrial indet.,Meniscotherium chamense
M1,32.0,52.0,18.5,16.3,-95.06,46.14,Runningwater,unknown,terrestrial indet.,Menoceras barbouri
M2,40.0,52.0,18.5,16.3,-95.06,46.14,Runningwater,unknown,terrestrial indet.,Menoceras barbouri
M3,38.0,47.0,18.5,16.3,-95.06,46.14,Runningwater,unknown,terrestrial indet.,Menoceras barbouri
P3,23.08,20.62,16.3,12.5,-111.93,42.13,unknown,unknown,terrestrial indet.,Merychippus calamarius
P4,22.84,21.66,16.3,12.5,-111.93,42.13,unknown,unknown,terrestrial indet.,Merychippus calamarius
M1,20.48,21.56,16.3,12.5,-111.93,42.13,unknown,unknown,terrestrial indet.,Merychippus calamarius
p3,22.9667,13.6333,16.3,12.5,-111.93,42.13,unknown,unknown,terrestrial indet.,Merychippus calamarius
p4,22.5667,14.3667,16.3,12.5,-111.93,42.13,unknown,unknown,terrestrial indet.,Merychippus calamarius
P3,16.8,19.5,23.04,5.333,-113.8,37.56,unknown,unknown,terrestrial indet.,Parapliohippus carrizoensis
P4,16.9,18.8,23.04,5.333,-113.8,37.56,unknown,unknown,terrestrial indet.,Parapliohippus carrizoensis
M1,16.6,18.0,23.04,5.333,-113.8,37.56,unknown,unknown,terrestrial indet.,Parapliohippus carrizoensis
p3,15.6,10.1,23.04,5.333,-113.8,37.56,unknown,unknown,terrestrial indet.,Parapliohippus carrizoensis
p4,15.7,10.3,23.04,5.333,-113.8,37.56,unknown,unknown,terrestrial indet.,Parapliohippus carrizoensis
P3,21.9,22.0,16.3,12.5,-87.19,33.93,Fleming,unknown,terrestrial indet.,Cormohipparion goorisi
P4,19.6,20.7,16.3,12.5,-87.19,33.93,Fleming,unknown,terrestrial indet.,Cormohipparion goorisi
M1,18.5,20.5,16.3,12.5,-87.19,33.93,Fleming,unknown,terrestrial indet.,Cormohipparion goorisi
P3,20.5,20.7,16.3,12.5,-97.23,45.6,Olcott,unknown,terrestrial indet.,Merychippus insignis
P4,20.1,20.7,16.3,12.5,-97.23,45.6,Olcott,unknown,terrestrial indet.,Merychippus insignis
M1,18.5,20.1,16.3,12.5,-97.23,45.6,Olcott,unknown,terrestrial indet.,Merychippus insignis
p3,19.5,12.5,16.3,12.5,-97.23,45.6,Olcott,unknown,terrestrial indet.,Merychippus insignis
p4,19.5,12.3,16.3,12.5,-97.23,45.6,Olcott,unknown,terrestrial indet.,Merychippus insignis
P3,16.0,19.1,18.5,16.3,-95.78,46.38,Sheep Creek,unknown,terrestrial indet.,Merychippus primus
P4,15.5,19.4,18.5,16.3,-95.78,46.38,Sheep Creek,unknown,terrestrial indet.,Merychippus primus
M1,15.0,19.0,18.5,16.3,-95.78,46.38,Sheep Creek,unknown,terrestrial indet.,Merychippus primus
p3,15.5,11.3,18.5,16.3,-95.78,46.38,Sheep Creek,unknown,terrestrial indet.,Merychippus primus
p4,15.6,11.2,18.5,16.3,-95.78,46.38,Sheep Creek,unknown,terrestrial indet.,Merychippus primus
M1,12.3,13.3,23.1,18.5,-91.74,47.87,Rosebud,unknown,terrestrial indet.,Merychyus minimus
M2,15.6,14.9,23.1,18.5,-91.74,47.87,Rosebud,unknown,terrestrial indet.,Merychyus minimus
M3,19.0,15.6,23.1,18.5,-91.74,47.87,Rosebud,unknown,terrestrial indet.,Merychyus minimus
m2,14.3,10.9,23.1,18.5,-91.74,47.87,Rosebud,unknown,terrestrial indet.,Merychyus minimus
m3,23.0,10.3,23.1,18.5,-91.74,47.87,Rosebud,unknown,terrestrial indet.,Merychyus minimus
M1,10.7,10.8,29.5,18.5,-106.02,38.05,Tick Canyon,siltstone,fluvial indet.,Merychyus calaminthus
M2,13.5,11.9,29.5,18.5,-106.02,38.05,Tick Canyon,siltstone,fluvial indet.,Merychyus calaminthus
M3,15.7,13.0,29.5,18.5,-106.02,38.05,Tick Canyon,siltstone,fluvial indet.,Merychyus calaminthus
M1,9.1667,8.4333,29.5,18.5,-106.02,38.05,Tick Canyon,siltstone,fluvial indet.,Merychyus calaminthus
M2,11.5667,10.3333,29.5,18.5,-106.02,38.05,Tick Canyon,siltstone,fluvial indet.,Merychyus calaminthus
M3,13.3667,9.8667,29.5,18.5,-106.02,38.05,Tick Canyon,siltstone,fluvial indet.,Merychyus calaminthus
m2,12.85,7.5,29.5,18.5,-106.02,38.05,Tick Canyon,siltstone,fluvial indet.,Merychyus calaminthus
M1,13.15,13.3,23.04,5.333,-113.8,37.56,unknown,unknown,terrestrial indet.,Ticholeptus calimontanus
M2,17.2,15.5,23.04,5.333,-113.8,37.56,unknown,unknown,terrestrial indet.,Ticholeptus calimontanus
M3,19.85,16.2,23.04,5.333,-113.8,37.56,unknown,unknown,terrestrial indet.,Ticholeptus calimontanus
m2,14.4,11.1,23.04,5.333,-113.8,37.56,unknown,unknown,terrestrial indet.,Ticholeptus calimontanus
m3,25.8,10.6,23.04,5.333,-113.8,37.56,unknown,unknown,terrestrial indet.,Ticholeptus calimontanus
M1,11.9,10.95,18.5,16.3,-111.3,39.82,Kramer Beds,claystone,fluvial indet.,Merychyus minimus
M2,14.45,11.75,18.5,16.3,-111.3,39.82,Kramer Beds,claystone,fluvial indet.,Merychyus minimus
M3,18.0,13.0,18.5,16.3,-111.3,39.82,Kramer Beds,claystone,fluvial indet.,Merychyus minimus
m2,12.6,8.0,18.5,16.3,-111.3,39.82,Kramer Beds,claystone,fluvial indet.,Merychyus minimus
m3,19.8,8.9,18.5,16.3,-111.3,39.82,Kramer Beds,claystone,fluvial indet.,Merychyus minimus
M1,8.9,4.6,12.5,9.4,-112.99,38.09,Avawatz,unknown,terrestrial indet.,Cosoryx (Subcosoryx) cerroensis
M2,11.4,5.9,12.5,9.4,-112.99,38.09,Avawatz,unknown,terrestrial indet.,Cosoryx (Subcosoryx) cerroensis
M3,17.3,4.7,12.5,9.4,-112.99,38.09,Avawatz,unknown,terrestrial indet.,Cosoryx (Subcosoryx) cerroensis
m2,11.0,6.3,12.5,9.4,-112.99,38.09,Avawatz,unknown,terrestrial indet.,Cosoryx (Subcosoryx) cerroensis
m3,9.5,5.0,12.5,9.4,-112.99,38.09,Avawatz,unknown,terrestrial indet.,Cosoryx (Subcosoryx) cerroensis
M1,10.2,11.8,37.0,33.9,-89.99,35.83,unknown,unknown,terrestrial indet.,Aclistomycter dunagani
M2,12.0,13.8,37.0,33.9,-89.99,35.83,unknown,unknown,terrestrial indet.,Aclistomycter dunagani
M3,13.0,14.5,37.0,33.9,-89.99,35.83,unknown,unknown,terrestrial indet.,Aclistomycter dunagani
P4,2.23,1.33,72.2,66.0,-65.32,60.38,Frenchman,siltstone,floodplain,Mesodma formosa
M1,2.93,1.33,72.2,66.0,-65.32,60.38,Frenchman,siltstone,floodplain,Mesodma formosa
M2,1.41,1.35,72.2,66.0,-65.32,60.38,Frenchman,siltstone,floodplain,Mesodma formosa
p4,3.33,1.21,72.2,66.0,-65.32,60.38,Frenchman,siltstone,floodplain,Mesodma formosa
m2,1.32,1.12,72.2,66.0,-65.32,60.38,Frenchman,siltstone,floodplain,Mesodma formosa
P4,1.74,0.92,72.2,66.0,-65.32,60.38,Frenchman,siltstone,floodplain,Mesodma hensleighi
M1,2.35,1.05,72.2,66.0,-65.32,60.38,Frenchman,siltstone,floodplain,Mesodma hensleighi
M2,1.14,1.08,72.2,66.0,-65.32,60.38,Frenchman,siltstone,floodplain,Mesodma hensleighi
m2,1.03,0.89,72.2,66.0,-65.32,60.38,Frenchman,siltstone,floodplain,Mesodma hensleighi
P4,2.06,0.8067,60.9,57.5,-77.86,50.78,Fort Union,unknown,terrestrial indet.,Mesodma pygmaea
M1,2.11,1.01,60.9,57.5,-77.86,50.78,Fort Union,unknown,terrestrial indet.,Mesodma pygmaea
M2,1.06,1.045,60.9,57.5,-77.86,50.78,Fort Union,unknown,terrestrial indet.,Mesodma pygmaea
m2,1.005,0.88,60.9,57.5,-77.86,50.78,Fort Union,unknown,terrestrial indet.,Mesodma pygmaea
M1,10.7667,13.1667,37.0,33.9,-91.37,55.94,Cypress Hills,unknown,terrestrial indet.,Mesohippus westoni
M2,10.675,13.675,37.0,33.9,-91.37,55.94,Cypress Hills,unknown,terrestrial indet.,Mesohippus westoni
M3,10.4,14.0,37.0,33.9,-91.37,55.94,Cypress Hills,unknown,terrestrial indet.,Mesohippus westoni
m2,11.5333,8.2333,37.0,33.9,-91.37,55.94,Cypress Hills,unknown,terrestrial indet.,Mesohippus westoni
m3,13.8,7.95,37.0,33.9,-91.37,55.94,Cypress Hills,unknown,terrestrial indet.,Mesohippus westoni
M1,15.1,18.85,27.3,23.04,-71.97,33.01,Parachucla,sandstone,marginal marine indet.,Mesoreodon floridensis
M2,19.75,22.1,27.3,23.04,-71.97,33.01,Parachucla,sandstone,marginal marine indet.,Mesoreodon floridensis
M3,23.6,22.45,27.3,23.04,-71.97,33.01,Parachucla,sandstone,marginal marine indet.,Mesoreodon floridensis
m2,17.85,14.35,27.3,23.04,-71.97,33.01,Parachucla,sandstone,marginal marine indet.,Mesoreodon floridensis
m3,32.2,15.55,27.3,23.04,-71.97,33.01,Parachucla,sandstone,marginal marine indet.,Mesoreodon floridensis
M1,16.65,18.0167,27.3,23.04,-71.97,33.01,Parachucla,sandstone,marginal marine indet.,Mesoreodon floridensis
M2,20.6,21.2167,27.3,23.04,-71.97,33.01,Parachucla,sandstone,marginal marine indet.,Mesoreodon floridensis
M3,24.35,21.65,27.3,23.04,-71.97,33.01,Parachucla,sandstone,marginal marine indet.,Mesoreodon floridensis
m2,18.075,13.6125,27.3,23.04,-71.97,33.01,Parachucla,sandstone,marginal marine indet.,Mesoreodon floridensis
m3,30.25,14.95,27.3,23.04,-71.97,33.01,Parachucla,sandstone,marginal marine indet.,Mesoreodon floridensis
P4,0.97,1.061,33.9,31.8,-91.61,49.36,unknown,siltstone,lacustrine - small,Metadjidaumo hendryi
M1,1.018,1.175,33.9,31.8,-91.61,49.36,unknown,siltstone,lacustrine - small,Metadjidaumo hendryi
M2,1.065,1.12,33.9,31.8,-91.61,49.36,unknown,siltstone,lacustrine - small,Metadjidaumo hendryi
p4,0.98,0.95,33.9,31.8,-91.61,49.36,unknown,siltstone,lacustrine - small,Metadjidaumo hendryi
m2,0.991,1.066,33.9,31.8,-91.61,49.36,unknown,siltstone,lacustrine - small,Metadjidaumo hendryi
P4,1.08,1.1,39.7,37.0,-100.3,38.92,Sespe,unknown,terrestrial indet.,Metanoiamys korthi
M1,1.1,1.21,39.7,37.0,-100.3,38.92,Sespe,unknown,terrestrial indet.,Metanoiamys korthi
M2,1.08,1.23,39.7,37.0,-100.3,38.92,Sespe,unknown,terrestrial indet.,Metanoiamys korthi
P4,0.93,1.01,45.9,37.0,-97.31,38.28,Santiago,unknown,terrestrial indet.,Metanoiamys marinus
M1,1.02,1.06,45.9,37.0,-97.31,38.28,Santiago,unknown,terrestrial indet.,Metanoiamys marinus
M2,1.01,1.11,45.9,37.0,-97.31,38.28,Santiago,unknown,terrestrial indet.,Metanoiamys marinus
p4,0.93,0.84,45.9,37.0,-97.31,38.28,Santiago,unknown,terrestrial indet.,Metanoiamys marinus
m2,1.05,1.01,45.9,37.0,-97.31,38.28,Santiago,unknown,terrestrial indet.,Metanoiamys marinus
P4,6.8,4.3,37.0,33.9,-89.99,35.83,unknown,unknown,terrestrial indet.,Gustafsonia cognita
M1,5.25,7.65,37.0,33.9,-89.99,35.83,unknown,unknown,terrestrial indet.,Gustafsonia cognita
M2,3.8,6.0,37.0,33.9,-89.99,35.83,unknown,unknown,terrestrial indet.,Gustafsonia cognita
M1,18.0,16.0,23.1,18.5,-93.3,47.08,Marsland,unknown,terrestrial indet.,Michenia agatensis
M2,24.0,18.0,23.1,18.5,-93.3,47.08,Marsland,unknown,terrestrial indet.,Michenia agatensis
M3,23.9,16.0,23.1,18.5,-93.3,47.08,Marsland,unknown,terrestrial indet.,Michenia agatensis
M1,17.0,17.0,23.1,18.5,-93.3,47.08,Marsland,unknown,terrestrial indet.,Michenia agatensis
M2,25.5,19.5,23.1,18.5,-93.3,47.08,Marsland,unknown,terrestrial indet.,Michenia agatensis
M3,27.8,19.5,23.1,18.5,-93.3,47.08,Marsland,unknown,terrestrial indet.,Michenia agatensis
M1,16.59,16.46,12.5,9.4,-107.51,38.12,Milk Creek,unknown,terrestrial indet.,Protolabis yavapaiensis
M2,24.42,16.57,12.5,9.4,-107.51,38.12,Milk Creek,unknown,terrestrial indet.,Protolabis yavapaiensis
M3,28.56,15.62,12.5,9.4,-107.51,38.12,Milk Creek,unknown,terrestrial indet.,Protolabis yavapaiensis
P4,1.02,1.12,45.9,39.7,-82.01,33.29,Laredo,sandstone,estuary/bay,Microeutypomys karenae
M1,1.12,1.16,45.9,39.7,-82.01,33.29,Laredo,sandstone,estuary/bay,Microeutypomys karenae
M2,1.12,1.16,45.9,39.7,-82.01,33.29,Laredo,sandstone,estuary/bay,Microeutypomys karenae
M1,1.18,1.55,60.9,57.5,-76.38,61.88,Paskapoo,siltstone,lacustrine indet.,Foxomomys fremdi
M2,1.18,1.8,60.9,57.5,-76.38,61.88,Paskapoo,siltstone,lacustrine indet.,Foxomomys fremdi
M3,0.9,1.65,60.9,57.5,-76.38,61.88,Paskapoo,siltstone,lacustrine indet.,Foxomomys fremdi
m2,1.18,0.83,60.9,57.5,-76.38,61.88,Paskapoo,siltstone,lacustrine indet.,Foxomomys fremdi
m3,1.4,0.76,60.9,57.5,-76.38,61.88,Paskapoo,siltstone,lacustrine indet.,Foxomomys fremdi
M1,1.34,1.52,39.7,37.0,-86.94,56.36,Cypress Hills,unknown,terrestrial indet.,Microparamys nimius
M2,1.34,1.52,39.7,37.0,-86.94,56.36,Cypress Hills,unknown,terrestrial indet.,Microparamys nimius
M3,1.31,1.43,39.7,37.0,-86.94,56.36,Cypress Hills,unknown,terrestrial indet.,Microparamys nimius
m2,1.4,1.39,39.7,37.0,-86.94,56.36,Cypress Hills,unknown,terrestrial indet.,Microparamys nimius
m3,1.64,1.49,39.7,37.0,-86.94,56.36,Cypress Hills,unknown,terrestrial indet.,Microparamys nimius
M1,1.45,1.55,39.7,37.0,-88.5,36.09,unknown,unknown,terrestrial indet.,Microparamys perfossus
M2,1.52,1.7,39.7,37.0,-88.5,36.09,unknown,unknown,terrestrial indet.,Microparamys perfossus
M3,1.47,1.53,39.7,37.0,-88.5,36.09,unknown,unknown,terrestrial indet.,Microparamys perfossus
M1,1.49,1.67,51.1,45.9,-92.12,47.29,Sheep Pass,limestone,lacustrine - small,Microparamys sambucus
M2,1.49,1.67,51.1,45.9,-92.12,47.29,Sheep Pass,limestone,lacustrine - small,Microparamys sambucus
M3,1.48,1.49,51.1,45.9,-92.12,47.29,Sheep Pass,limestone,lacustrine - small,Microparamys sambucus
m2,1.53,1.49,51.1,45.9,-92.12,47.29,Sheep Pass,limestone,lacustrine - small,Microparamys sambucus
m3,1.84,1.59,51.1,45.9,-92.12,47.29,Sheep Pass,limestone,lacustrine - small,Microparamys sambucus
M1,5.21,4.6,51.1,45.9,-84.53,51.57,unknown,unknown,terrestrial indet.,Microsyops annectens
M2,5.71,4.8,51.1,45.9,-84.53,51.57,unknown,unknown,terrestrial indet.,Microsyops annectens
M3,5.07,4.72,51.1,45.9,-84.53,51.57,unknown,unknown,terrestrial indet.,Microsyops annectens
m2,4.89,3.69,51.1,45.9,-84.53,51.57,unknown,unknown,terrestrial indet.,Microsyops annectens
m3,5.41,3.34,51.1,45.9,-84.53,51.57,unknown,unknown,terrestrial indet.,Microsyops annectens
M1,3.42,4.06,56.0,51.1,-82.05,44.29,San Jose,unknown,terrestrial indet.,Microsyops latidens
M2,3.58,4.38,56.0,51.1,-82.05,44.29,San Jose,unknown,terrestrial indet.,Microsyops latidens
M3,3.42,3.9,56.0,51.1,-82.05,44.29,San Jose,unknown,terrestrial indet.,Microsyops latidens
m2,3.6,2.74,56.0,51.1,-82.05,44.29,San Jose,unknown,terrestrial indet.,Microsyops latidens
m3,4.07,2.43,56.0,51.1,-82.05,44.29,San Jose,unknown,terrestrial indet.,Microsyops latidens
M1,2.78,3.38,56.0,51.1,-81.69,48.47,Wasatch,unknown,terrestrial indet.,Arctodontomys wilsoni
M2,2.8,3.65,56.0,51.1,-81.69,48.47,Wasatch,unknown,terrestrial indet.,Arctodontomys wilsoni
M3,2.51,3.05,56.0,51.1,-81.69,48.47,Wasatch,unknown,terrestrial indet.,Arctodontomys wilsoni
m2,2.87,2.16,56.0,51.1,-81.69,48.47,Wasatch,unknown,terrestrial indet.,Arctodontomys wilsoni
m3,3.05,1.88,56.0,51.1,-81.69,48.47,Wasatch,unknown,terrestrial indet.,Arctodontomys wilsoni
M1,1.845,1.14,9.4,4.7,-114.86,44.46,Drewsey,unknown,terrestrial indet.,Goniodontomys disjunctus
M2,1.5067,0.94,9.4,4.7,-114.86,44.46,Drewsey,unknown,terrestrial indet.,Goniodontomys disjunctus
M3,1.5375,1.03,9.4,4.7,-114.86,44.46,Drewsey,unknown,terrestrial indet.,Goniodontomys disjunctus
m2,1.59,1.0,9.4,4.7,-114.86,44.46,Drewsey,unknown,terrestrial indet.,Goniodontomys disjunctus
m3,1.5075,1.04,9.4,4.7,-114.86,44.46,Drewsey,unknown,terrestrial indet.,Goniodontomys disjunctus
M1,2.13,1.17,1.4,0.21,-97.7,40.03,Sappa,unknown,terrestrial indet.,Microtus paroperarius
M2,1.67,1.04,1.4,0.21,-97.7,40.03,Sappa,unknown,terrestrial indet.,Microtus paroperarius
M3,1.87,0.94,1.4,0.21,-97.7,40.03,Sappa,unknown,terrestrial indet.,Microtus paroperarius
m2,1.51,0.93,1.4,0.21,-97.7,40.03,Sappa,unknown,terrestrial indet.,Microtus paroperarius
P4,4.5,4.35,23.1,18.5,-93.22,47.21,Harrison,unknown,terrestrial indet.,Migmacastor procumbodens
M1,3.5,4.15,23.1,18.5,-93.22,47.21,Harrison,unknown,terrestrial indet.,Migmacastor procumbodens
M2,2.9,3.6,23.1,18.5,-93.22,47.21,Harrison,unknown,terrestrial indet.,Migmacastor procumbodens
p4,3.8,3.95,23.1,18.5,-93.22,47.21,Harrison,unknown,terrestrial indet.,Migmacastor procumbodens
m2,3.3,3.65,23.1,18.5,-93.22,47.21,Harrison,unknown,terrestrial indet.,Migmacastor procumbodens
P4,3.2,1.25,63.4,60.9,-76.69,46.56,Nacimiento,unknown,terrestrial indet.,Mimetodon krausei
M1,3.9,1.5,63.4,60.9,-76.69,46.56,Nacimiento,unknown,terrestrial indet.,Mimetodon krausei
M2,1.6,1.4,63.4,60.9,-76.69,46.56,Nacimiento,unknown,terrestrial indet.,Mimetodon krausei
M1,2.9,2.9,56.0,51.1,-79.64,51.58,Willwood,mudstone,terrestrial indet.,Mimoperadectes labrus
M2,3.0,3.7,56.0,51.1,-79.64,51.58,Willwood,mudstone,terrestrial indet.,Mimoperadectes labrus
M3,2.9,3.7,56.0,51.1,-79.64,51.58,Willwood,mudstone,terrestrial indet.,Mimoperadectes labrus
M1,4.4,4.58,60.9,57.5,-90.55,46.82,Goler,conglomerate,fluvial indet.,Mimotricentes tedfordi
M2,4.62,5.5,60.9,57.5,-90.55,46.82,Goler,conglomerate,fluvial indet.,Mimotricentes tedfordi
M3,3.44,4.89,60.9,57.5,-90.55,46.82,Goler,conglomerate,fluvial indet.,Mimotricentes tedfordi
P4,2.025,1.975,16.3,12.5,-94.07,46.05,Valentine,unknown,terrestrial indet.,Mioheteromys amplissimus
M1,1.48,1.825,16.3,12.5,-94.07,46.05,Valentine,unknown,terrestrial indet.,Mioheteromys amplissimus
M2,1.23,1.65,16.3,12.5,-94.07,46.05,Valentine,unknown,terrestrial indet.,Mioheteromys amplissimus
p4,1.305,1.435,16.3,12.5,-94.07,46.05,Valentine,unknown,terrestrial indet.,Mioheteromys amplissimus
m2,1.4,1.69,16.3,12.5,-94.07,46.05,Valentine,unknown,terrestrial indet.,Mioheteromys amplissimus
M1,18.0,17.4,18.5,16.3,-97.3,45.37,middle Miocene,unknown,terrestrial indet.,Miolabis fissidens
M2,21.8,21.8,18.5,16.3,-97.3,45.37,middle Miocene,unknown,terrestrial indet.,Miolabis fissidens
M3,25.0,18.4,18.5,16.3,-97.3,45.37,middle Miocene,unknown,terrestrial indet.,Miolabis fissidens
M1,1.8,2.28,12.5,9.4,-95.72,39.49,Laverne,unknown,terrestrial indet.,Miospermophilus lavertyi
M2,1.8,2.28,12.5,9.4,-95.72,39.49,Laverne,unknown,terrestrial indet.,Miospermophilus lavertyi
M3,2.0,2.1,12.5,9.4,-95.72,39.49,Laverne,unknown,terrestrial indet.,Miospermophilus lavertyi
M1,1.56,1.905,18.5,16.3,-100.38,53.88,Cypress Hills,unknown,terrestrial indet.,Miospermophilus wyomingensis
M2,1.56,1.905,18.5,16.3,-100.38,53.88,Cypress Hills,unknown,terrestrial indet.,Miospermophilus wyomingensis
M3,1.895,1.785,18.5,16.3,-100.38,53.88,Cypress Hills,unknown,terrestrial indet.,Miospermophilus wyomingensis
m3,2.12,1.86,18.5,16.3,-100.38,53.88,Cypress Hills,unknown,terrestrial indet.,Miospermophilus wyomingensis
P4,1.555,1.72,23.04,5.333,-101.62,39.88,Tesuque,unknown,terrestrial indet.,Mojavemys galushai
M1,1.095,1.675,23.04,5.333,-101.62,39.88,Tesuque,unknown,terrestrial indet.,Mojavemys galushai
M2,1.045,1.62,23.04,5.333,-101.62,39.88,Tesuque,unknown,terrestrial indet.,Mojavemys galushai
p4,1.465,1.535,23.04,5.333,-101.62,39.88,Tesuque,unknown,terrestrial indet.,Mojavemys galushai
m2,1.14,1.565,23.04,5.333,-101.62,39.88,Tesuque,unknown,terrestrial indet.,Mojavemys galushai
P4,4.495,4.01,16.3,12.5,-109.76,46.69,Butte Creek,volcaniclastic,terrestrial indet.,Monosaulax typicus
M1,2.79,3.11,16.3,12.5,-109.76,46.69,Butte Creek,volcaniclastic,terrestrial indet.,Monosaulax typicus
M2,3.1,2.93,16.3,12.5,-109.76,46.69,Butte Creek,volcaniclastic,terrestrial indet.,Monosaulax typicus
p4,3.88,3.52,16.3,12.5,-109.76,46.69,Butte Creek,volcaniclastic,terrestrial indet.,Monosaulax typicus
m2,2.79,3.47,16.3,12.5,-109.76,46.69,Butte Creek,volcaniclastic,terrestrial indet.,Monosaulax typicus
P4,3.7325,3.505,16.3,12.5,-109.76,46.69,Butte Creek,volcaniclastic,terrestrial indet.,Monosaulax typicus
M1,2.9625,3.1,16.3,12.5,-109.76,46.69,Butte Creek,volcaniclastic,terrestrial indet.,Monosaulax typicus
M2,2.9325,3.01,16.3,12.5,-109.76,46.69,Butte Creek,volcaniclastic,terrestrial indet.,Monosaulax typicus
p4,3.9767,3.0967,16.3,12.5,-109.76,46.69,Butte Creek,volcaniclastic,terrestrial indet.,Monosaulax typicus
m2,3.0233,3.1367,16.3,12.5,-109.76,46.69,Butte Creek,volcaniclastic,terrestrial indet.,Monosaulax typicus
P4,1.3,1.3,29.5,18.5,-106.64,37.89,Sespe,sandstone,fluvial-lacustrine indet.,Tenudomys bodei
M1,1.4,1.6,29.5,18.5,-106.64,37.89,Sespe,sandstone,fluvial-lacustrine indet.,Tenudomys bodei
M2,1.3,1.6,29.5,18.5,-106.64,37.89,Sespe,sandstone,fluvial-lacustrine indet.,Tenudomys bodei
p4,1.2,1.2,29.5,18.5,-106.64,37.89,Sespe,sandstone,fluvial-lacustrine indet.,Tenudomys bodei
P4,1.24,1.27,16.3,12.5,-104.9,49.7,Madison Valley,sandstone,channel,Mookomys thrinax
M1,0.97,1.32,16.3,12.5,-104.9,49.7,Madison Valley,sandstone,channel,Mookomys thrinax
M2,0.88,1.18,16.3,12.5,-104.9,49.7,Madison Valley,sandstone,channel,Mookomys thrinax
p4,1.01,0.92,16.3,12.5,-104.9,49.7,Madison Valley,sandstone,channel,Mookomys thrinax
m2,1.02,1.17,16.3,12.5,-104.9,49.7,Madison Valley,sandstone,channel,Mookomys thrinax
M1,17.1,16.1,9.4,4.7,-78.95,28.93,Peace River,sandstone,marginal marine indet.,Mylohyus elmorei
M2,18.95,17.25,9.4,4.7,-78.95,28.93,Peace River,sandstone,marginal marine indet.,Mylohyus elmorei
M3,21.15,15.5,9.4,4.7,-78.95,28.93,Peace River,sandstone,marginal marine indet.,Mylohyus elmorei
M1,14.0,15.0,2.58,0.0117,-98.28,37.03,unknown,gravel,fluvial indet.,Mylohyus nasutus
M2,15.0,15.0,2.58,0.0117,-98.28,37.03,unknown,gravel,fluvial indet.,Mylohyus nasutus
M3,18.0,13.0,2.58,0.0117,-98.28,37.03,unknown,gravel,fluvial indet.,Mylohyus nasutus
M1,1.79,2.28,45.9,39.7,-85.58,35.54,Devil's Graveyard,unknown,terrestrial indet.,Pareumys boskeyi
M2,1.8,2.2,45.9,39.7,-85.58,35.54,Devil's Graveyard,unknown,terrestrial indet.,Pareumys boskeyi
M3,1.8,2.04,45.9,39.7,-85.58,35.54,Devil's Graveyard,unknown,terrestrial indet.,Pareumys boskeyi
P4,1.9,4.8,45.9,39.7,-90.05,47.36,Uinta,unknown,terrestrial indet.,Mytonolagus petersoni
M1,2.1,5.8,45.9,39.7,-90.05,47.36,Uinta,unknown,terrestrial indet.,Mytonolagus petersoni
M2,1.9,4.5,45.9,39.7,-90.05,47.36,Uinta,unknown,terrestrial indet.,Mytonolagus petersoni
P4,2.4,2.9,45.9,39.7,-90.05,47.36,Uinta,unknown,terrestrial indet.,Mytonolagus petersoni
M1,1.9,3.0,45.9,39.7,-90.05,47.36,Uinta,unknown,terrestrial indet.,Mytonolagus petersoni
M2,1.9,2.5,45.9,39.7,-90.05,47.36,Uinta,unknown,terrestrial indet.,Mytonolagus petersoni
P4,1.19,1.26,45.9,39.7,-97.49,39.93,Sespe,sandstone,fluvial-lacustrine indet.,Metanoiamys fantasma
M1,1.27,1.34,45.9,39.7,-97.49,39.93,Sespe,sandstone,fluvial-lacustrine indet.,Metanoiamys fantasma
M2,1.18,1.35,45.9,39.7,-97.49,39.93,Sespe,sandstone,fluvial-lacustrine indet.,Metanoiamys fantasma
M1,1.02,1.13,39.7,37.0,-86.94,56.36,Cypress Hills,unknown,terrestrial indet.,Metanoiamys lacus
M2,1.02,1.13,39.7,37.0,-86.94,56.36,Cypress Hills,unknown,terrestrial indet.,Metanoiamys lacus
M3,1.0,1.09,39.7,37.0,-86.94,56.36,Cypress Hills,unknown,terrestrial indet.,Metanoiamys lacus
m2,1.03,0.93,39.7,37.0,-86.94,56.36,Cypress Hills,unknown,terrestrial indet.,Metanoiamys lacus
m3,1.19,0.97,39.7,37.0,-86.94,56.36,Cypress Hills,unknown,terrestrial indet.,Metanoiamys lacus
P4,16.6,17.2,4.7,1.4,-99.84,33.43,unknown,sandstone,fluvial indet.,Nannippus beckensis
M1,16.15,15.6,4.7,1.4,-99.84,33.43,unknown,sandstone,fluvial indet.,Nannippus beckensis
M2,16.3,16.35,4.7,1.4,-99.84,33.43,unknown,sandstone,fluvial indet.,Nannippus beckensis
p4,18.0,10.1,4.7,1.4,-99.84,33.43,unknown,sandstone,fluvial indet.,Nannippus beckensis
m2,17.5,8.7,4.7,1.4,-99.84,33.43,unknown,sandstone,fluvial indet.,Nannippus beckensis
P3,18.95,13.8,12.5,9.4,-113.02,37.67,Santa Margarita,unknown,terrestrial indet.,Hipparion tehonense
P4,18.9,14.35,12.5,9.4,-113.02,37.67,Santa Margarita,unknown,terrestrial indet.,Hipparion tehonense
M1,18.05,14.45,12.5,9.4,-113.02,37.67,Santa Margarita,unknown,terrestrial indet.,Hipparion tehonense
p3,18.95,10.6,12.5,9.4,-113.02,37.67,Santa Margarita,unknown,terrestrial indet.,Hipparion tehonense
p4,19.1,10.25,12.5,9.4,-113.02,37.67,Santa Margarita,unknown,terrestrial indet.,Hipparion tehonense
M1,2.41,3.47,60.9,57.5,-76.63,51.13,unknown,unknown,terrestrial indet.,Nannodectes gazini
M2,2.48,3.64,60.9,57.5,-76.63,51.13,unknown,unknown,terrestrial indet.,Nannodectes gazini
M3,2.37,3.02,60.9,57.5,-76.63,51.13,unknown,unknown,terrestrial indet.,Nannodectes gazini
m2,2.46,2.36,60.9,57.5,-76.63,51.13,unknown,unknown,terrestrial indet.,Nannodectes gazini
m3,3.6,2.16,60.9,57.5,-76.63,51.13,unknown,unknown,terrestrial indet.,Nannodectes gazini
M1,3.0,4.1,63.4,60.9,-74.71,38.65,Black Peaks,unknown,terrestrial indet.,Nannodectes gidleyi
M2,3.0667,4.3333,63.4,60.9,-74.71,38.65,Black Peaks,unknown,terrestrial indet.,Nannodectes gidleyi
M3,3.0,3.9,63.4,60.9,-74.71,38.65,Black Peaks,unknown,terrestrial indet.,Nannodectes gidleyi
m2,3.1667,3.1333,63.4,60.9,-74.71,38.65,Black Peaks,unknown,terrestrial indet.,Nannodectes gidleyi
m3,4.5,3.1,63.4,60.9,-74.71,38.65,Black Peaks,unknown,terrestrial indet.,Nannodectes gidleyi
M1,2.96,4.23,60.9,57.5,-78.5,46.09,unknown,shale,fissure fill,Nannodectes gidleyi
M2,3.13,4.71,60.9,57.5,-78.5,46.09,unknown,shale,fissure fill,Nannodectes gidleyi
M3,2.87,3.93,60.9,57.5,-78.5,46.09,unknown,shale,fissure fill,Nannodectes gidleyi
m2,3.14,3.04,60.9,57.5,-78.5,46.09,unknown,shale,fissure fill,Nannodectes gidleyi
m3,4.66,2.9,60.9,57.5,-78.5,46.09,unknown,shale,fissure fill,Nannodectes gidleyi
M1,2.4,3.7,60.9,57.5,-77.27,55.0,Fort Union,unknown,terrestrial indet.,Nannodectes intermedius
M2,2.4,4.0,60.9,57.5,-77.27,55.0,Fort Union,unknown,terrestrial indet.,Nannodectes intermedius
M3,2.4,3.2,60.9,57.5,-77.27,55.0,Fort Union,unknown,terrestrial indet.,Nannodectes intermedius
m2,2.5,2.6,60.9,57.5,-77.27,55.0,Fort Union,unknown,terrestrial indet.,Nannodectes intermedius
m3,3.7,2.4,60.9,57.5,-77.27,55.0,Fort Union,unknown,terrestrial indet.,Nannodectes intermedius
M1,2.8,4.13,60.9,57.5,-76.17,52.0,unknown,unknown,terrestrial indet.,Nannodectes simpsoni
M2,2.96,4.64,60.9,57.5,-76.17,52.0,unknown,unknown,terrestrial indet.,Nannodectes simpsoni
M3,2.87,3.5,60.9,57.5,-76.17,52.0,unknown,unknown,terrestrial indet.,Nannodectes simpsoni
m2,2.97,2.89,60.9,57.5,-76.17,52.0,unknown,unknown,terrestrial indet.,Nannodectes simpsoni
m3,4.0,2.55,60.9,57.5,-76.17,52.0,unknown,unknown,terrestrial indet.,Nannodectes simpsoni
M1,1.41,1.23,33.9,31.8,-87.47,46.32,Brule,unknown,terrestrial indet.,Nanodelphys huntii
M2,1.4625,1.65,33.9,31.8,-87.47,46.32,Brule,unknown,terrestrial indet.,Nanodelphys huntii
M3,1.28,1.7033,33.9,31.8,-87.47,46.32,Brule,unknown,terrestrial indet.,Nanodelphys huntii
P4,1.6,1.6,60.9,57.5,-78.5,46.09,unknown,shale,fissure fill,Navajovius kohlhaasae
M1,1.4,2.0,60.9,57.5,-78.5,46.09,unknown,shale,fissure fill,Navajovius kohlhaasae
M2,1.5,2.0,60.9,57.5,-78.5,46.09,unknown,shale,fissure fill,Navajovius kohlhaasae
p4,1.5,0.9,60.9,57.5,-78.5,46.09,unknown,shale,fissure fill,Navajovius kohlhaasae
m2,1.6,1.2,60.9,57.5,-78.5,46.09,unknown,shale,fissure fill,Navajovius kohlhaasae
P4,1.6,1.8,60.9,57.5,-78.5,46.09,unknown,shale,fissure fill,Navajovius kohlhaasae
M1,1.6,2.0,60.9,57.5,-78.5,46.09,unknown,shale,fissure fill,Navajovius kohlhaasae
M2,1.5,1.9,60.9,57.5,-78.5,46.09,unknown,shale,fissure fill,Navajovius kohlhaasae
P4,7.3,7.5,63.4,60.9,-73.65,56.02,Fort Union,unknown,terrestrial indet.,Arctocyon corrugatus
M1,8.2,9.4,63.4,60.9,-73.65,56.02,Fort Union,unknown,terrestrial indet.,Arctocyon corrugatus
M2,7.4,11.5,63.4,60.9,-73.65,56.02,Fort Union,unknown,terrestrial indet.,Arctocyon corrugatus
m2,9.4,7.5,63.4,60.9,-73.65,56.02,Fort Union,unknown,terrestrial indet.,Arctocyon corrugatus
P3,20.6,20.0,9.4,4.7,-105.37,30.85,unknown,unknown,terrestrial indet.,Neohipparion eurystyle
P4,20.6,20.0,9.4,4.7,-105.37,30.85,unknown,unknown,terrestrial indet.,Neohipparion eurystyle
M1,19.6,18.4,9.4,4.7,-105.37,30.85,unknown,unknown,terrestrial indet.,Neohipparion eurystyle
p3,21.4,11.2,9.4,4.7,-105.37,30.85,unknown,unknown,terrestrial indet.,Neohipparion eurystyle
p4,21.4,11.2,9.4,4.7,-105.37,30.85,unknown,unknown,terrestrial indet.,Neohipparion eurystyle
P3,20.4,20.1,9.4,4.7,-97.13,37.75,unknown,unknown,terrestrial indet.,Neohipparion eurystyle
P4,20.4,20.1,9.4,4.7,-97.13,37.75,unknown,unknown,terrestrial indet.,Neohipparion eurystyle
M1,20.1,18.6,9.4,4.7,-97.13,37.75,unknown,unknown,terrestrial indet.,Neohipparion eurystyle
p3,21.5,10.8,9.4,4.7,-97.13,37.75,unknown,unknown,terrestrial indet.,Neohipparion eurystyle
p4,21.5,10.8,9.4,4.7,-97.13,37.75,unknown,unknown,terrestrial indet.,Neohipparion eurystyle
P3,20.3,18.9,12.5,9.4,-77.8,31.36,Alachua,unknown,marginal marine indet.,Neohipparion trampasense
P4,20.3,18.9,12.5,9.4,-77.8,31.36,Alachua,unknown,marginal marine indet.,Neohipparion trampasense
M1,19.3,17.1,12.5,9.4,-77.8,31.36,Alachua,unknown,marginal marine indet.,Neohipparion trampasense
p3,20.7,10.2,12.5,9.4,-77.8,31.36,Alachua,unknown,marginal marine indet.,Neohipparion trampasense
p4,20.7,10.2,12.5,9.4,-77.8,31.36,Alachua,unknown,marginal marine indet.,Neohipparion trampasense
P3,22.0,20.3,12.5,9.4,-116.32,40.4,unknown,siliciclastic,terrestrial indet.,Neohipparion trampasense
P4,22.0,20.3,12.5,9.4,-116.32,40.4,unknown,siliciclastic,terrestrial indet.,Neohipparion trampasense
M1,19.2,18.6,12.5,9.4,-116.32,40.4,unknown,siliciclastic,terrestrial indet.,Neohipparion trampasense
p3,21.6,10.5,12.5,9.4,-116.32,40.4,unknown,siliciclastic,terrestrial indet.,Neohipparion trampasense
p4,21.6,10.5,12.5,9.4,-116.32,40.4,unknown,siliciclastic,terrestrial indet.,Neohipparion trampasense
M1,3.11,2.24,4.7,1.4,-108.1,33.49,Gila Conglomerate,marl,lacustrine indet.,Neotoma fossilis
M2,2.44,2.0,4.7,1.4,-108.1,33.49,Gila Conglomerate,marl,lacustrine indet.,Neotoma fossilis
M3,1.74,1.66,4.7,1.4,-108.1,33.49,Gila Conglomerate,marl,lacustrine indet.,Neotoma fossilis
M1,3.045,2.085,4.7,1.4,-115.73,34.46,San Timoteo,unknown,terrestrial indet.,Neotoma fossilis
M2,2.494,2.02,4.7,1.4,-115.73,34.46,San Timoteo,unknown,terrestrial indet.,Neotoma fossilis
M3,2.26,1.88,4.7,1.4,-115.73,34.46,San Timoteo,unknown,terrestrial indet.,Neotoma fossilis
m2,2.5733,2.06,4.7,1.4,-115.73,34.46,San Timoteo,unknown,terrestrial indet.,Neotoma fossilis
m3,1.945,1.6825,4.7,1.4,-115.73,34.46,San Timoteo,unknown,terrestrial indet.,Neotoma fossilis
M1,3.1525,1.775,1.4,0.21,-116.58,34.09,San Timoteo,unknown,terrestrial indet.,Neotoma fuscipes
M2,2.446,1.728,1.4,0.21,-116.58,34.09,San Timoteo,unknown,terrestrial indet.,Neotoma fuscipes
M3,2.0543,1.69,1.4,0.21,-116.58,34.09,San Timoteo,unknown,terrestrial indet.,Neotoma fuscipes
m2,2.83,1.7271,1.4,0.21,-116.58,34.09,San Timoteo,unknown,terrestrial indet.,Neotoma fuscipes
m3,1.8333,1.5567,1.4,0.21,-116.58,34.09,San Timoteo,unknown,terrestrial indet.,Neotoma fuscipes
M1,19.55,24.0,23.04,20.45,-84.46,34.75,Fleming,conglomerate,coarse channel fill,Nexuotapirus marslandensis
M2,21.0667,25.1,23.04,20.45,-84.46,34.75,Fleming,conglomerate,coarse channel fill,Nexuotapirus marslandensis
M3,23.6333,26.7667,23.04,20.45,-84.46,34.75,Fleming,conglomerate,coarse channel fill,Nexuotapirus marslandensis
m2,22.8,17.1,23.04,20.45,-84.46,34.75,Fleming,conglomerate,coarse channel fill,Nexuotapirus marslandensis
m3,25.7,16.0,23.04,20.45,-84.46,34.75,Fleming,conglomerate,coarse channel fill,Nexuotapirus marslandensis
P3,19.95,9.9,12.5,9.4,-77.8,31.36,Alachua,unknown,marginal marine indet.,Nimravides galiani
P4,34.93,16.47,12.5,9.4,-77.8,31.36,Alachua,unknown,marginal marine indet.,Nimravides galiani
M1,7.5,13.9,12.5,9.4,-77.8,31.36,Alachua,unknown,marginal marine indet.,Nimravides galiani
M1,10.85,9.95,23.1,18.5,-72.16,33.14,unknown,unknown,terrestrial indet.,Nothokemas waldropi
M2,12.05,12.05,23.1,18.5,-72.16,33.14,unknown,unknown,terrestrial indet.,Nothokemas waldropi
M3,12.25,11.8,23.1,18.5,-72.16,33.14,unknown,unknown,terrestrial indet.,Nothokemas waldropi
m2,10.8,7.45,23.1,18.5,-72.16,33.14,unknown,unknown,terrestrial indet.,Nothokemas waldropi
m3,15.4,7.6,23.1,18.5,-72.16,33.14,unknown,unknown,terrestrial indet.,Nothokemas waldropi
M1,1.09,1.31,18.5,16.3,-75.25,32.13,Alachua,sandstone,terrestrial indet.,Nototamias hulberti
M2,1.23,1.53,18.5,16.3,-75.25,32.13,Alachua,sandstone,terrestrial indet.,Nototamias hulberti
M3,1.19,1.2,18.5,16.3,-75.25,32.13,Alachua,sandstone,terrestrial indet.,Nototamias hulberti
M1,1.51,1.83,23.1,18.5,-90.01,47.22,Harrison,unknown,terrestrial indet.,Nototamias quadratus
M2,1.51,1.83,23.1,18.5,-90.01,47.22,Harrison,unknown,terrestrial indet.,Nototamias quadratus
M3,1.48,1.73,23.1,18.5,-90.01,47.22,Harrison,unknown,terrestrial indet.,Nototamias quadratus
m2,1.45,1.345,23.1,18.5,-90.01,47.22,Harrison,unknown,terrestrial indet.,Nototamias quadratus
P4,1.23,1.43,24.7,23.1,-95.79,54.96,Cypress Hills,unknown,terrestrial indet.,Nototamias quadratus
M1,1.29,1.55,24.7,23.1,-95.79,54.96,Cypress Hills,unknown,terrestrial indet.,Nototamias quadratus
M2,1.29,1.55,24.7,23.1,-95.79,54.96,Cypress Hills,unknown,terrestrial indet.,Nototamias quadratus
p4,1.31,1.19,24.7,23.1,-95.79,54.96,Cypress Hills,unknown,terrestrial indet.,Nototamias quadratus
m2,1.54,1.38,24.7,23.1,-95.79,54.96,Cypress Hills,unknown,terrestrial indet.,Nototamias quadratus
P4,1.57,1.83,51.1,45.9,-87.05,47.75,Green River,sandstone,channel lag,Nyctitherium serotinum
M1,1.39,1.77,51.1,45.9,-87.05,47.75,Green River,sandstone,channel lag,Nyctitherium serotinum
M2,1.4333,1.7667,51.1,45.9,-87.05,47.75,Green River,sandstone,channel lag,Nyctitherium serotinum
p4,1.4857,0.9429,51.1,45.9,-87.05,47.75,Green River,sandstone,channel lag,Nyctitherium serotinum
m2,1.46,0.98,51.1,45.9,-87.05,47.75,Green River,sandstone,channel lag,Nyctitherium serotinum
M1,2.18,1.62,9.4,1.4,-83.09,41.51,unknown,unknown,terrestrial indet.,Ogmodontomys pipecreekensis
M2,1.89,1.38,9.4,1.4,-83.09,41.51,unknown,unknown,terrestrial indet.,Ogmodontomys pipecreekensis
M3,1.62,1.24,9.4,1.4,-83.09,41.51,unknown,unknown,terrestrial indet.,Ogmodontomys pipecreekensis
m2,1.77,1.33,9.4,1.4,-83.09,41.51,unknown,unknown,terrestrial indet.,Ogmodontomys pipecreekensis
P4,2.1,2.7,51.1,45.9,-87.38,49.45,Green River,unknown,terrestrial indet.,Omomys carteri
M1,2.2,2.8,51.1,45.9,-87.38,49.45,Green River,unknown,terrestrial indet.,Omomys carteri
M2,2.4,3.0,51.1,45.9,-87.38,49.45,Green River,unknown,terrestrial indet.,Omomys carteri
m2,2.2,2.0,51.1,45.9,-87.38,49.45,Green River,unknown,terrestrial indet.,Omomys carteri
M1,2.03,1.2667,4.7,1.4,-108.45,33.49,Gila Conglomerate,unknown,fluvial-lacustrine indet.,Onychomys pedroensis
M2,1.46,1.31,4.7,1.4,-108.45,33.49,Gila Conglomerate,unknown,fluvial-lacustrine indet.,Onychomys pedroensis
M3,0.94,0.96,4.7,1.4,-108.45,33.49,Gila Conglomerate,unknown,fluvial-lacustrine indet.,Onychomys pedroensis
P3,1.2667,2.0833,16.3,12.5,-104.57,47.65,Colter,unknown,terrestrial indet.,Oreolagus colteri
P4,1.3667,2.4167,16.3,12.5,-104.57,47.65,Colter,unknown,terrestrial indet.,Oreolagus colteri
M1,1.3667,2.4167,16.3,12.5,-104.57,47.65,Colter,unknown,terrestrial indet.,Oreolagus colteri
P3,1.5,2.54,18.5,16.3,-100.38,53.88,Cypress Hills,unknown,terrestrial indet.,Oreolagus nebrascensis
P4,1.625,2.82,18.5,16.3,-100.38,53.88,Cypress Hills,unknown,terrestrial indet.,Oreolagus nebrascensis
M1,1.28,2.16,18.5,16.3,-100.38,53.88,Cypress Hills,unknown,terrestrial indet.,Oreolagus nebrascensis
p3,1.14,1.41,18.5,16.3,-100.38,53.88,Cypress Hills,unknown,terrestrial indet.,Oreolagus nebrascensis
P3,1.4,2.7,16.3,12.5,-111.06,45.81,unknown,unknown,terrestrial indet.,Oreolagus wallacei
P4,1.7,2.8,16.3,12.5,-111.06,45.81,unknown,unknown,terrestrial indet.,Oreolagus wallacei
M1,1.6,2.7,16.3,12.5,-111.06,45.81,unknown,unknown,terrestrial indet.,Oreolagus wallacei
P3,1.5,2.3,18.5,16.3,-95.42,44.85,Pawnee Creek,unknown,channel,Oreolagus wilsoni
P4,1.6,2.9,18.5,16.3,-95.42,44.85,Pawnee Creek,unknown,channel,Oreolagus wilsoni
M1,1.5,2.9,18.5,16.3,-95.42,44.85,Pawnee Creek,unknown,channel,Oreolagus wilsoni
M1,6.9,8.1,51.1,45.9,-87.38,49.45,Bridger,unknown,terrestrial indet.,Orohippus pumilus
M2,7.4,8.9,51.1,45.9,-87.38,49.45,Bridger,unknown,terrestrial indet.,Orohippus pumilus
M3,7.3,9.4,51.1,45.9,-87.38,49.45,Bridger,unknown,terrestrial indet.,Orohippus pumilus
m2,7.8,5.35,51.1,45.9,-87.38,49.45,Bridger,unknown,terrestrial indet.,Orohippus pumilus
m3,9.7,4.9,51.1,45.9,-87.38,49.45,Bridger,unknown,terrestrial indet.,Orohippus pumilus
P4,16.9,10.1,18.5,16.3,-94.98,46.73,Runningwater,unknown,terrestrial indet.,Osbornodon scitulus
M1,12.2,15.1,18.5,16.3,-94.98,46.73,Runningwater,unknown,terrestrial indet.,Osbornodon scitulus
M2,7.8,10.7,18.5,16.3,-94.98,46.73,Runningwater,unknown,terrestrial indet.,Osbornodon scitulus
p4,6.2857,6.0,18.5,16.3,-94.98,46.73,Runningwater,unknown,terrestrial indet.,Osbornodon scitulus
m2,9.25,5.275,18.5,16.3,-94.98,46.73,Runningwater,unknown,terrestrial indet.,Osbornodon scitulus
P4,15.0,16.4,29.5,18.5,-71.63,31.26,unknown,claystone,fissure fill,Osbornodon wangi
M1,10.6,15.2,29.5,18.5,-71.63,31.26,unknown,claystone,fissure fill,Osbornodon wangi
M2,6.3,10.4,29.5,18.5,-71.63,31.26,unknown,claystone,fissure fill,Osbornodon wangi
M1,10.8,7.6,9.4,4.7,-115.41,36.19,Peace Valley Beds,sandstone,fluvial indet.,Ottoceros peacevalleyensis
M2,12.8,7.7,9.4,4.7,-115.41,36.19,Peace Valley Beds,sandstone,fluvial indet.,Ottoceros peacevalleyensis
M3,11.8,6.0,9.4,4.7,-115.41,36.19,Peace Valley Beds,sandstone,fluvial indet.,Ottoceros peacevalleyensis
M1,9.5,7.7,9.4,4.7,-115.41,36.19,Peace Valley Beds,sandstone,fluvial indet.,Ottoceros peacevalleyensis
M2,11.7,7.6,9.4,4.7,-115.41,36.19,Peace Valley Beds,sandstone,fluvial indet.,Ottoceros peacevalleyensis
M3,11.5,6.4,9.4,4.7,-115.41,36.19,Peace Valley Beds,sandstone,fluvial indet.,Ottoceros peacevalleyensis
m2,11.4,5.7,9.4,4.7,-115.41,36.19,Peace Valley Beds,sandstone,fluvial indet.,Ottoceros peacevalleyensis
m3,16.15,5.05,9.4,4.7,-115.41,36.19,Peace Valley Beds,sandstone,fluvial indet.,Ottoceros peacevalleyensis
M1,3.8,4.8,45.9,39.7,-89.36,47.16,Uinta,unknown,terrestrial indet.,Ourayia uintensis
M2,4.1,5.2,45.9,39.7,-89.36,47.16,Uinta,unknown,terrestrial indet.,Ourayia uintensis
M3,3.8,4.8,45.9,39.7,-89.36,47.16,Uinta,unknown,terrestrial indet.,Ourayia uintensis
M1,5.0,5.8,66.0,63.4,-68.59,59.89,Ravenscrag,sandstone,terrestrial indet.,Oxyclaenus corax
M2,5.5,6.2,66.0,63.4,-68.59,59.89,Ravenscrag,sandstone,terrestrial indet.,Oxyclaenus corax
M3,3.77,5.58,66.0,63.4,-68.59,59.89,Ravenscrag,sandstone,terrestrial indet.,Oxyclaenus corax
m2,5.4,4.35,66.0,63.4,-68.59,59.89,Ravenscrag,sandstone,terrestrial indet.,Oxyclaenus corax
M1,2.1967,1.6433,29.5,18.5,-102.1,50.8,Peterson Creek Beds,unknown,terrestrial indet.,Paciculus montanus
M2,1.68,1.6867,29.5,18.5,-102.1,50.8,Peterson Creek Beds,unknown,terrestrial indet.,Paciculus montanus
M3,1.3,1.38,29.5,18.5,-102.1,50.8,Peterson Creek Beds,unknown,terrestrial indet.,Paciculus montanus
m2,1.8633,1.5967,29.5,18.5,-102.1,50.8,Peterson Creek Beds,unknown,terrestrial indet.,Paciculus montanus
m3,1.75,1.51,29.5,18.5,-102.1,50.8,Peterson Creek Beds,unknown,terrestrial indet.,Paciculus montanus
M1,2.45,1.77,23.1,18.5,-90.01,47.22,Harrison,unknown,terrestrial indet.,Paciculus nebraskensis
M2,1.89,1.72,23.1,18.5,-90.01,47.22,Harrison,unknown,terrestrial indet.,Paciculus nebraskensis
M3,1.46,1.6,23.1,18.5,-90.01,47.22,Harrison,unknown,terrestrial indet.,Paciculus nebraskensis
m2,1.97,1.62,23.1,18.5,-90.01,47.22,Harrison,unknown,terrestrial indet.,Paciculus nebraskensis
m3,1.82,1.59,23.1,18.5,-90.01,47.22,Harrison,unknown,terrestrial indet.,Paciculus nebraskensis
M1,2.27,1.72,24.7,23.1,-95.79,54.96,Cypress Hills,unknown,terrestrial indet.,Paciculus nebraskensis
M2,1.8,1.79,24.7,23.1,-95.79,54.96,Cypress Hills,unknown,terrestrial indet.,Paciculus nebraskensis
M3,1.72,1.86,24.7,23.1,-95.79,54.96,Cypress Hills,unknown,terrestrial indet.,Paciculus nebraskensis
m2,1.88,1.54,24.7,23.1,-95.79,54.96,Cypress Hills,unknown,terrestrial indet.,Paciculus nebraskensis
m3,1.73,1.43,24.7,23.1,-95.79,54.96,Cypress Hills,unknown,terrestrial indet.,Paciculus nebraskensis
M1,6.7,7.7,4.7,1.4,-99.15,37.91,Rexroad,unknown,terrestrial indet.,Paenemarmota barbouri
M2,7.4,8.6,4.7,1.4,-99.15,37.91,Rexroad,unknown,terrestrial indet.,Paenemarmota barbouri
M3,8.0,7.2,4.7,1.4,-99.15,37.91,Rexroad,unknown,terrestrial indet.,Paenemarmota barbouri
m2,7.65,8.55,4.7,1.4,-99.15,37.91,Rexroad,unknown,terrestrial indet.,Paenemarmota barbouri
m3,10.05,9.0,4.7,1.4,-99.15,37.91,Rexroad,unknown,terrestrial indet.,Paenemarmota barbouri
M1,7.3,8.1,4.7,1.4,-100.21,20.42,Goleta,unknown,terrestrial indet.,Paenemarmota barbouri
M2,7.4,9.3,4.7,1.4,-100.21,20.42,Goleta,unknown,terrestrial indet.,Paenemarmota barbouri
M3,9.6,9.3,4.7,1.4,-100.21,20.42,Goleta,unknown,terrestrial indet.,Paenemarmota barbouri
m2,7.9,8.2,4.7,1.4,-100.21,20.42,Goleta,unknown,terrestrial indet.,Paenemarmota barbouri
M1,7.6,9.0,9.4,4.7,-105.37,30.85,unknown,unknown,terrestrial indet.,Paenemarmota mexicana
M2,7.8,8.9,9.4,4.7,-105.37,30.85,unknown,unknown,terrestrial indet.,Paenemarmota mexicana
M3,8.1,8.8,9.4,4.7,-105.37,30.85,unknown,unknown,terrestrial indet.,Paenemarmota mexicana
m2,7.9,8.7,9.4,4.7,-105.37,30.85,unknown,unknown,terrestrial indet.,Paenemarmota mexicana
m3,9.4,8.3,9.4,4.7,-105.37,30.85,unknown,unknown,terrestrial indet.,Paenemarmota mexicana
P4,2.34,2.54,63.4,60.9,-74.08,51.29,Fort Union,unknown,terrestrial indet.,Plesiolestes problematicus
M1,2.46,3.29,63.4,60.9,-74.08,51.29,Fort Union,unknown,terrestrial indet.,Plesiolestes problematicus
M2,2.37,3.68,63.4,60.9,-74.08,51.29,Fort Union,unknown,terrestrial indet.,Plesiolestes problematicus
p4,2.2,1.35,63.4,60.9,-74.08,51.29,Fort Union,unknown,terrestrial indet.,Plesiolestes problematicus
m2,2.39,1.83,63.4,60.9,-74.08,51.29,Fort Union,unknown,terrestrial indet.,Plesiolestes problematicus
P3,1.568,2.432,33.9,31.8,-91.61,49.36,unknown,siltstone,lacustrine - small,Palaeolagus burkei
P4,1.6,2.45,33.9,31.8,-91.61,49.36,unknown,siltstone,lacustrine - small,Palaeolagus burkei
M1,1.55,2.813,33.9,31.8,-91.61,49.36,unknown,siltstone,lacustrine - small,Palaeolagus burkei
p3,2.005,1.695,33.9,31.8,-91.61,49.36,unknown,siltstone,lacustrine - small,Palaeolagus burkei
p4,1.783,1.89,33.9,31.8,-91.61,49.36,unknown,siltstone,lacustrine - small,Palaeolagus burkei
P3,1.8,3.1,29.5,18.5,-98.93,52.07,unknown,unknown,terrestrial indet.,Palaeolagus hypsodus
P4,1.8,3.3,29.5,18.5,-98.93,52.07,unknown,unknown,terrestrial indet.,Palaeolagus hypsodus
M1,1.8,3.3,29.5,18.5,-98.93,52.07,unknown,unknown,terrestrial indet.,Palaeolagus hypsodus
P4,2.0,3.3,37.0,33.9,-90.2,49.33,White River,unknown,terrestrial indet.,Palaeolagus primus
M1,1.8,2.8,37.0,33.9,-90.2,49.33,White River,unknown,terrestrial indet.,Palaeolagus primus
M2,1.7,2.5,37.0,33.9,-90.2,49.33,White River,unknown,terrestrial indet.,Palaeolagus primus
P3,1.91,2.9,37.0,33.9,-91.37,55.94,Cypress Hills,unknown,terrestrial indet.,Palaeolagus temnodon
P4,1.82,3.1,37.0,33.9,-91.37,55.94,Cypress Hills,unknown,terrestrial indet.,Palaeolagus temnodon
M1,2.085,3.08,37.0,33.9,-91.37,55.94,Cypress Hills,unknown,terrestrial indet.,Palaeolagus temnodon
p3,1.6,1.57,37.0,33.9,-91.37,55.94,Cypress Hills,unknown,terrestrial indet.,Palaeolagus temnodon
p4,1.95,2.1,37.0,33.9,-91.37,55.94,Cypress Hills,unknown,terrestrial indet.,Palaeolagus temnodon
M1,2.28,3.41,60.9,57.5,-79.72,51.28,Wasatch,unknown,terrestrial indet.,Palaeoryctes cruoris
M2,2.28,3.41,60.9,57.5,-79.72,51.28,Wasatch,unknown,terrestrial indet.,Palaeoryctes cruoris
M3,2.0,4.0,60.9,57.5,-79.72,51.28,Wasatch,unknown,terrestrial indet.,Palaeoryctes cruoris
m2,2.35,1.9,60.9,57.5,-79.72,51.28,Wasatch,unknown,terrestrial indet.,Palaeoryctes cruoris
m3,2.41,1.83,60.9,57.5,-79.72,51.28,Wasatch,unknown,terrestrial indet.,Palaeoryctes cruoris
M1,4.6,6.5,60.9,57.5,-78.57,51.99,Hoback,unknown,terrestrial indet.,Palaeosinopa dorri
M2,4.8,7.3,60.9,57.5,-78.57,51.99,Hoback,unknown,terrestrial indet.,Palaeosinopa dorri
M3,3.5,7.5,60.9,57.5,-78.57,51.99,Hoback,unknown,terrestrial indet.,Palaeosinopa dorri
M1,27.6,29.7,51.1,45.9,-85.53,49.05,Bridger,unknown,terrestrial indet.,Palaeosyops robustus
M2,36.3,36.6,51.1,45.9,-85.53,49.05,Bridger,unknown,terrestrial indet.,Palaeosyops robustus
M3,36.5,37.9,51.1,45.9,-85.53,49.05,Bridger,unknown,terrestrial indet.,Palaeosyops robustus
m2,29.5,20.4,51.1,45.9,-85.53,49.05,Bridger,unknown,terrestrial indet.,Palaeosyops robustus
m3,40.0,21.8,51.1,45.9,-85.53,49.05,Bridger,unknown,terrestrial indet.,Palaeosyops robustus
P4,3.02,2.78,4.7,0.21,-108.48,33.37,Gila Conglomerate,siltstone,fluvial indet.,Cratogeomys sansimonensis
M1,1.52,2.84,4.7,0.21,-108.48,33.37,Gila Conglomerate,siltstone,fluvial indet.,Cratogeomys sansimonensis
M2,1.56,2.92,4.7,0.21,-108.48,33.37,Gila Conglomerate,siltstone,fluvial indet.,Cratogeomys sansimonensis
P4,3.02,2.54,4.7,0.21,-108.48,33.37,Gila Conglomerate,siltstone,fluvial indet.,Cratogeomys sansimonensis
M1,1.26,2.64,4.7,0.21,-108.48,33.37,Gila Conglomerate,siltstone,fluvial indet.,Cratogeomys sansimonensis
M2,1.26,2.56,4.7,0.21,-108.48,33.37,Gila Conglomerate,siltstone,fluvial indet.,Cratogeomys sansimonensis
P4,2.39,1.87,4.7,1.4,-99.15,37.91,Rexroad,unknown,terrestrial indet.,Paracryptotis rex
M1,2.18,2.15,4.7,1.4,-99.15,37.91,Rexroad,unknown,terrestrial indet.,Paracryptotis rex
M2,1.47,1.98,4.7,1.4,-99.15,37.91,Rexroad,unknown,terrestrial indet.,Paracryptotis rex
m2,1.92,1.2,4.7,1.4,-99.15,37.91,Rexroad,unknown,terrestrial indet.,Paracryptotis rex
P4,8.3,4.0,29.5,24.7,-88.74,48.37,Sharps,unknown,terrestrial indet.,Paradaphoenus tooheyi
M1,6.2,9.3,29.5,24.7,-88.74,48.37,Sharps,unknown,terrestrial indet.,Paradaphoenus tooheyi
M2,4.5,7.5,29.5,24.7,-88.74,48.37,Sharps,unknown,terrestrial indet.,Paradaphoenus tooheyi
P4,1.432,1.405,33.9,31.8,-91.61,49.36,unknown,siltstone,lacustrine - small,Paradjidaumo trilophus
M1,1.384,1.519,33.9,31.8,-91.61,49.36,unknown,siltstone,lacustrine - small,Paradjidaumo trilophus
M2,1.389,1.542,33.9,31.8,-91.61,49.36,unknown,siltstone,lacustrine - small,Paradjidaumo trilophus
p4,1.387,1.164,33.9,31.8,-91.61,49.36,unknown,siltstone,lacustrine - small,Paradjidaumo trilophus
m2,1.366,1.482,33.9,31.8,-91.61,49.36,unknown,siltstone,lacustrine - small,Paradjidaumo trilophus
P4,1.19,1.18,39.7,37.0,-100.3,38.92,Sespe,unknown,terrestrial indet.,Paradjidaumo (Macroadjidaumo) reynoldsi
M1,1.25,1.38,39.7,37.0,-100.3,38.92,Sespe,unknown,terrestrial indet.,Paradjidaumo (Macroadjidaumo) reynoldsi
M2,1.25,1.38,39.7,37.0,-100.3,38.92,Sespe,unknown,terrestrial indet.,Paradjidaumo (Macroadjidaumo) reynoldsi
P4,1.6,1.7,33.9,31.8,-95.92,53.11,unknown,unknown,terrestrial indet.,Paradjidaumo (Paradjidaumo) spokanensis
M1,1.5,1.9,33.9,31.8,-95.92,53.11,unknown,unknown,terrestrial indet.,Paradjidaumo (Paradjidaumo) spokanensis
M2,1.5,1.9,33.9,31.8,-95.92,53.11,unknown,unknown,terrestrial indet.,Paradjidaumo (Paradjidaumo) spokanensis
P4,1.965,1.435,16.3,12.5,-109.76,46.69,Butte Creek,volcaniclastic,terrestrial indet.,Paradomnina relictus
M1,1.825,1.765,16.3,12.5,-109.76,46.69,Butte Creek,volcaniclastic,terrestrial indet.,Paradomnina relictus
M2,1.59,1.825,16.3,12.5,-109.76,46.69,Butte Creek,volcaniclastic,terrestrial indet.,Paradomnina relictus
M1,19.5,19.4,16.3,12.5,-112.28,36.9,Caliente,unknown,terrestrial indet.,Paramiolabis taylori
M2,29.2,21.4,16.3,12.5,-112.28,36.9,Caliente,unknown,terrestrial indet.,Paramiolabis taylori
M3,34.7,22.2,16.3,12.5,-112.28,36.9,Caliente,unknown,terrestrial indet.,Paramiolabis taylori
M1,2.9,3.8,56.0,51.1,-80.68,50.99,Wind River,unknown,terrestrial indet.,Paramys copei
M2,3.12,3.78,56.0,51.1,-80.68,50.99,Wind River,unknown,terrestrial indet.,Paramys copei
M3,3.55,3.5,56.0,51.1,-80.68,50.99,Wind River,unknown,terrestrial indet.,Paramys copei
M1,3.485,4.14,56.0,51.1,-80.68,50.99,Wind River,unknown,terrestrial indet.,Paramys copei
M2,3.6,4.105,56.0,51.1,-80.68,50.99,Wind River,unknown,terrestrial indet.,Paramys copei
M3,3.65,3.82,56.0,51.1,-80.68,50.99,Wind River,unknown,terrestrial indet.,Paramys copei
M1,1.29,1.5,9.4,4.7,-109.92,44.95,Starlight,claystone,fluvial-lacustrine indet.,Paratamias tarassus
M2,1.39,1.63,9.4,4.7,-109.92,44.95,Starlight,claystone,fluvial-lacustrine indet.,Paratamias tarassus
M3,1.47,1.61,9.4,4.7,-109.92,44.95,Starlight,claystone,fluvial-lacustrine indet.,Paratamias tarassus
m2,1.465,1.36,9.4,4.7,-109.92,44.95,Starlight,claystone,fluvial-lacustrine indet.,Paratamias tarassus
m3,1.7,1.63,9.4,4.7,-109.92,44.95,Starlight,claystone,fluvial-lacustrine indet.,Paratamias tarassus
M1,12.4,13.9,23.04,15.98,-85.97,20.77,Balumtum Sandstone,conglomerate,terrestrial indet.,Paratoceras tedfordi
M2,14.0,16.6,23.04,15.98,-85.97,20.77,Balumtum Sandstone,conglomerate,terrestrial indet.,Paratoceras tedfordi
M3,14.5,17.0,23.04,15.98,-85.97,20.77,Balumtum Sandstone,conglomerate,terrestrial indet.,Paratoceras tedfordi
M1,1.692,1.137,9.4,4.7,-107.91,34.61,Quiburis,unknown,terrestrial indet.,Paronychomys lemredfieldi
M2,1.28,1.114,9.4,4.7,-107.91,34.61,Quiburis,unknown,terrestrial indet.,Paronychomys lemredfieldi
M3,0.853,0.87,9.4,4.7,-107.91,34.61,Quiburis,unknown,terrestrial indet.,Paronychomys lemredfieldi
M1,1.98,1.372,9.4,4.7,-107.91,34.61,Quiburis,unknown,terrestrial indet.,Paronychomys tuttlei
M2,1.58,1.346,9.4,4.7,-107.91,34.61,Quiburis,unknown,terrestrial indet.,Paronychomys tuttlei
M3,1.27,1.27,9.4,4.7,-107.91,34.61,Quiburis,unknown,terrestrial indet.,Paronychomys tuttlei
M1,1.24,1.22,45.9,39.7,-82.01,33.29,Laredo,sandstone,estuary/bay,Pauromys simplex
M2,1.21,1.22,45.9,39.7,-82.01,33.29,Laredo,sandstone,estuary/bay,Pauromys simplex
M3,1.1,1.17,45.9,39.7,-82.01,33.29,Laredo,sandstone,estuary/bay,Pauromys simplex
M1,1.24,1.24,45.9,39.7,-86.48,36.39,Devil's Graveyard,unknown,terrestrial indet.,Pauromys texensis
M2,1.26,1.2,45.9,39.7,-86.48,36.39,Devil's Graveyard,unknown,terrestrial indet.,Pauromys texensis
M3,1.16,1.19,45.9,39.7,-86.48,36.39,Devil's Graveyard,unknown,terrestrial indet.,Pauromys texensis
M1,1.18,1.26,45.9,39.7,-85.58,35.54,Devil's Graveyard,unknown,terrestrial indet.,Pauromys texensis
M2,1.22,1.24,45.9,39.7,-85.58,35.54,Devil's Graveyard,unknown,terrestrial indet.,Pauromys texensis
M3,1.12,1.33,45.9,39.7,-85.58,35.54,Devil's Graveyard,unknown,terrestrial indet.,Pauromys texensis
P4,15.1,16.1,33.9,31.8,-88.37,47.64,Brule,unknown,terrestrial indet.,Miohippus obliquidens
M1,15.0,17.6,33.9,31.8,-88.37,47.64,Brule,unknown,terrestrial indet.,Miohippus obliquidens
M2,15.4,17.7,33.9,31.8,-88.37,47.64,Brule,unknown,terrestrial indet.,Miohippus obliquidens
P4,13.92,16.12,33.9,31.8,-88.37,47.64,Brule,unknown,terrestrial indet.,Miohippus obliquidens
M1,14.24,16.24,33.9,31.8,-88.37,47.64,Brule,unknown,terrestrial indet.,Miohippus obliquidens
M2,14.3,16.7,33.9,31.8,-88.37,47.64,Brule,unknown,terrestrial indet.,Miohippus obliquidens
M1,1.92,2.31,72.2,66.0,-66.02,53.68,Lance,sandstone,terrestrial indet.,Leptalestes cooki
M2,2.19,2.97,72.2,66.0,-66.02,53.68,Lance,sandstone,terrestrial indet.,Leptalestes cooki
M3,2.3,3.34,72.2,66.0,-66.02,53.68,Lance,sandstone,terrestrial indet.,Leptalestes cooki
M1,2.06,2.35,72.2,66.0,-65.92,53.69,Lance,shale,terrestrial indet.,Leptalestes cooki
M2,2.24,2.95,72.2,66.0,-65.92,53.69,Lance,shale,terrestrial indet.,Leptalestes cooki
M3,2.27,3.2,72.2,66.0,-65.92,53.69,Lance,shale,terrestrial indet.,Leptalestes cooki
M1,1.85,2.21,72.2,66.0,-66.02,53.68,Lance,sandstone,terrestrial indet.,Pediomys elegans
M2,1.99,2.67,72.2,66.0,-66.02,53.68,Lance,sandstone,terrestrial indet.,Pediomys elegans
M3,1.85,2.69,72.2,66.0,-66.02,53.68,Lance,sandstone,terrestrial indet.,Pediomys elegans
M1,1.74,2.2,72.2,66.0,-65.92,53.69,Lance,shale,terrestrial indet.,Pediomys elegans
M2,1.97,2.72,72.2,66.0,-65.92,53.69,Lance,shale,terrestrial indet.,Pediomys elegans
M3,1.89,2.81,72.2,66.0,-65.92,53.69,Lance,shale,terrestrial indet.,Pediomys elegans
M1,2.0,2.45,72.2,66.0,-65.85,53.65,Lance,sandstone,terrestrial indet.,Pediomys elegans
M2,2.1,2.9,72.2,66.0,-65.85,53.65,Lance,sandstone,terrestrial indet.,Pediomys elegans
M3,2.05,2.9,72.2,66.0,-65.85,53.65,Lance,sandstone,terrestrial indet.,Pediomys elegans
M1,2.22,2.58,72.2,66.0,-65.32,60.38,Frenchman,siltstone,floodplain,Pediomys elegans
M2,2.05,2.63,72.2,66.0,-65.32,60.38,Frenchman,siltstone,floodplain,Pediomys elegans
M3,1.86,2.76,72.2,66.0,-65.32,60.38,Frenchman,siltstone,floodplain,Pediomys elegans
m2,1.85,1.13,72.2,66.0,-65.32,60.38,Frenchman,siltstone,floodplain,Pediomys elegans
m3,1.77,1.26,72.2,66.0,-65.32,60.38,Frenchman,siltstone,floodplain,Pediomys elegans
M1,1.5,1.55,72.2,66.0,-74.19,48.42,unknown,unknown,terrestrial indet.,Leptalestes prokrejcii
M2,1.6,2.2,72.2,66.0,-74.19,48.42,unknown,unknown,terrestrial indet.,Leptalestes prokrejcii
M3,1.95,2.5,72.2,66.0,-74.19,48.42,unknown,unknown,terrestrial indet.,Leptalestes prokrejcii
m3,1.75,1.1,72.2,66.0,-74.19,48.42,unknown,unknown,terrestrial indet.,Leptalestes prokrejcii
M1,3.36,3.79,72.2,66.0,-66.02,53.68,Lance,sandstone,terrestrial indet.,Protolambda florencae
M2,4.04,5.18,72.2,66.0,-66.02,53.68,Lance,sandstone,terrestrial indet.,Protolambda florencae
M3,4.43,5.9,72.2,66.0,-66.02,53.68,Lance,sandstone,terrestrial indet.,Protolambda florencae
M1,3.37,3.91,72.2,66.0,-65.92,53.69,Lance,shale,terrestrial indet.,Protolambda florencae
M2,4.1,5.11,72.2,66.0,-65.92,53.69,Lance,shale,terrestrial indet.,Protolambda florencae
M3,4.62,6.28,72.2,66.0,-65.92,53.69,Lance,shale,terrestrial indet.,Protolambda florencae
M1,2.66,3.26,72.2,66.0,-66.02,53.68,Lance,sandstone,terrestrial indet.,Protolambda hatcheri
M2,3.34,4.28,72.2,66.0,-66.02,53.68,Lance,sandstone,terrestrial indet.,Protolambda hatcheri
M3,3.43,4.6,72.2,66.0,-66.02,53.68,Lance,sandstone,terrestrial indet.,Protolambda hatcheri
M1,2.81,3.31,72.2,66.0,-65.92,53.69,Lance,shale,terrestrial indet.,Protolambda hatcheri
M2,3.34,4.17,72.2,66.0,-65.92,53.69,Lance,shale,terrestrial indet.,Protolambda hatcheri
M3,3.5,4.69,72.2,66.0,-65.92,53.69,Lance,shale,terrestrial indet.,Protolambda hatcheri
M1,1.5,1.725,72.2,66.0,-66.02,53.68,Lance,sandstone,terrestrial indet.,Leptalestes krejcii
M2,1.6,2.22,72.2,66.0,-66.02,53.68,Lance,sandstone,terrestrial indet.,Leptalestes krejcii
M3,1.67,2.32,72.2,66.0,-66.02,53.68,Lance,sandstone,terrestrial indet.,Leptalestes krejcii
M1,1.6,1.95,72.2,66.0,-65.92,53.69,Lance,shale,terrestrial indet.,Leptalestes krejcii
M2,1.625,2.25,72.2,66.0,-65.92,53.69,Lance,shale,terrestrial indet.,Leptalestes krejcii
M3,1.62,2.4,72.2,66.0,-65.92,53.69,Lance,shale,terrestrial indet.,Leptalestes krejcii
M1,5.4,6.7,56.0,51.1,-82.05,44.29,San Jose,unknown,terrestrial indet.,Pelycodus jarrovii
M2,5.8,7.1,56.0,51.1,-82.05,44.29,San Jose,unknown,terrestrial indet.,Pelycodus jarrovii
M3,5.3,7.0,56.0,51.1,-82.05,44.29,San Jose,unknown,terrestrial indet.,Pelycodus jarrovii
m2,5.75,5.3,56.0,51.1,-82.05,44.29,San Jose,unknown,terrestrial indet.,Pelycodus jarrovii
m3,7.3,4.8,56.0,51.1,-82.05,44.29,San Jose,unknown,terrestrial indet.,Pelycodus jarrovii
P4,3.5,4.7,56.0,51.1,-80.94,52.67,Willwood,wackestone,wet floodplain,Cantius mckennai
M1,4.0,5.4,56.0,51.1,-80.94,52.67,Willwood,wackestone,wet floodplain,Cantius mckennai
M2,3.8,6.8,56.0,51.1,-80.94,52.67,Willwood,wackestone,wet floodplain,Cantius mckennai
p4,3.2,2.6,56.0,51.1,-80.94,52.67,Willwood,wackestone,wet floodplain,Cantius mckennai
m2,4.4,3.9,56.0,51.1,-80.94,52.67,Willwood,wackestone,wet floodplain,Cantius mckennai
P4,3.38,4.45,56.0,51.1,-81.07,52.21,Willwood,unknown,terrestrial indet.,Cantius ralstoni
M1,3.6,5.23,56.0,51.1,-81.07,52.21,Willwood,unknown,terrestrial indet.,Cantius ralstoni
M2,3.64,5.93,56.0,51.1,-81.07,52.21,Willwood,unknown,terrestrial indet.,Cantius ralstoni
p4,3.14,2.46,56.0,51.1,-81.07,52.21,Willwood,unknown,terrestrial indet.,Cantius ralstoni
m2,3.71,3.44,56.0,51.1,-81.07,52.21,Willwood,unknown,terrestrial indet.,Cantius ralstoni
M1,2.16,3.17,33.9,31.8,-87.83,47.98,Brule,unknown,terrestrial indet.,Pelycomys brulanus
M2,2.5,3.26,33.9,31.8,-87.83,47.98,Brule,unknown,terrestrial indet.,Pelycomys brulanus
M3,2.84,3.2,33.9,31.8,-87.83,47.98,Brule,unknown,terrestrial indet.,Pelycomys brulanus
m2,2.65,2.59,33.9,31.8,-87.83,47.98,Brule,unknown,terrestrial indet.,Pelycomys brulanus
M1,2.41,3.09,33.9,31.8,-91.61,49.36,unknown,siltstone,lacustrine - small,Pelycomys placidus
M2,2.49,3.27,33.9,31.8,-91.61,49.36,unknown,siltstone,lacustrine - small,Pelycomys placidus
M3,2.7,2.815,33.9,31.8,-91.61,49.36,unknown,siltstone,lacustrine - small,Pelycomys placidus
m2,2.615,2.895,33.9,31.8,-91.61,49.36,unknown,siltstone,lacustrine - small,Pelycomys placidus
m3,3.335,2.685,33.9,31.8,-91.61,49.36,unknown,siltstone,lacustrine - small,Pelycomys placidus
M1,26.8,40.4,16.3,12.5,-89.33,33.57,Fleming,unknown,terrestrial indet.,Peraceras hessei
M2,30.0,41.0,16.3,12.5,-89.33,33.57,Fleming,unknown,terrestrial indet.,Peraceras hessei
M3,36.7,37.0,16.3,12.5,-89.33,33.57,Fleming,unknown,terrestrial indet.,Peraceras hessei
M1,37.6,58.0,16.3,12.5,-100.42,39.05,Tesuque,unknown,terrestrial indet.,Peraceras profectum
M2,43.2,61.0,16.3,12.5,-100.42,39.05,Tesuque,unknown,terrestrial indet.,Peraceras profectum
M3,45.8,59.0,16.3,12.5,-100.42,39.05,Tesuque,unknown,terrestrial indet.,Peraceras profectum
M1,1.4,1.1,51.1,45.9,-87.05,47.75,Green River,sandstone,channel lag,Peradectes chesteri
M2,1.5,1.6,51.1,45.9,-87.05,47.75,Green River,sandstone,channel lag,Peradectes chesteri
M3,1.3,1.7,51.1,45.9,-87.05,47.75,Green River,sandstone,channel lag,Peradectes chesteri
m3,1.4,0.8,51.1,45.9,-87.05,47.75,Green River,sandstone,channel lag,Peradectes chesteri
M1,1.6,1.5,60.9,57.5,-78.5,46.09,unknown,shale,fissure fill,Peradectes elegans
M2,1.6,1.7,60.9,57.5,-78.5,46.09,unknown,shale,fissure fill,Peradectes elegans
M3,1.4,1.9,60.9,57.5,-78.5,46.09,unknown,shale,fissure fill,Peradectes elegans
m2,1.7,1.0,60.9,57.5,-78.5,46.09,unknown,shale,fissure fill,Peradectes elegans
m3,1.7,1.0,60.9,57.5,-78.5,46.09,unknown,shale,fissure fill,Peradectes elegans
M1,1.6,1.4,56.0,51.1,-81.69,48.47,Wasatch,unknown,terrestrial indet.,Peradectes protinnominatus
M2,1.5,1.7,56.0,51.1,-81.69,48.47,Wasatch,unknown,terrestrial indet.,Peradectes protinnominatus
M3,1.4,2.0,56.0,51.1,-81.69,48.47,Wasatch,unknown,terrestrial indet.,Peradectes protinnominatus
m2,1.6,1.025,56.0,51.1,-81.69,48.47,Wasatch,unknown,terrestrial indet.,Peradectes protinnominatus
M1,1.78,1.58,51.1,45.9,-87.05,47.75,Green River,sandstone,channel lag,Herpetotherium innominatum
M2,1.82,1.87,51.1,45.9,-87.05,47.75,Green River,sandstone,channel lag,Herpetotherium innominatum
M3,1.79,2.03,51.1,45.9,-87.05,47.75,Green River,sandstone,channel lag,Herpetotherium innominatum
m2,1.88,1.07,51.1,45.9,-87.05,47.75,Green River,sandstone,channel lag,Herpetotherium innominatum
m3,1.88,1.07,51.1,45.9,-87.05,47.75,Green River,sandstone,channel lag,Herpetotherium innominatum
M1,1.9,1.6,51.1,45.9,-85.65,49.81,Bridger,unknown,terrestrial indet.,Herpetotherium knighti
M2,2.05,2.0,51.1,45.9,-85.65,49.81,Bridger,unknown,terrestrial indet.,Herpetotherium knighti
M3,2.05,2.2,51.1,45.9,-85.65,49.81,Bridger,unknown,terrestrial indet.,Herpetotherium knighti
m2,2.2,1.4,51.1,45.9,-85.65,49.81,Bridger,unknown,terrestrial indet.,Herpetotherium knighti
m3,2.3,1.4,51.1,45.9,-85.65,49.81,Bridger,unknown,terrestrial indet.,Herpetotherium knighti
M1,2.6,2.3667,51.1,45.9,-87.05,47.75,Green River,sandstone,channel lag,Herpetotherium marsupium
M2,2.55,2.7,51.1,45.9,-87.05,47.75,Green River,sandstone,channel lag,Herpetotherium marsupium
M3,2.625,3.125,51.1,45.9,-87.05,47.75,Green River,sandstone,channel lag,Herpetotherium marsupium
m2,2.7,1.7,51.1,45.9,-87.05,47.75,Green River,sandstone,channel lag,Herpetotherium marsupium
m3,2.85,1.6,51.1,45.9,-87.05,47.75,Green River,sandstone,channel lag,Herpetotherium marsupium
M1,1.788,1.944,33.9,31.8,-91.61,49.36,unknown,siltstone,lacustrine - small,Herpetotherium fugax
M2,1.836,2.098,33.9,31.8,-91.61,49.36,unknown,siltstone,lacustrine - small,Herpetotherium fugax
M3,1.887,2.433,33.9,31.8,-91.61,49.36,unknown,siltstone,lacustrine - small,Herpetotherium fugax
m2,1.925,1.119,33.9,31.8,-91.61,49.36,unknown,siltstone,lacustrine - small,Herpetotherium fugax
m3,2.005,1.181,33.9,31.8,-91.61,49.36,unknown,siltstone,lacustrine - small,Herpetotherium fugax
P4,2.11,2.12,16.3,12.5,-104.9,49.7,Madison Valley,sandstone,channel,Peridiomys halis
M1,1.57,2.11,16.3,12.5,-104.9,49.7,Madison Valley,sandstone,channel,Peridiomys halis
M2,1.47,1.92,16.3,12.5,-104.9,49.7,Madison Valley,sandstone,channel,Peridiomys halis
p4,1.84,1.64,16.3,12.5,-104.9,49.7,Madison Valley,sandstone,channel,Peridiomys halis
m2,1.5,1.94,16.3,12.5,-104.9,49.7,Madison Valley,sandstone,channel,Peridiomys halis
P3,11.7,14.6,63.4,60.9,-79.23,50.21,North Horn,unknown,terrestrial indet.,Periptychus carinidens
P4,10.5,14.0,63.4,60.9,-79.23,50.21,North Horn,unknown,terrestrial indet.,Periptychus carinidens
M1,9.2,14.2,63.4,60.9,-79.23,50.21,North Horn,unknown,terrestrial indet.,Periptychus carinidens
p4,11.0,9.6,63.4,60.9,-79.23,50.21,North Horn,unknown,terrestrial indet.,Periptychus carinidens
P4,0.95,1.01,16.3,12.5,-104.9,49.7,Madison Valley,sandstone,channel,Perognathus ancenensis
M1,0.91,1.15,16.3,12.5,-104.9,49.7,Madison Valley,sandstone,channel,Perognathus ancenensis
M2,0.83,1.075,16.3,12.5,-104.9,49.7,Madison Valley,sandstone,channel,Perognathus ancenensis
p4,1.07,0.95,16.3,12.5,-104.9,49.7,Madison Valley,sandstone,channel,Perognathus ancenensis
P4,1.5,1.5,12.5,9.4,-113.77,36.46,MR Caliente,unknown,terrestrial indet.,Perognathus furlongi
M1,1.0,1.4,12.5,9.4,-113.77,36.46,MR Caliente,unknown,terrestrial indet.,Perognathus furlongi
M2,0.9,1.2,12.5,9.4,-113.77,36.46,MR Caliente,unknown,terrestrial indet.,Perognathus furlongi
P4,1.03,1.19,4.7,1.4,-108.1,33.49,Gila Conglomerate,marl,lacustrine indet.,Perognathus gidleyi
M1,0.89,1.24,4.7,1.4,-108.1,33.49,Gila Conglomerate,marl,lacustrine indet.,Perognathus gidleyi
M2,0.79,1.07,4.7,1.4,-108.1,33.49,Gila Conglomerate,marl,lacustrine indet.,Perognathus gidleyi
P4,1.01,1.138,9.4,4.7,-107.91,34.61,Quiburis,unknown,terrestrial indet.,Perognathus mclaughlini
M1,0.896,1.175,9.4,4.7,-107.91,34.61,Quiburis,unknown,terrestrial indet.,Perognathus mclaughlini
M2,0.811,1.025,9.4,4.7,-107.91,34.61,Quiburis,unknown,terrestrial indet.,Perognathus mclaughlini
M1,1.54,1.0,12.5,9.4,-111.49,46.16,Juntura,unknown,terrestrial indet.,Copemys dentalis
M2,1.21,0.99,12.5,9.4,-111.49,46.16,Juntura,unknown,terrestrial indet.,Copemys dentalis
M3,0.96,0.92,12.5,9.4,-111.49,46.16,Juntura,unknown,terrestrial indet.,Copemys dentalis
m2,1.24,0.93,12.5,9.4,-111.49,46.16,Juntura,unknown,terrestrial indet.,Copemys dentalis
m3,1.02,0.84,12.5,9.4,-111.49,46.16,Juntura,unknown,terrestrial indet.,Copemys dentalis
M1,1.74,1.08,12.5,9.4,-111.49,46.16,Juntura,unknown,terrestrial indet.,Copemys esmeraldensis
M2,1.38,1.07,12.5,9.4,-111.49,46.16,Juntura,unknown,terrestrial indet.,Copemys esmeraldensis
M3,1.15,0.98,12.5,9.4,-111.49,46.16,Juntura,unknown,terrestrial indet.,Copemys esmeraldensis
m2,1.4,1.14,12.5,9.4,-111.49,46.16,Juntura,unknown,terrestrial indet.,Copemys esmeraldensis
m3,1.28,0.96,12.5,9.4,-111.49,46.16,Juntura,unknown,terrestrial indet.,Copemys esmeraldensis
M1,1.63,1.03,16.3,12.5,-109.76,46.69,Deer Butte,unknown,terrestrial indet.,Copemys pagei
M2,1.22,1.04,16.3,12.5,-109.76,46.69,Deer Butte,unknown,terrestrial indet.,Copemys pagei
M3,0.96,0.95,16.3,12.5,-109.76,46.69,Deer Butte,unknown,terrestrial indet.,Copemys pagei
m2,1.25,1.02,16.3,12.5,-109.76,46.69,Deer Butte,unknown,terrestrial indet.,Copemys pagei
m3,1.17,0.89,16.3,12.5,-109.76,46.69,Deer Butte,unknown,terrestrial indet.,Copemys pagei
M1,1.55,1.15,1.4,0.21,-97.21,38.53,McPherson,unknown,terrestrial indet.,Peromyscus progressus
M2,1.275,1.05,1.4,0.21,-97.21,38.53,McPherson,unknown,terrestrial indet.,Peromyscus progressus
M3,0.7,0.8,1.4,0.21,-97.21,38.53,McPherson,unknown,terrestrial indet.,Peromyscus progressus
M1,1.55,0.98,9.4,4.7,-113.61,45.35,Chalk Butte,unknown,terrestrial indet.,Postcopemys valensis
M2,1.14,0.96,9.4,4.7,-113.61,45.35,Chalk Butte,unknown,terrestrial indet.,Postcopemys valensis
M3,0.8,0.84,9.4,4.7,-113.61,45.35,Chalk Butte,unknown,terrestrial indet.,Postcopemys valensis
m2,1.19,0.94,9.4,4.7,-113.61,45.35,Chalk Butte,unknown,terrestrial indet.,Postcopemys valensis
m3,0.94,0.79,9.4,4.7,-113.61,45.35,Chalk Butte,unknown,terrestrial indet.,Postcopemys valensis
P4,2.81,3.05,18.5,16.3,-75.25,32.13,Alachua,sandstone,terrestrial indet.,Petauristodon pattersoni
M1,2.66,3.05,18.5,16.3,-75.25,32.13,Alachua,sandstone,terrestrial indet.,Petauristodon pattersoni
M2,2.66,3.05,18.5,16.3,-75.25,32.13,Alachua,sandstone,terrestrial indet.,Petauristodon pattersoni
P4,1.54,1.69,16.3,12.5,-104.9,49.7,Madison Valley,sandstone,channel,Parapliosaccomys annae
M1,1.14,1.69,16.3,12.5,-104.9,49.7,Madison Valley,sandstone,channel,Parapliosaccomys annae
M2,1.06,1.46,16.3,12.5,-104.9,49.7,Madison Valley,sandstone,channel,Parapliosaccomys annae
m2,0.98,1.4,16.3,12.5,-104.9,49.7,Madison Valley,sandstone,channel,Parapliosaccomys annae
P4,1.44,1.87,12.5,9.4,-94.8,45.3,Ash Hollow,siliciclastic,channel,Parapliosaccomys hibbardi
M1,1.194,1.884,12.5,9.4,-94.8,45.3,Ash Hollow,siliciclastic,channel,Parapliosaccomys hibbardi
M2,1.194,1.884,12.5,9.4,-94.8,45.3,Ash Hollow,siliciclastic,channel,Parapliosaccomys hibbardi
p4,1.84,1.75,12.5,9.4,-94.8,45.3,Ash Hollow,siliciclastic,channel,Parapliosaccomys hibbardi
m2,1.25,2.0033,12.5,9.4,-94.8,45.3,Ash Hollow,siliciclastic,channel,Parapliosaccomys hibbardi
P4,1.335,1.48,16.3,12.5,-100.42,39.05,Tesuque,unknown,terrestrial indet.,Phelosaccomys neomexicanus
M1,1.09,1.48,16.3,12.5,-100.42,39.05,Tesuque,unknown,terrestrial indet.,Phelosaccomys neomexicanus
M2,0.945,1.29,16.3,12.5,-100.42,39.05,Tesuque,unknown,terrestrial indet.,Phelosaccomys neomexicanus
p4,1.31,1.3133,16.3,12.5,-100.42,39.05,Tesuque,unknown,terrestrial indet.,Phelosaccomys neomexicanus
m2,1.01,1.4367,16.3,12.5,-100.42,39.05,Tesuque,unknown,terrestrial indet.,Phelosaccomys neomexicanus
P4,1.1367,1.76,12.5,9.4,-112.99,38.09,Avawatz,unknown,terrestrial indet.,Phelosaccomys shotwelli
M1,1.145,1.7488,12.5,9.4,-112.99,38.09,Avawatz,unknown,terrestrial indet.,Phelosaccomys shotwelli
M2,1.145,1.7488,12.5,9.4,-112.99,38.09,Avawatz,unknown,terrestrial indet.,Phelosaccomys shotwelli
p4,1.66,1.32,12.5,9.4,-112.99,38.09,Avawatz,unknown,terrestrial indet.,Phelosaccomys shotwelli
m2,1.02,1.5788,12.5,9.4,-112.99,38.09,Avawatz,unknown,terrestrial indet.,Phelosaccomys shotwelli
P4,1.9,2.3,60.9,57.5,-74.95,51.73,Fort Union,unknown,terrestrial indet.,Ignacius frugivorus
M1,1.95,2.85,60.9,57.5,-74.95,51.73,Fort Union,unknown,terrestrial indet.,Ignacius frugivorus
M2,1.8,2.8,60.9,57.5,-74.95,51.73,Fort Union,unknown,terrestrial indet.,Ignacius frugivorus
p4,1.6,1.0,60.9,57.5,-74.95,51.73,Fort Union,unknown,terrestrial indet.,Ignacius frugivorus
m2,1.95,1.65,60.9,57.5,-74.95,51.73,Fort Union,unknown,terrestrial indet.,Ignacius frugivorus
P4,2.0,2.65,57.5,56.0,-78.79,52.74,Willwood,unknown,terrestrial indet.,Dillerlemur pagei
M1,2.22,3.05,57.5,56.0,-78.79,52.74,Willwood,unknown,terrestrial indet.,Dillerlemur pagei
M2,1.7,2.75,57.5,56.0,-78.79,52.74,Willwood,unknown,terrestrial indet.,Dillerlemur pagei
p4,3.09,2.0,57.5,56.0,-78.79,52.74,Willwood,unknown,terrestrial indet.,Dillerlemur pagei
m2,2.35,2.09,57.5,56.0,-78.79,52.74,Willwood,unknown,terrestrial indet.,Dillerlemur pagei
P4,6.95,4.25,27.3,23.04,-73.13,32.48,Crystal River,claystone,sinkhole,Phlaocyon achoros
M1,6.5,7.6,27.3,23.04,-73.13,32.48,Crystal River,claystone,sinkhole,Phlaocyon achoros
M2,3.93,5.5,27.3,23.04,-73.13,32.48,Crystal River,claystone,sinkhole,Phlaocyon achoros
p4,5.1,2.6,27.3,23.04,-73.13,32.48,Crystal River,claystone,sinkhole,Phlaocyon achoros
m2,5.15,3.45,27.3,23.04,-73.13,32.48,Crystal River,claystone,sinkhole,Phlaocyon achoros
P4,6.1,3.55,29.5,18.5,-71.63,31.26,unknown,claystone,fissure fill,Phlaocyon taylori
M1,5.14,6.19,29.5,18.5,-71.63,31.26,unknown,claystone,fissure fill,Phlaocyon taylori
M2,3.7667,5.1667,29.5,18.5,-71.63,31.26,unknown,claystone,fissure fill,Phlaocyon taylori
p4,4.95,2.45,29.5,18.5,-71.63,31.26,unknown,claystone,fissure fill,Phlaocyon taylori
m2,4.63,3.22,29.5,18.5,-71.63,31.26,unknown,claystone,fissure fill,Phlaocyon taylori
M1,15.2,15.0,1.4,0.21,-78.33,39.84,unknown,unknown,cave,Platygonus vetus
M2,19.6,18.0,1.4,0.21,-78.33,39.84,unknown,unknown,cave,Platygonus vetus
M3,24.5,18.2,1.4,0.21,-78.33,39.84,unknown,unknown,cave,Platygonus vetus
M1,12.6,16.0,1.4,0.21,-78.33,39.84,unknown,unknown,cave,Platygonus vetus
M2,18.0,16.0,1.4,0.21,-78.33,39.84,unknown,unknown,cave,Platygonus vetus
M3,20.6,17.0,1.4,0.21,-78.33,39.84,unknown,unknown,cave,Platygonus vetus
M1,13.6,14.5,1.4,0.21,-99.14,33.99,Seymour,unknown,terrestrial indet.,Platygonus vetus
M2,18.1,17.7,1.4,0.21,-99.14,33.99,Seymour,unknown,terrestrial indet.,Platygonus vetus
M3,20.6,18.8,1.4,0.21,-99.14,33.99,Seymour,unknown,terrestrial indet.,Platygonus vetus
m2,17.7,14.5,1.4,0.21,-99.14,33.99,Seymour,unknown,terrestrial indet.,Platygonus vetus
M1,3.35,4.5,60.9,57.5,-74.95,51.73,Fort Union,unknown,terrestrial indet.,Plesiadapis churchilli
M2,3.65,5.5,60.9,57.5,-74.95,51.73,Fort Union,unknown,terrestrial indet.,Plesiadapis churchilli
M3,3.45,4.95,60.9,57.5,-74.95,51.73,Fort Union,unknown,terrestrial indet.,Plesiadapis churchilli
m2,3.55,3.25,60.9,57.5,-74.95,51.73,Fort Union,unknown,terrestrial indet.,Plesiadapis churchilli
m3,5.15,3.2,60.9,57.5,-74.95,51.73,Fort Union,unknown,terrestrial indet.,Plesiadapis churchilli
M1,3.35,4.65,60.9,57.5,-75.93,54.07,unknown,unknown,terrestrial indet.,Plesiadapis churchilli
M2,3.9,5.9,60.9,57.5,-75.93,54.07,unknown,unknown,terrestrial indet.,Plesiadapis churchilli
M3,3.48,5.1,60.9,57.5,-75.93,54.07,unknown,unknown,terrestrial indet.,Plesiadapis churchilli
m2,3.75,3.52,60.9,57.5,-75.93,54.07,unknown,unknown,terrestrial indet.,Plesiadapis churchilli
m3,4.9,3.1,60.9,57.5,-75.93,54.07,unknown,unknown,terrestrial indet.,Plesiadapis churchilli
M1,3.4,4.79,60.9,57.5,-66.51,56.07,Ravenscrag,sandstone,alluvial fan,Plesiadapis churchilli
M2,3.6,5.49,60.9,57.5,-66.51,56.07,Ravenscrag,sandstone,alluvial fan,Plesiadapis churchilli
M3,3.5,5.08,60.9,57.5,-66.51,56.07,Ravenscrag,sandstone,alluvial fan,Plesiadapis churchilli
m2,3.75,3.52,60.9,57.5,-66.51,56.07,Ravenscrag,sandstone,alluvial fan,Plesiadapis churchilli
m3,5.3,3.25,60.9,57.5,-66.51,56.07,Ravenscrag,sandstone,alluvial fan,Plesiadapis churchilli
M1,5.54,7.13,57.5,56.0,-78.79,52.74,Willwood,unknown,terrestrial indet.,Plesiadapis cookei
M2,5.66,7.98,57.5,56.0,-78.79,52.74,Willwood,unknown,terrestrial indet.,Plesiadapis cookei
M3,5.15,7.78,57.5,56.0,-78.79,52.74,Willwood,unknown,terrestrial indet.,Plesiadapis cookei
m2,5.63,5.41,57.5,56.0,-78.79,52.74,Willwood,unknown,terrestrial indet.,Plesiadapis cookei
m3,9.05,5.25,57.5,56.0,-78.79,52.74,Willwood,unknown,terrestrial indet.,Plesiadapis cookei
M1,3.06,4.2,57.5,56.0,-78.79,52.74,unknown,unknown,terrestrial indet.,Plesiadapis dubius
M2,3.22,4.64,57.5,56.0,-78.79,52.74,unknown,unknown,terrestrial indet.,Plesiadapis dubius
M3,3.1,4.45,57.5,56.0,-78.79,52.74,unknown,unknown,terrestrial indet.,Plesiadapis dubius
m2,3.07,2.85,57.5,56.0,-78.79,52.74,unknown,unknown,terrestrial indet.,Plesiadapis dubius
m3,4.9,3.1,57.5,56.0,-78.79,52.74,unknown,unknown,terrestrial indet.,Plesiadapis dubius
M1,3.24,4.61,60.9,57.5,-76.03,53.78,Fort Union,unknown,terrestrial indet.,Plesiadapis fodinatus
M2,3.5,5.18,60.9,57.5,-76.03,53.78,Fort Union,unknown,terrestrial indet.,Plesiadapis fodinatus
M3,3.31,4.8,60.9,57.5,-76.03,53.78,Fort Union,unknown,terrestrial indet.,Plesiadapis fodinatus
m2,3.45,3.27,60.9,57.5,-76.03,53.78,Fort Union,unknown,terrestrial indet.,Plesiadapis fodinatus
m3,5.21,3.24,60.9,57.5,-76.03,53.78,Fort Union,unknown,terrestrial indet.,Plesiadapis fodinatus
M1,3.27,4.56,60.9,57.5,-76.01,53.78,Fort Union,unknown,terrestrial indet.,Plesiadapis fodinatus
M2,3.42,5.03,60.9,57.5,-76.01,53.78,Fort Union,unknown,terrestrial indet.,Plesiadapis fodinatus
M3,3.34,4.79,60.9,57.5,-76.01,53.78,Fort Union,unknown,terrestrial indet.,Plesiadapis fodinatus
m2,3.39,3.2,60.9,57.5,-76.01,53.78,Fort Union,unknown,terrestrial indet.,Plesiadapis fodinatus
m3,5.11,3.21,60.9,57.5,-76.01,53.78,Fort Union,unknown,terrestrial indet.,Plesiadapis fodinatus
M1,3.11,4.22,60.9,57.5,-77.86,50.78,Fort Union,unknown,terrestrial indet.,Plesiadapis fodinatus
M2,3.355,5.055,60.9,57.5,-77.86,50.78,Fort Union,unknown,terrestrial indet.,Plesiadapis fodinatus
M3,3.5767,4.9567,60.9,57.5,-77.86,50.78,Fort Union,unknown,terrestrial indet.,Plesiadapis fodinatus
m2,3.57,3.3367,60.9,57.5,-77.86,50.78,Fort Union,unknown,terrestrial indet.,Plesiadapis fodinatus
M1,3.11,4.66,60.9,57.5,-75.51,53.47,Fort Union,siliciclastic,fluvial-lacustrine indet.,Plesiadapis rex
M2,3.29,5.19,60.9,57.5,-75.51,53.47,Fort Union,siliciclastic,fluvial-lacustrine indet.,Plesiadapis rex
M3,3.25,4.33,60.9,57.5,-75.51,53.47,Fort Union,siliciclastic,fluvial-lacustrine indet.,Plesiadapis rex
m2,3.33,3.35,60.9,57.5,-75.51,53.47,Fort Union,siliciclastic,fluvial-lacustrine indet.,Plesiadapis rex
m3,4.95,3.13,60.9,57.5,-75.51,53.47,Fort Union,siliciclastic,fluvial-lacustrine indet.,Plesiadapis rex
P3,13.0,9.3,9.4,4.7,-110.72,36.87,Big Sandy,unknown,terrestrial indet.,Plesiogulo lindsayi
P4,23.5,17.3,9.4,4.7,-110.72,36.87,Big Sandy,unknown,terrestrial indet.,Plesiogulo lindsayi
M1,14.6,20.6,9.4,4.7,-110.72,36.87,Big Sandy,unknown,terrestrial indet.,Plesiogulo lindsayi
p3,10.9,7.4,9.4,4.7,-110.72,36.87,Big Sandy,unknown,terrestrial indet.,Plesiogulo lindsayi
p4,15.1,9.3,9.4,4.7,-110.72,36.87,Big Sandy,unknown,terrestrial indet.,Plesiogulo lindsayi
P3,11.6,8.0,9.4,4.7,-98.33,38.58,Ogallala,unknown,terrestrial indet.,Plesiogulo marshalli
P4,20.9,14.3,9.4,4.7,-98.33,38.58,Ogallala,unknown,terrestrial indet.,Plesiogulo marshalli
M1,15.9,18.0,9.4,4.7,-98.33,38.58,Ogallala,unknown,terrestrial indet.,Plesiogulo marshalli
p3,9.5,6.5,9.4,4.7,-98.33,38.58,Ogallala,unknown,terrestrial indet.,Plesiogulo marshalli
p4,13.1,7.9,9.4,4.7,-98.33,38.58,Ogallala,unknown,terrestrial indet.,Plesiogulo marshalli
P3,11.7,7.2,9.4,4.7,-97.13,37.75,unknown,unknown,terrestrial indet.,Plesiogulo marshalli
P4,19.5,13.2,9.4,4.7,-97.13,37.75,unknown,unknown,terrestrial indet.,Plesiogulo marshalli
M1,14.7,18.1,9.4,4.7,-97.13,37.75,unknown,unknown,terrestrial indet.,Plesiogulo marshalli
p3,10.35,7.4,9.4,4.7,-97.13,37.75,unknown,unknown,terrestrial indet.,Plesiogulo marshalli
p4,13.4,8.1,9.4,4.7,-97.13,37.75,unknown,unknown,terrestrial indet.,Plesiogulo marshalli
P4,2.4,2.9,63.4,60.9,-73.72,54.42,unknown,unknown,terrestrial indet.,Plesiolestes problematicus
M1,2.43,3.47,63.4,60.9,-73.72,54.42,unknown,unknown,terrestrial indet.,Plesiolestes problematicus
M2,2.45,3.85,63.4,60.9,-73.72,54.42,unknown,unknown,terrestrial indet.,Plesiolestes problematicus
p4,2.28,1.4,63.4,60.9,-73.72,54.42,unknown,unknown,terrestrial indet.,Plesiolestes problematicus
m2,2.58,1.87,63.4,60.9,-73.72,54.42,unknown,unknown,terrestrial indet.,Plesiolestes problematicus
P4,4.5,5.7,16.3,12.5,-92.43,46.46,unknown,unknown,terrestrial indet.,Plesiosorex donroosai
M1,4.1,5.7,16.3,12.5,-92.43,46.46,unknown,unknown,terrestrial indet.,Plesiosorex donroosai
M2,3.3,4.8,16.3,12.5,-92.43,46.46,unknown,unknown,terrestrial indet.,Plesiosorex donroosai
P3,31.3,28.8,4.7,1.4,-116.95,36.95,unknown,unknown,terrestrial indet.,Plesippus simplicidens
P4,29.8,27.5,4.7,1.4,-116.95,36.95,unknown,unknown,terrestrial indet.,Plesippus simplicidens
M1,25.3,25.7,4.7,1.4,-116.95,36.95,unknown,unknown,terrestrial indet.,Plesippus simplicidens
p3,30.5,17.4,4.7,1.4,-116.95,36.95,unknown,unknown,terrestrial indet.,Plesippus simplicidens
p4,30.0,16.5,4.7,1.4,-116.95,36.95,unknown,unknown,terrestrial indet.,Plesippus simplicidens
P3,29.6,27.3,4.7,1.4,-116.95,36.95,unknown,unknown,terrestrial indet.,Plesippus simplicidens
P4,29.0,27.5,4.7,1.4,-116.95,36.95,unknown,unknown,terrestrial indet.,Plesippus simplicidens
M1,24.0,25.8,4.7,1.4,-116.95,36.95,unknown,unknown,terrestrial indet.,Plesippus simplicidens
P3,35.2,33.1,1.4,0.21,-116.58,34.09,San Timoteo,unknown,terrestrial indet.,Plesippus simplicidens
P4,33.25,34.05,1.4,0.21,-116.58,34.09,San Timoteo,unknown,terrestrial indet.,Plesippus simplicidens
M1,30.08,31.7,1.4,0.21,-116.58,34.09,San Timoteo,unknown,terrestrial indet.,Plesippus simplicidens
P3,34.1,23.0,4.7,1.4,-116.59,43.67,unknown,unknown,terrestrial indet.,Plesippus idahoensis
P4,30.0,30.0,4.7,1.4,-116.59,43.67,unknown,unknown,terrestrial indet.,Plesippus idahoensis
M1,29.2333,27.1333,4.7,1.4,-116.59,43.67,unknown,unknown,terrestrial indet.,Plesippus idahoensis
P4,33.8,19.4,11.63,5.333,-97.79,36.86,unknown,sandstone,fluvial indet.,Ischyrocyon gidleyi
M1,24.8,28.8,11.63,5.333,-97.79,36.86,unknown,sandstone,fluvial indet.,Ischyrocyon gidleyi
M2,19.7,30.8,11.63,5.333,-97.79,36.86,unknown,sandstone,fluvial indet.,Ischyrocyon gidleyi
p4,21.0,10.5,11.63,5.333,-97.79,36.86,unknown,sandstone,fluvial indet.,Ischyrocyon gidleyi
m2,24.5,17.0,11.63,5.333,-97.79,36.86,unknown,sandstone,fluvial indet.,Ischyrocyon gidleyi
P3,28.1,22.6,11.63,7.246,-111.61,38.23,Chanac,unknown,terrestrial indet.,Dinohippus leardi
P4,28.6,22.8,11.63,7.246,-111.61,38.23,Chanac,unknown,terrestrial indet.,Dinohippus leardi
M1,26.9,22.7,11.63,7.246,-111.61,38.23,Chanac,unknown,terrestrial indet.,Dinohippus leardi
p3,30.5,15.1,11.63,7.246,-111.61,38.23,Chanac,unknown,terrestrial indet.,Dinohippus leardi
p4,31.7,14.6,11.63,7.246,-111.61,38.23,Chanac,unknown,terrestrial indet.,Dinohippus leardi
P3,26.1,26.5,12.5,9.4,-96.58,45.94,unknown,unknown,terrestrial indet.,Pliohippus pernix
P4,26.9,25.7,12.5,9.4,-96.58,45.94,unknown,unknown,terrestrial indet.,Pliohippus pernix
M1,23.5,24.6,12.5,9.4,-96.58,45.94,unknown,unknown,terrestrial indet.,Pliohippus pernix
M1,2.3,1.6,9.4,1.4,-83.09,41.51,unknown,unknown,terrestrial indet.,Pliophenacomys koenigswaldi
M2,1.8,1.21,9.4,1.4,-83.09,41.51,unknown,unknown,terrestrial indet.,Pliophenacomys koenigswaldi
M3,1.85,1.14,9.4,1.4,-83.09,41.51,unknown,unknown,terrestrial indet.,Pliophenacomys koenigswaldi
m2,1.78,1.32,9.4,1.4,-83.09,41.51,unknown,unknown,terrestrial indet.,Pliophenacomys koenigswaldi
P4,1.717,1.563,9.4,4.7,-97.02,37.94,unknown,sandstone,fluvial indet.,Pliosaccomys higginsensis
M1,1.5267,1.6733,9.4,4.7,-97.02,37.94,unknown,sandstone,fluvial indet.,Pliosaccomys higginsensis
M2,1.07,1.458,9.4,4.7,-97.02,37.94,unknown,sandstone,fluvial indet.,Pliosaccomys higginsensis
M1,3.1,1.55,9.4,4.7,-118.42,39.63,Garrity,unknown,terrestrial indet.,Pliotomodon primitivus
M2,2.45,1.7,9.4,4.7,-118.42,39.63,Garrity,unknown,terrestrial indet.,Pliotomodon primitivus
M3,1.8,1.3,9.4,4.7,-118.42,39.63,Garrity,unknown,terrestrial indet.,Pliotomodon primitivus
M1,7.2,9.25,39.7,37.0,-88.4,49.59,Wagon Bed (Tepee Trail),unknown,terrestrial indet.,Poabromylus golzi
M2,8.1,10.75,39.7,37.0,-88.4,49.59,Wagon Bed (Tepee Trail),unknown,terrestrial indet.,Poabromylus golzi
M3,8.5,10.55,39.7,37.0,-88.4,49.59,Wagon Bed (Tepee Trail),unknown,terrestrial indet.,Poabromylus golzi
m2,8.1,6.3,39.7,37.0,-88.4,49.59,Wagon Bed (Tepee Trail),unknown,terrestrial indet.,Poabromylus golzi
M1,10.2,10.9,37.0,33.9,-89.99,35.83,Capote Mountain Tuff,unknown,terrestrial indet.,Poebrotherium chadronense
M2,12.7,12.6,37.0,33.9,-89.99,35.83,Capote Mountain Tuff,unknown,terrestrial indet.,Poebrotherium chadronense
M3,13.3,13.4,37.0,33.9,-89.99,35.83,Capote Mountain Tuff,unknown,terrestrial indet.,Poebrotherium chadronense
M1,9.0,10.4,37.0,33.9,-86.47,46.45,White River,unknown,terrestrial indet.,Poebrotherium eximium
M2,11.4,10.6,37.0,33.9,-86.47,46.45,White River,unknown,terrestrial indet.,Poebrotherium eximium
M3,13.3,12.1,37.0,33.9,-86.47,46.45,White River,unknown,terrestrial indet.,Poebrotherium eximium
m2,10.5,7.1,37.0,33.9,-86.47,46.45,White River,unknown,terrestrial indet.,Poebrotherium eximium
m3,13.8,7.0,37.0,33.9,-86.47,46.45,White River,unknown,terrestrial indet.,Poebrotherium eximium
M1,9.5,9.1,37.0,33.9,-89.99,35.83,Capote Mountain Tuff,unknown,terrestrial indet.,Stevenscamelus franki
M2,10.6,10.6,37.0,33.9,-89.99,35.83,Capote Mountain Tuff,unknown,terrestrial indet.,Stevenscamelus franki
M3,10.6,11.0,37.0,33.9,-89.99,35.83,Capote Mountain Tuff,unknown,terrestrial indet.,Stevenscamelus franki
M1,8.2,9.2,37.0,33.9,-89.99,35.83,Capote Mountain Tuff,unknown,terrestrial indet.,Stevenscamelus franki
M2,10.4,9.8,37.0,33.9,-89.99,35.83,Capote Mountain Tuff,unknown,terrestrial indet.,Stevenscamelus franki
M3,11.1,10.6,37.0,33.9,-89.99,35.83,Capote Mountain Tuff,unknown,terrestrial indet.,Stevenscamelus franki
P4,1.8,1.8,39.7,37.0,-100.3,38.92,Sespe,unknown,terrestrial indet.,Presbymys lophatus
M1,2.0,1.8,39.7,37.0,-100.3,38.92,Sespe,unknown,terrestrial indet.,Presbymys lophatus
M2,1.75,1.85,39.7,37.0,-100.3,38.92,Sespe,unknown,terrestrial indet.,Presbymys lophatus
p4,2.0,1.6,39.7,37.0,-100.3,38.92,Sespe,unknown,terrestrial indet.,Presbymys lophatus
P4,5.0,3.6,60.9,57.5,-78.13,60.96,Paskapoo,siltstone,fluvial-lacustrine indet.,Pristinictis connata
M1,4.0,5.6,60.9,57.5,-78.13,60.96,Paskapoo,siltstone,fluvial-lacustrine indet.,Pristinictis connata
M2,2.0,3.9,60.9,57.5,-78.13,60.96,Paskapoo,siltstone,fluvial-lacustrine indet.,Pristinictis connata
M1,10.8333,11.0667,57.5,56.0,-80.92,52.06,Wasatch,shale,terrestrial indet.,Probathyopsis praecursor
M2,16.4667,16.0667,57.5,56.0,-80.92,52.06,Wasatch,shale,terrestrial indet.,Probathyopsis praecursor
M3,19.45,17.75,57.5,56.0,-80.92,52.06,Wasatch,shale,terrestrial indet.,Probathyopsis praecursor
m2,16.1333,11.5,57.5,56.0,-80.92,52.06,Wasatch,shale,terrestrial indet.,Probathyopsis praecursor
m3,20.5333,12.9667,57.5,56.0,-80.92,52.06,Wasatch,shale,terrestrial indet.,Probathyopsis praecursor
P3,3.5714,2.0857,60.9,57.5,-76.01,53.78,Fort Union,unknown,terrestrial indet.,Prochetodon cavus
P4,4.925,1.675,60.9,57.5,-76.01,53.78,Fort Union,unknown,terrestrial indet.,Prochetodon cavus
M1,4.5,2.0,60.9,57.5,-76.01,53.78,Fort Union,unknown,terrestrial indet.,Prochetodon cavus
p4,7.2455,2.3091,60.9,57.5,-76.01,53.78,Fort Union,unknown,terrestrial indet.,Prochetodon cavus
P3,4.4,2.4,57.5,56.0,-78.79,52.74,unknown,unknown,terrestrial indet.,Prochetodon taxus
P4,5.85,1.75,57.5,56.0,-78.79,52.74,unknown,unknown,terrestrial indet.,Prochetodon taxus
M1,5.25,2.3,57.5,56.0,-78.79,52.74,unknown,unknown,terrestrial indet.,Prochetodon taxus
p4,8.0,2.3,57.5,56.0,-78.79,52.74,unknown,unknown,terrestrial indet.,Prochetodon taxus
P4,10.16,9.98,4.7,1.4,-99.15,37.91,Rexroad,unknown,terrestrial indet.,Procyon rexroadensis
M1,10.4,11.58,4.7,1.4,-99.15,37.91,Rexroad,unknown,terrestrial indet.,Procyon rexroadensis
M2,7.77,9.53,4.7,1.4,-99.15,37.91,Rexroad,unknown,terrestrial indet.,Procyon rexroadensis
p4,8.6,5.75,4.7,1.4,-99.15,37.91,Rexroad,unknown,terrestrial indet.,Procyon rexroadensis
m2,11.68,6.46,4.7,1.4,-99.15,37.91,Rexroad,unknown,terrestrial indet.,Procyon rexroadensis
P4,1.66,1.7,9.4,4.7,-105.37,30.85,unknown,unknown,terrestrial indet.,Prodipodomys idahoensis
M1,0.92,1.81,9.4,4.7,-105.37,30.85,unknown,unknown,terrestrial indet.,Prodipodomys idahoensis
M2,0.98,1.455,9.4,4.7,-105.37,30.85,unknown,unknown,terrestrial indet.,Prodipodomys idahoensis
P4,9.1,5.7,37.0,33.9,-89.99,35.83,Capote Mountain Tuff,unknown,terrestrial indet.,Prohesperocyon wilsoni
M1,6.7,7.9,37.0,33.9,-89.99,35.83,Capote Mountain Tuff,unknown,terrestrial indet.,Prohesperocyon wilsoni
M2,2.9,4.8,37.0,33.9,-89.99,35.83,Capote Mountain Tuff,unknown,terrestrial indet.,Prohesperocyon wilsoni
p4,6.8,2.6,37.0,33.9,-89.99,35.83,Capote Mountain Tuff,unknown,terrestrial indet.,Prohesperocyon wilsoni
m2,4.5,2.6,37.0,33.9,-89.99,35.83,Capote Mountain Tuff,unknown,terrestrial indet.,Prohesperocyon wilsoni
P4,0.81,1.03,18.5,16.3,-75.25,32.13,Alachua,sandstone,terrestrial indet.,Proheteromys floridanus
M1,0.81,1.04,18.5,16.3,-75.25,32.13,Alachua,sandstone,terrestrial indet.,Proheteromys floridanus
M2,0.81,1.04,18.5,16.3,-75.25,32.13,Alachua,sandstone,terrestrial indet.,Proheteromys floridanus
p4,0.67,0.7,18.5,16.3,-75.25,32.13,Alachua,sandstone,terrestrial indet.,Proheteromys floridanus
m2,0.83,0.91,18.5,16.3,-75.25,32.13,Alachua,sandstone,terrestrial indet.,Proheteromys floridanus
P4,0.96,1.16,24.7,23.1,-95.79,54.96,Cypress Hills,unknown,terrestrial indet.,Trogomys ironcloudi
M1,0.99,1.26,24.7,23.1,-95.79,54.96,Cypress Hills,unknown,terrestrial indet.,Trogomys ironcloudi
M2,0.99,1.26,24.7,23.1,-95.79,54.96,Cypress Hills,unknown,terrestrial indet.,Trogomys ironcloudi
p4,1.06,0.99,24.7,23.1,-95.79,54.96,Cypress Hills,unknown,terrestrial indet.,Trogomys ironcloudi
m2,1.02,1.1,24.7,23.1,-95.79,54.96,Cypress Hills,unknown,terrestrial indet.,Trogomys ironcloudi
P4,1.37,1.44,18.5,16.3,-111.27,37.93,Branch Canyon,unknown,terrestrial indet.,Proheteromys sulculus
M1,1.03,1.37,18.5,16.3,-111.27,37.93,Branch Canyon,unknown,terrestrial indet.,Proheteromys sulculus
M2,1.01,1.32,18.5,16.3,-111.27,37.93,Branch Canyon,unknown,terrestrial indet.,Proheteromys sulculus
p4,1.12,1.14,18.5,16.3,-111.27,37.93,Branch Canyon,unknown,terrestrial indet.,Proheteromys sulculus
m2,1.1,1.29,18.5,16.3,-111.27,37.93,Branch Canyon,unknown,terrestrial indet.,Proheteromys sulculus
P4,2.25,2.575,45.9,39.7,-85.58,35.54,Devil's Graveyard,unknown,terrestrial indet.,Prolapsus sibilatoris
M1,2.26,2.54,45.9,39.7,-85.58,35.54,Devil's Graveyard,unknown,terrestrial indet.,Prolapsus sibilatoris
M2,2.19,2.39,45.9,39.7,-85.58,35.54,Devil's Graveyard,unknown,terrestrial indet.,Prolapsus sibilatoris
P4,4.1,3.5,56.0,51.1,-81.07,52.21,Willwood,unknown,terrestrial indet.,Prolimnocyon eerius
M1,4.1,4.1,56.0,51.1,-81.07,52.21,Willwood,unknown,terrestrial indet.,Prolimnocyon eerius
M2,4.1,5.1,56.0,51.1,-81.07,52.21,Willwood,unknown,terrestrial indet.,Prolimnocyon eerius
P4,3.59,3.085,29.5,18.5,-102.1,50.8,Peterson Creek Beds,unknown,terrestrial indet.,Trilaccogaulus lemhiensis
M1,2.335,3.23,29.5,18.5,-102.1,50.8,Peterson Creek Beds,unknown,terrestrial indet.,Trilaccogaulus lemhiensis
M2,2.36,2.84,29.5,18.5,-102.1,50.8,Peterson Creek Beds,unknown,terrestrial indet.,Trilaccogaulus lemhiensis
p4,3.74,2.32,29.5,18.5,-102.1,50.8,Peterson Creek Beds,unknown,terrestrial indet.,Trilaccogaulus lemhiensis
m2,2.56,2.17,29.5,18.5,-102.1,50.8,Peterson Creek Beds,unknown,terrestrial indet.,Trilaccogaulus lemhiensis
M1,2.45,4.03,63.4,60.9,-73.72,54.42,unknown,unknown,terrestrial indet.,Pronothodectes jepi
M2,2.42,4.17,63.4,60.9,-73.72,54.42,unknown,unknown,terrestrial indet.,Pronothodectes jepi
M3,2.3,3.2,63.4,60.9,-73.72,54.42,unknown,unknown,terrestrial indet.,Pronothodectes jepi
m2,2.47,2.58,63.4,60.9,-73.72,54.42,unknown,unknown,terrestrial indet.,Pronothodectes jepi
m3,3.6,2.33,63.4,60.9,-73.72,54.42,unknown,unknown,terrestrial indet.,Pronothodectes jepi
M1,2.17,3.37,63.4,60.9,-73.65,56.02,Fort Union,unknown,terrestrial indet.,Pronothodectes matthewi
M2,2.2,3.5,63.4,60.9,-73.65,56.02,Fort Union,unknown,terrestrial indet.,Pronothodectes matthewi
M3,2.1,3.0,63.4,60.9,-73.65,56.02,Fort Union,unknown,terrestrial indet.,Pronothodectes matthewi
m2,2.21,2.3,63.4,60.9,-73.65,56.02,Fort Union,unknown,terrestrial indet.,Pronothodectes matthewi
m3,3.19,2.1,63.4,60.9,-73.65,56.02,Fort Union,unknown,terrestrial indet.,Pronothodectes matthewi
P4,2.0,1.75,31.8,29.5,-88.46,46.18,White River,unknown,terrestrial indet.,Proscalops miocaenus
M1,2.8,2.5,31.8,29.5,-88.46,46.18,White River,unknown,terrestrial indet.,Proscalops miocaenus
M2,2.2,2.7,31.8,29.5,-88.46,46.18,White River,unknown,terrestrial indet.,Proscalops miocaenus
M1,2.6175,3.635,23.1,18.5,-90.01,47.22,Harrison,unknown,terrestrial indet.,Proscalops secundus
M2,2.4,3.4567,23.1,18.5,-90.01,47.22,Harrison,unknown,terrestrial indet.,Proscalops secundus
M3,2.13,2.12,23.1,18.5,-90.01,47.22,Harrison,unknown,terrestrial indet.,Proscalops secundus
m2,2.67,2.13,23.1,18.5,-90.01,47.22,Harrison,unknown,terrestrial indet.,Proscalops secundus
P4,2.4,2.62,33.9,31.8,-86.18,51.86,Brule,unknown,terrestrial indet.,Altasciurus albiclivus
M1,1.9,2.68,33.9,31.8,-86.18,51.86,Brule,unknown,terrestrial indet.,Altasciurus albiclivus
M2,1.95,2.72,33.9,31.8,-86.18,51.86,Brule,unknown,terrestrial indet.,Altasciurus albiclivus
P4,2.31,2.545,33.9,31.8,-87.83,47.98,Brule,unknown,terrestrial indet.,Altasciurus albiclivus
M1,1.99,2.625,33.9,31.8,-87.83,47.98,Brule,unknown,terrestrial indet.,Altasciurus albiclivus
M2,2.0,2.59,33.9,31.8,-87.83,47.98,Brule,unknown,terrestrial indet.,Altasciurus albiclivus
P4,1.728,1.943,33.9,31.8,-91.61,49.36,unknown,siltstone,lacustrine - small,Altasciurus relictus
M1,1.543,2.021,33.9,31.8,-91.61,49.36,unknown,siltstone,lacustrine - small,Altasciurus relictus
M2,1.567,1.982,33.9,31.8,-91.61,49.36,unknown,siltstone,lacustrine - small,Altasciurus relictus
p4,1.631,1.638,33.9,31.8,-91.61,49.36,unknown,siltstone,lacustrine - small,Altasciurus relictus
m2,1.794,1.796,33.9,31.8,-91.61,49.36,unknown,siltstone,lacustrine - small,Altasciurus relictus
M1,2.4,1.745,9.4,4.7,-105.37,30.85,unknown,unknown,terrestrial indet.,Prosigmodon chihuahuensis
M2,1.68,1.76,9.4,4.7,-105.37,30.85,unknown,unknown,terrestrial indet.,Prosigmodon chihuahuensis
M3,1.4,1.56,9.4,4.7,-105.37,30.85,unknown,unknown,terrestrial indet.,Prosigmodon chihuahuensis
M1,1.93,1.37,9.4,4.7,-105.37,30.85,unknown,unknown,terrestrial indet.,Prosigmodon oroscoi
M2,1.43,1.37,9.4,4.7,-105.37,30.85,unknown,unknown,terrestrial indet.,Prosigmodon oroscoi
M3,1.14,1.18,9.4,4.7,-105.37,30.85,unknown,unknown,terrestrial indet.,Prosigmodon oroscoi
M1,13.4,12.4,9.4,4.7,-97.13,37.75,unknown,unknown,terrestrial indet.,Prosthennops serus
M2,16.4,15.0,9.4,4.7,-97.13,37.75,unknown,unknown,terrestrial indet.,Prosthennops serus
M3,19.0,14.4,9.4,4.7,-97.13,37.75,unknown,unknown,terrestrial indet.,Prosthennops serus
M1,15.0,12.5,9.4,4.7,-115.46,46.26,Rattlesnake,siltstone,terrestrial indet.,Platygonus oregonensis
M2,17.0,14.0,9.4,4.7,-115.46,46.26,Rattlesnake,siltstone,terrestrial indet.,Platygonus oregonensis
M3,20.0,14.0,9.4,4.7,-115.46,46.26,Rattlesnake,siltstone,terrestrial indet.,Platygonus oregonensis
M1,11.0,13.0,9.4,4.7,-115.46,46.26,Rattlesnake,siltstone,terrestrial indet.,Platygonus oregonensis
M2,16.5,15.0,9.4,4.7,-115.46,46.26,Rattlesnake,siltstone,terrestrial indet.,Platygonus oregonensis
M3,19.0,15.0,9.4,4.7,-115.46,46.26,Rattlesnake,siltstone,terrestrial indet.,Platygonus oregonensis
M1,12.5,14.55,23.04,20.45,-84.46,34.75,Fleming,conglomerate,coarse channel fill,Prosynthetoceras orthrionanus
M2,13.65,15.9,23.04,20.45,-84.46,34.75,Fleming,conglomerate,coarse channel fill,Prosynthetoceras orthrionanus
M3,14.45,16.4,23.04,20.45,-84.46,34.75,Fleming,conglomerate,coarse channel fill,Prosynthetoceras orthrionanus
m2,13.1,10.5,23.04,20.45,-84.46,34.75,Fleming,conglomerate,coarse channel fill,Prosynthetoceras orthrionanus
m3,19.9,10.9,23.04,20.45,-84.46,34.75,Fleming,conglomerate,coarse channel fill,Prosynthetoceras orthrionanus
P4,1.21,1.21,39.7,37.0,-86.94,56.36,Cypress Hills,unknown,terrestrial indet.,Protadjidaumo pauli
M1,1.24,1.34,39.7,37.0,-86.94,56.36,Cypress Hills,unknown,terrestrial indet.,Protadjidaumo pauli
M2,1.24,1.34,39.7,37.0,-86.94,56.36,Cypress Hills,unknown,terrestrial indet.,Protadjidaumo pauli
p4,1.22,1.09,39.7,37.0,-86.94,56.36,Cypress Hills,unknown,terrestrial indet.,Protadjidaumo pauli
m2,1.27,1.24,39.7,37.0,-86.94,56.36,Cypress Hills,unknown,terrestrial indet.,Protadjidaumo pauli
M1,15.95,19.5,31.8,29.5,-87.22,48.58,Brule,unknown,terrestrial indet.,Protapirus simplex
M2,18.75,21.3,31.8,29.5,-87.22,48.58,Brule,unknown,terrestrial indet.,Protapirus simplex
M3,18.85,20.95,31.8,29.5,-87.22,48.58,Brule,unknown,terrestrial indet.,Protapirus simplex
m2,18.75,14.8,31.8,29.5,-87.22,48.58,Brule,unknown,terrestrial indet.,Protapirus simplex
m3,20.95,14.25,31.8,29.5,-87.22,48.58,Brule,unknown,terrestrial indet.,Protapirus simplex
P4,3.3,3.9,39.7,37.0,-100.3,38.92,Sespe,unknown,terrestrial indet.,Proterixoides davisi
M1,3.6,4.5,39.7,37.0,-100.3,38.92,Sespe,unknown,terrestrial indet.,Proterixoides davisi
M2,2.8,3.8,39.7,37.0,-100.3,38.92,Sespe,unknown,terrestrial indet.,Proterixoides davisi
P4,9.1,6.5,60.9,57.5,-75.51,53.47,Fort Union,siliciclastic,fluvial-lacustrine indet.,Protictis agastor
M1,5.5,8.9,60.9,57.5,-75.51,53.47,Fort Union,siliciclastic,fluvial-lacustrine indet.,Protictis agastor
M2,5.5,2.8,60.9,57.5,-75.51,53.47,Fort Union,siliciclastic,fluvial-lacustrine indet.,Protictis agastor
p4,7.8,3.3,60.9,57.5,-75.51,53.47,Fort Union,siliciclastic,fluvial-lacustrine indet.,Protictis agastor
m2,4.7,2.8,60.9,57.5,-75.51,53.47,Fort Union,siliciclastic,fluvial-lacustrine indet.,Protictis agastor
P4,4.86,3.72,63.4,60.9,-73.65,56.02,Fort Union,unknown,terrestrial indet.,Bryanictis microlestes
M1,4.18,5.4,63.4,60.9,-73.65,56.02,Fort Union,unknown,terrestrial indet.,Bryanictis microlestes
M2,2.74,4.02,63.4,60.9,-73.65,56.02,Fort Union,unknown,terrestrial indet.,Bryanictis microlestes
p4,4.31,2.03,63.4,60.9,-73.65,56.02,Fort Union,unknown,terrestrial indet.,Bryanictis microlestes
m2,3.61,2.18,63.4,60.9,-73.65,56.02,Fort Union,unknown,terrestrial indet.,Bryanictis microlestes
P3,22.2,23.3,9.4,4.7,-97.22,42.35,Ash Hollow,unknown,terrestrial indet.,Protohippus gidleyi
P4,22.2,23.3,9.4,4.7,-97.22,42.35,Ash Hollow,unknown,terrestrial indet.,Protohippus gidleyi
M1,22.4,22.3,9.4,4.7,-97.22,42.35,Ash Hollow,unknown,terrestrial indet.,Protohippus gidleyi
p3,23.3,13.2,9.4,4.7,-97.22,42.35,Ash Hollow,unknown,terrestrial indet.,Protohippus gidleyi
p4,23.3,13.2,9.4,4.7,-97.22,42.35,Ash Hollow,unknown,terrestrial indet.,Protohippus gidleyi
P3,21.3,22.6,16.3,12.5,-93.24,45.91,Valentine,unknown,terrestrial indet.,Protohippus perditus
P4,21.3,22.6,16.3,12.5,-93.24,45.91,Valentine,unknown,terrestrial indet.,Protohippus perditus
M1,20.1,21.5,16.3,12.5,-93.24,45.91,Valentine,unknown,terrestrial indet.,Protohippus perditus
p3,22.1,12.6,16.3,12.5,-93.24,45.91,Valentine,unknown,terrestrial indet.,Protohippus perditus
p4,22.1,12.6,16.3,12.5,-93.24,45.91,Valentine,unknown,terrestrial indet.,Protohippus perditus
M1,27.9,18.0,18.5,16.3,-99.21,47.39,Arikaree,unknown,eolian indet.,Protolabis heterodontus
M2,34.5,20.1,18.5,16.3,-99.21,47.39,Arikaree,unknown,eolian indet.,Protolabis heterodontus
M3,37.8,20.0,18.5,16.3,-99.21,47.39,Arikaree,unknown,eolian indet.,Protolabis heterodontus
m2,32.9,15.9,18.5,16.3,-99.21,47.39,Arikaree,unknown,eolian indet.,Protolabis heterodontus
m3,48.4,17.8,18.5,16.3,-99.21,47.39,Arikaree,unknown,eolian indet.,Protolabis heterodontus
M1,10.34,11.79,45.9,39.7,-89.71,47.29,Uinta,unknown,terrestrial indet.,Protoreodon pumilus
M2,11.97,13.16,45.9,39.7,-89.71,47.29,Uinta,unknown,terrestrial indet.,Protoreodon pumilus
M3,12.92,14.49,45.9,39.7,-89.71,47.29,Uinta,unknown,terrestrial indet.,Protoreodon pumilus
m2,10.58,7.86,45.9,39.7,-89.71,47.29,Uinta,unknown,terrestrial indet.,Protoreodon pumilus
m3,16.46,7.68,45.9,39.7,-89.71,47.29,Uinta,unknown,terrestrial indet.,Protoreodon pumilus
M1,2.4,2.7,16.3,12.5,-109.76,46.69,Butte Creek,volcaniclastic,terrestrial indet.,Protospermophilus malheurensis
M2,2.4,2.8,16.3,12.5,-109.76,46.69,Butte Creek,volcaniclastic,terrestrial indet.,Protospermophilus malheurensis
M3,2.5,2.7,16.3,12.5,-109.76,46.69,Butte Creek,volcaniclastic,terrestrial indet.,Protospermophilus malheurensis
P3,15.0,17.8,12.5,9.4,-96.58,45.94,unknown,unknown,terrestrial indet.,Pseudhipparion gratum
P4,15.0,18.3,12.5,9.4,-96.58,45.94,unknown,unknown,terrestrial indet.,Pseudhipparion gratum
M1,13.2,17.0,12.5,9.4,-96.58,45.94,unknown,unknown,terrestrial indet.,Pseudhipparion gratum
P3,21.2,23.2,12.5,4.7,-101.51,43.51,Ash Hollow,unknown,terrestrial indet.,Pseudhipparion retrusum
P4,20.1,22.2,12.5,4.7,-101.51,43.51,Ash Hollow,unknown,terrestrial indet.,Pseudhipparion retrusum
M1,19.8,20.15,12.5,4.7,-101.51,43.51,Ash Hollow,unknown,terrestrial indet.,Pseudhipparion retrusum
P3,19.1,20.3,16.3,12.5,-93.24,45.91,Valentine,unknown,terrestrial indet.,Pseudhipparion retrusum
P4,19.1,20.3,16.3,12.5,-93.24,45.91,Valentine,unknown,terrestrial indet.,Pseudhipparion retrusum
M1,18.5,18.4,16.3,12.5,-93.24,45.91,Valentine,unknown,terrestrial indet.,Pseudhipparion retrusum
p3,19.4,10.8,16.3,12.5,-93.24,45.91,Valentine,unknown,terrestrial indet.,Pseudhipparion retrusum
p4,19.4,10.8,16.3,12.5,-93.24,45.91,Valentine,unknown,terrestrial indet.,Pseudhipparion retrusum
m1,17.2,9.0,16.3,12.5,-93.24,45.91,Valentine,unknown,terrestrial indet.,Pseudhipparion retrusum
P3,12.6,13.8,9.4,4.7,-78.95,28.93,Peace River,sandstone,marginal marine indet.,Pseudhipparion simpsoni
P4,12.6,13.8,9.4,4.7,-78.95,28.93,Peace River,sandstone,marginal marine indet.,Pseudhipparion simpsoni
M1,12.6,12.3,9.4,4.7,-78.95,28.93,Peace River,sandstone,marginal marine indet.,Pseudhipparion simpsoni
p3,12.4,8.2,9.4,4.7,-78.95,28.93,Peace River,sandstone,marginal marine indet.,Pseudhipparion simpsoni
p4,12.4,8.2,9.4,4.7,-78.95,28.93,Peace River,sandstone,marginal marine indet.,Pseudhipparion simpsoni
m1,13.2,7.8,9.4,4.7,-78.95,28.93,Peace River,sandstone,marginal marine indet.,Pseudhipparion simpsoni
P4,1.96,2.29,39.7,37.0,-86.94,56.36,Cypress Hills,unknown,terrestrial indet.,Pseudocylindrodon lateriviae
M1,1.84,2.18,39.7,37.0,-86.94,56.36,Cypress Hills,unknown,terrestrial indet.,Pseudocylindrodon lateriviae
M2,1.84,2.18,39.7,37.0,-86.94,56.36,Cypress Hills,unknown,terrestrial indet.,Pseudocylindrodon lateriviae
p4,2.045,1.83,39.7,37.0,-86.94,56.36,Cypress Hills,unknown,terrestrial indet.,Pseudocylindrodon lateriviae
m2,2.0,2.02,39.7,37.0,-86.94,56.36,Cypress Hills,unknown,terrestrial indet.,Pseudocylindrodon lateriviae
P4,1.6,2.5,37.0,33.9,-95.21,52.63,Renova,claystone,terrestrial indet.,Pseudocylindrodon neglectus
M1,1.7,2.5,37.0,33.9,-95.21,52.63,Renova,claystone,terrestrial indet.,Pseudocylindrodon neglectus
M2,1.7,2.4,37.0,33.9,-95.21,52.63,Renova,claystone,terrestrial indet.,Pseudocylindrodon neglectus
P4,2.1,2.52,37.0,33.9,-89.99,35.83,unknown,unknown,terrestrial indet.,Pseudocylindrodon neglectus
M1,1.57,2.5,37.0,33.9,-89.99,35.83,unknown,unknown,terrestrial indet.,Pseudocylindrodon neglectus
M2,1.61,2.32,37.0,33.9,-89.99,35.83,unknown,unknown,terrestrial indet.,Pseudocylindrodon neglectus
M1,9.0,10.0,37.0,33.9,-86.26,48.45,Chadron,siltstone,terrestrial indet.,Pseudoprotoceras longinaris
M2,10.0,12.0,37.0,33.9,-86.26,48.45,Chadron,siltstone,terrestrial indet.,Pseudoprotoceras longinaris
M3,11.0,11.0,37.0,33.9,-86.26,48.45,Chadron,siltstone,terrestrial indet.,Pseudoprotoceras longinaris
M1,10.3,10.05,37.0,33.9,-85.0,49.11,Chadron,unknown,terrestrial indet.,Pseudoprotoceras longinaris
M2,10.78,12.92,37.0,33.9,-85.0,49.11,Chadron,unknown,terrestrial indet.,Pseudoprotoceras longinaris
M3,10.8667,12.6,37.0,33.9,-85.0,49.11,Chadron,unknown,terrestrial indet.,Pseudoprotoceras longinaris
m2,10.6,8.3333,37.0,33.9,-85.0,49.11,Chadron,unknown,terrestrial indet.,Pseudoprotoceras longinaris
m3,13.8,7.5,37.0,33.9,-85.0,49.11,Chadron,unknown,terrestrial indet.,Pseudoprotoceras longinaris
M1,8.5,10.5,37.0,33.9,-87.35,47.77,Chadron,siltstone,terrestrial indet.,Pseudoprotoceras longinaris
M2,9.8,12.2,37.0,33.9,-87.35,47.77,Chadron,siltstone,terrestrial indet.,Pseudoprotoceras longinaris
M3,10.2,12.4,37.0,33.9,-87.35,47.77,Chadron,siltstone,terrestrial indet.,Pseudoprotoceras longinaris
m2,9.1,8.025,37.0,33.9,-87.35,47.77,Chadron,siltstone,terrestrial indet.,Pseudoprotoceras longinaris
m3,13.5333,7.6333,37.0,33.9,-87.35,47.77,Chadron,siltstone,terrestrial indet.,Pseudoprotoceras longinaris
M1,8.6,10.5,37.0,33.9,-87.35,47.77,Chadron,siltstone,terrestrial indet.,Pseudoprotoceras minor
M2,9.3,12.4,37.0,33.9,-87.35,47.77,Chadron,siltstone,terrestrial indet.,Pseudoprotoceras minor
M3,8.5,11.7,37.0,33.9,-87.35,47.77,Chadron,siltstone,terrestrial indet.,Pseudoprotoceras minor
m2,8.8,6.7,37.0,33.9,-87.35,47.77,Chadron,siltstone,terrestrial indet.,Pseudoprotoceras minor
m3,12.8,6.6,37.0,33.9,-87.35,47.77,Chadron,siltstone,terrestrial indet.,Pseudoprotoceras minor
M1,11.9,12.9,37.0,33.9,-90.2,49.33,White River,unknown,terrestrial indet.,Pseudoprotoceras taylori
M2,13.8,15.7,37.0,33.9,-90.2,49.33,White River,unknown,terrestrial indet.,Pseudoprotoceras taylori
M3,13.3,15.0,37.0,33.9,-90.2,49.33,White River,unknown,terrestrial indet.,Pseudoprotoceras taylori
P4,1.14,1.18,18.5,16.3,-111.27,37.93,Branch Canyon,unknown,terrestrial indet.,Pseudotheridomys cuyamensis
M1,0.99,1.19,18.5,16.3,-111.27,37.93,Branch Canyon,unknown,terrestrial indet.,Pseudotheridomys cuyamensis
M2,0.99,1.19,18.5,16.3,-111.27,37.93,Branch Canyon,unknown,terrestrial indet.,Pseudotheridomys cuyamensis
p4,1.22,0.95,18.5,16.3,-111.27,37.93,Branch Canyon,unknown,terrestrial indet.,Pseudotheridomys cuyamensis
m2,1.04,0.98,18.5,16.3,-111.27,37.93,Branch Canyon,unknown,terrestrial indet.,Pseudotheridomys cuyamensis
P4,0.9933,1.0233,16.3,12.5,-109.76,46.69,Deer Butte,unknown,terrestrial indet.,Pseudotheridomys pagei
M1,0.99,0.99,16.3,12.5,-109.76,46.69,Deer Butte,unknown,terrestrial indet.,Pseudotheridomys pagei
M2,0.76,0.93,16.3,12.5,-109.76,46.69,Deer Butte,unknown,terrestrial indet.,Pseudotheridomys pagei
p4,1.006,0.848,16.3,12.5,-109.76,46.69,Deer Butte,unknown,terrestrial indet.,Pseudotheridomys pagei
m2,0.9125,0.94,16.3,12.5,-109.76,46.69,Deer Butte,unknown,terrestrial indet.,Pseudotheridomys pagei
P4,3.56,1.75,60.9,57.5,-78.13,60.96,Paskapoo,siltstone,fluvial-lacustrine indet.,Ptilodus gnomus
M1,3.93,1.77,60.9,57.5,-78.13,60.96,Paskapoo,siltstone,fluvial-lacustrine indet.,Ptilodus gnomus
M2,1.91,1.94,60.9,57.5,-78.13,60.96,Paskapoo,siltstone,fluvial-lacustrine indet.,Ptilodus gnomus
m2,1.89,1.61,60.9,57.5,-78.13,60.96,Paskapoo,siltstone,fluvial-lacustrine indet.,Ptilodus gnomus
P3,2.68,1.8267,60.9,57.5,-77.86,50.78,Fort Union,unknown,terrestrial indet.,Ptilodus kummae
P4,4.6,1.93,60.9,57.5,-77.86,50.78,Fort Union,unknown,terrestrial indet.,Ptilodus kummae
M1,4.5,1.95,60.9,57.5,-77.86,50.78,Fort Union,unknown,terrestrial indet.,Ptilodus kummae
p4,6.62,2.285,60.9,57.5,-77.86,50.78,Fort Union,unknown,terrestrial indet.,Ptilodus kummae
P4,3.4,4.1,66.0,63.4,-76.0,47.4,Nacimiento,unknown,terrestrial indet.,Puercolestes simpsoni
M1,3.3,4.2,66.0,63.4,-76.0,47.4,Nacimiento,unknown,terrestrial indet.,Puercolestes simpsoni
M2,3.2,4.7,66.0,63.4,-76.0,47.4,Nacimiento,unknown,terrestrial indet.,Puercolestes simpsoni
M1,6.2,7.0,51.1,45.9,-86.38,50.22,Bridger,unknown,terrestrial indet.,Quadratomus grossus
M2,6.05,6.675,51.1,45.9,-86.38,50.22,Bridger,unknown,terrestrial indet.,Quadratomus grossus
M3,6.5,6.025,51.1,45.9,-86.38,50.22,Bridger,unknown,terrestrial indet.,Quadratomus grossus
M1,13.0,17.0,16.3,12.5,-109.76,46.69,Butte Creek,volcaniclastic,terrestrial indet.,Bouromeryx americanus
M2,15.0,18.2,16.3,12.5,-109.76,46.69,Butte Creek,volcaniclastic,terrestrial indet.,Bouromeryx americanus
M3,16.4,18.0,16.3,12.5,-109.76,46.69,Butte Creek,volcaniclastic,terrestrial indet.,Bouromeryx americanus
m3,24.7,11.4,16.3,12.5,-109.76,46.69,Butte Creek,volcaniclastic,terrestrial indet.,Bouromeryx americanus
M1,3.71,4.23,45.9,39.7,-98.28,39.4,Sespe,unknown,terrestrial indet.,Rapamys fricki
M2,3.82,4.19,45.9,39.7,-98.28,39.4,Sespe,unknown,terrestrial indet.,Rapamys fricki
M3,4.1,3.88,45.9,39.7,-98.28,39.4,Sespe,unknown,terrestrial indet.,Rapamys fricki
M1,1.4,0.89,4.7,1.4,-108.1,33.49,Gila Conglomerate,marl,lacustrine indet.,Reithrodontomys rexroadensis
M2,0.98,0.85,4.7,1.4,-108.1,33.49,Gila Conglomerate,marl,lacustrine indet.,Reithrodontomys rexroadensis
M3,0.56,0.58,4.7,1.4,-108.1,33.49,Gila Conglomerate,marl,lacustrine indet.,Reithrodontomys rexroadensis
M1,2.3,2.8667,51.1,45.9,-92.12,47.29,Sheep Pass,limestone,lacustrine - small,Reithroparamys huerfanensis
M2,2.27,2.795,51.1,45.9,-92.12,47.29,Sheep Pass,limestone,lacustrine - small,Reithroparamys huerfanensis
M3,2.64,2.54,51.1,45.9,-92.12,47.29,Sheep Pass,limestone,lacustrine - small,Reithroparamys huerfanensis
M1,2.41,1.66,9.4,4.7,-114.73,37.06,Horned Toad,unknown,terrestrial indet.,Repomys gustelyi
M2,2.04,1.65,9.4,4.7,-114.73,37.06,Horned Toad,unknown,terrestrial indet.,Repomys gustelyi
M3,1.545,1.25,9.4,4.7,-114.73,37.06,Horned Toad,unknown,terrestrial indet.,Repomys gustelyi
M1,2.71,1.79,4.7,1.4,-120.61,38.49,Tassajara,unknown,terrestrial indet.,Repomys maxumi
M2,2.38,1.89,4.7,1.4,-120.61,38.49,Tassajara,unknown,terrestrial indet.,Repomys maxumi
M3,1.71,1.39,4.7,1.4,-120.61,38.49,Tassajara,unknown,terrestrial indet.,Repomys maxumi
M1,2.8,1.8,9.4,4.7,-113.57,35.37,Mt. Eden,unknown,terrestrial indet.,Repomys maxumi
M2,2.4,1.8,9.4,4.7,-113.57,35.37,Mt. Eden,unknown,terrestrial indet.,Repomys maxumi
M3,1.7,1.5,9.4,4.7,-113.57,35.37,Mt. Eden,unknown,terrestrial indet.,Repomys maxumi
M1,2.07,1.38,4.7,1.4,-111.51,35.31,Verde,unknown,terrestrial indet.,Repomys panacaensis
M2,1.74,1.3,4.7,1.4,-111.51,35.31,Verde,unknown,terrestrial indet.,Repomys panacaensis
M3,1.11,1.02,4.7,1.4,-111.51,35.31,Verde,unknown,terrestrial indet.,Repomys panacaensis
M1,91.5,67.5,4.7,1.4,-108.09,33.79,Gila Conglomerate,unknown,terrestrial indet.,Rhynchotherium falconeri
M2,122.5,82.5,4.7,1.4,-108.09,33.79,Gila Conglomerate,unknown,terrestrial indet.,Rhynchotherium falconeri
M3,161.0,88.0,4.7,1.4,-108.09,33.79,Gila Conglomerate,unknown,terrestrial indet.,Rhynchotherium falconeri
m2,123.0,74.0,4.7,1.4,-108.09,33.79,Gila Conglomerate,unknown,terrestrial indet.,Rhynchotherium falconeri
m3,172.5,84.5,4.7,1.4,-108.09,33.79,Gila Conglomerate,unknown,terrestrial indet.,Rhynchotherium falconeri
P4,3.1,3.1,23.1,18.5,-93.3,47.08,Harrison,unknown,terrestrial indet.,Sanctimus falkenbachi
M1,2.8,2.1,23.1,18.5,-93.3,47.08,Harrison,unknown,terrestrial indet.,Sanctimus falkenbachi
M2,2.7,1.7,23.1,18.5,-93.3,47.08,Harrison,unknown,terrestrial indet.,Sanctimus falkenbachi
p4,2.5,2.8,23.1,18.5,-93.3,47.08,Harrison,unknown,terrestrial indet.,Sanctimus falkenbachi
m2,2.7,2.0,23.1,18.5,-93.3,47.08,Harrison,unknown,terrestrial indet.,Sanctimus falkenbachi
P4,2.6,2.4,29.5,18.5,-92.34,47.0,unknown,unknown,terrestrial indet.,Sanctimus stouti
M1,2.4,2.0,29.5,18.5,-92.34,47.0,unknown,unknown,terrestrial indet.,Sanctimus stouti
M2,2.4,2.0,29.5,18.5,-92.34,47.0,unknown,unknown,terrestrial indet.,Sanctimus stouti
p4,1.9,2.0,29.5,18.5,-92.34,47.0,unknown,unknown,terrestrial indet.,Sanctimus stouti
m2,2.3,2.0,29.5,18.5,-92.34,47.0,unknown,unknown,terrestrial indet.,Sanctimus stouti
P4,1.5,1.8,29.5,24.7,-88.74,48.37,Sharps,unknown,terrestrial indet.,Sanctimus stuartae
M1,1.8,1.9,29.5,24.7,-88.74,48.37,Sharps,unknown,terrestrial indet.,Sanctimus stuartae
M2,2.1,1.8,29.5,24.7,-88.74,48.37,Sharps,unknown,terrestrial indet.,Sanctimus stuartae
p4,2.1,1.8,29.5,24.7,-88.74,48.37,Sharps,unknown,terrestrial indet.,Sanctimus stuartae
m2,2.2,2.0,29.5,24.7,-88.74,48.37,Sharps,unknown,terrestrial indet.,Sanctimus stuartae
P4,2.19,2.42,23.1,18.5,-90.01,47.22,Harrison,unknown,terrestrial indet.,Sanctimus stuartae
M1,1.872,2.458,23.1,18.5,-90.01,47.22,Harrison,unknown,terrestrial indet.,Sanctimus stuartae
M2,1.872,2.458,23.1,18.5,-90.01,47.22,Harrison,unknown,terrestrial indet.,Sanctimus stuartae
p4,1.93,1.8,23.1,18.5,-90.01,47.22,Harrison,unknown,terrestrial indet.,Sanctimus stuartae
m2,1.8386,2.1371,23.1,18.5,-90.01,47.22,Harrison,unknown,terrestrial indet.,Sanctimus stuartae
P4,1.6089,1.2389,16.3,12.5,-109.76,46.69,Deer Butte,unknown,terrestrial indet.,Scalopoides ripafodiator
M1,2.5345,1.7264,16.3,12.5,-109.76,46.69,Deer Butte,unknown,terrestrial indet.,Scalopoides ripafodiator
M2,1.972,2.342,16.3,12.5,-109.76,46.69,Deer Butte,unknown,terrestrial indet.,Scalopoides ripafodiator
P4,1.5433,1.1,16.3,12.5,-109.76,46.69,Butte Creek,volcaniclastic,terrestrial indet.,Scalopoides ripafodiator
M1,2.4225,1.6225,16.3,12.5,-109.76,46.69,Butte Creek,volcaniclastic,terrestrial indet.,Scalopoides ripafodiator
M2,1.7371,2.05,16.3,12.5,-109.76,46.69,Butte Creek,volcaniclastic,terrestrial indet.,Scalopoides ripafodiator
M1,13.7,13.9,37.0,33.9,-89.99,35.83,unknown,unknown,terrestrial indet.,Toxotherium hunteri
M2,18.2,17.5,37.0,33.9,-89.99,35.83,unknown,unknown,terrestrial indet.,Toxotherium hunteri
M3,17.2,20.2,37.0,33.9,-89.99,35.83,unknown,unknown,terrestrial indet.,Toxotherium hunteri
M1,1.2567,1.5033,18.5,16.3,-100.38,53.88,Cypress Hills,unknown,terrestrial indet.,Sciurion campestre
M2,1.2567,1.5033,18.5,16.3,-100.38,53.88,Cypress Hills,unknown,terrestrial indet.,Sciurion campestre
M3,1.39,1.38,18.5,16.3,-100.38,53.88,Cypress Hills,unknown,terrestrial indet.,Sciurion campestre
m1,1.3,1.32,18.5,16.3,-100.38,53.88,Cypress Hills,unknown,terrestrial indet.,Sciurion campestre
m3,1.68,1.25,18.5,16.3,-100.38,53.88,Cypress Hills,unknown,terrestrial indet.,Sciurion campestre
M1,2.75,3.33,1.4,0.21,-110.48,31.97,unknown,unknown,terrestrial indet.,Sciurus aberti
M2,2.98,3.4,1.4,0.21,-110.48,31.97,unknown,unknown,terrestrial indet.,Sciurus aberti
M3,3.06,3.28,1.4,0.21,-110.48,31.97,unknown,unknown,terrestrial indet.,Sciurus aberti
m3,3.13,2.79,1.4,0.21,-110.48,31.97,unknown,unknown,terrestrial indet.,Sciurus aberti
P4,1.65,2.02,45.9,37.0,-97.31,38.28,Santiago,unknown,terrestrial indet.,Sespedectes stocki
M1,1.73,2.32,45.9,37.0,-97.31,38.28,Santiago,unknown,terrestrial indet.,Sespedectes stocki
M2,1.66,2.13,45.9,37.0,-97.31,38.28,Santiago,unknown,terrestrial indet.,Sespedectes stocki
p4,1.72,1.19,45.9,37.0,-97.31,38.28,Santiago,unknown,terrestrial indet.,Sespedectes stocki
m2,1.72,1.45,45.9,37.0,-97.31,38.28,Santiago,unknown,terrestrial indet.,Sespedectes stocki
M1,2.17,3.0,51.1,45.9,-84.44,50.94,Aycross,unknown,terrestrial indet.,Shoshonius bowni
M2,2.05,3.37,51.1,45.9,-84.44,50.94,Aycross,unknown,terrestrial indet.,Shoshonius bowni
M3,1.9,2.87,51.1,45.9,-84.44,50.94,Aycross,unknown,terrestrial indet.,Shoshonius bowni
M1,2.13,1.67,4.7,1.4,-111.51,35.31,Verde,unknown,terrestrial indet.,Sigmodon minor
M2,1.63,1.59,4.7,1.4,-111.51,35.31,Verde,unknown,terrestrial indet.,Sigmodon minor
M1,1.53,1.465,4.7,1.4,-111.51,35.31,Verde,unknown,terrestrial indet.,Sigmodon minor
m2,1.595,1.59,4.7,1.4,-111.51,35.31,Verde,unknown,terrestrial indet.,Sigmodon minor
m3,1.595,1.48,4.7,1.4,-111.51,35.31,Verde,unknown,terrestrial indet.,Sigmodon minor
M1,2.11,1.55,4.7,1.4,-115.73,34.46,San Timoteo,unknown,terrestrial indet.,Sigmodon minor
M2,1.68,1.45,4.7,1.4,-115.73,34.46,San Timoteo,unknown,terrestrial indet.,Sigmodon minor
M3,1.48,1.33,4.7,1.4,-115.73,34.46,San Timoteo,unknown,terrestrial indet.,Sigmodon minor
m2,1.58,1.55,4.7,1.4,-115.73,34.46,San Timoteo,unknown,terrestrial indet.,Sigmodon minor
m3,1.82,1.5,4.7,1.4,-115.73,34.46,San Timoteo,unknown,terrestrial indet.,Sigmodon minor
M1,2.37,1.7,4.7,1.4,-115.73,34.46,San Timoteo,unknown,terrestrial indet.,Sigmodon minor
M2,1.76,1.57,4.7,1.4,-115.73,34.46,San Timoteo,unknown,terrestrial indet.,Sigmodon minor
M3,1.565,1.48,4.7,1.4,-115.73,34.46,San Timoteo,unknown,terrestrial indet.,Sigmodon minor
m3,1.97,1.56,4.7,1.4,-115.73,34.46,San Timoteo,unknown,terrestrial indet.,Sigmodon minor
M1,2.225,1.77,4.7,1.4,-115.73,34.46,San Timoteo,unknown,terrestrial indet.,Sigmodon minor
M2,1.615,1.405,4.7,1.4,-115.73,34.46,San Timoteo,unknown,terrestrial indet.,Sigmodon minor
M3,1.47,1.38,4.7,1.4,-115.73,34.46,San Timoteo,unknown,terrestrial indet.,Sigmodon minor
m3,1.78,1.47,4.7,1.4,-115.73,34.46,San Timoteo,unknown,terrestrial indet.,Sigmodon minor
M1,1.73,1.83,39.7,37.0,-100.3,38.92,Sespe,unknown,terrestrial indet.,Simiacritomys whistleri
M2,1.73,1.83,39.7,37.0,-100.3,38.92,Sespe,unknown,terrestrial indet.,Simiacritomys whistleri
M3,1.34,1.5,39.7,37.0,-100.3,38.92,Sespe,unknown,terrestrial indet.,Simiacritomys whistleri
M1,1.81,1.56,39.7,37.0,-100.3,38.92,Sespe,unknown,terrestrial indet.,Simimys landeri
M2,1.79,1.6,39.7,37.0,-100.3,38.92,Sespe,unknown,terrestrial indet.,Simimys landeri
M3,1.28,1.21,39.7,37.0,-100.3,38.92,Sespe,unknown,terrestrial indet.,Simimys landeri
M1,4.5,5.7,56.0,51.1,-82.05,44.29,San Jose,unknown,terrestrial indet.,Simpsonodus chacensis
M2,5.1,6.3,56.0,51.1,-82.05,44.29,San Jose,unknown,terrestrial indet.,Simpsonodus chacensis
M3,4.8,6.3,56.0,51.1,-82.05,44.29,San Jose,unknown,terrestrial indet.,Simpsonodus chacensis
m2,5.2,4.3,56.0,51.1,-82.05,44.29,San Jose,unknown,terrestrial indet.,Simpsonodus chacensis
m3,6.5,3.8,56.0,51.1,-82.05,44.29,San Jose,unknown,terrestrial indet.,Simpsonodus chacensis
P4,2.4,1.6,33.9,31.8,-87.47,46.32,Brule,unknown,terrestrial indet.,Sinclairella dakotensis
M1,3.9,3.5,33.9,31.8,-87.47,46.32,Brule,unknown,terrestrial indet.,Sinclairella dakotensis
M2,3.8,4.1,33.9,31.8,-87.47,46.32,Brule,unknown,terrestrial indet.,Sinclairella dakotensis
P4,6.25,4.8,51.1,45.9,-92.12,47.29,Sheep Pass,limestone,lacustrine - small,Sinopa rapax
M1,6.0,5.3,51.1,45.9,-92.12,47.29,Sheep Pass,limestone,lacustrine - small,Sinopa rapax
M2,5.7,6.15,51.1,45.9,-92.12,47.29,Sheep Pass,limestone,lacustrine - small,Sinopa rapax
M1,5.0,6.0,51.1,45.9,-82.61,44.55,Huerfano,unknown,terrestrial indet.,Smilodectes mcgrewi
M2,5.0,7.3,51.1,45.9,-82.61,44.55,Huerfano,unknown,terrestrial indet.,Smilodectes mcgrewi
M3,4.6,5.9,51.1,45.9,-82.61,44.55,Huerfano,unknown,terrestrial indet.,Smilodectes mcgrewi
m2,5.3,4.6,51.1,45.9,-82.61,44.55,Huerfano,unknown,terrestrial indet.,Smilodectes mcgrewi
m3,6.1,4.2,51.1,45.9,-82.61,44.55,Huerfano,unknown,terrestrial indet.,Smilodectes mcgrewi
M1,1.78,2.1,16.3,12.5,-104.9,49.7,Madison Valley,sandstone,channel,Spermophilus jerae
M2,1.92,2.235,16.3,12.5,-104.9,49.7,Madison Valley,sandstone,channel,Spermophilus jerae
M3,2.245,2.14,16.3,12.5,-104.9,49.7,Madison Valley,sandstone,channel,Spermophilus jerae
m2,2.135,2.215,16.3,12.5,-104.9,49.7,Madison Valley,sandstone,channel,Spermophilus jerae
m3,2.2325,2.1675,16.3,12.5,-104.9,49.7,Madison Valley,sandstone,channel,Spermophilus jerae
M1,1.8086,2.1243,16.3,12.5,-109.76,46.69,Butte Creek,volcaniclastic,terrestrial indet.,Citellus (Otospermophilus) tephrus
M2,1.8086,2.1243,16.3,12.5,-109.76,46.69,Butte Creek,volcaniclastic,terrestrial indet.,Citellus (Otospermophilus) tephrus
M3,2.0643,1.9914,16.3,12.5,-109.76,46.69,Butte Creek,volcaniclastic,terrestrial indet.,Citellus (Otospermophilus) tephrus
m2,1.93,1.9225,16.3,12.5,-109.76,46.69,Butte Creek,volcaniclastic,terrestrial indet.,Citellus (Otospermophilus) tephrus
m3,2.104,2.012,16.3,12.5,-109.76,46.69,Butte Creek,volcaniclastic,terrestrial indet.,Citellus (Otospermophilus) tephrus
M1,1.65,2.05,1.4,0.21,-99.92,37.44,Crooked Creek,unknown,terrestrial indet.,Spermophilus tridecemlineatus
M2,1.65,2.05,1.4,0.21,-99.92,37.44,Crooked Creek,unknown,terrestrial indet.,Spermophilus tridecemlineatus
M3,2.02,1.845,1.4,0.21,-99.92,37.44,Crooked Creek,unknown,terrestrial indet.,Spermophilus tridecemlineatus
m2,1.8,1.8,1.4,0.21,-99.92,37.44,Crooked Creek,unknown,terrestrial indet.,Spermophilus tridecemlineatus
m3,2.21,2.06,1.4,0.21,-99.92,37.44,Crooked Creek,unknown,terrestrial indet.,Spermophilus tridecemlineatus
M1,34.0,42.0,45.9,39.7,-90.0,47.38,Uinta,unknown,terrestrial indet.,Sthenodectes incisivum
M2,43.0,51.0,45.9,39.7,-90.0,47.38,Uinta,unknown,terrestrial indet.,Sthenodectes incisivum
M3,48.0,49.0,45.9,39.7,-90.0,47.38,Uinta,unknown,terrestrial indet.,Sthenodectes incisivum
P3,6.6,4.0,12.5,9.4,-110.34,46.52,Juntura,unknown,terrestrial indet.,Sthenictis junturensis
P4,7.7,4.3,12.5,9.4,-110.34,46.52,Juntura,unknown,terrestrial indet.,Sthenictis junturensis
M1,12.7,15.8,12.5,9.4,-110.34,46.52,Juntura,unknown,terrestrial indet.,Sthenictis junturensis
P3,6.5,4.15,37.0,33.9,-87.35,47.77,Chadron,siltstone,terrestrial indet.,Stibarus yoderensis
P4,3.95,5.7,37.0,33.9,-87.35,47.77,Chadron,siltstone,terrestrial indet.,Stibarus yoderensis
M1,4.4,5.8,37.0,33.9,-87.35,47.77,Chadron,siltstone,terrestrial indet.,Stibarus yoderensis
p3,7.2,2.5,37.0,33.9,-87.35,47.77,Chadron,siltstone,terrestrial indet.,Stibarus yoderensis
M1,1.015,1.285,18.5,16.3,-100.38,53.88,Cypress Hills,unknown,terrestrial indet.,Stratimus strobeli
M2,1.015,1.285,18.5,16.3,-100.38,53.88,Cypress Hills,unknown,terrestrial indet.,Stratimus strobeli
M3,1.39,1.6,18.5,16.3,-100.38,53.88,Cypress Hills,unknown,terrestrial indet.,Stratimus strobeli
m2,1.08,1.46,18.5,16.3,-100.38,53.88,Cypress Hills,unknown,terrestrial indet.,Stratimus strobeli
m3,1.115,1.135,18.5,16.3,-100.38,53.88,Cypress Hills,unknown,terrestrial indet.,Stratimus strobeli
P4,2.4,3.0,51.1,45.9,-84.44,50.94,Aycross,unknown,terrestrial indet.,Strigorhysis bridgerensis
M1,2.3,3.4,51.1,45.9,-84.44,50.94,Aycross,unknown,terrestrial indet.,Strigorhysis bridgerensis
M2,2.1,4.0,51.1,45.9,-84.44,50.94,Aycross,unknown,terrestrial indet.,Strigorhysis bridgerensis
p4,2.2,2.25,51.1,45.9,-84.44,50.94,Aycross,unknown,terrestrial indet.,Strigorhysis bridgerensis
m2,2.55,2.35,51.1,45.9,-84.44,50.94,Aycross,unknown,terrestrial indet.,Strigorhysis bridgerensis
P3,14.3,12.8,12.5,9.4,-95.57,45.5,Valentine,unknown,terrestrial indet.,Aelurodon stirtoni
P4,24.7,13.4,12.5,9.4,-95.57,45.5,Valentine,unknown,terrestrial indet.,Aelurodon stirtoni
M1,13.9,19.9,12.5,9.4,-95.57,45.5,Valentine,unknown,terrestrial indet.,Aelurodon stirtoni
M1,33.3,36.2,31.8,18.5,-106.6,37.84,Sespe,claystone,terrestrial indet.,Subhyracodon kewi
M2,40.55,39.7,31.8,18.5,-106.6,37.84,Sespe,claystone,terrestrial indet.,Subhyracodon kewi
M3,35.3,37.6,31.8,18.5,-106.6,37.84,Sespe,claystone,terrestrial indet.,Subhyracodon kewi
M1,35.3,35.2,37.0,33.9,-85.14,48.82,Chadron,unknown,terrestrial indet.,Subhyracodon occidentalis
M2,38.2,37.4,37.0,33.9,-85.14,48.82,Chadron,unknown,terrestrial indet.,Subhyracodon occidentalis
M3,30.7,39.1,37.0,33.9,-85.14,48.82,Chadron,unknown,terrestrial indet.,Subhyracodon occidentalis
M1,1.77,1.15,9.4,1.4,-83.09,41.51,unknown,unknown,terrestrial indet.,Symmetrodontomys daamsi
M2,1.2,1.12,9.4,1.4,-83.09,41.51,unknown,unknown,terrestrial indet.,Symmetrodontomys daamsi
M3,0.965,1.005,9.4,1.4,-83.09,41.51,unknown,unknown,terrestrial indet.,Symmetrodontomys daamsi
m2,1.21,1.1,9.4,1.4,-83.09,41.51,unknown,unknown,terrestrial indet.,Symmetrodontomys daamsi
m3,1.19,0.98,9.4,1.4,-83.09,41.51,unknown,unknown,terrestrial indet.,Symmetrodontomys daamsi
M1,1.76,1.14,4.7,1.4,-99.15,37.91,Rexroad,unknown,terrestrial indet.,Symmetrodontomys simplicidens
M2,1.25,1.07,4.7,1.4,-99.15,37.91,Rexroad,unknown,terrestrial indet.,Symmetrodontomys simplicidens
M3,1.07,1.03,4.7,1.4,-99.15,37.91,Rexroad,unknown,terrestrial indet.,Symmetrodontomys simplicidens
m2,1.36,1.1,4.7,1.4,-99.15,37.91,Rexroad,unknown,terrestrial indet.,Symmetrodontomys simplicidens
m3,1.39,0.99,4.7,1.4,-99.15,37.91,Rexroad,unknown,terrestrial indet.,Symmetrodontomys simplicidens
M1,2.62,1.28,1.4,0.21,-99.92,37.44,Crooked Creek,unknown,terrestrial indet.,Mictomys kansasensis
M2,2.01,1.1,1.4,0.21,-99.92,37.44,Crooked Creek,unknown,terrestrial indet.,Mictomys kansasensis
M3,1.95,0.95,1.4,0.21,-99.92,37.44,Crooked Creek,unknown,terrestrial indet.,Mictomys kansasensis
m2,1.87,1.1,1.4,0.21,-99.92,37.44,Crooked Creek,unknown,terrestrial indet.,Mictomys kansasensis
m3,1.77,1.05,1.4,0.21,-99.92,37.44,Crooked Creek,unknown,terrestrial indet.,Mictomys kansasensis
M1,2.54,1.29,1.4,0.21,-99.44,45.67,unknown,unknown,terrestrial indet.,Mictomys kansasensis
M2,1.9,1.08,1.4,0.21,-99.44,45.67,unknown,unknown,terrestrial indet.,Mictomys kansasensis
M3,1.91,1.01,1.4,0.21,-99.44,45.67,unknown,unknown,terrestrial indet.,Mictomys kansasensis
m2,1.74,1.09,1.4,0.21,-99.44,45.67,unknown,unknown,terrestrial indet.,Mictomys kansasensis
m3,1.69,1.01,1.4,0.21,-99.44,45.67,unknown,unknown,terrestrial indet.,Mictomys kansasensis
M1,2.99,1.61,1.4,0.21,-82.19,29.85,unknown,unknown,terrestrial indet.,Synaptomys morgani
M2,2.26,1.29,1.4,0.21,-82.19,29.85,unknown,unknown,terrestrial indet.,Synaptomys morgani
M3,2.57,1.24,1.4,0.21,-82.19,29.85,unknown,unknown,terrestrial indet.,Synaptomys morgani
m2,2.07,1.39,1.4,0.21,-82.19,29.85,unknown,unknown,terrestrial indet.,Synaptomys morgani
m3,2.03,1.37,1.4,0.21,-82.19,29.85,unknown,unknown,terrestrial indet.,Synaptomys morgani
P3,1.8,3.12,39.7,37.0,-86.94,56.36,Cypress Hills,unknown,terrestrial indet.,Tachylagus gawneae
P4,1.88,3.14,39.7,37.0,-86.94,56.36,Cypress Hills,unknown,terrestrial indet.,Tachylagus gawneae
M1,1.85,3.57,39.7,37.0,-86.94,56.36,Cypress Hills,unknown,terrestrial indet.,Tachylagus gawneae
p3,2.34,1.68,39.7,37.0,-86.94,56.36,Cypress Hills,unknown,terrestrial indet.,Tachylagus gawneae
p4,2.34,2.64,39.7,37.0,-86.94,56.36,Cypress Hills,unknown,terrestrial indet.,Tachylagus gawneae
M1,1.595,2.425,39.7,37.0,-86.94,56.36,Cypress Hills,unknown,terrestrial indet.,Talpavus conjunctus
M2,1.65,2.3,39.7,37.0,-86.94,56.36,Cypress Hills,unknown,terrestrial indet.,Talpavus conjunctus
M3,1.15,1.78,39.7,37.0,-86.94,56.36,Cypress Hills,unknown,terrestrial indet.,Talpavus conjunctus
m2,1.89,1.48,39.7,37.0,-86.94,56.36,Cypress Hills,unknown,terrestrial indet.,Talpavus conjunctus
M1,23.7,19.2,1.4,0.21,-101.54,33.94,unknown,unknown,terrestrial indet.,Hemiauchenia macrocephala
M2,27.4,18.5,1.4,0.21,-101.54,33.94,unknown,unknown,terrestrial indet.,Hemiauchenia macrocephala
M3,26.2,16.6,1.4,0.21,-101.54,33.94,unknown,unknown,terrestrial indet.,Hemiauchenia macrocephala
M1,21.7,31.5,4.7,1.4,-104.18,32.26,Camp Rice,unknown,terrestrial indet.,Tapirus (Helicotapirus) haysii
M2,27.8,34.3,4.7,1.4,-104.18,32.26,Camp Rice,unknown,terrestrial indet.,Tapirus (Helicotapirus) haysii
M3,29.0,33.3,4.7,1.4,-104.18,32.26,Camp Rice,unknown,terrestrial indet.,Tapirus (Helicotapirus) haysii
M1,24.0,29.0,2.58,0.0117,-97.56,35.28,unknown,gravel,terrestrial indet.,Tapirus (Helicotapirus) haysii
M2,27.0,31.0,2.58,0.0117,-97.56,35.28,unknown,gravel,terrestrial indet.,Tapirus (Helicotapirus) haysii
M3,27.0,29.0,2.58,0.0117,-97.56,35.28,unknown,gravel,terrestrial indet.,Tapirus (Helicotapirus) haysii
P4,4.49,5.63,45.9,39.7,-98.28,39.4,Sespe,unknown,terrestrial indet.,Tapomys tapensis
M1,4.85,5.66,45.9,39.7,-98.28,39.4,Sespe,unknown,terrestrial indet.,Tapomys tapensis
M2,4.78,5.5,45.9,39.7,-98.28,39.4,Sespe,unknown,terrestrial indet.,Tapomys tapensis
M1,40.0,62.0,12.5,9.4,-96.15,37.71,unknown,unknown,terrestrial indet.,Teleoceras major
M2,53.0,70.0,12.5,9.4,-96.15,37.71,unknown,unknown,terrestrial indet.,Teleoceras major
M3,60.0,78.0,12.5,9.4,-96.15,37.71,unknown,unknown,terrestrial indet.,Teleoceras major
M1,46.3,45.8,39.7,37.0,-84.14,51.5,Slim Buttes,siliciclastic,fluvial indet.,Duchesneodus uintensis
M2,57.6,57.4,39.7,37.0,-84.14,51.5,Slim Buttes,siliciclastic,fluvial indet.,Duchesneodus uintensis
M3,60.4,57.1,39.7,37.0,-84.14,51.5,Slim Buttes,siliciclastic,fluvial indet.,Duchesneodus uintensis
M1,34.6,36.1,51.1,45.9,-86.38,50.22,Bridger,unknown,terrestrial indet.,Telmatherium validus
M2,46.0,44.2,51.1,45.9,-86.38,50.22,Bridger,unknown,terrestrial indet.,Telmatherium validus
M3,46.5,46.4,51.1,45.9,-86.38,50.22,Bridger,unknown,terrestrial indet.,Telmatherium validus
P4,1.08,1.2,33.9,31.8,-87.83,47.98,Brule,unknown,terrestrial indet.,Tenudomys basilaris
M1,1.0,1.46,33.9,31.8,-87.83,47.98,Brule,unknown,terrestrial indet.,Tenudomys basilaris
M2,0.96,1.41,33.9,31.8,-87.83,47.98,Brule,unknown,terrestrial indet.,Tenudomys basilaris
P4,6.97,7.87,63.4,60.9,-73.72,54.42,unknown,unknown,terrestrial indet.,Tetraclaenodon puercensis
M1,7.69,9.64,63.4,60.9,-73.72,54.42,unknown,unknown,terrestrial indet.,Tetraclaenodon puercensis
M2,8.06,9.9,63.4,60.9,-73.72,54.42,unknown,unknown,terrestrial indet.,Tetraclaenodon puercensis
p4,7.69,5.34,63.4,60.9,-73.72,54.42,unknown,unknown,terrestrial indet.,Tetraclaenodon puercensis
m2,7.9,6.79,63.4,60.9,-73.72,54.42,unknown,unknown,terrestrial indet.,Tetraclaenodon puercensis
P4,7.27,7.88,63.4,60.9,-76.78,46.9,Nacimiento,siltstone,terrestrial indet.,Tetraclaenodon puercensis
M1,7.88,9.38,63.4,60.9,-76.78,46.9,Nacimiento,siltstone,terrestrial indet.,Tetraclaenodon puercensis
M2,8.27,9.6,63.4,60.9,-76.78,46.9,Nacimiento,siltstone,terrestrial indet.,Tetraclaenodon puercensis
p4,7.39,5.12,63.4,60.9,-76.78,46.9,Nacimiento,siltstone,terrestrial indet.,Tetraclaenodon puercensis
m2,7.76,6.93,63.4,60.9,-76.78,46.9,Nacimiento,siltstone,terrestrial indet.,Tetraclaenodon puercensis
M1,14.0,11.5,1.4,0.21,-101.54,33.94,unknown,unknown,terrestrial indet.,Tetrameryx shuleri
M2,17.85,13.45,1.4,0.21,-101.54,33.94,unknown,unknown,terrestrial indet.,Tetrameryx shuleri
M3,22.25,12.4,1.4,0.21,-101.54,33.94,unknown,unknown,terrestrial indet.,Tetrameryx shuleri
M1,9.2,8.4,9.4,4.7,-97.13,37.75,unknown,unknown,terrestrial indet.,Texoceros altidens
M2,12.4,9.1,9.4,4.7,-97.13,37.75,unknown,unknown,terrestrial indet.,Texoceros altidens
M3,16.5,9.2,9.4,4.7,-97.13,37.75,unknown,unknown,terrestrial indet.,Texoceros altidens
P4,3.52,4.6,51.1,45.9,-86.38,50.22,Bridger,unknown,terrestrial indet.,Thisbemys corrugatus
M1,3.73,4.72,51.1,45.9,-86.38,50.22,Bridger,unknown,terrestrial indet.,Thisbemys corrugatus
M2,3.83,4.68,51.1,45.9,-86.38,50.22,Bridger,unknown,terrestrial indet.,Thisbemys corrugatus
P4,1.95,2.36,51.1,45.9,-82.61,44.55,Huerfano,unknown,terrestrial indet.,Thisbemys elachistos
M1,2.15,2.4,51.1,45.9,-82.61,44.55,Huerfano,unknown,terrestrial indet.,Thisbemys elachistos
M2,2.14,2.32,51.1,45.9,-82.61,44.55,Huerfano,unknown,terrestrial indet.,Thisbemys elachistos
P4,2.04,1.6,4.7,1.4,-115.73,34.46,San Timoteo,unknown,terrestrial indet.,Thomomys gidleyi
M1,1.2,1.79,4.7,1.4,-115.73,34.46,San Timoteo,unknown,terrestrial indet.,Thomomys gidleyi
M2,1.2,1.79,4.7,1.4,-115.73,34.46,San Timoteo,unknown,terrestrial indet.,Thomomys gidleyi
p4,2.06,1.52,4.7,1.4,-115.73,34.46,San Timoteo,unknown,terrestrial indet.,Thomomys gidleyi
m2,1.08,1.72,4.7,1.4,-115.73,34.46,San Timoteo,unknown,terrestrial indet.,Thomomys gidleyi
P4,1.55,1.43,4.7,1.4,-115.73,34.46,San Timoteo,unknown,terrestrial indet.,Thomomys gidleyi
M1,1.13,1.8,4.7,1.4,-115.73,34.46,San Timoteo,unknown,terrestrial indet.,Thomomys gidleyi
M2,1.13,1.8,4.7,1.4,-115.73,34.46,San Timoteo,unknown,terrestrial indet.,Thomomys gidleyi
p4,2.02,1.59,4.7,1.4,-115.73,34.46,San Timoteo,unknown,terrestrial indet.,Thomomys gidleyi
m2,1.3,2.02,4.7,1.4,-115.73,34.46,San Timoteo,unknown,terrestrial indet.,Thomomys gidleyi
P4,2.0,1.71,4.7,1.4,-115.73,34.46,San Timoteo,unknown,terrestrial indet.,Thomomys gidleyi
M1,1.26,1.9,4.7,1.4,-115.73,34.46,San Timoteo,unknown,terrestrial indet.,Thomomys gidleyi
M2,1.26,1.9,4.7,1.4,-115.73,34.46,San Timoteo,unknown,terrestrial indet.,Thomomys gidleyi
m2,1.1,1.8,4.7,1.4,-115.73,34.46,San Timoteo,unknown,terrestrial indet.,Thomomys gidleyi
P4,1.725,1.61,4.7,1.4,-115.73,34.46,San Timoteo,unknown,terrestrial indet.,Thomomys gidleyi
M1,1.02,1.61,4.7,1.4,-115.73,34.46,San Timoteo,unknown,terrestrial indet.,Thomomys gidleyi
M2,1.02,1.61,4.7,1.4,-115.73,34.46,San Timoteo,unknown,terrestrial indet.,Thomomys gidleyi
m2,0.94,1.68,4.7,1.4,-115.73,34.46,San Timoteo,unknown,terrestrial indet.,Thomomys gidleyi
M1,15.5,16.4,23.1,18.5,-93.95,47.74,unknown,unknown,terrestrial indet.,Hypsiops brachymelis
M2,19.7,17.3,23.1,18.5,-93.95,47.74,unknown,unknown,terrestrial indet.,Hypsiops brachymelis
M3,23.0,18.3,23.1,18.5,-93.95,47.74,unknown,unknown,terrestrial indet.,Hypsiops brachymelis
M1,14.7,13.7,16.3,12.5,-109.76,46.69,Sucker Creek,unknown,terrestrial indet.,Ticholeptus zygomaticus
M2,17.8,15.1,16.3,12.5,-109.76,46.69,Sucker Creek,unknown,terrestrial indet.,Ticholeptus zygomaticus
M3,23.4,16.2,16.3,12.5,-109.76,46.69,Sucker Creek,unknown,terrestrial indet.,Ticholeptus zygomaticus
P3,3.3,1.6,1.4,0.21,-99.44,45.67,unknown,unknown,terrestrial indet.,Tisisthenes parvus
P4,5.9,3.2,1.4,0.21,-99.44,45.67,unknown,unknown,terrestrial indet.,Tisisthenes parvus
M1,1.8,3.8,1.4,0.21,-99.44,45.67,unknown,unknown,terrestrial indet.,Tisisthenes parvus
M1,16.5,19.6,63.4,60.9,-74.71,38.65,Black Peaks,unknown,terrestrial indet.,Titanoides gidleyi
M2,18.9,23.0,63.4,60.9,-74.71,38.65,Black Peaks,unknown,terrestrial indet.,Titanoides gidleyi
M3,15.0,24.3,63.4,60.9,-74.71,38.65,Black Peaks,unknown,terrestrial indet.,Titanoides gidleyi
m3,22.4,12.8,63.4,60.9,-74.71,38.65,Black Peaks,unknown,terrestrial indet.,Titanoides gidleyi
P3,7.0,4.4,4.7,1.4,-99.15,37.91,Rexroad,unknown,terrestrial indet.,Trigonictis macrodon
P4,11.9,7.8,4.7,1.4,-99.15,37.91,Rexroad,unknown,terrestrial indet.,Trigonictis macrodon
M1,6.8,12.1,4.7,1.4,-99.15,37.91,Rexroad,unknown,terrestrial indet.,Trigonictis macrodon
p4,8.0,4.3,4.7,1.4,-99.15,37.91,Rexroad,unknown,terrestrial indet.,Trigonictis macrodon
P4,4.27,3.0,16.3,12.5,-104.9,49.7,Madison Valley,sandstone,channel,Galbreathia bettae
M1,2.21,2.4,16.3,12.5,-104.9,49.7,Madison Valley,sandstone,channel,Galbreathia bettae
M2,2.15,2.23,16.3,12.5,-104.9,49.7,Madison Valley,sandstone,channel,Galbreathia bettae
p4,4.34,2.46,16.3,12.5,-104.9,49.7,Madison Valley,sandstone,channel,Galbreathia bettae
m2,2.33,2.04,16.3,12.5,-104.9,49.7,Madison Valley,sandstone,channel,Galbreathia bettae
M1,13.95,16.7,45.9,39.7,-88.55,48.71,Washakie,unknown,terrestrial indet.,Triplopus implicatus
M2,16.13,17.87,45.9,39.7,-88.55,48.71,Washakie,unknown,terrestrial indet.,Triplopus implicatus
M3,15.76,17.48,45.9,39.7,-88.55,48.71,Washakie,unknown,terrestrial indet.,Triplopus implicatus
m2,15.58,10.13,45.9,39.7,-88.55,48.71,Washakie,unknown,terrestrial indet.,Triplopus implicatus
m3,17.2,10.8,45.9,39.7,-88.55,48.71,Washakie,unknown,terrestrial indet.,Triplopus implicatus
M1,13.1,14.9,45.9,39.7,-88.55,48.71,Washakie,unknown,terrestrial indet.,Triplopus implicatus
M2,16.0,16.3,45.9,39.7,-88.55,48.71,Washakie,unknown,terrestrial indet.,Triplopus implicatus
M3,15.4,15.8,45.9,39.7,-88.55,48.71,Washakie,unknown,terrestrial indet.,Triplopus implicatus
P4,11.7,9.3,45.9,39.7,-85.58,35.54,Chisos,unknown,terrestrial indet.,Miocyon vallisrubrae
M1,9.7,13.4,45.9,39.7,-85.58,35.54,Chisos,unknown,terrestrial indet.,Miocyon vallisrubrae
M2,8.8,11.6,45.9,39.7,-85.58,35.54,Chisos,unknown,terrestrial indet.,Miocyon vallisrubrae
p4,8.7,4.6,45.9,39.7,-85.58,35.54,Chisos,unknown,terrestrial indet.,Miocyon vallisrubrae
M1,1.01,1.17,51.1,45.9,-87.05,47.75,Green River,sandstone,channel lag,Uintasorex parvulus
M2,0.96,1.17,51.1,45.9,-87.05,47.75,Green River,sandstone,channel lag,Uintasorex parvulus
M3,0.8,0.87,51.1,45.9,-87.05,47.75,Green River,sandstone,channel lag,Uintasorex parvulus
P4,2.7,2.8,16.3,12.5,-101.18,40.09,Tesuque,unknown,terrestrial indet.,Untermannerix copiosus
M1,2.95,3.15,16.3,12.5,-101.18,40.09,Tesuque,unknown,terrestrial indet.,Untermannerix copiosus
M2,2.2,3.1,16.3,12.5,-101.18,40.09,Tesuque,unknown,terrestrial indet.,Untermannerix copiosus
p4,2.5,1.6,16.3,12.5,-101.18,40.09,Tesuque,unknown,terrestrial indet.,Untermannerix copiosus
m2,2.8,2.1,16.3,12.5,-101.18,40.09,Tesuque,unknown,terrestrial indet.,Untermannerix copiosus
P4,12.7,9.6,1.4,0.21,-78.33,39.84,unknown,unknown,cave,Ursus americanus
M1,17.8,13.4,1.4,0.21,-78.33,39.84,unknown,unknown,cave,Ursus americanus
M2,27.0,15.5,1.4,0.21,-78.33,39.84,unknown,unknown,cave,Ursus americanus
p4,10.2,5.7,1.4,0.21,-78.33,39.84,unknown,unknown,cave,Ursus americanus
m2,19.7,12.1,1.4,0.21,-78.33,39.84,unknown,unknown,cave,Ursus americanus
P4,3.6,4.6,60.9,57.5,-78.5,46.09,unknown,shale,fissure fill,Utemylus latomius
M1,4.0,5.0,60.9,57.5,-78.5,46.09,unknown,shale,fissure fill,Utemylus latomius
M2,4.1,6.0,60.9,57.5,-78.5,46.09,unknown,shale,fissure fill,Utemylus latomius
P4,1.35,1.295,39.7,37.0,-88.5,36.09,Chambers Tuff,unknown,terrestrial indet.,Viejadjidaumo magniscopuli
M1,1.34,1.44,39.7,37.0,-88.5,36.09,Chambers Tuff,unknown,terrestrial indet.,Viejadjidaumo magniscopuli
M2,1.235,1.44,39.7,37.0,-88.5,36.09,Chambers Tuff,unknown,terrestrial indet.,Viejadjidaumo magniscopuli
M1,2.5,2.9,51.1,45.9,-85.65,49.81,Bridger,unknown,terrestrial indet.,Washakius insignis
M2,2.5,3.6,51.1,45.9,-85.65,49.81,Bridger,unknown,terrestrial indet.,Washakius insignis
M3,2.1,3.9,51.1,45.9,-85.65,49.81,Bridger,unknown,terrestrial indet.,Washakius insignis
P4,5.68,4.85,56.0,51.1,-88.74,34.68,Las Tetas de Cabra,sandstone,fluvial-lacustrine indet.,Wyolestes iglesius
M1,6.28,7.04,56.0,51.1,-88.74,34.68,Las Tetas de Cabra,sandstone,fluvial-lacustrine indet.,Wyolestes iglesius
M2,5.49,8.07,56.0,51.1,-88.74,34.68,Las Tetas de Cabra,sandstone,fluvial-lacustrine indet.,Wyolestes iglesius
M1,1.45,1.5,56.0,48.07,-78.5,53.19,Willwood,wackestone,wet floodplain,Wyonycteris chalix
M2,1.3,1.7,56.0,48.07,-78.5,53.19,Willwood,wackestone,wet floodplain,Wyonycteris chalix
M3,0.85,1.35,56.0,48.07,-78.5,53.19,Willwood,wackestone,wet floodplain,Wyonycteris chalix
m2,1.2,0.8,56.0,48.07,-78.5,53.19,Willwood,wackestone,wet floodplain,Wyonycteris chalix
M1,9.18,10.66,56.0,51.1,-79.51,45.15,Huerfano,unknown,terrestrial indet.,Xenicohippus osborni
M2,9.82,11.75,56.0,51.1,-79.51,45.15,Huerfano,unknown,terrestrial indet.,Xenicohippus osborni
M3,10.06,11.15,56.0,51.1,-79.51,45.15,Huerfano,unknown,terrestrial indet.,Xenicohippus osborni
m2,9.73,6.88,56.0,51.1,-79.51,45.15,Huerfano,unknown,terrestrial indet.,Xenicohippus osborni
m3,12.99,6.83,56.0,51.1,-79.51,45.15,Huerfano,unknown,terrestrial indet.,Xenicohippus osborni
P4,2.17,2.39,37.0,33.9,-90.2,49.33,White River,unknown,terrestrial indet.,Yoderimys stewarti
M1,1.97,2.17,37.0,33.9,-90.2,49.33,White River,unknown,terrestrial indet.,Yoderimys stewarti
M2,1.97,2.17,37.0,33.9,-90.2,49.33,White River,unknown,terrestrial indet.,Yoderimys stewarti
p4,2.29,1.96,37.0,33.9,-90.2,49.33,White River,unknown,terrestrial indet.,Yoderimys stewarti
m2,2.13,1.88,37.0,33.9,-90.2,49.33,White River,unknown,terrestrial indet.,Yoderimys stewarti
P4,27.6,16.4,23.1,18.5,-93.8,46.72,Marsland,unknown,terrestrial indet.,Ysengrinia americana
M1,21.2,28.0,23.1,18.5,-93.8,46.72,Marsland,unknown,terrestrial indet.,Ysengrinia americana
M2,14.5,23.2,23.1,18.5,-93.8,46.72,Marsland,unknown,terrestrial indet.,Ysengrinia americana
p4,20.4,9.6,23.1,18.5,-93.8,46.72,Marsland,unknown,terrestrial indet.,Ysengrinia americana
m2,17.7,13.1,23.1,18.5,-93.8,46.72,Marsland,unknown,terrestrial indet.,Ysengrinia americana
P4,26.9,16.65,23.1,18.5,-92.58,46.82,unknown,unknown,terrestrial indet.,Ysengrinia americana
M1,22.05,27.55,23.1,18.5,-92.58,46.82,unknown,unknown,terrestrial indet.,Ysengrinia americana
M2,15.85,23.7,23.1,18.5,-92.58,46.82,unknown,unknown,terrestrial indet.,Ysengrinia americana
M1,1.46,1.11,1.4,0.21,-99.44,45.67,unknown,unknown,terrestrial indet.,Zapus sykesae
M2,1.255,1.035,1.4,0.21,-99.44,45.67,unknown,unknown,terrestrial indet.,Zapus sykesae
M3,0.77,0.83,1.4,0.21,-99.44,45.67,unknown,unknown,terrestrial indet.,Zapus sykesae
m2,1.43,1.02,1.4,0.21,-99.44,45.67,unknown,unknown,terrestrial indet.,Zapus sykesae
m3,0.82,0.75,1.4,0.21,-99.44,45.67,unknown,unknown,terrestrial indet.,Zapus sykesae
P4,2.38,2.51,37.0,33.9,-90.2,49.33,White River,unknown,terrestrial indet.,Zemiodontomys burkei
M1,1.955,2.23,37.0,33.9,-90.2,49.33,White River,unknown,terrestrial indet.,Zemiodontomys burkei
M2,2.115,2.31,37.0,33.9,-90.2,49.33,White River,unknown,terrestrial indet.,Zemiodontomys burkei
P1,0.6,0.4,63.4,60.9,-74.71,61.93,Paskapoo,unknown,fluvial indet.,Picrodus calgariensis
P2,0.7,0.4,63.4,60.9,-74.71,61.93,Paskapoo,unknown,fluvial indet.,Picrodus calgariensis
P3,0.7,0.5,63.4,60.9,-74.71,61.93,Paskapoo,unknown,fluvial indet.,Picrodus calgariensis
P4,1.2,1.05,63.4,60.9,-74.71,61.93,Paskapoo,unknown,fluvial indet.,Picrodus calgariensis
M1,2.55,2.6,63.4,60.9,-74.71,61.93,Paskapoo,unknown,fluvial indet.,Picrodus calgariensis
M2,1.25,1.9,63.4,60.9,-74.71,61.93,Paskapoo,unknown,fluvial indet.,Picrodus calgariensis
M3,1.1,1.5,63.4,60.9,-74.71,61.93,Paskapoo,unknown,fluvial indet.,Picrodus calgariensis
p4,0.8,0.6,63.4,60.9,-74.71,61.93,Paskapoo,unknown,fluvial indet.,Picrodus calgariensis
m1,2.4,2.1,63.4,60.9,-74.71,61.93,Paskapoo,unknown,fluvial indet.,Picrodus calgariensis
m2,1.7,1.1,63.4,60.9,-74.71,61.93,Paskapoo,unknown,fluvial indet.,Picrodus calgariensis
P4,1.08,0.95,60.9,57.5,-78.13,60.96,Paskapoo,siltstone,fluvial-lacustrine indet.,Picrodus canpacius
M1,2.35,2.63,60.9,57.5,-78.13,60.96,Paskapoo,siltstone,fluvial-lacustrine indet.,Picrodus canpacius
M2,1.2,1.55,60.9,57.5,-78.13,60.96,Paskapoo,siltstone,fluvial-lacustrine indet.,Picrodus canpacius
M3,1.1,1.3,60.9,57.5,-78.13,60.96,Paskapoo,siltstone,fluvial-lacustrine indet.,Picrodus canpacius
p4,0.85,0.55,60.9,57.5,-78.13,60.96,Paskapoo,siltstone,fluvial-lacustrine indet.,Picrodus canpacius
m1,2.47,1.03,60.9,57.5,-78.13,60.96,Paskapoo,siltstone,fluvial-lacustrine indet.,Picrodus canpacius
m3,1.3,1.0,60.9,57.5,-78.13,60.96,Paskapoo,siltstone,fluvial-lacustrine indet.,Picrodus canpacius
P4,1.1,1.1,60.9,57.5,-74.94,50.36,Hanna,unknown,terrestrial indet.,Picrodus canpacius
M1,2.4,2.6,60.9,57.5,-74.94,50.36,Hanna,unknown,terrestrial indet.,Picrodus canpacius
P4,1.35,0.9,60.9,57.5,-76.38,61.88,Paskapoo,siltstone,lacustrine indet.,Picrodus lepidus
M1,2.27,2.47,60.9,57.5,-76.38,61.88,Paskapoo,siltstone,lacustrine indet.,Picrodus lepidus
M2,1.35,1.5,60.9,57.5,-76.38,61.88,Paskapoo,siltstone,lacustrine indet.,Picrodus lepidus
p4,0.9,0.6,60.9,57.5,-76.38,61.88,Paskapoo,siltstone,lacustrine indet.,Picrodus lepidus
m1,2.2,0.95,60.9,57.5,-76.38,61.88,Paskapoo,siltstone,lacustrine indet.,Picrodus lepidus
m2,1.57,0.9,60.9,57.5,-76.38,61.88,Paskapoo,siltstone,lacustrine indet.,Picrodus lepidus
m3,1.4,0.9,60.9,57.5,-76.38,61.88,Paskapoo,siltstone,lacustrine indet.,Picrodus lepidus
i,0.8,0.6,56.0,51.1,-7.41,73.41,Margaret,unknown,deltaic indet.,Arcticanodon dawsonae
c,1.8,1.2,56.0,51.1,-7.41,73.41,Margaret,unknown,deltaic indet.,Arcticanodon dawsonae
p2,0.9,0.75,56.0,51.1,-7.41,73.41,Margaret,unknown,deltaic indet.,Arcticanodon dawsonae
p3,1.0,0.7,56.0,51.1,-7.41,73.41,Margaret,unknown,deltaic indet.,Arcticanodon dawsonae
p4,1.7,0.8,56.0,51.1,-7.41,73.41,Margaret,unknown,deltaic indet.,Arcticanodon dawsonae
m1,1.55,1.0,56.0,51.1,-7.41,73.41,Margaret,unknown,deltaic indet.,Arcticanodon dawsonae
m2,1.55,1.0,56.0,51.1,-7.41,73.41,Margaret,unknown,deltaic indet.,Arcticanodon dawsonae
P4,28.5,13.9,16.3,12.5,-105.84,49.71,Sixmile Creek,siltstone,fluvial indet.,Aelurodon montanensis
M1,15.6,18.6,16.3,12.5,-105.84,49.71,Sixmile Creek,siltstone,fluvial indet.,Aelurodon montanensis
p4,16.8,10.1,16.3,12.5,-105.84,49.71,Sixmile Creek,siltstone,fluvial indet.,Aelurodon montanensis
m1,29.0,12.6,16.3,12.5,-105.84,49.71,Sixmile Creek,siltstone,fluvial indet.,Aelurodon montanensis
m2,11.6,8.7,16.3,12.5,-105.84,49.71,Sixmile Creek,siltstone,fluvial indet.,Aelurodon montanensis
P2,15.2,5.7,37.0,33.9,-90.2,49.33,White River,unknown,terrestrial indet.,Brachyhyops viensis
DP4,18.8,18.2,37.0,33.9,-90.2,49.33,White River,unknown,terrestrial indet.,Brachyhyops viensis
P1,9.1,9.5,33.9,31.8,-86.28,49.04,Brule,sandstone,channel,Colodon occidentalis
P2,10.18,13.1,33.9,31.8,-86.28,49.04,Brule,sandstone,channel,Colodon occidentalis
P3,11.4,15.8,33.9,31.8,-86.28,49.04,Brule,sandstone,channel,Colodon occidentalis
P4,11.6,16.4,33.9,31.8,-86.28,49.04,Brule,sandstone,channel,Colodon occidentalis
M1,14.61,17.31,33.9,31.8,-86.28,49.04,Brule,sandstone,channel,Colodon occidentalis
M2,16.84,19.03,33.9,31.8,-86.28,49.04,Brule,sandstone,channel,Colodon occidentalis
P1,9.0,7.6,33.9,31.8,-86.28,49.04,Brule,sandstone,channel,Colodon occidentalis
P2,10.5,13.1,33.9,31.8,-86.28,49.04,Brule,sandstone,channel,Colodon occidentalis
P3,11.8,15.7,33.9,31.8,-86.28,49.04,Brule,sandstone,channel,Colodon occidentalis
P4,11.3,15.8,33.9,31.8,-86.28,49.04,Brule,sandstone,channel,Colodon occidentalis
M1,14.57,17.31,33.9,31.8,-86.28,49.04,Brule,sandstone,channel,Colodon occidentalis
M2,16.84,19.75,33.9,31.8,-86.28,49.04,Brule,sandstone,channel,Colodon occidentalis
P4,3.3,4.1,60.9,57.5,-90.55,46.82,Goler,conglomerate,fluvial indet.,Mimotricentes tedfordi
M1,5.61,6.05,63.4,60.9,-74.08,51.29,Fort Union,unknown,terrestrial indet.,Tricentes subtrigonus
M2,5.86,7.55,63.4,60.9,-74.08,51.29,Fort Union,unknown,terrestrial indet.,Tricentes subtrigonus
M1,5.1,5.6,63.4,60.9,-79.23,50.21,North Horn,unknown,terrestrial indet.,Tricentes subtrigonus
P2,8.1,8.0,4.7,1.4,-113.29,38.63,Panaca,siltstone,fluvial-lacustrine indet.,Sinocapra willdownsi
P3,8.5,8.1,4.7,1.4,-113.29,38.63,Panaca,siltstone,fluvial-lacustrine indet.,Sinocapra willdownsi
M1,13.5,12.3,4.7,1.4,-113.29,38.63,Panaca,siltstone,fluvial-lacustrine indet.,Sinocapra willdownsi
M2,15.3,11.3,4.7,1.4,-113.29,38.63,Panaca,siltstone,fluvial-lacustrine indet.,Sinocapra willdownsi
M1,5.32,2.44,66.0,63.4,-77.82,50.68,North Horn,unknown,floodplain,Stygimys kuszmauli
M1,35.6,18.6,4.7,1.4,-115.28,36.84,Tecopa Lake Beds,mudstone,lacustrine indet.,Capricamelus gettyi
p4,12.4,0.5,4.7,1.4,-115.28,36.84,Tecopa Lake Beds,mudstone,lacustrine indet.,Capricamelus gettyi
m1,29.5,11.6,4.7,1.4,-115.28,36.84,Tecopa Lake Beds,mudstone,lacustrine indet.,Capricamelus gettyi
m2,43.3,14.5,4.7,1.4,-115.28,36.84,Tecopa Lake Beds,mudstone,lacustrine indet.,Capricamelus gettyi
m2,37.5,11.8,4.7,1.4,-115.28,36.84,Tecopa Lake Beds,mudstone,lacustrine indet.,Capricamelus gettyi
m2,39.5,16.7,4.7,1.4,-115.28,36.84,Tecopa Lake Beds,mudstone,lacustrine indet.,Capricamelus gettyi
m3,47.5,42.2,4.7,1.4,-115.28,36.84,Tecopa Lake Beds,mudstone,lacustrine indet.,Capricamelus gettyi
m3,47.0,15.6,4.7,1.4,-115.28,36.84,Tecopa Lake Beds,mudstone,lacustrine indet.,Capricamelus gettyi
P1,1.99,1.6,60.9,57.5,-78.13,60.96,Paskapoo,siltstone,fluvial-lacustrine indet.,Ptilodus gnomus
P2,2.06,1.8,60.9,57.5,-78.13,60.96,Paskapoo,siltstone,fluvial-lacustrine indet.,Ptilodus gnomus
P3,2.07,1.55,60.9,57.5,-78.13,60.96,Paskapoo,siltstone,fluvial-lacustrine indet.,Ptilodus gnomus
p4,5.31,0.0,60.9,57.5,-78.13,60.96,Paskapoo,siltstone,fluvial-lacustrine indet.,Ptilodus gnomus
P4,3.3,4.4,60.9,57.5,-78.13,60.96,Paskapoo,siltstone,fluvial-lacustrine indet.,Litomylus grandaletes
M2,3.05,4.55,60.9,57.5,-78.13,60.96,Paskapoo,siltstone,fluvial-lacustrine indet.,Pararyctes rutherfordi
M3,2.6,4.3,60.9,57.5,-78.13,60.96,Paskapoo,siltstone,fluvial-lacustrine indet.,Pararyctes rutherfordi
P4,3.4,3.1,60.9,57.5,-78.13,60.96,Paskapoo,siltstone,fluvial-lacustrine indet.,Paleotomus junior
p3,3.3,1.2,60.9,57.5,-78.13,60.96,Paskapoo,siltstone,fluvial-lacustrine indet.,Paleotomus junior
dp4,3.6,1.57,60.9,57.5,-78.13,60.96,Paskapoo,siltstone,fluvial-lacustrine indet.,Paleotomus junior
m3,3.53,2.47,60.9,57.5,-78.13,60.96,Paskapoo,siltstone,fluvial-lacustrine indet.,Paleotomus junior
P4,4.2,5.7,60.9,57.5,-79.81,51.07,Evanston,siliciclastic,terrestrial indet.,Aphronorus orieli
p4,5.3,3.5,60.9,57.5,-79.81,51.07,Evanston,siliciclastic,terrestrial indet.,Aphronorus orieli
M2,3.1,4.7,60.9,57.5,-79.81,51.07,Evanston,siliciclastic,terrestrial indet.,Aphronorus orieli
m2,3.8,2.7,60.9,57.5,-79.81,51.07,Evanston,siliciclastic,terrestrial indet.,Aphronorus orieli
m3,3.6,2.3,60.9,57.5,-79.81,51.07,Evanston,siliciclastic,terrestrial indet.,Aphronorus orieli
P4,3.3,1.9,60.9,57.5,-79.81,51.07,Evanston,siliciclastic,terrestrial indet.,Torrejonia sirokyi
M2,2.4,3.4,60.9,57.5,-79.81,51.07,Evanston,siliciclastic,terrestrial indet.,Nannodectes intermedius
M2,2.5,3.7,60.9,57.5,-79.81,51.07,Evanston,siliciclastic,terrestrial indet.,Nannodectes intermedius
M1,7.0,8.3,60.9,57.5,-79.81,51.07,Evanston,siliciclastic,terrestrial indet.,Chriacus pelvidens
M3,3.5,5.7,60.9,57.5,-79.81,51.07,Evanston,siliciclastic,terrestrial indet.,Chriacus baldwini
p3,4.2,2.2,60.9,57.5,-79.81,51.07,Evanston,siliciclastic,terrestrial indet.,Chriacus baldwini
p4,4.5,2.8,60.9,57.5,-79.81,51.07,Evanston,siliciclastic,terrestrial indet.,Chriacus baldwini
M1,5.2,5.9,60.9,57.5,-79.81,51.07,Evanston,siliciclastic,terrestrial indet.,Tricentes subtrigonus
M2,5.8,7.2,60.9,57.5,-79.81,51.07,Evanston,siliciclastic,terrestrial indet.,Tricentes subtrigonus
M3,4.0,5.9,60.9,57.5,-79.81,51.07,Evanston,siliciclastic,terrestrial indet.,Tricentes subtrigonus
m2,6.0,4.3,60.9,57.5,-79.81,51.07,Evanston,siliciclastic,terrestrial indet.,Tricentes subtrigonus
m2,4.3,3.5,60.9,57.5,-79.81,51.07,Evanston,siliciclastic,terrestrial indet.,Promioclaenus lemuroides
m3,4.5,2.9,60.9,57.5,-79.81,51.07,Evanston,siliciclastic,terrestrial indet.,Promioclaenus lemuroides
M1,3.5,4.7,60.9,57.5,-79.81,51.07,Evanston,siliciclastic,terrestrial indet.,Promioclaenus acolytus
M2,3.4,5.2,60.9,57.5,-79.81,51.07,Evanston,siliciclastic,terrestrial indet.,Promioclaenus acolytus
M3,2.5,3.7,60.9,57.5,-79.81,51.07,Evanston,siliciclastic,terrestrial indet.,Promioclaenus acolytus
P3,11.1,7.3,18.5,16.3,-75.25,32.13,Alachua,sandstone,terrestrial indet.,Zodiolestes freundi
P4,19.5,11.3,18.5,16.3,-75.25,32.13,Alachua,sandstone,terrestrial indet.,Zodiolestes freundi
M1,18.5,11.0,18.5,16.3,-75.25,32.13,Alachua,sandstone,terrestrial indet.,Zodiolestes freundi
P3,8.0,4.6,23.1,18.5,-93.3,47.08,Harrison,unknown,terrestrial indet.,Zodiolestes daimonelixensis
P4,12.8,7.8,23.1,18.5,-93.3,47.08,Harrison,unknown,terrestrial indet.,Zodiolestes daimonelixensis
M1,11.6,8.0,23.1,18.5,-93.3,47.08,Harrison,unknown,terrestrial indet.,Zodiolestes daimonelixensis
p3,8.0,5.0,1.4,0.21,-101.99,22.04,Tacubaya,unknown,terrestrial indet.,Arctodus pristinus
m2,26.7,18.9,1.4,0.21,-101.99,22.04,Tacubaya,unknown,terrestrial indet.,Arctodus pristinus
m3,22.3,18.9,1.4,0.21,-101.99,22.04,Tacubaya,unknown,terrestrial indet.,Arctodus pristinus
p3,1.3,1.75,18.5,16.3,-93.54,47.05,Rosebud,conglomerate,coarse channel fill,Gripholagomys lavocati
p4,1.8,1.85,18.5,16.3,-93.54,47.05,Rosebud,conglomerate,coarse channel fill,Gripholagomys lavocati
p3,1.3,1.25,18.5,16.3,-93.54,47.05,Rosebud,conglomerate,coarse channel fill,Gripholagomys lavocati
m2,1.75,2.17,18.5,16.3,-93.54,47.05,Rosebud,conglomerate,coarse channel fill,Gripholagomys lavocati
P2,1.5,1.8,18.5,16.3,-93.54,47.05,Rosebud,conglomerate,coarse channel fill,Gripholagomys lavocati
M1,1.6,3.55,18.5,16.3,-93.54,47.05,Rosebud,conglomerate,coarse channel fill,Gripholagomys lavocati
M2,1.3,2.8,18.5,16.3,-93.54,47.05,Rosebud,conglomerate,coarse channel fill,Gripholagomys lavocati
P3,1.7,3.0,18.5,16.3,-93.54,47.05,Rosebud,conglomerate,coarse channel fill,Gripholagomys lavocati
P3,1.35,3.1,18.5,16.3,-93.54,47.05,Rosebud,conglomerate,coarse channel fill,Gripholagomys lavocati
P4,1.4,2.6,18.5,16.3,-93.54,47.05,Rosebud,conglomerate,coarse channel fill,Gripholagomys lavocati
M1,1.45,3.95,18.5,16.3,-93.54,47.05,Rosebud,conglomerate,coarse channel fill,Gripholagomys lavocati
M2,1.2,2.2,18.5,16.3,-93.54,47.05,Rosebud,conglomerate,coarse channel fill,Gripholagomys lavocati
M2,1.4,2.9,18.5,16.3,-93.54,47.05,Rosebud,conglomerate,coarse channel fill,Gripholagomys lavocati
p3,2.7,2.9,23.1,18.5,-91.74,47.87,Rosebud,unknown,terrestrial indet.,Archaeolagus primigenius
p4,2.8,3.0,23.1,18.5,-91.74,47.87,Rosebud,unknown,terrestrial indet.,Archaeolagus primigenius
p4,2.55,2.7,18.5,16.3,-93.54,47.05,Rosebud,conglomerate,coarse channel fill,Archaeolagus primigenius
p4,2.7,2.65,18.5,16.3,-93.54,47.05,Rosebud,conglomerate,coarse channel fill,Archaeolagus primigenius
p4,2.3,2.5,18.5,16.3,-93.54,47.05,Rosebud,conglomerate,coarse channel fill,Archaeolagus primigenius
p4,2.4,2.8,18.5,16.3,-93.54,47.05,Rosebud,conglomerate,coarse channel fill,Archaeolagus primigenius
DP2,0.85,1.7,18.5,16.3,-93.54,47.05,Rosebud,conglomerate,coarse channel fill,Archaeolagus primigenius
P2,1.2,2.4,18.5,16.3,-93.54,47.05,Rosebud,conglomerate,coarse channel fill,Archaeolagus primigenius
P2,1.3,2.45,18.5,16.3,-93.54,47.05,Rosebud,conglomerate,coarse channel fill,Archaeolagus primigenius
M1,1.55,3.85,18.5,16.3,-93.54,47.05,Rosebud,conglomerate,coarse channel fill,Archaeolagus primigenius
M1,2.05,3.2,18.5,16.3,-93.54,47.05,Rosebud,conglomerate,coarse channel fill,Archaeolagus primigenius
M2,1.65,3.0,18.5,16.3,-93.54,47.05,Rosebud,conglomerate,coarse channel fill,Archaeolagus primigenius
M2,1.6,2.75,18.5,16.3,-93.54,47.05,Rosebud,conglomerate,coarse channel fill,Archaeolagus primigenius
P3,1.9,3.5,18.5,16.3,-93.54,47.05,Rosebud,conglomerate,coarse channel fill,Archaeolagus macrocephalus
M1,2.2,4.15,18.5,16.3,-93.54,47.05,Rosebud,conglomerate,coarse channel fill,Archaeolagus macrocephalus
M2,2.2,4.1,18.5,16.3,-93.54,47.05,Rosebud,conglomerate,coarse channel fill,Archaeolagus macrocephalus
P3,1.75,3.4,18.5,16.3,-93.54,47.05,Rosebud,conglomerate,coarse channel fill,Archaeolagus macrocephalus
m2,1.005,0.942,9.4,4.7,-107.29,37.9,Bidahochi,unknown,terrestrial indet.,Calomys (Bensonomys) yazhi
m3,0.785,0.685,9.4,4.7,-107.29,37.9,Bidahochi,unknown,terrestrial indet.,Calomys (Bensonomys) yazhi
m2,1.1,1.021,9.4,4.7,-107.29,37.9,Bidahochi,unknown,terrestrial indet.,Calomys (Bensonomys) gidleyi
m3,0.975,0.819,9.4,4.7,-107.29,37.9,Bidahochi,unknown,terrestrial indet.,Calomys (Bensonomys) gidleyi
P1,3.0,1.5,37.0,33.9,-86.26,48.45,Chadron,siltstone,terrestrial indet.,Pseudoprotoceras longinaris
P2,8.0,3.0,37.0,33.9,-86.26,48.45,Chadron,siltstone,terrestrial indet.,Pseudoprotoceras longinaris
P3,9.0,6.0,37.0,33.9,-86.26,48.45,Chadron,siltstone,terrestrial indet.,Pseudoprotoceras longinaris
P4,6.0,8.0,37.0,33.9,-86.26,48.45,Chadron,siltstone,terrestrial indet.,Pseudoprotoceras longinaris
m1,6.0,4.0,37.0,33.9,-86.81,48.11,Chadron,unknown,terrestrial indet.,Leptomeryx antecedens
m3,6.0,4.5,37.0,33.9,-86.81,48.11,Chadron,unknown,terrestrial indet.,Leptomeryx antecedens
M2,6.0,8.0,31.8,29.5,-88.76,48.29,Brule,unknown,terrestrial indet.,Leptomeryx evansi
m2,10.0,4.5,31.8,29.5,-88.76,48.29,Brule,unknown,terrestrial indet.,Leptomeryx evansi
P3,6.0,5.0,23.1,18.5,-93.3,47.08,Harrison,unknown,terrestrial indet.,Leptomeryx obliquidens
P4,4.0,6.0,23.1,18.5,-93.3,47.08,Harrison,unknown,terrestrial indet.,Leptomeryx obliquidens
P4,7.27,4.07,12.5,9.4,-77.8,31.36,Alachua,unknown,marginal marine indet.,Mylagaulus elassos
p4,8.37,3.9,12.5,9.4,-77.8,31.36,Alachua,unknown,marginal marine indet.,Mylagaulus elassos
P2,15.5,14.0,12.5,9.4,-96.17,37.73,Clarendon Beds,claystone,floodplain,Pseudhipparion hessei
P3,14.0,17.0,12.5,9.4,-96.17,37.73,Clarendon Beds,claystone,floodplain,Pseudhipparion hessei
P4,12.0,17.0,12.5,9.4,-96.17,37.73,Clarendon Beds,claystone,floodplain,Pseudhipparion hessei
M1,13.0,17.0,12.5,9.4,-96.17,37.73,Clarendon Beds,claystone,floodplain,Pseudhipparion hessei
M2,12.0,16.0,12.5,9.4,-96.17,37.73,Clarendon Beds,claystone,floodplain,Pseudhipparion hessei
M3,15.5,15.5,12.5,9.4,-96.17,37.73,Clarendon Beds,claystone,floodplain,Pseudhipparion hessei
M1,3.2,1.2,1.4,0.21,-99.92,37.44,Crooked Creek,ash,terrestrial indet.,Mustela erminea
m1,3.9,1.3,1.4,0.21,-99.92,37.44,Crooked Creek,ash,terrestrial indet.,Mustela erminea
m1,6.9,2.3,1.4,0.21,-99.92,37.44,Crooked Creek,ash,terrestrial indet.,Neogale vison
m1,4.9,1.5,2.58,1.8,-99.15,37.91,Crooked Creek,siltstone,terrestrial indet.,Neogale frenata
m1,5.1,1.8,2.58,1.8,-99.15,37.91,Crooked Creek,siltstone,terrestrial indet.,Neogale frenata
m1,6.6,2.9,2.58,1.8,-99.15,37.91,Crooked Creek,siltstone,terrestrial indet.,Spilogale putorius
M1,4.7,2.8,2.58,1.8,-99.15,37.91,Crooked Creek,siltstone,terrestrial indet.,Spilogale putorius
c1,1.52,1.08,2.58,0.774,-136.88,63.38,unknown,siliciclastic,loess,Mustela jacksoni
p2,1.4,0.88,2.58,0.774,-136.88,63.38,unknown,siliciclastic,loess,Mustela jacksoni
p4,2.18,1.13,2.58,0.774,-136.88,63.38,unknown,siliciclastic,loess,Mustela jacksoni
p3,1.8,1.0,2.58,0.774,-136.88,63.38,unknown,siliciclastic,loess,Mustela jacksoni
m1,4.12,1.59,2.58,0.774,-136.88,63.38,unknown,siliciclastic,loess,Mustela jacksoni
M1,1.82,1.02,2.58,0.774,-136.88,63.38,unknown,siliciclastic,loess,Phenacomys intermedius
M2,1.49,1.0,2.58,0.774,-136.88,63.38,unknown,siliciclastic,loess,Phenacomys intermedius
m1,2.9,1.08,2.58,0.774,-136.88,63.38,unknown,siliciclastic,loess,Phenacomys intermedius
p3,11.1,12.5,9.4,4.7,-97.13,37.75,unknown,unknown,terrestrial indet.,Agriotherium schneideri
p4,23.9,13.2,9.4,4.7,-97.13,37.75,unknown,unknown,terrestrial indet.,Agriotherium schneideri
m1,40.1,21.3,9.4,4.7,-97.13,37.75,unknown,unknown,terrestrial indet.,Agriotherium schneideri
m2,30.2,21.9,9.4,4.7,-97.13,37.75,unknown,unknown,terrestrial indet.,Agriotherium schneideri
m3,21.8,18.5,9.4,4.7,-97.13,37.75,unknown,unknown,terrestrial indet.,Agriotherium schneideri
m1,43.1,22.6,9.4,4.7,-97.13,37.75,unknown,unknown,terrestrial indet.,Agriotherium schneideri
P4,15.1,22.5,51.1,45.9,-87.11,48.99,Bridger,unknown,terrestrial indet.,Trogosus gazini
M1,16.9,26.2,51.1,45.9,-87.11,48.99,Bridger,unknown,terrestrial indet.,Trogosus gazini
M2,20.6,31.2,51.1,45.9,-87.11,48.99,Bridger,unknown,terrestrial indet.,Trogosus gazini
M3,22.4,35.3,51.1,45.9,-87.11,48.99,Bridger,unknown,terrestrial indet.,Trogosus gazini
i2,16.2,13.4,51.1,45.9,-87.11,48.99,Bridger,unknown,terrestrial indet.,Trogosus gazini
i3,6.7,5.1,51.1,45.9,-87.11,48.99,Bridger,unknown,terrestrial indet.,Trogosus gazini
p3,10.5,8.5,51.1,45.9,-87.11,48.99,Bridger,unknown,terrestrial indet.,Trogosus gazini
p4,14.2,13.0,51.1,45.9,-87.11,48.99,Bridger,unknown,terrestrial indet.,Trogosus gazini
m1,14.9,14.4,51.1,45.9,-87.11,48.99,Bridger,unknown,terrestrial indet.,Trogosus gazini
m2,19.8,17.4,51.1,45.9,-87.11,48.99,Bridger,unknown,terrestrial indet.,Trogosus gazini
m3,32.3,16.8,51.1,45.9,-87.11,48.99,Bridger,unknown,terrestrial indet.,Trogosus gazini
I2,20.7,17.4,51.1,45.9,-87.11,48.99,Bridger,unknown,terrestrial indet.,Trogosus gazini
P3,13.6,15.3,51.1,45.9,-87.11,48.99,Bridger,unknown,terrestrial indet.,Trogosus gazini
P4,15.1,22.9,51.1,45.9,-87.11,48.99,Bridger,unknown,terrestrial indet.,Trogosus gazini
M1,17.5,26.4,51.1,45.9,-87.11,48.99,Bridger,unknown,terrestrial indet.,Trogosus gazini
M2,20.2,31.5,51.1,45.9,-87.11,48.99,Bridger,unknown,terrestrial indet.,Trogosus gazini
M3,22.9,35.2,51.1,45.9,-87.11,48.99,Bridger,unknown,terrestrial indet.,Trogosus gazini
i2,15.3,14.2,51.1,45.9,-87.11,48.99,Bridger,unknown,terrestrial indet.,Trogosus gazini
c1,8.0,6.1,51.1,45.9,-87.11,48.99,Bridger,unknown,terrestrial indet.,Trogosus gazini
m1,15.9,13.9,51.1,45.9,-87.11,48.99,Bridger,unknown,terrestrial indet.,Trogosus gazini
P3,16.6,9.9,23.04,15.98,-85.97,20.77,Balumtum Sandstone,conglomerate,terrestrial indet.,Paratoceras tedfordi
P4,11.5,14.0,23.04,15.98,-85.97,20.77,Balumtum Sandstone,conglomerate,terrestrial indet.,Paratoceras tedfordi
P4,1.78,1.9,16.3,12.5,-104.06,49.54,Hepburn's Mesa,unknown,terrestrial indet.,Ansomys hepburnensis
M12,1.33,1.82,16.3,12.5,-104.06,49.54,Hepburn's Mesa,unknown,terrestrial indet.,Ansomys hepburnensis
M3,1.34,1.59,16.3,12.5,-104.06,49.54,Hepburn's Mesa,unknown,terrestrial indet.,Ansomys hepburnensis
p4,1.58,1.45,16.3,12.5,-104.06,49.54,Hepburn's Mesa,unknown,terrestrial indet.,Ansomys hepburnensis
m1,1.62,1.55,16.3,12.5,-104.06,49.54,Hepburn's Mesa,unknown,terrestrial indet.,Ansomys hepburnensis
m2,1.52,1.51,16.3,12.5,-104.06,49.54,Hepburn's Mesa,unknown,terrestrial indet.,Ansomys hepburnensis
m3,1.47,1.32,16.3,12.5,-104.06,49.54,Hepburn's Mesa,unknown,terrestrial indet.,Ansomys hepburnensis
m1,1.61,1.7,18.5,16.3,-112.96,46.54,unknown,unknown,terrestrial indet.,Ansomys nevadensis
m2,1.57,1.74,18.5,16.3,-112.96,46.54,unknown,unknown,terrestrial indet.,Ansomys nevadensis
M1,1.9,1.28,9.4,4.7,-98.19,23.07,Rancho Viejo Beds,claystone,channel,Calomys (Bensonomys) baskini
M2,1.41,1.22,9.4,4.7,-98.19,23.07,Rancho Viejo Beds,claystone,channel,Calomys (Bensonomys) baskini
M2,1.03,1.01,9.4,4.7,-98.19,23.07,Rancho Viejo Beds,claystone,channel,Calomys (Bensonomys) baskini
m1,1.83,0.93,9.4,4.7,-98.19,23.07,Rancho Viejo Beds,claystone,channel,Calomys (Bensonomys) baskini
m2,1.39,1.2,9.4,4.7,-98.19,23.07,Rancho Viejo Beds,claystone,channel,Calomys (Bensonomys) baskini
M1,1.56,0.96,9.4,4.7,-98.19,23.07,Rancho Viejo Beds,claystone,channel,Calomys (Bensonomys) winklerorum
M2,1.18,1.06,9.4,4.7,-98.19,23.07,Rancho Viejo Beds,claystone,channel,Calomys (Bensonomys) winklerorum
M3,0.86,0.98,9.4,4.7,-98.19,23.07,Rancho Viejo Beds,claystone,channel,Calomys (Bensonomys) winklerorum
m1,1.36,0.75,9.4,4.7,-98.19,23.07,Rancho Viejo Beds,claystone,channel,Calomys (Bensonomys) winklerorum
M1,1.41,0.87,9.4,4.7,-98.19,23.07,Rancho Viejo Beds,claystone,channel,Calomys (Bensonomys) elachys
M1,1.87,1.29,9.4,4.7,-98.19,23.07,Rancho Viejo Beds,claystone,channel,Prosigmodon oroscoi
M2,1.42,1.25,9.4,4.7,-98.19,23.07,Rancho Viejo Beds,claystone,channel,Prosigmodon oroscoi
M3,1.16,1.14,9.4,4.7,-98.19,23.07,Rancho Viejo Beds,claystone,channel,Prosigmodon oroscoi
m1,1.81,0.98,9.4,4.7,-98.19,23.07,Rancho Viejo Beds,claystone,channel,Prosigmodon oroscoi
m2,1.41,1.24,9.4,4.7,-98.19,23.07,Rancho Viejo Beds,claystone,channel,Prosigmodon oroscoi
m3,1.38,1.26,9.4,4.7,-98.19,23.07,Rancho Viejo Beds,claystone,channel,Prosigmodon oroscoi
M2,1.6,1.84,9.4,4.7,-98.19,23.07,Rancho Viejo Beds,claystone,channel,Prosigmodon chihuahuensis
M1,2.23,1.53,9.4,4.7,-98.19,23.07,Rancho Viejo Beds,claystone,channel,Prosigmodon ferrusquiai
M2,1.54,1.4,9.4,4.7,-98.19,23.07,Rancho Viejo Beds,claystone,channel,Prosigmodon ferrusquiai
M3,1.3,1.19,9.4,4.7,-98.19,23.07,Rancho Viejo Beds,claystone,channel,Prosigmodon ferrusquiai
m1,2.02,1.3,9.4,4.7,-98.19,23.07,Rancho Viejo Beds,claystone,channel,Prosigmodon ferrusquiai
m2,1.63,1.45,9.4,4.7,-98.19,23.07,Rancho Viejo Beds,claystone,channel,Prosigmodon ferrusquiai
m3,1.54,1.29,9.4,4.7,-98.19,23.07,Rancho Viejo Beds,claystone,channel,Prosigmodon ferrusquiai
M2,2.16,1.72,9.4,4.7,-98.19,23.07,Rancho Viejo Beds,claystone,channel,Neotoma (Paraneotoma) sawrockensis
M3,1.72,1.51,9.4,4.7,-98.19,23.07,Rancho Viejo Beds,claystone,channel,Neotoma (Paraneotoma) sawrockensis
m1,2.64,1.5,9.4,4.7,-98.19,23.07,Rancho Viejo Beds,claystone,channel,Neotoma (Paraneotoma) sawrockensis
m2,2.38,1.72,9.4,4.7,-98.19,23.07,Rancho Viejo Beds,claystone,channel,Neotoma (Paraneotoma) sawrockensis
m1,8.8,5.9,5.333,3.6,-76.06,79.16,unknown,peat,pond,Boreameryx braskerudi
m2,8.8,5.8,5.333,3.6,-76.06,79.16,unknown,peat,pond,Boreameryx braskerudi
m3,11.8,5.7,5.333,3.6,-76.06,79.16,unknown,peat,pond,Boreameryx braskerudi
P4,2.83,3.04,18.5,16.3,-112.96,46.54,unknown,unknown,terrestrial indet.,Megapeomys bobwilsoni
M1,2.71,3.02,18.5,16.3,-112.96,46.54,unknown,unknown,terrestrial indet.,Megapeomys bobwilsoni
M2,2.46,3.01,18.5,16.3,-112.96,46.54,unknown,unknown,terrestrial indet.,Megapeomys bobwilsoni
M3,2.3,2.61,18.5,16.3,-112.96,46.54,unknown,unknown,terrestrial indet.,Megapeomys bobwilsoni
P4,2.8,3.21,18.5,16.3,-112.96,46.54,unknown,unknown,terrestrial indet.,Megapeomys bobwilsoni
m1,2.67,3.31,18.5,16.3,-112.96,46.54,unknown,unknown,terrestrial indet.,Megapeomys bobwilsoni
m2,2.46,3.065,18.5,16.3,-112.96,46.54,unknown,unknown,terrestrial indet.,Megapeomys bobwilsoni
m3,2.745,2.55,18.5,16.3,-112.96,46.54,unknown,unknown,terrestrial indet.,Megapeomys bobwilsoni
P4,12.2,12.1,9.4,4.7,-85.14,32.17,unknown,unknown,marginal marine indet.,Prosthennops serus
m1,16.0,10.9,9.4,4.7,-85.14,32.17,unknown,unknown,marginal marine indet.,Prosthennops serus
m3,24.1,13.2,9.4,4.7,-85.14,32.17,unknown,unknown,marginal marine indet.,Prosthennops serus
P3,11.6,6.5,9.4,4.7,-85.14,32.17,unknown,unknown,marginal marine indet.,Synthetoceras davisorum
P4,13.5,11.4,9.4,4.7,-85.14,32.17,unknown,unknown,marginal marine indet.,Synthetoceras davisorum
M1,20.0,19.9,9.4,4.7,-85.14,32.17,unknown,unknown,marginal marine indet.,Synthetoceras davisorum
M2,24.0,21.7,9.4,4.7,-85.14,32.17,unknown,unknown,marginal marine indet.,Synthetoceras davisorum
M1,21.8,20.5,9.4,4.7,-85.14,32.17,unknown,unknown,marginal marine indet.,Synthetoceras davisorum
M1,19.5,19.2,9.4,4.7,-85.14,32.17,unknown,unknown,marginal marine indet.,Synthetoceras davisorum
M2,24.0,22.0,9.4,4.7,-85.14,32.17,unknown,unknown,marginal marine indet.,Synthetoceras davisorum
M2,24.6,22.9,9.4,4.7,-85.14,32.17,unknown,unknown,marginal marine indet.,Synthetoceras davisorum
M2,22.9,21.3,9.4,4.7,-85.14,32.17,unknown,unknown,marginal marine indet.,Synthetoceras davisorum
M3,24.4,21.0,9.4,4.7,-85.14,32.17,unknown,unknown,marginal marine indet.,Synthetoceras davisorum
M3,22.1,19.3,9.4,4.7,-85.14,32.17,unknown,unknown,marginal marine indet.,Synthetoceras davisorum
p4,13.4,7.4,9.4,4.7,-85.14,32.17,unknown,unknown,marginal marine indet.,Synthetoceras davisorum
m2,21.8,15.1,9.4,4.7,-85.14,32.17,unknown,unknown,marginal marine indet.,Synthetoceras davisorum
m2,23.0,15.0,9.4,4.7,-85.14,32.17,unknown,unknown,marginal marine indet.,Synthetoceras davisorum
P2,3.4,3.5,16.3,4.7,-96.81,42.36,Ogallala,unknown,terrestrial indet.,Leptarctus wortmani
P2,3.9,2.9,16.3,12.5,-91.98,43.15,Valentine,unknown,terrestrial indet.,Leptarctus martini
P2,3.9,2.9,16.3,12.5,-96.7,44.18,Pawnee Creek Beds,unknown,terrestrial indet.,Leptarctus primus
m1,1.37,0.95,9.4,4.7,-116.71,41.12,Coal Valley,unknown,terrestrial indet.,Bensonomys lindsayi
m2,1.06,0.98,9.4,4.7,-116.71,41.12,Coal Valley,unknown,terrestrial indet.,Bensonomys lindsayi
m3,0.94,0.81,9.4,4.7,-116.71,41.12,Coal Valley,unknown,terrestrial indet.,Bensonomys lindsayi
M1,1.56,1.05,9.4,4.7,-116.71,41.12,Coal Valley,unknown,terrestrial indet.,Bensonomys lindsayi
M1,1.55,1.05,9.4,4.7,-116.71,41.12,Coal Valley,unknown,terrestrial indet.,Bensonomys lindsayi
M2,1.01,0.86,9.4,4.7,-116.71,41.12,Coal Valley,unknown,terrestrial indet.,Bensonomys lindsayi
M2,1.0,0.86,9.4,4.7,-116.71,41.12,Coal Valley,unknown,terrestrial indet.,Bensonomys lindsayi
M3,0.72,0.85,9.4,4.7,-116.71,41.12,Coal Valley,unknown,terrestrial indet.,Bensonomys lindsayi
M3,0.73,0.85,9.4,4.7,-116.71,41.12,Coal Valley,unknown,terrestrial indet.,Bensonomys lindsayi
M1,1.58,1.06,9.4,4.7,-116.71,41.12,Coal Valley,unknown,terrestrial indet.,Bensonomys lindsayi
M2,1.0,0.95,9.4,4.7,-116.71,41.12,Coal Valley,unknown,terrestrial indet.,Bensonomys lindsayi
M1,1.59,1.0,9.4,4.7,-116.71,41.12,Coal Valley,unknown,terrestrial indet.,Bensonomys lindsayi
P4,17.0,22.0,9.4,4.7,-78.79,29.15,unknown,unknown,terrestrial indet.,Tapirus polkensis
P4,14.5,18.5,20.45,15.98,-66.42,41.03,Kirkwood,marl,marginal marine indet.,Tapiravus validus
m2,17.0,12.0,20.45,13.82,-68.39,40.19,Calvert,claystone,transition zone/lower shoreface,Tapiravus validus
m3,16.0,11.5,20.45,13.82,-68.39,40.19,Calvert,claystone,transition zone/lower shoreface,Tapiravus validus
m1,1.7,1.2,63.4,60.9,-73.65,56.02,Fort Union,unknown,terrestrial indet.,Adunator ladae
m2,1.6,1.2,63.4,60.9,-73.65,56.02,Fort Union,unknown,terrestrial indet.,Adunator ladae
m3,1.5,1.0,63.4,60.9,-73.65,56.02,Fort Union,unknown,terrestrial indet.,Adunator ladae
P1,8.1,5.1,51.1,45.9,-83.12,50.2,Wind River,mudstone,fluvial-lacustrine indet.,Malfelis badwaterensis
P2,12.0,8.0,51.1,45.9,-83.12,50.2,Wind River,mudstone,fluvial-lacustrine indet.,Malfelis badwaterensis
P3,18.0,13.0,51.1,45.9,-83.12,50.2,Wind River,mudstone,fluvial-lacustrine indet.,Malfelis badwaterensis
P4,24.0,20.0,51.1,45.9,-83.12,50.2,Wind River,mudstone,fluvial-lacustrine indet.,Malfelis badwaterensis
M1,28.95,22.1,51.1,45.9,-83.12,50.2,Wind River,mudstone,fluvial-lacustrine indet.,Malfelis badwaterensis
P2,9.0,9.0,2.58,0.0117,-98.28,37.03,unknown,gravel,fluvial indet.,Mylohyus nasutus
P3,10.0,11.0,2.58,0.0117,-98.28,37.03,unknown,gravel,fluvial indet.,Mylohyus nasutus
P4,12.5,12.5,2.58,0.0117,-98.28,37.03,unknown,gravel,fluvial indet.,Mylohyus nasutus
M1,3.9,2.6,2.58,0.0,-79.46,38.61,unknown,gravel,cave,Neotoma floridana
p4,13.8,15.0,2.58,0.0117,-80.0,37.88,unknown,gravel,cave,Mylohyus fossilis
m1,14.5,14.8,2.58,0.0117,-80.0,37.88,unknown,gravel,cave,Mylohyus fossilis
m2,16.5,16.5,2.58,0.0117,-80.0,37.88,unknown,gravel,cave,Mylohyus fossilis
m3,21.8,14.6,2.58,0.0117,-80.0,37.88,unknown,gravel,cave,Mylohyus fossilis
M2,16.2,15.2,2.58,0.0117,-80.0,37.88,unknown,gravel,cave,Mylohyus fossilis
M3,3.3,3.2,9.4,4.7,-107.29,37.9,Bidahochi,unknown,terrestrial indet.,Dipoides williamsi
p4,5.7,4.0,9.4,4.7,-107.29,37.9,Bidahochi,unknown,terrestrial indet.,Dipoides williamsi
m2,3.9,3.9,9.4,4.7,-107.29,37.9,Bidahochi,unknown,terrestrial indet.,Dipoides williamsi
m3,3.7,3.15,9.4,4.7,-107.29,37.9,Bidahochi,unknown,terrestrial indet.,Dipoides williamsi
M1,0.96,1.34,9.4,4.7,-107.29,37.9,Bidahochi,unknown,terrestrial indet.,Cupidinimus bidahochiensis
M2,0.8,1.22,9.4,4.7,-107.29,37.9,Bidahochi,unknown,terrestrial indet.,Cupidinimus bidahochiensis
m2,1.01,1.39,9.4,4.7,-107.29,37.9,Bidahochi,unknown,terrestrial indet.,Cupidinimus bidahochiensis
m3,0.73,1.0,9.4,4.7,-107.29,37.9,Bidahochi,unknown,terrestrial indet.,Cupidinimus bidahochiensis
p4,1.13,1.12,9.4,4.7,-107.29,37.9,Bidahochi,unknown,terrestrial indet.,Cupidinimus bidahochiensis
M1,1.49,0.98,9.4,4.7,-107.29,37.9,Bidahochi,unknown,terrestrial indet.,Paronychomys alticuspis
M2,1.23,1.0,9.4,4.7,-107.29,37.9,Bidahochi,unknown,terrestrial indet.,Paronychomys alticuspis
m2,1.28,1.01,9.4,4.7,-107.29,37.9,Bidahochi,unknown,terrestrial indet.,Paronychomys alticuspis
m3,1.05,0.84,9.4,4.7,-107.29,37.9,Bidahochi,unknown,terrestrial indet.,Paronychomys alticuspis
p4,19.2,8.5,2.245,1.8,10.39,43.76,unknown,unknown,fluvial indet.,Megantereon cultridens
p4,19.0,8.0,2.245,1.8,10.39,43.76,unknown,unknown,fluvial indet.,Megantereon cultridens
m1,20.0,9.5,2.245,1.8,10.39,43.76,unknown,unknown,fluvial indet.,Megantereon cultridens
p4,18.3,7.2,4.7,1.4,-101.91,42.44,unknown,unknown,terrestrial indet.,Megantereon hesperus
p3,10.7,5.6,4.7,1.4,-101.91,42.44,unknown,unknown,terrestrial indet.,Megantereon hesperus
p3,12.0,5.6,9.4,4.7,-78.95,28.93,Peace River,sandstone,marginal marine indet.,Megantereon hesperus
p4,19.1,8.0,9.4,4.7,-78.95,28.93,Peace River,sandstone,marginal marine indet.,Megantereon hesperus
p4,18.6,9.0,4.7,1.4,-99.15,37.91,Rexroad,unknown,terrestrial indet.,Megantereon hesperus
p2,9.7,3.2,9.4,4.7,-78.95,28.93,Peace River,sandstone,marginal marine indet.,Enhydritherium terraenovae
p3,10.3,4.2,9.4,4.7,-78.95,28.93,Peace River,sandstone,marginal marine indet.,Enhydritherium terraenovae
p4,11.6,5.9,9.4,4.7,-78.95,28.93,Peace River,sandstone,marginal marine indet.,Enhydritherium terraenovae
m2,7.5,4.8,9.4,4.7,-78.95,28.93,Peace River,sandstone,marginal marine indet.,Enhydritherium terraenovae
m1,15.8,10.3,9.4,4.7,-78.79,29.15,Peace River,sandstone,marginal marine indet.,Enhydritherium terraenovae
m2,7.0,9.8,9.4,4.7,-78.79,29.15,Peace River,sandstone,marginal marine indet.,Enhydritherium terraenovae
m1,18.1,10.3,9.4,4.7,-79.27,30.06,unknown,claystone,pond,Enhydritherium terraenovae
p3,9.9,5.8,9.4,3.6,-80.31,28.54,Peace River,sandstone,marginal marine indet.,Enhydritherium terraenovae
p4,12.0,6.4,9.4,3.6,-80.31,28.54,Peace River,sandstone,marginal marine indet.,Enhydritherium terraenovae
m1,16.1,7.5,9.4,3.6,-80.31,28.54,Peace River,sandstone,marginal marine indet.,Enhydritherium terraenovae
m2,6.5,6.5,9.4,3.6,-80.31,28.54,Peace River,sandstone,marginal marine indet.,Enhydritherium terraenovae
m2,6.9,7.3,23.04,5.333,-113.16,38.85,Etchegoin,unknown,terrestrial indet.,Enhydritherium terraenovae
p4,13.2,8.2,9.4,4.7,-78.85,29.0,unknown,unknown,marine indet.,Enhydritherium terraenovae
m1,17.0,6.9,9.4,4.7,-78.85,29.0,unknown,unknown,marine indet.,Enhydritherium terraenovae
m2,7.5,6.0,9.4,4.7,-78.85,29.0,unknown,unknown,marine indet.,Enhydritherium terraenovae
M3,1.25,1.8,56.0,51.1,-81.07,52.21,Willwood,unknown,terrestrial indet.,Macrocranion junnei
P2,31.7,21.6,2.58,0.0117,-101.55,35.23,unknown,claystone,fluvial-lacustrine indet.,Equus conversidens
M2,23.0,22.9,2.58,0.0117,-101.55,35.23,unknown,claystone,fluvial-lacustrine indet.,Equus conversidens
M3,27.2,22.0,2.58,0.0117,-101.55,35.23,unknown,claystone,fluvial-lacustrine indet.,Equus conversidens
p2,27.4,16.0,2.58,0.0117,-101.55,35.23,unknown,claystone,fluvial-lacustrine indet.,Equus conversidens
m2,22.4,15.1,2.58,0.0117,-101.55,35.23,unknown,claystone,fluvial-lacustrine indet.,Equus conversidens
m3,29.8,13.9,2.58,0.0117,-101.55,35.23,unknown,claystone,fluvial-lacustrine indet.,Equus conversidens
M1,82.3,67.9,2.58,0.0117,-95.26,39.29,unknown,sandstone,fluvial indet.,Mammut americanum
M2,102.5,81.1,2.58,0.0117,-95.26,39.29,unknown,sandstone,fluvial indet.,Mammut americanum
P4,19.9,10.0,37.0,33.9,-85.39,49.21,Chadron,unknown,terrestrial indet.,Hoplophoneus primaevus
p4,8.7,6.4,39.7,37.0,-84.14,51.5,Slim Buttes,siliciclastic,fluvial indet.,Duchesnehippus intermedius
m2,9.5,6.7,39.7,37.0,-84.14,51.5,Slim Buttes,siliciclastic,fluvial indet.,Duchesnehippus intermedius
M1,10.1,13.4,39.7,37.0,-84.14,51.5,Slim Buttes,siliciclastic,fluvial indet.,Duchesnehippus intermedius
M2,11.2,12.9,39.7,37.0,-84.14,51.5,Slim Buttes,siliciclastic,fluvial indet.,Duchesnehippus intermedius
P4,8.9,10.6,39.7,37.0,-84.14,51.5,Slim Buttes,siliciclastic,fluvial indet.,Duchesnehippus intermedius
P3,26.5,31.4,39.7,37.0,-84.14,51.5,Slim Buttes,siliciclastic,fluvial indet.,Duchesneodus uintensis
P4,33.8,39.9,39.7,37.0,-84.14,51.5,Slim Buttes,siliciclastic,fluvial indet.,Duchesneodus uintensis
P2,22.5,24.6,39.7,37.0,-84.14,51.5,Slim Buttes,siliciclastic,fluvial indet.,Duchesneodus uintensis
P3,26.8,29.5,39.7,37.0,-84.14,51.5,Slim Buttes,siliciclastic,fluvial indet.,Duchesneodus uintensis
m2,22.9,14.4,39.7,37.0,-84.14,51.5,Slim Buttes,siliciclastic,fluvial indet.,Colodon cingulatus
m3,24.9,15.1,39.7,37.0,-84.14,51.5,Slim Buttes,siliciclastic,fluvial indet.,Colodon cingulatus
P2,10.2,14.3,39.7,37.0,-84.14,51.5,Slim Buttes,siliciclastic,fluvial indet.,Colodon cingulatus
P3,13.5,20.6,39.7,37.0,-84.14,51.5,Slim Buttes,siliciclastic,fluvial indet.,Colodon cingulatus
P4,15.6,24.6,39.7,37.0,-84.14,51.5,Slim Buttes,siliciclastic,fluvial indet.,Colodon cingulatus
p3,17.5,13.4,39.7,37.0,-84.14,51.5,Slim Buttes,siliciclastic,fluvial indet.,Amynodontopsis bodei
p4,23.4,16.4,39.7,37.0,-84.14,51.5,Slim Buttes,siliciclastic,fluvial indet.,Amynodontopsis bodei
m2,40.4,24.8,39.7,37.0,-84.14,51.5,Slim Buttes,siliciclastic,fluvial indet.,Amynodontopsis bodei
m3,44.0,24.8,39.7,37.0,-84.14,51.5,Slim Buttes,siliciclastic,fluvial indet.,Amynodontopsis bodei
m1,1.54,1.08,37.0,33.9,-89.29,44.9,Florissant,mudstone,channel,Oreotalpa florissantensis
m2,1.61,1.06,37.0,33.9,-89.29,44.9,Florissant,mudstone,channel,Oreotalpa florissantensis
m3,1.35,0.85,37.0,33.9,-89.29,44.9,Florissant,mudstone,channel,Oreotalpa florissantensis
P4,2.5,2.1,63.4,60.9,-76.53,46.43,Nacimiento,unknown,terrestrial indet.,Escavadodon zygus
P5,2.9,2.7,63.4,60.9,-76.53,46.43,Nacimiento,unknown,terrestrial indet.,Escavadodon zygus
M2,2.9,3.1,63.4,60.9,-76.53,46.43,Nacimiento,unknown,terrestrial indet.,Escavadodon zygus
M2,2.6,3.0,63.4,60.9,-76.53,46.43,Nacimiento,unknown,terrestrial indet.,Escavadodon zygus
p4,2.7,1.2,63.4,60.9,-76.53,46.43,Nacimiento,unknown,terrestrial indet.,Escavadodon zygus
p5,3.0,1.6,63.4,60.9,-76.53,46.43,Nacimiento,unknown,terrestrial indet.,Escavadodon zygus
m2,2.6,2.0,63.4,60.9,-76.53,46.43,Nacimiento,unknown,terrestrial indet.,Escavadodon zygus
m3,2.6,1.6,63.4,60.9,-76.53,46.43,Nacimiento,unknown,terrestrial indet.,Escavadodon zygus
P3,1.1,0.8,18.5,12.5,-103.52,50.69,Deep River,unknown,terrestrial indet.,Mesoscalops montanensis
P4,2.0,1.8,18.5,12.5,-103.52,50.69,Deep River,unknown,terrestrial indet.,Mesoscalops montanensis
M1,3.1,2.3,18.5,12.5,-103.52,50.69,Deep River,unknown,terrestrial indet.,Mesoscalops montanensis
M2,2.5,2.3,18.5,12.5,-103.52,50.69,Deep River,unknown,terrestrial indet.,Mesoscalops montanensis
M3,2.3,1.8,18.5,12.5,-103.52,50.69,Deep River,unknown,terrestrial indet.,Mesoscalops montanensis
p3,0.7,0.5,18.5,12.5,-103.52,50.69,Deep River,unknown,terrestrial indet.,Mesoscalops montanensis
p4,1.4,1.1,18.5,12.5,-103.52,50.69,Deep River,unknown,terrestrial indet.,Mesoscalops montanensis
m1,2.8,1.9,18.5,12.5,-103.52,50.69,Deep River,unknown,terrestrial indet.,Mesoscalops montanensis
m2,2.8,1.9,18.5,12.5,-103.52,50.69,Deep River,unknown,terrestrial indet.,Mesoscalops montanensis
m3,2.2,1.4,18.5,12.5,-103.52,50.69,Deep River,unknown,terrestrial indet.,Mesoscalops montanensis
m2,12.9,17.2,1.4,0.21,-98.69,36.67,unknown,sandstone,fluvial indet.,Nothrotherium texanum
m3,15.0,16.3,1.4,0.21,-98.69,36.67,unknown,sandstone,fluvial indet.,Nothrotherium texanum
p2,17.5,9.2,4.7,1.4,-100.53,35.6,unknown,sandstone,channel,Chasmaporthetes ossifragus
p3,22.4,11.2,4.7,1.4,-100.53,35.6,unknown,sandstone,channel,Chasmaporthetes ossifragus
p1,1.7,0.9,60.9,57.5,-75.47,53.42,Fort Union,unknown,terrestrial indet.,Amelotabes simpsoni
p2,1.9,1.2,60.9,57.5,-75.47,53.42,Fort Union,unknown,terrestrial indet.,Amelotabes simpsoni
p3,2.5,1.4,60.9,57.5,-75.47,53.42,Fort Union,unknown,terrestrial indet.,Amelotabes simpsoni
p4,3.0,1.3,60.9,57.5,-75.47,53.42,Fort Union,unknown,terrestrial indet.,Amelotabes simpsoni
m2,2.6,1.9,60.9,57.5,-75.47,53.42,Fort Union,unknown,terrestrial indet.,Amelotabes simpsoni
m3,2.7,1.4,60.9,57.5,-75.47,53.42,Fort Union,unknown,terrestrial indet.,Amelotabes simpsoni
p3,3.4,2.8,51.1,45.9,-86.97,49.35,Bridger,tuff,fluvial indet.,Smilodectes mcgrewi
p4,4.0,3.4,51.1,45.9,-86.97,49.35,Bridger,tuff,fluvial indet.,Smilodectes mcgrewi
m2,4.9,4.2,51.1,45.9,-86.97,49.35,Bridger,tuff,fluvial indet.,Smilodectes mcgrewi
m3,6.9,4.0,51.1,45.9,-86.97,49.35,Bridger,tuff,fluvial indet.,Smilodectes mcgrewi
p3,3.2,2.5,51.1,45.9,-86.97,49.35,Bridger,tuff,fluvial indet.,Smilodectes mcgrewi
p4,3.8,3.3,51.1,45.9,-86.97,49.35,Bridger,tuff,fluvial indet.,Smilodectes mcgrewi
P2,2.5,2.1,51.1,45.9,-82.61,44.55,Huerfano,unknown,terrestrial indet.,Smilodectes mcgrewi
P3,4.0,4.1,51.1,45.9,-82.61,44.55,Huerfano,unknown,terrestrial indet.,Smilodectes mcgrewi
P4,3.7,5.1,51.1,45.9,-82.61,44.55,Huerfano,unknown,terrestrial indet.,Smilodectes mcgrewi
p1,2.0,1.4,51.1,45.9,-82.61,44.55,Huerfano,unknown,terrestrial indet.,Smilodectes mcgrewi
p2,2.7,2.0,51.1,45.9,-82.61,44.55,Huerfano,unknown,terrestrial indet.,Smilodectes mcgrewi
p3,3.5,2.6,51.1,45.9,-82.61,44.55,Huerfano,unknown,terrestrial indet.,Smilodectes mcgrewi
p4,4.2,3.2,51.1,45.9,-82.61,44.55,Huerfano,unknown,terrestrial indet.,Smilodectes mcgrewi
p3,4.0,2.8,51.1,45.9,-86.97,49.35,Bridger,tuff,fluvial indet.,Notharctus robinsoni
p4,5.2,3.9,51.1,45.9,-86.97,49.35,Bridger,tuff,fluvial indet.,Notharctus robinsoni
m2,5.8,5.3,51.1,45.9,-86.97,49.35,Bridger,tuff,fluvial indet.,Notharctus robinsoni
m3,7.9,4.7,51.1,45.9,-86.97,49.35,Bridger,tuff,fluvial indet.,Notharctus robinsoni
p4,1.5,1.35,56.0,51.1,-80.45,52.02,Willwood,unknown,fluvial-lacustrine indet.,Tatmanius szalayi
m1,1.9,1.6,56.0,51.1,-80.45,52.02,Willwood,unknown,fluvial-lacustrine indet.,Tatmanius szalayi
m1,1.8,1.5,56.0,51.1,-80.09,51.71,Willwood,unknown,terrestrial indet.,Arapahovius advena
m2,1.8,1.65,56.0,51.1,-80.09,51.71,Willwood,unknown,terrestrial indet.,Arapahovius advena
P4,1.45,2.2,56.0,51.1,-80.09,51.71,Willwood,unknown,terrestrial indet.,Arapahovius advena
M1,1.8,2.5,56.0,51.1,-80.09,51.71,Willwood,unknown,terrestrial indet.,Arapahovius advena
M2,1.7,2.7,56.0,51.1,-80.09,51.71,Willwood,unknown,terrestrial indet.,Arapahovius advena
p4,2.6,1.95,56.0,51.1,-80.53,51.98,Willwood,unknown,fluvial-lacustrine indet.,Steinius annectens
m1,2.9,2.25,56.0,51.1,-80.53,51.98,Willwood,unknown,fluvial-lacustrine indet.,Steinius annectens
m2,2.8,2.45,56.0,51.1,-80.53,51.98,Willwood,unknown,fluvial-lacustrine indet.,Steinius annectens
p3,1.0,0.85,51.1,45.9,-85.53,49.05,Bridger,unknown,terrestrial indet.,Trogolemur myodes
p4,1.25,1.25,51.1,45.9,-85.53,49.05,Bridger,unknown,terrestrial indet.,Trogolemur myodes
m2,1.6,1.55,51.1,45.9,-85.53,49.05,Bridger,unknown,terrestrial indet.,Trogolemur myodes
P4,1.85,2.8,56.0,51.1,-82.23,49.71,Wasatch,unknown,terrestrial indet.,Arapahovius gazini
M1,2.2,3.35,56.0,51.1,-82.23,49.71,Wasatch,unknown,terrestrial indet.,Arapahovius gazini
M2,2.1,3.7,56.0,51.1,-82.23,49.71,Wasatch,unknown,terrestrial indet.,Arapahovius gazini
P4,2.25,3.13,45.9,39.7,-86.48,36.39,Devil's Graveyard,unknown,terrestrial indet.,Diablomomys dalquesti
M1,2.75,3.69,45.9,39.7,-86.48,36.39,Devil's Graveyard,unknown,terrestrial indet.,Diablomomys dalquesti
m2,2.56,2.31,45.9,39.7,-86.48,36.39,Devil's Graveyard,unknown,terrestrial indet.,Omomys carteri
m3,3.19,2.06,45.9,39.7,-86.48,36.39,Devil's Graveyard,unknown,terrestrial indet.,Omomys carteri
m2,3.54,3.33,45.9,39.7,-86.48,36.39,Devil's Graveyard,unknown,terrestrial indet.,Ourayia hopsoni
m1,3.7,3.5,45.9,39.7,-86.48,36.39,Devil's Graveyard,unknown,terrestrial indet.,Ourayia hopsoni
m2,3.7,3.5,45.9,39.7,-86.48,36.39,Devil's Graveyard,unknown,terrestrial indet.,Ourayia hopsoni
m2,4.81,3.79,45.9,39.7,-85.58,35.54,Devil's Graveyard,unknown,terrestrial indet.,Ourayia uintensis
p3,17.2,8.0,2.58,0.0117,-89.46,37.95,unknown,gravel,cave,Panthera onca
p4,23.0,11.0,2.58,0.0117,-89.46,37.95,unknown,gravel,cave,Panthera onca
m1,23.6,12.1,2.58,0.0117,-89.46,37.95,unknown,gravel,cave,Panthera onca
p4,2.9,2.0,23.1,18.5,-93.95,47.74,unknown,unknown,terrestrial indet.,Amphechinus ellicottae
m2,3.4,2.7,23.1,18.5,-93.95,47.74,unknown,unknown,terrestrial indet.,Amphechinus ellicottae
m3,1.2,1.1,23.1,18.5,-93.95,47.74,unknown,unknown,terrestrial indet.,Amphechinus ellicottae
m1,2.32,1.63,18.5,16.3,-95.06,46.14,Runningwater,unknown,terrestrial indet.,Pseudotrimylus blacki
m2,1.99,1.58,18.5,16.3,-95.06,46.14,Runningwater,unknown,terrestrial indet.,Pseudotrimylus blacki
m3,1.67,1.41,18.5,16.3,-95.06,46.14,Runningwater,unknown,terrestrial indet.,Pseudotrimylus blacki
m2,3.12,2.2,18.5,16.3,-94.98,46.73,Runningwater,unknown,terrestrial indet.,Brachyerix richi
p3,2.84,2.19,45.9,39.7,-89.96,48.28,Bridger,claystone,terrestrial indet.,Hemiacodon engardae
p4,3.11,2.44,45.9,39.7,-89.96,48.28,Bridger,claystone,terrestrial indet.,Hemiacodon engardae
m1,3.84,3.01,45.9,39.7,-89.96,48.28,Bridger,claystone,terrestrial indet.,Hemiacodon engardae
m2,3.88,3.04,45.9,39.7,-89.96,48.28,Bridger,claystone,terrestrial indet.,Hemiacodon engardae
m3,4.55,2.76,45.9,39.7,-89.96,48.28,Bridger,claystone,terrestrial indet.,Hemiacodon engardae
p4,3.2,2.3,45.9,39.7,-89.28,47.19,Uinta,unknown,terrestrial indet.,Zionodon satanus
m2,3.5,2.7,45.9,39.7,-89.28,47.19,Uinta,unknown,terrestrial indet.,Zionodon satanus
p4,4.0,2.5,45.9,39.7,-89.34,47.17,Uinta,unknown,terrestrial indet.,Zionodon walshi
m2,3.8,2.9,45.9,39.7,-89.36,47.28,Uinta,unknown,terrestrial indet.,Zionodon walshi
p4,22.8,14.3,4.7,1.4,-113.5,43.48,Glenns Ferry,sandstone,terrestrial indet.,Agriotherium schneideri
P2,2.975,1.875,18.5,16.3,-99.92,39.9,Zia Sand,unknown,terrestrial indet.,Stenomylus taylori
P3,5.675,2.55,18.5,16.3,-99.92,39.9,Zia Sand,unknown,terrestrial indet.,Stenomylus taylori
P4,7.95,5.95,18.5,16.3,-99.92,39.9,Zia Sand,unknown,terrestrial indet.,Stenomylus taylori
M1,16.2,8.675,18.5,16.3,-99.92,39.9,Zia Sand,unknown,terrestrial indet.,Stenomylus taylori
M2,21.95,8.825,18.5,16.3,-99.92,39.9,Zia Sand,unknown,terrestrial indet.,Stenomylus taylori
M3,23.725,6.825,18.5,16.3,-99.92,39.9,Zia Sand,unknown,terrestrial indet.,Stenomylus taylori
P2,19.3,23.5,2.58,0.0117,-84.02,35.71,unknown,claystone,fissure fill,Tapirus (Helicotapirus) veroensis
P3,19.4,24.1,2.58,0.0117,-84.02,35.71,unknown,claystone,fissure fill,Tapirus (Helicotapirus) veroensis
P4,19.9,26.0,2.58,0.0117,-84.02,35.71,unknown,claystone,fissure fill,Tapirus (Helicotapirus) veroensis
M2,25.0,28.5,2.58,0.0117,-84.02,35.71,unknown,claystone,fissure fill,Tapirus (Helicotapirus) veroensis
M1,3.8,5.7,1.4,0.21,-92.81,36.21,unknown,unknown,terrestrial indet.,Brachyprotoma obtusata
P4,5.9,3.8,1.4,0.21,-92.81,36.21,unknown,unknown,terrestrial indet.,Brachyprotoma obtusata
M1,4.1,6.0,1.4,0.21,-92.81,36.21,unknown,unknown,terrestrial indet.,Brachyprotoma obtusata
P4,6.2,3.9,1.4,0.21,-92.81,36.21,unknown,unknown,terrestrial indet.,Brachyprotoma obtusata
P4,6.2,3.9,1.4,0.21,-78.33,39.84,unknown,unknown,cave,Brachyprotoma obtusata
M1,4.0,6.3,1.4,0.21,-78.33,39.84,unknown,unknown,cave,Brachyprotoma obtusata
P4,22.5,17.0,2.58,0.0117,-131.41,63.34,unknown,unknown,terrestrial indet.,Arctodus simus
M1,27.0,25.0,2.58,0.0117,-131.41,63.34,unknown,unknown,terrestrial indet.,Arctodus simus
M2,37.5,25.0,2.58,0.0117,-131.41,63.34,unknown,unknown,terrestrial indet.,Arctodus simus
P1,19.0,18.0,2.58,0.0117,-97.56,35.28,unknown,gravel,terrestrial indet.,Tapirus (Helicotapirus) haysii
P2,19.0,24.0,2.58,0.0117,-97.56,35.28,unknown,gravel,terrestrial indet.,Tapirus (Helicotapirus) haysii
P3,21.0,24.0,2.58,0.0117,-97.56,35.28,unknown,gravel,terrestrial indet.,Tapirus (Helicotapirus) haysii
P4,22.0,29.0,2.58,0.0117,-97.56,35.28,unknown,gravel,terrestrial indet.,Tapirus (Helicotapirus) haysii
m2,21.0,15.0,2.58,0.0117,-77.03,40.9,unknown,gravel,terrestrial indet.,Platygonus vetus
m3,28.0,16.0,2.58,0.0117,-77.03,40.9,unknown,gravel,terrestrial indet.,Platygonus vetus
M1,17.0,16.0,2.58,0.0117,-77.03,40.9,unknown,gravel,terrestrial indet.,Platygonus vetus
M2,20.0,18.0,2.58,0.0117,-77.03,40.9,unknown,gravel,terrestrial indet.,Platygonus vetus
M3,24.0,19.0,2.58,0.0117,-77.03,40.9,unknown,gravel,terrestrial indet.,Platygonus vetus
P4,12.0,15.0,2.58,0.0117,-77.03,40.9,unknown,gravel,terrestrial indet.,Platygonus vetus
m1,1.06,1.35,9.4,4.7,-109.42,40.73,Sevier,siltstone,terrestrial indet.,Metaliomys sevierensis
p4,1.02,1.12,9.4,4.7,-109.42,40.73,Sevier,siltstone,terrestrial indet.,Metaliomys sevierensis
m1,0.98,1.3,9.4,4.7,-109.42,40.73,Sevier,siltstone,terrestrial indet.,Metaliomys sevierensis
m2,0.82,1.23,9.4,4.7,-109.42,40.73,Sevier,siltstone,terrestrial indet.,Metaliomys sevierensis
m3,0.7,0.9,9.4,4.7,-109.42,40.73,Sevier,siltstone,terrestrial indet.,Metaliomys sevierensis
p4,1.13,1.13,9.4,4.7,-109.42,40.73,Sevier,siltstone,terrestrial indet.,Metaliomys sevierensis
p4,1.05,1.22,9.4,4.7,-109.42,40.73,Sevier,siltstone,terrestrial indet.,Metaliomys sevierensis
m1,1.07,1.36,9.4,4.7,-109.42,40.73,Sevier,siltstone,terrestrial indet.,Metaliomys sevierensis
m2,0.9,1.26,9.4,4.7,-109.42,40.73,Sevier,siltstone,terrestrial indet.,Metaliomys sevierensis
m3,0.79,0.94,9.4,4.7,-109.42,40.73,Sevier,siltstone,terrestrial indet.,Metaliomys sevierensis
P4,1.72,1.64,9.4,4.7,-109.42,40.73,Sevier,siltstone,terrestrial indet.,Metaliomys sevierensis
M1,0.97,1.45,9.4,4.7,-109.42,40.73,Sevier,siltstone,terrestrial indet.,Metaliomys sevierensis
M2,0.71,1.28,9.4,4.7,-109.42,40.73,Sevier,siltstone,terrestrial indet.,Metaliomys sevierensis
M3,0.65,0.89,9.4,4.7,-109.42,40.73,Sevier,siltstone,terrestrial indet.,Metaliomys sevierensis
p4,1.15,1.17,9.4,4.7,-109.42,40.73,Sevier,siltstone,terrestrial indet.,Diprionomys minimus
m1,1.11,1.14,9.4,4.7,-109.42,40.73,Sevier,siltstone,terrestrial indet.,Diprionomys minimus
M1,1.68,1.09,9.4,4.7,-109.42,40.73,Sevier,siltstone,terrestrial indet.,Paronychomys lemredfieldi
M2,1.19,1.08,9.4,4.7,-109.42,40.73,Sevier,siltstone,terrestrial indet.,Paronychomys lemredfieldi
M3,0.81,0.89,9.4,4.7,-109.42,40.73,Sevier,siltstone,terrestrial indet.,Paronychomys lemredfieldi
M1,1.86,1.08,9.4,4.7,-109.42,40.73,Sevier,siltstone,terrestrial indet.,Paronychomys lemredfieldi
M2,1.17,1.02,9.4,4.7,-109.42,40.73,Sevier,siltstone,terrestrial indet.,Paronychomys lemredfieldi
M3,0.77,0.81,9.4,4.7,-109.42,40.73,Sevier,siltstone,terrestrial indet.,Paronychomys lemredfieldi
m1,1.71,0.94,9.4,4.7,-109.42,40.73,Sevier,siltstone,terrestrial indet.,Paronychomys lemredfieldi
m2,1.31,0.95,9.4,4.7,-109.42,40.73,Sevier,siltstone,terrestrial indet.,Paronychomys lemredfieldi
m3,0.96,0.88,9.4,4.7,-109.42,40.73,Sevier,siltstone,terrestrial indet.,Paronychomys lemredfieldi
m2,1.35,1.01,9.4,4.7,-109.42,40.73,Sevier,siltstone,terrestrial indet.,Paronychomys lemredfieldi
M1,2.33,1.77,9.4,4.7,-109.42,40.73,Sevier,siltstone,terrestrial indet.,Basirepomys robertsi
M2,1.68,1.42,9.4,4.7,-109.42,40.73,Sevier,siltstone,terrestrial indet.,Basirepomys robertsi
M3,1.3,1.49,9.4,4.7,-109.42,40.73,Sevier,siltstone,terrestrial indet.,Basirepomys robertsi
M1,2.49,1.56,9.4,4.7,-109.42,40.73,Sevier,siltstone,terrestrial indet.,Basirepomys robertsi
M2,1.76,1.72,9.4,4.7,-109.42,40.73,Sevier,siltstone,terrestrial indet.,Basirepomys robertsi
m1,2.27,1.48,9.4,4.7,-109.42,40.73,Sevier,siltstone,terrestrial indet.,Basirepomys robertsi
m2,1.76,1.51,9.4,4.7,-109.42,40.73,Sevier,siltstone,terrestrial indet.,Basirepomys robertsi
m1,2.035,1.41,9.4,4.7,-109.42,40.73,Sevier,siltstone,terrestrial indet.,Basirepomys robertsi
m2,1.8,1.54,9.4,4.7,-109.42,40.73,Sevier,siltstone,terrestrial indet.,Basirepomys robertsi
m3,1.73,1.49,9.4,4.7,-109.42,40.73,Sevier,siltstone,terrestrial indet.,Basirepomys robertsi
m1,2.12,1.455,9.4,4.7,-109.42,40.73,Sevier,siltstone,terrestrial indet.,Basirepomys robertsi
m2,1.795,1.54,9.4,4.7,-109.42,40.73,Sevier,siltstone,terrestrial indet.,Basirepomys robertsi
m3,1.59,1.255,9.4,4.7,-109.42,40.73,Sevier,siltstone,terrestrial indet.,Basirepomys robertsi
m1,2.27,1.47,9.4,4.7,-109.42,40.73,Sevier,siltstone,terrestrial indet.,Basirepomys robertsi
m1,2.2,1.35,9.4,4.7,-109.42,40.73,Sevier,siltstone,terrestrial indet.,Basirepomys robertsi
m2,1.88,1.45,9.4,4.7,-109.42,40.73,Sevier,siltstone,terrestrial indet.,Basirepomys robertsi
m3,1.67,1.39,9.4,4.7,-109.42,40.73,Sevier,siltstone,terrestrial indet.,Basirepomys robertsi
m1,2.01,1.33,9.4,4.7,-109.42,40.73,Sevier,siltstone,terrestrial indet.,Basirepomys robertsi
m2,1.78,1.41,9.4,4.7,-109.42,40.73,Sevier,siltstone,terrestrial indet.,Basirepomys robertsi
p3,3.0,2.605,9.4,4.7,-109.42,40.73,Sevier,siltstone,terrestrial indet.,Hypolagus vetus
m3,1.92,1.67,9.4,4.7,-109.42,40.73,Sevier,siltstone,terrestrial indet.,Hypolagus vetus
P2,1.55,3.03,9.4,4.7,-109.42,40.73,Sevier,siltstone,terrestrial indet.,Hypolagus vetus
p4,3.55,1.07,72.2,66.0,-67.37,51.51,Laramie,sandstone,channel,Mesodma formosa
p4,3.96,1.46,72.2,66.0,-67.58,51.57,Laramie,sandstone,channel,Parikimys carpenteri
m1,2.51,1.15,72.2,66.0,-67.58,51.57,Laramie,sandstone,channel,Parikimys carpenteri
m2,1.61,1.25,72.2,66.0,-67.58,51.57,Laramie,sandstone,channel,Parikimys carpenteri
p4,5.67,2.21,72.2,66.0,-67.58,51.57,Laramie,sandstone,channel,Meniscoessus robustus
m1,7.41,4.03,72.2,66.0,-67.58,51.57,Laramie,sandstone,channel,Meniscoessus robustus
M1,5.25,4.11,72.2,66.0,-67.58,51.57,Laramie,sandstone,channel,Meniscoessus robustus
M1,4.86,2.64,72.2,66.0,-67.58,51.57,Laramie,sandstone,channel,Paressonodon nelsoni
M2,2.13,2.14,72.2,66.0,-67.58,51.57,Laramie,sandstone,channel,Paressonodon nelsoni
M1,4.35,2.52,72.2,66.0,-67.58,51.57,Laramie,sandstone,channel,Paressonodon nelsoni
M2,2.65,3.62,72.2,66.0,-67.58,51.57,Laramie,sandstone,channel,Protolambda hatcheri
p3,3.8,1.57,72.2,66.0,-67.78,51.78,Laramie,sandstone,channel,Protolambda hatcheri
M3,2.15,2.51,72.2,66.0,-67.58,51.57,Laramie,sandstone,channel,Leptalestes cooki
m4,2.35,1.55,72.2,66.0,-67.58,51.57,Laramie,sandstone,channel,Leptalestes cooki
M1,1.68,1.36,39.7,37.0,-98.36,37.35,Pomerado,mudstone,terrestrial indet.,Nonomys gutzleri
M1,1.57,1.34,39.7,37.0,-98.36,37.35,Pomerado,mudstone,terrestrial indet.,Nonomys gutzleri
M1,1.62,1.37,39.7,37.0,-98.36,37.35,Pomerado,mudstone,terrestrial indet.,Nonomys gutzleri
M1,1.8,1.43,39.7,37.0,-98.36,37.35,Pomerado,mudstone,terrestrial indet.,Nonomys gutzleri
M1,1.63,1.35,39.7,37.0,-98.36,37.35,Pomerado,mudstone,terrestrial indet.,Nonomys gutzleri
M1,1.68,1.34,39.7,37.0,-98.36,37.35,Pomerado,mudstone,terrestrial indet.,Nonomys gutzleri
M1,1.71,1.44,39.7,37.0,-98.36,37.35,Pomerado,mudstone,terrestrial indet.,Nonomys gutzleri
M1,1.71,1.4,39.7,37.0,-98.36,37.35,Pomerado,mudstone,terrestrial indet.,Nonomys gutzleri
M1,1.67,1.37,39.7,37.0,-98.36,37.35,Pomerado,mudstone,terrestrial indet.,Nonomys gutzleri
M2,1.41,1.52,39.7,37.0,-98.36,37.35,Pomerado,mudstone,terrestrial indet.,Nonomys gutzleri
M2,1.39,1.41,39.7,37.0,-98.36,37.35,Pomerado,mudstone,terrestrial indet.,Nonomys gutzleri
M2,1.25,1.41,39.7,37.0,-98.36,37.35,Pomerado,mudstone,terrestrial indet.,Nonomys gutzleri
M2,1.36,1.39,39.7,37.0,-98.36,37.35,Pomerado,mudstone,terrestrial indet.,Nonomys gutzleri
M2,1.28,1.33,39.7,37.0,-98.36,37.35,Pomerado,mudstone,terrestrial indet.,Nonomys gutzleri
M2,1.28,1.41,39.7,37.0,-98.36,37.35,Pomerado,mudstone,terrestrial indet.,Nonomys gutzleri
m1,1.39,1.15,39.7,37.0,-98.36,37.35,Pomerado,mudstone,terrestrial indet.,Nonomys gutzleri
m1,1.28,1.08,39.7,37.0,-98.36,37.35,Pomerado,mudstone,terrestrial indet.,Nonomys gutzleri
m1,1.41,1.19,39.7,37.0,-98.36,37.35,Pomerado,mudstone,terrestrial indet.,Nonomys gutzleri
m1,1.31,1.12,39.7,37.0,-98.36,37.35,Pomerado,mudstone,terrestrial indet.,Nonomys gutzleri
m1,1.41,1.14,39.7,37.0,-98.36,37.35,Pomerado,mudstone,terrestrial indet.,Nonomys gutzleri
m2,1.25,1.25,39.7,37.0,-98.36,37.35,Pomerado,mudstone,terrestrial indet.,Nonomys gutzleri
m2,1.36,1.32,39.7,37.0,-98.36,37.35,Pomerado,mudstone,terrestrial indet.,Nonomys gutzleri
m2,1.36,1.31,39.7,37.0,-98.36,37.35,Pomerado,mudstone,terrestrial indet.,Nonomys gutzleri
m2,1.35,1.29,39.7,37.0,-98.36,37.35,Pomerado,mudstone,terrestrial indet.,Nonomys gutzleri
m2,1.35,1.27,39.7,37.0,-98.36,37.35,Pomerado,mudstone,terrestrial indet.,Nonomys gutzleri
m2,1.32,1.26,39.7,37.0,-98.36,37.35,Pomerado,mudstone,terrestrial indet.,Nonomys gutzleri
m2,1.37,1.31,39.7,37.0,-98.36,37.35,Pomerado,mudstone,terrestrial indet.,Nonomys gutzleri
m3,1.18,1.15,39.7,37.0,-98.36,37.35,Pomerado,mudstone,terrestrial indet.,Nonomys gutzleri
m3,1.13,1.11,39.7,37.0,-98.36,37.35,Pomerado,mudstone,terrestrial indet.,Nonomys gutzleri
m3,1.12,1.05,39.7,37.0,-98.36,37.35,Pomerado,mudstone,terrestrial indet.,Nonomys gutzleri
m3,1.06,1.01,39.7,37.0,-98.36,37.35,Pomerado,mudstone,terrestrial indet.,Nonomys gutzleri
m3,1.14,1.07,39.7,37.0,-98.36,37.35,Pomerado,mudstone,terrestrial indet.,Nonomys gutzleri
m3,1.06,1.04,39.7,37.0,-98.36,37.35,Pomerado,mudstone,terrestrial indet.,Nonomys gutzleri
p2,0.8,0.5,63.4,60.9,-74.72,61.99,Paskapoo,siltstone,terrestrial indet.,Edworthia lerbekmoi
p3,1.0,0.7,63.4,60.9,-74.72,61.99,Paskapoo,siltstone,terrestrial indet.,Edworthia lerbekmoi
p4,1.3,1.0,63.4,60.9,-74.72,61.99,Paskapoo,siltstone,terrestrial indet.,Edworthia lerbekmoi
m1,1.5,1.3,63.4,60.9,-74.72,61.99,Paskapoo,siltstone,terrestrial indet.,Edworthia lerbekmoi
m2,1.5,1.4,63.4,60.9,-74.72,61.99,Paskapoo,siltstone,terrestrial indet.,Edworthia lerbekmoi
m3,2.0,1.3,63.4,60.9,-74.72,61.99,Paskapoo,siltstone,terrestrial indet.,Edworthia lerbekmoi
m1,1.5,1.2,63.4,60.9,-74.72,61.99,Paskapoo,siltstone,terrestrial indet.,Edworthia lerbekmoi
m2,1.6,1.4,63.4,60.9,-74.72,61.99,Paskapoo,siltstone,terrestrial indet.,Edworthia lerbekmoi
m3,2.0,1.2,63.4,60.9,-74.72,61.99,Paskapoo,siltstone,terrestrial indet.,Edworthia lerbekmoi
m2,1.7,1.4,63.4,60.9,-74.72,61.99,Paskapoo,siltstone,terrestrial indet.,Edworthia lerbekmoi
P4,3.0,3.72,60.9,57.5,-77.78,49.27,Ohio Creek,sandstone,channel lag,Promioclaenus acolytus
P4,2.8,3.47,60.9,57.5,-77.78,49.27,Ohio Creek,sandstone,channel lag,Promioclaenus acolytus
M2,2.95,4.53,60.9,57.5,-77.78,49.27,Ohio Creek,sandstone,channel lag,Promioclaenus acolytus
p3,3.6,1.68,60.9,57.5,-77.78,49.27,Ohio Creek,sandstone,channel lag,Promioclaenus acolytus
m2,3.5,2.89,60.9,57.5,-77.78,49.27,Ohio Creek,sandstone,channel lag,Promioclaenus acolytus
M2,3.1,4.7,60.9,57.5,-77.81,49.25,Ohio Creek,sandstone,channel lag,Promioclaenus acolytus
M1,2.84,4.13,60.9,57.5,-77.78,49.27,Ohio Creek,sandstone,channel lag,Nannodectes simpsoni
p2,8.98,6.73,56.0,51.1,-79.8,51.57,Willwood,unknown,terrestrial indet.,Palaeonictis wingi
p3,11.81,8.85,56.0,51.1,-79.8,51.57,Willwood,unknown,terrestrial indet.,Palaeonictis wingi
p4,12.57,9.06,56.0,51.1,-79.8,51.57,Willwood,unknown,terrestrial indet.,Palaeonictis wingi
m1,12.195,7.255,56.0,51.1,-79.8,51.57,Willwood,unknown,terrestrial indet.,Palaeonictis wingi
m2,9.375,6.31,56.0,51.1,-79.8,51.57,Willwood,unknown,terrestrial indet.,Palaeonictis wingi
p3,15.22,10.48,57.5,56.0,-78.79,52.74,unknown,unknown,terrestrial indet.,Palaeonictis peloria
p4,15.6,12.45,57.5,56.0,-78.79,52.74,unknown,unknown,terrestrial indet.,Palaeonictis peloria
m2,13.87,10.27,57.5,56.0,-78.79,52.74,unknown,unknown,terrestrial indet.,Palaeonictis peloria
m1,2.22,1.17,83.6,72.2,-66.36,53.83,Mesaverde,sandstone,estuary/bay,Alphadon sahnii
m1,2.332,1.21,83.6,72.2,-66.34,53.81,Mesaverde,sandstone,estuary/bay,Alphadon sahnii
m1,2.71,1.75,83.6,72.2,-66.34,53.81,Mesaverde,sandstone,estuary/bay,Alostera saskatchewanensis
tibia,680.0,127.0,2.58,0.0117,-101.41,37.81,unknown,claystone,fluvial indet.,Mammut americanum
fibula,665.0,72.0,2.58,0.0117,-101.41,37.81,unknown,claystone,fluvial indet.,Mammut americanum
p2,11.09,6.75,12.5,9.4,-77.8,31.36,Alachua,unknown,marginal marine indet.,Yumaceras hamiltoni
p3,14.1,9.34,12.5,9.4,-77.8,31.36,Alachua,unknown,marginal marine indet.,Yumaceras hamiltoni
M1,19.95,21.02,12.5,9.4,-77.8,31.36,Alachua,unknown,marginal marine indet.,Yumaceras hamiltoni
M2,23.61,24.34,12.5,9.4,-77.8,31.36,Alachua,unknown,marginal marine indet.,Yumaceras hamiltoni
M3,22.62,23.2,12.5,9.4,-77.8,31.36,Alachua,unknown,marginal marine indet.,Yumaceras hamiltoni
p4,16.27,11.33,12.5,9.4,-77.8,31.36,Alachua,unknown,marginal marine indet.,Yumaceras hamiltoni
P2,15.1,13.2,12.5,9.4,-77.8,31.36,Alachua,unknown,marginal marine indet.,Yumaceras hamiltoni
P3,14.57,17.25,12.5,9.4,-77.8,31.36,Alachua,unknown,marginal marine indet.,Yumaceras hamiltoni
P4,14.0,17.5,12.5,9.4,-77.8,31.36,Alachua,unknown,marginal marine indet.,Yumaceras hamiltoni
m2,23.12,16.31,12.5,9.4,-77.8,31.36,Alachua,unknown,marginal marine indet.,Yumaceras hamiltoni
m3,32.49,16.19,12.5,9.4,-77.8,31.36,Alachua,unknown,marginal marine indet.,Yumaceras hamiltoni
m2,22.4,17.4,9.4,4.7,-79.53,30.67,Alachua,unknown,terrestrial indet.,Yumaceras hamiltoni
m3,33.3,17.6,9.4,4.7,-79.53,30.67,Alachua,unknown,terrestrial indet.,Yumaceras hamiltoni
p4,20.1,15.3,9.4,4.7,-98.99,42.0,unknown,unknown,terrestrial indet.,Yumaceras figginsi
m3,35.8,17.7,9.4,4.7,-98.99,42.0,unknown,unknown,terrestrial indet.,Yumaceras figginsi
p3,15.6,11.6,9.4,4.7,-97.22,42.35,Ash Hollow,unknown,terrestrial indet.,Yumaceras figginsi
p4,16.1,14.6,9.4,4.7,-97.22,42.35,Ash Hollow,unknown,terrestrial indet.,Yumaceras figginsi
m1,20.9,15.6,9.4,4.7,-97.22,42.35,Ash Hollow,unknown,terrestrial indet.,Yumaceras figginsi
m2,22.6,17.4,9.4,4.7,-97.22,42.35,Ash Hollow,unknown,terrestrial indet.,Yumaceras figginsi
m3,35.4,17.6,9.4,4.7,-97.22,42.35,Ash Hollow,unknown,terrestrial indet.,Yumaceras figginsi
p2,12.5,6.5,9.4,4.7,-96.71,37.93,unknown,unknown,terrestrial indet.,Yumaceras figginsi
p3,15.4,9.0,9.4,4.7,-96.71,37.93,unknown,unknown,terrestrial indet.,Yumaceras figginsi
p4,17.8,10.2,9.4,4.7,-96.71,37.93,unknown,unknown,terrestrial indet.,Yumaceras figginsi
m1,20.8,17.1,9.4,4.7,-96.71,37.93,unknown,unknown,terrestrial indet.,Yumaceras figginsi
m2,24.7,18.0,9.4,4.7,-96.71,37.93,unknown,unknown,terrestrial indet.,Yumaceras figginsi
m3,35.6,17.8,9.4,4.7,-96.71,37.93,unknown,unknown,terrestrial indet.,Yumaceras figginsi
m3,38.6,19.1,9.4,4.7,-97.02,37.94,unknown,sandstone,fluvial indet.,Yumaceras figginsi
p4,20.7,12.3,23.04,5.333,-115.2,40.73,unknown,unknown,terrestrial indet.,Yumaceras ruminalis
m1,25.5,13.9,23.04,5.333,-115.2,40.73,unknown,unknown,terrestrial indet.,Yumaceras ruminalis
m2,24.4,14.7,23.04,5.333,-115.2,40.73,unknown,unknown,terrestrial indet.,Yumaceras ruminalis
m3,36.7,17.0,23.04,5.333,-115.2,40.73,unknown,unknown,terrestrial indet.,Yumaceras ruminalis
p2,8.4,4.6,9.4,4.7,-98.33,38.58,Ogallala,unknown,terrestrial indet.,Pediomeryx hemphillensis
p3,13.1,7.7,9.4,4.7,-98.33,38.58,Ogallala,unknown,terrestrial indet.,Pediomeryx hemphillensis
p4,14.8,9.8,9.4,4.7,-98.33,38.58,Ogallala,unknown,terrestrial indet.,Pediomeryx hemphillensis
m1,17.8,12.5,9.4,4.7,-98.33,38.58,Ogallala,unknown,terrestrial indet.,Pediomeryx hemphillensis
m2,21.4,14.1,9.4,4.7,-98.33,38.58,Ogallala,unknown,terrestrial indet.,Pediomeryx hemphillensis
m3,29.7,14.3,9.4,4.7,-98.33,38.58,Ogallala,unknown,terrestrial indet.,Pediomeryx hemphillensis
p2,8.2,5.3,9.4,4.7,-113.57,35.37,Mt. Eden,unknown,terrestrial indet.,Pediomeryx hemphillensis
p3,11.8,7.2,9.4,4.7,-113.57,35.37,Mt. Eden,unknown,terrestrial indet.,Pediomeryx hemphillensis
p4,12.8,7.7,9.4,4.7,-113.57,35.37,Mt. Eden,unknown,terrestrial indet.,Pediomeryx hemphillensis
p2,10.0,4.8,12.5,9.4,-96.15,37.71,unknown,unknown,terrestrial indet.,Cranioceras teres
p3,13.0,6.6,12.5,9.4,-96.15,37.71,unknown,unknown,terrestrial indet.,Cranioceras teres
p4,14.2,8.0,12.5,9.4,-96.15,37.71,unknown,unknown,terrestrial indet.,Cranioceras teres
m1,16.5,11.2,12.5,9.4,-96.15,37.71,unknown,unknown,terrestrial indet.,Cranioceras teres
m2,18.9,12.2,12.5,9.4,-96.15,37.71,unknown,unknown,terrestrial indet.,Cranioceras teres
m3,24.9,12.7,12.5,9.4,-96.15,37.71,unknown,unknown,terrestrial indet.,Cranioceras teres
P2,19.1,27.5,23.04,5.333,-90.79,32.95,unknown,unknown,terrestrial indet.,Diceratherium annectens
P3,22.1,33.0,23.04,5.333,-90.79,32.95,unknown,unknown,terrestrial indet.,Diceratherium annectens
P4,20.5,35.0,23.04,5.333,-90.79,32.95,unknown,unknown,terrestrial indet.,Diceratherium annectens
P2,21.5,26.8,23.1,18.5,-93.37,47.1,Marsland,sandstone,channel,Menoceras arikarense
P3,22.1,33.6,23.1,18.5,-93.37,47.1,Marsland,sandstone,channel,Menoceras arikarense
P4,24.1,36.4,23.1,18.5,-93.37,47.1,Marsland,sandstone,channel,Menoceras arikarense
m3,22.5,39.9,18.5,16.3,-95.12,45.64,Runningwater,unknown,terrestrial indet.,Menoceras barbouri
m3,37.2,21.5,23.04,5.333,-90.79,32.95,unknown,unknown,terrestrial indet.,Menoceras barbouri
m3,38.6,23.0,18.5,16.3,-75.25,32.13,Alachua,sandstone,terrestrial indet.,Menoceras barbouri
m3,40.4,22.6,18.5,16.3,-94.98,46.73,Runningwater,unknown,terrestrial indet.,Menoceras barbouri
m3,34.2,19.5,23.1,18.5,-93.37,47.1,Marsland,sandstone,channel,Menoceras arikarense
p3,19.9,10.3,9.4,4.7,-97.13,37.75,unknown,unknown,terrestrial indet.,Megatylopus matthewi
m3,57.7,24.7,9.4,4.7,-97.13,37.75,unknown,unknown,terrestrial indet.,Megatylopus matthewi
m3,67.5,27.5,9.4,4.7,-97.13,37.75,unknown,unknown,terrestrial indet.,Megatylopus matthewi
P3,26.5,16.5,9.4,4.7,-97.13,37.75,unknown,unknown,terrestrial indet.,Megatylopus matthewi
P4,13.8,10.9,4.7,1.4,-80.72,27.53,Caloosahatchee,unknown,terrestrial indet.,Hemiauchenia gracilis
M1,21.8,14.3,4.7,1.4,-80.72,27.53,Caloosahatchee,unknown,terrestrial indet.,Hemiauchenia gracilis
M1,17.8,12.7,2.58,1.8,-81.93,29.34,unknown,unknown,terrestrial indet.,Hemiauchenia gracilis
M2,22.2,15.7,2.58,1.8,-81.93,29.34,unknown,unknown,terrestrial indet.,Hemiauchenia gracilis
m1,13.9,9.9,4.7,1.4,-80.72,27.53,Caloosahatchee,unknown,terrestrial indet.,Hemiauchenia gracilis
m2,19.9,12.1,4.7,1.4,-80.72,27.53,Caloosahatchee,unknown,terrestrial indet.,Hemiauchenia gracilis
m3,29.4,11.7,4.7,1.4,-80.72,27.53,Caloosahatchee,unknown,terrestrial indet.,Hemiauchenia gracilis
m3,26.5,11.8,4.7,1.4,-80.72,27.53,Caloosahatchee,unknown,terrestrial indet.,Hemiauchenia gracilis
m3,28.2,11.1,4.7,1.4,-80.72,27.53,Caloosahatchee,unknown,terrestrial indet.,Hemiauchenia gracilis
P3,19.3,11.0,1.4,0.21,-101.99,22.04,Tacubaya,unknown,terrestrial indet.,Camelops hesternus
P4,33.7,26.8,1.4,0.21,-101.99,22.04,Tacubaya,unknown,terrestrial indet.,Camelops hesternus
M1,43.0,37.0,1.4,0.21,-101.99,22.04,Tacubaya,unknown,terrestrial indet.,Camelops hesternus
M2,53.3,33.2,1.4,0.21,-101.99,22.04,Tacubaya,unknown,terrestrial indet.,Camelops hesternus
M3,50.0,32.6,1.4,0.21,-101.99,22.04,Tacubaya,unknown,terrestrial indet.,Camelops hesternus
p4,27.9,16.5,1.4,0.21,-101.99,22.04,Tacubaya,unknown,terrestrial indet.,Camelops hesternus
m1,38.6,22.5,1.4,0.21,-101.99,22.04,Tacubaya,unknown,terrestrial indet.,Camelops hesternus
m2,49.8,23.5,1.4,0.21,-101.99,22.04,Tacubaya,unknown,terrestrial indet.,Camelops hesternus
m3,62.8,21.9,1.4,0.21,-101.99,22.04,Tacubaya,unknown,terrestrial indet.,Camelops hesternus
p4,23.9,14.5,1.4,0.21,-101.99,22.04,Tacubaya,unknown,terrestrial indet.,Camelops hesternus
m1,27.1,18.5,1.4,0.21,-101.99,22.04,Tacubaya,unknown,terrestrial indet.,Camelops hesternus
m2,32.5,19.3,1.4,0.21,-101.99,22.04,Tacubaya,unknown,terrestrial indet.,Camelops hesternus
m3,50.7,17.6,1.4,0.21,-101.99,22.04,Tacubaya,unknown,terrestrial indet.,Camelops hesternus
p4,26.8,14.3,1.4,0.21,-101.99,22.04,Tacubaya,unknown,terrestrial indet.,Camelops hesternus
m1,31.3,20.5,1.4,0.21,-101.99,22.04,Tacubaya,unknown,terrestrial indet.,Camelops hesternus
m2,45.1,20.5,1.4,0.21,-101.99,22.04,Tacubaya,unknown,terrestrial indet.,Camelops hesternus
m3,51.7,17.2,1.4,0.21,-101.99,22.04,Tacubaya,unknown,terrestrial indet.,Camelops hesternus
m2,41.3,20.5,1.4,0.21,-101.99,22.04,Tacubaya,unknown,terrestrial indet.,Camelops hesternus
m3,61.0,19.6,1.4,0.21,-101.99,22.04,Tacubaya,unknown,terrestrial indet.,Camelops hesternus
m1,30.0,18.5,1.4,0.21,-101.99,22.04,Tacubaya,unknown,terrestrial indet.,Camelops hesternus
m2,41.0,19.2,1.4,0.21,-101.99,22.04,Tacubaya,unknown,terrestrial indet.,Camelops hesternus
m3,53.0,17.8,1.4,0.21,-101.99,22.04,Tacubaya,unknown,terrestrial indet.,Camelops hesternus
P1,2.8,1.9,37.0,33.9,-91.42,49.47,White River,unknown,terrestrial indet.,Parictis personi
P2,4.0,2.4,37.0,33.9,-91.42,49.47,White River,unknown,terrestrial indet.,Parictis personi
M2,3.4,5.3,37.0,33.9,-91.42,49.47,White River,unknown,terrestrial indet.,Parictis personi
p1,2.2,1.8,37.0,33.9,-91.42,49.47,White River,unknown,terrestrial indet.,Parictis personi
p2,4.1,2.4,37.0,33.9,-91.42,49.47,White River,unknown,terrestrial indet.,Parictis personi
p3,5.0,2.5,37.0,33.9,-91.42,49.47,White River,unknown,terrestrial indet.,Parictis personi
p4,5.2,2.8,37.0,33.9,-91.42,49.47,White River,unknown,terrestrial indet.,Parictis personi
m1,7.6,4.1,37.0,33.9,-91.42,49.47,White River,unknown,terrestrial indet.,Parictis personi
m2,4.0,3.0,37.0,33.9,-91.42,49.47,White River,unknown,terrestrial indet.,Parictis personi
m3,2.6,1.7,37.0,33.9,-91.42,49.47,White River,unknown,terrestrial indet.,Parictis personi
P4,2.35,3.25,66.0,63.4,-75.98,47.36,unknown,unknown,terrestrial indet.,Chacomylus sladei
P4,2.5,2.95,66.0,63.4,-75.98,47.36,unknown,unknown,terrestrial indet.,Chacomylus sladei
M1,2.8,4.0,66.0,63.4,-75.98,47.36,unknown,unknown,terrestrial indet.,Chacomylus sladei
M3,1.85,3.2,66.0,63.4,-75.98,47.36,unknown,unknown,terrestrial indet.,Chacomylus sladei
p3,2.15,1.55,66.0,63.4,-75.98,47.36,unknown,unknown,terrestrial indet.,Chacomylus sladei
m1,2.6,2.25,66.0,63.4,-75.98,47.36,unknown,unknown,terrestrial indet.,Chacomylus sladei
m2,2.8,1.9,66.0,63.4,-75.98,47.36,unknown,unknown,terrestrial indet.,Chacomylus sladei
p3,11.0,7.0,9.4,4.7,-98.52,41.18,unknown,unknown,terrestrial indet.,Plesiogulo marshalli
p4,14.0,9.0,9.4,4.7,-98.52,41.18,unknown,unknown,terrestrial indet.,Plesiogulo marshalli
P4,30.0,13.0,9.4,4.7,-98.52,41.18,unknown,unknown,terrestrial indet.,Plesiogulo marshalli
M1,10.0,19.0,9.4,4.7,-98.52,41.18,unknown,unknown,terrestrial indet.,Plesiogulo marshalli
p3,14.1,7.2,63.4,60.9,-76.11,45.82,Nacimiento,unknown,terrestrial indet.,Dissacus saurognathus
p4,15.1,7.7,63.4,60.9,-76.11,45.82,Nacimiento,unknown,terrestrial indet.,Dissacus saurognathus
m2,19.5,10.1,63.4,60.9,-76.11,45.82,Nacimiento,unknown,terrestrial indet.,Dissacus saurognathus
m3,15.6,8.9,63.4,60.9,-76.11,45.82,Nacimiento,unknown,terrestrial indet.,Dissacus saurognathus
p4,4.15,3.1,29.5,18.5,-100.95,52.12,Renova,unknown,terrestrial indet.,Eutypomys montanensis
m2,4.2,4.2,29.5,18.5,-100.95,52.12,Renova,unknown,terrestrial indet.,Eutypomys montanensis
P1,7.9,6.0,23.1,18.5,-72.72,31.97,unknown,limestone,marine indet.,Phenacocoelus kayi
P2,11.1,8.6,23.1,18.5,-72.72,31.97,unknown,limestone,marine indet.,Phenacocoelus kayi
P3,10.4,10.3,23.1,18.5,-72.72,31.97,unknown,limestone,marine indet.,Phenacocoelus kayi
M2,17.3,19.9,23.1,18.5,-72.72,31.97,unknown,limestone,marine indet.,Phenacocoelus kayi
M3,20.6,19.5,23.1,18.5,-72.72,31.97,unknown,limestone,marine indet.,Phenacocoelus kayi
P1,9.0,7.35,23.1,18.5,-93.8,46.72,unknown,unknown,terrestrial indet.,Phenacocoelus kayi
P2,11.65,10.6,23.1,18.5,-93.8,46.72,unknown,unknown,terrestrial indet.,Phenacocoelus kayi
P3,11.3,11.0,23.1,18.5,-93.8,46.72,unknown,unknown,terrestrial indet.,Phenacocoelus kayi
P4,9.75,13.35,23.1,18.5,-93.8,46.72,unknown,unknown,terrestrial indet.,Phenacocoelus kayi
M1,14.65,15.7,23.1,18.5,-93.8,46.72,unknown,unknown,terrestrial indet.,Phenacocoelus kayi
M2,18.0,19.3,23.1,18.5,-93.8,46.72,unknown,unknown,terrestrial indet.,Phenacocoelus kayi
M3,21.95,19.95,23.1,18.5,-93.8,46.72,unknown,unknown,terrestrial indet.,Phenacocoelus kayi
p4,1.3,1.32,23.1,18.5,-92.19,47.28,Marsland,unknown,terrestrial indet.,Pleurolicus exiguus
m2,1.19,1.59,23.1,18.5,-92.19,47.28,Marsland,unknown,terrestrial indet.,Pleurolicus exiguus
m3,1.24,1.37,23.1,18.5,-92.19,47.28,Marsland,unknown,terrestrial indet.,Pleurolicus exiguus
P4,1.74,1.83,18.5,16.3,-95.74,46.55,Runningwater,unknown,terrestrial indet.,Pleurolicus exiguus
M1,1.13,1.68,18.5,16.3,-95.74,46.55,Runningwater,unknown,terrestrial indet.,Pleurolicus exiguus
M2,0.89,1.31,18.5,16.3,-95.74,46.55,Runningwater,unknown,terrestrial indet.,Pleurolicus exiguus
M1,4.7,6.1,60.9,57.5,-76.47,54.83,Melville,unknown,terrestrial indet.,Paleotomus senior
M2,4.9,7.8,60.9,57.5,-76.47,54.83,Melville,unknown,terrestrial indet.,Paleotomus senior
i2,2.6,1.5,63.4,60.9,-73.72,54.42,unknown,unknown,terrestrial indet.,Unuchinia diaphanes
p2,2.0,1.2,63.4,60.9,-73.72,54.42,unknown,unknown,terrestrial indet.,Unuchinia diaphanes
p4,1.7,1.0,63.4,60.9,-73.72,54.42,unknown,unknown,terrestrial indet.,Unuchinia diaphanes
p2,4.06,2.58,66.0,63.4,-65.1,55.6,Fort Union,sandstone,terrestrial indet.,Alveugena carbonensis
p3,4.81,2.59,66.0,63.4,-65.1,55.6,Fort Union,sandstone,terrestrial indet.,Alveugena carbonensis
p4,5.94,3.13,66.0,63.4,-65.1,55.6,Fort Union,sandstone,terrestrial indet.,Alveugena carbonensis
m1,5.75,3.7,66.0,63.4,-65.1,55.6,Fort Union,sandstone,terrestrial indet.,Alveugena carbonensis
m2,5.83,4.27,66.0,63.4,-65.1,55.6,Fort Union,sandstone,terrestrial indet.,Alveugena carbonensis
P1,5.6,3.8,60.9,57.5,-76.38,61.88,Paskapoo,siltstone,lacustrine indet.,Presbytherium rhodorugatus
P2,6.2,5.1,60.9,57.5,-76.38,61.88,Paskapoo,siltstone,lacustrine indet.,Presbytherium rhodorugatus
P3,6.9,7.65,60.9,57.5,-76.38,61.88,Paskapoo,siltstone,lacustrine indet.,Presbytherium rhodorugatus
P4,6.3,9.2,60.9,57.5,-76.38,61.88,Paskapoo,siltstone,lacustrine indet.,Presbytherium rhodorugatus
M1,7.8,9.7,60.9,57.5,-76.38,61.88,Paskapoo,siltstone,lacustrine indet.,Presbytherium rhodorugatus
M3,6.3,11.2,60.9,57.5,-76.38,61.88,Paskapoo,siltstone,lacustrine indet.,Presbytherium rhodorugatus
p2,5.5,3.6,60.9,57.5,-76.38,61.88,Paskapoo,siltstone,lacustrine indet.,Presbytherium rhodorugatus
p3,6.4,4.6,60.9,57.5,-76.38,61.88,Paskapoo,siltstone,lacustrine indet.,Presbytherium rhodorugatus
p4,6.65,5.16,60.9,57.5,-76.38,61.88,Paskapoo,siltstone,lacustrine indet.,Presbytherium rhodorugatus
m1,8.15,5.4,60.9,57.5,-76.38,61.88,Paskapoo,siltstone,lacustrine indet.,Presbytherium rhodorugatus
m2,8.6,5.7,60.9,57.5,-76.38,61.88,Paskapoo,siltstone,lacustrine indet.,Presbytherium rhodorugatus
M1,7.9,9.9,16.3,12.5,-93.86,46.54,Valentine,unknown,terrestrial indet.,Leptarctus primus
p4,6.2,3.3,16.3,12.5,-93.86,46.54,Valentine,unknown,terrestrial indet.,Leptarctus primus
m1,10.7,5.0,16.3,12.5,-93.86,46.54,Valentine,unknown,terrestrial indet.,Leptarctus primus
p3,2.6,1.7,60.9,57.5,-76.32,61.74,Paskapoo,siltstone,terrestrial indet.,Eudaemonema webbi
p4,3.5,2.4,60.9,57.5,-76.32,61.74,Paskapoo,siltstone,terrestrial indet.,Eudaemonema webbi
m1,4.2,3.05,60.9,57.5,-76.32,61.74,Paskapoo,siltstone,terrestrial indet.,Eudaemonema webbi
m3,5.2,2.6,60.9,57.5,-76.32,61.74,Paskapoo,siltstone,terrestrial indet.,Eudaemonema webbi
p4,1.75,1.05,66.0,63.4,-75.98,47.36,unknown,unknown,terrestrial indet.,Betonnia tsosia
m12,2.4,1.6,66.0,63.4,-75.98,47.36,unknown,unknown,terrestrial indet.,Betonnia tsosia
m3,2.2,1.45,66.0,63.4,-76.0,47.4,Nacimiento,unknown,terrestrial indet.,Betonnia tsosia
p4,3.3,1.8,66.0,63.4,-75.98,47.36,unknown,unknown,terrestrial indet.,Puercolestes simpsoni
m1,3.6,2.2,66.0,63.4,-75.98,47.36,unknown,unknown,terrestrial indet.,Puercolestes simpsoni
m3,3.0,2.1,66.0,63.4,-75.98,47.36,unknown,unknown,terrestrial indet.,Puercolestes simpsoni
m2,3.8,2.6,66.0,63.4,-75.76,47.36,Nacimiento,unknown,terrestrial indet.,Puercolestes simpsoni
m2,3.8,2.7,66.0,63.4,-75.76,47.36,Nacimiento,unknown,terrestrial indet.,Puercolestes simpsoni
m2,3.9,2.5,66.0,63.4,-76.0,47.4,Nacimiento,unknown,terrestrial indet.,Puercolestes simpsoni
M3,2.6,4.6,66.0,63.4,-76.0,47.4,Nacimiento,unknown,terrestrial indet.,Puercolestes simpsoni
P1,2.33,1.1,33.9,31.8,-87.83,47.98,Brule,unknown,terrestrial indet.,Blacktops latidens
P2,3.45,1.37,33.9,31.8,-87.83,47.98,Brule,unknown,terrestrial indet.,Blacktops latidens
P3,3.7,3.32,33.9,31.8,-87.83,47.98,Brule,unknown,terrestrial indet.,Blacktops latidens
P4,3.59,4.45,33.9,31.8,-87.83,47.98,Brule,unknown,terrestrial indet.,Blacktops latidens
M1,3.35,5.28,33.9,31.8,-87.83,47.98,Brule,unknown,terrestrial indet.,Blacktops latidens
M2,3.1,5.19,33.9,31.8,-87.83,47.98,Brule,unknown,terrestrial indet.,Blacktops latidens
M3,2.2,3.55,33.9,31.8,-87.83,47.98,Brule,unknown,terrestrial indet.,Blacktops latidens
P4,3.61,4.11,33.9,31.8,-87.83,47.98,Brule,unknown,terrestrial indet.,Blacktops longinares
M1,3.18,4.76,33.9,31.8,-87.83,47.98,Brule,unknown,terrestrial indet.,Blacktops longinares
M2,3.06,4.78,33.9,31.8,-87.83,47.98,Brule,unknown,terrestrial indet.,Blacktops longinares
M3,2.34,3.63,33.9,31.8,-87.83,47.98,Brule,unknown,terrestrial indet.,Blacktops longinares
P3,3.7,4.5,45.9,39.7,-90.0,47.38,Uinta,unknown,terrestrial indet.,Mesomeryx grangeri
P4,3.5,5.0,45.9,39.7,-90.0,47.38,Uinta,unknown,terrestrial indet.,Mesomeryx grangeri
M1,5.0,4.5,45.9,39.7,-90.0,47.38,Uinta,unknown,terrestrial indet.,Mesomeryx grangeri
M2,5.0,6.0,45.9,39.7,-90.0,47.38,Uinta,unknown,terrestrial indet.,Mesomeryx grangeri
p4,7.3,3.0,45.9,39.7,-98.28,39.4,Sespe,unknown,terrestrial indet.,Procynodictis progressus
m1,9.0,4.6,45.9,39.7,-98.28,39.4,Sespe,unknown,terrestrial indet.,Procynodictis progressus
m2,4.9,2.9,45.9,39.7,-98.28,39.4,Sespe,unknown,terrestrial indet.,Procynodictis progressus
P4,10.6,6.0,45.9,39.7,-98.28,39.4,Sespe,unknown,terrestrial indet.,Procynodictis progressus
M2,4.9,2.4,45.9,39.7,-98.28,39.4,Sespe,unknown,terrestrial indet.,Procynodictis progressus
P4,1.0,1.0,51.1,45.9,-83.03,27.44,Guanjuato Red Conglomerate,unknown,terrestrial indet.,Floresomys guanajuatoensis
M1,1.5,1.5,51.1,45.9,-83.03,27.44,Guanjuato Red Conglomerate,unknown,terrestrial indet.,Floresomys guanajuatoensis
M2,1.5,1.6,51.1,45.9,-83.03,27.44,Guanjuato Red Conglomerate,unknown,terrestrial indet.,Floresomys guanajuatoensis
M3,1.5,1.4,51.1,45.9,-83.03,27.44,Guanjuato Red Conglomerate,unknown,terrestrial indet.,Floresomys guanajuatoensis
p4,1.1,0.8,51.1,45.9,-83.03,27.44,Guanjuato Red Conglomerate,unknown,terrestrial indet.,Floresomys guanajuatoensis
m1,1.4,1.2,51.1,45.9,-83.03,27.44,Guanjuato Red Conglomerate,unknown,terrestrial indet.,Floresomys guanajuatoensis
m2,1.5,1.5,51.1,45.9,-83.03,27.44,Guanjuato Red Conglomerate,unknown,terrestrial indet.,Floresomys guanajuatoensis
m3,1.4,1.3,51.1,45.9,-83.03,27.44,Guanjuato Red Conglomerate,unknown,terrestrial indet.,Floresomys guanajuatoensis
P4,2.05,3.36,57.5,56.0,-78.79,52.74,unknown,unknown,terrestrial indet.,Franimys amherstensis
M2,2.69,3.08,57.5,56.0,-78.79,52.74,unknown,unknown,terrestrial indet.,Franimys amherstensis
M3,3.19,3.04,57.5,56.0,-78.79,52.74,unknown,unknown,terrestrial indet.,Franimys amherstensis
p4,2.26,2.03,56.0,51.1,-79.86,52.19,Willwood,unknown,terrestrial indet.,Franimys amherstensis
m1,2.38,2.3,56.0,51.1,-79.86,52.19,Willwood,unknown,terrestrial indet.,Franimys amherstensis
m2,2.5,2.52,56.0,51.1,-79.86,52.19,Willwood,unknown,terrestrial indet.,Franimys amherstensis
skull,469.7,191.8,2.58,0.774,-108.66,34.8,unknown,gravel,lacustrine indet.,Paramylodon harlani
M1,26.3,18.2,2.58,0.774,-108.66,34.8,unknown,gravel,lacustrine indet.,Paramylodon harlani
M2,26.0,34.5,2.58,0.774,-108.66,34.8,unknown,gravel,lacustrine indet.,Paramylodon harlani
M3,21.6,32.3,2.58,0.774,-108.66,34.8,unknown,gravel,lacustrine indet.,Paramylodon harlani
M4,30.7,25.4,2.58,0.774,-108.66,34.8,unknown,gravel,lacustrine indet.,Paramylodon harlani
m1,26.6,28.9,2.58,0.774,-108.66,34.8,unknown,gravel,lacustrine indet.,Paramylodon harlani
m2,15.9,30.9,2.58,0.774,-108.66,34.8,unknown,gravel,lacustrine indet.,Paramylodon harlani
m3,57.8,35.9,2.58,0.774,-108.66,34.8,unknown,gravel,lacustrine indet.,Paramylodon harlani
humerus,444.8,0.0,2.58,0.774,-108.66,34.8,unknown,gravel,lacustrine indet.,Paramylodon harlani
ulna,381.2,0.0,2.58,0.774,-108.66,34.8,unknown,gravel,lacustrine indet.,Paramylodon harlani
radius,282.0,0.0,2.58,0.774,-108.66,34.8,unknown,gravel,lacustrine indet.,Paramylodon harlani
femur,514.3,0.0,2.58,0.774,-108.66,34.8,unknown,gravel,lacustrine indet.,Paramylodon harlani
tibia,219.4,0.0,2.58,0.774,-108.66,34.8,unknown,gravel,lacustrine indet.,Paramylodon harlani
p4,1.74,1.37,60.9,57.5,-76.45,53.23,Fort Union,siltstone,terrestrial indet.,Mylanodon rosei
p3,1.39,1.1,60.9,57.5,-76.45,53.23,Fort Union,siltstone,terrestrial indet.,Mylanodon rosei
p3,6.5,3.2,12.5,9.4,-93.37,31.18,Goliad,unknown,terrestrial indet.,Pseudoceras skinneri
p4,8.2,3.5,12.5,9.4,-93.37,31.18,Goliad,unknown,terrestrial indet.,Pseudoceras skinneri
m2,9.0,5.9,12.5,9.4,-93.37,31.18,Goliad,unknown,terrestrial indet.,Pseudoceras skinneri
m3,14.0,5.5,12.5,9.4,-93.37,31.18,Goliad,unknown,terrestrial indet.,Pseudoceras skinneri
p3,6.8,3.0,12.5,9.4,-93.37,31.18,Goliad,unknown,terrestrial indet.,Pseudoceras skinneri
p4,8.0,2.8,12.5,9.4,-93.37,31.18,Goliad,unknown,terrestrial indet.,Pseudoceras skinneri
m1,8.4,4.3,12.5,9.4,-93.37,31.18,Goliad,unknown,terrestrial indet.,Pseudoceras skinneri
m2,8.6,5.3,12.5,9.4,-93.37,31.18,Goliad,unknown,terrestrial indet.,Pseudoceras skinneri
P2,22.65,22.8,51.1,45.9,-87.37,48.83,Bridger,unknown,terrestrial indet.,Uintatherium anceps
P3,23.6,30.1,51.1,45.9,-87.37,48.83,Bridger,unknown,terrestrial indet.,Uintatherium anceps
P4,23.15,29.75,51.1,45.9,-87.37,48.83,Bridger,unknown,terrestrial indet.,Uintatherium anceps
M1,25.05,27.55,51.1,45.9,-87.37,48.83,Bridger,unknown,terrestrial indet.,Uintatherium anceps
M2,31.65,34.25,51.1,45.9,-87.37,48.83,Bridger,unknown,terrestrial indet.,Uintatherium anceps
M3,38.95,39.6,51.1,45.9,-87.37,48.83,Bridger,unknown,terrestrial indet.,Uintatherium anceps
p2,17.2,11.25,51.1,45.9,-85.53,49.05,Bridger,unknown,terrestrial indet.,Uintatherium anceps
p3,24.15,15.4,51.1,45.9,-85.53,49.05,Bridger,unknown,terrestrial indet.,Uintatherium anceps
p4,25.6,15.65,51.1,45.9,-85.53,49.05,Bridger,unknown,terrestrial indet.,Uintatherium anceps
m1,25.1,15.8,51.1,45.9,-85.53,49.05,Bridger,unknown,terrestrial indet.,Uintatherium anceps
m2,33.5,24.35,51.1,45.9,-85.53,49.05,Bridger,unknown,terrestrial indet.,Uintatherium anceps
m3,48.15,2.81,51.1,45.9,-85.53,49.05,Bridger,unknown,terrestrial indet.,Uintatherium anceps
P1,8.8,4.2,37.0,33.9,-95.74,52.24,Chadron,tuff,wet floodplain,Montanatylopus matthewi
P2,11.0,3.7,37.0,33.9,-95.74,52.24,Chadron,tuff,wet floodplain,Montanatylopus matthewi
P3,12.1,6.5,37.0,33.9,-95.74,52.24,Chadron,tuff,wet floodplain,Montanatylopus matthewi
P4,9.7,11.6,37.0,33.9,-95.74,52.24,Chadron,tuff,wet floodplain,Montanatylopus matthewi
M1,14.1,14.8,37.0,33.9,-95.74,52.24,Chadron,tuff,wet floodplain,Montanatylopus matthewi
M2,17.6,16.0,37.0,33.9,-95.74,52.24,Chadron,tuff,wet floodplain,Montanatylopus matthewi
M3,18.0,18.4,37.0,33.9,-95.74,52.24,Chadron,tuff,wet floodplain,Montanatylopus matthewi
p2,11.4,3.9,37.0,33.9,-95.74,52.24,Chadron,tuff,wet floodplain,Montanatylopus matthewi
p3,12.1,3.9,37.0,33.9,-95.74,52.24,Chadron,tuff,wet floodplain,Montanatylopus matthewi
p4,12.0,5.5,37.0,33.9,-95.74,52.24,Chadron,tuff,wet floodplain,Montanatylopus matthewi
m2,16.5,8.9,37.0,33.9,-95.74,52.24,Chadron,tuff,wet floodplain,Montanatylopus matthewi
m3,25.0,9.7,37.0,33.9,-95.74,52.24,Chadron,tuff,wet floodplain,Montanatylopus matthewi
humerus,152.3,20.4,37.0,33.9,-95.74,52.24,Chadron,tuff,wet floodplain,Montanatylopus matthewi
ulna,257.3,0.0,37.0,33.9,-95.74,52.24,Chadron,tuff,wet floodplain,Montanatylopus matthewi
radius,204.8,0.0,37.0,33.9,-95.74,52.24,Chadron,tuff,wet floodplain,Montanatylopus matthewi
skull,191.8,82.6,37.0,33.9,-95.74,52.24,Chadron,tuff,wet floodplain,Montanatylopus matthewi
humerus,95.7,0.0,45.9,39.7,-89.34,47.29,Uinta,unknown,terrestrial indet.,Pseudotomus eugenei
radius,82.8,0.0,45.9,39.7,-89.34,47.29,Uinta,unknown,terrestrial indet.,Pseudotomus eugenei
ulna,106.9,0.0,45.9,39.7,-89.34,47.29,Uinta,unknown,terrestrial indet.,Pseudotomus eugenei
femur,134.7,0.0,45.9,39.7,-89.34,47.29,Uinta,unknown,terrestrial indet.,Pseudotomus eugenei
tibia,137.0,0.0,45.9,39.7,-89.34,47.29,Uinta,unknown,terrestrial indet.,Pseudotomus eugenei
humerus,120.4,0.0,33.9,31.8,-86.23,50.95,unknown,unknown,terrestrial indet.,Manitsha tanka
radius,98.6,0.0,33.9,31.8,-86.23,50.95,unknown,unknown,terrestrial indet.,Manitsha tanka
ulna,126.3,0.0,33.9,31.8,-86.23,50.95,unknown,unknown,terrestrial indet.,Manitsha tanka
m1,12.2,6.7,45.9,39.7,-89.34,47.17,Uinta,unknown,terrestrial indet.,Miocyon vallisrubrae
m2,8.5,7.0,45.9,39.7,-89.34,47.17,Uinta,unknown,terrestrial indet.,Miocyon vallisrubrae
m1,15.1,9.0,45.9,39.7,-89.34,47.17,Uinta,unknown,terrestrial indet.,Miocyon scotti
p2,5.5,3.4,45.9,39.7,-89.34,47.17,Uinta,unknown,terrestrial indet.,Miocyon scotti
m2,10.4,9.0,45.9,39.7,-89.34,47.17,Uinta,unknown,terrestrial indet.,Miocyon scotti
m1,11.8,7.5,45.9,39.7,-89.34,47.29,Uinta,unknown,terrestrial indet.,Tapocyon robustus
m2,5.9,4.2,45.9,39.7,-89.34,47.29,Uinta,unknown,terrestrial indet.,Tapocyon robustus
p3,5.8,4.0,45.9,39.7,-89.34,47.17,Uinta,unknown,terrestrial indet.,Miocyon scotti
p4,10.2,5.6,45.9,39.7,-89.34,47.17,Uinta,unknown,terrestrial indet.,Miocyon scotti
P4,12.9,9.9,45.9,39.7,-89.34,47.17,Uinta,unknown,terrestrial indet.,Miocyon scotti
M1,11.1,13.2,45.9,39.7,-89.34,47.17,Uinta,unknown,terrestrial indet.,Miocyon scotti
p4,8.0,4.5,45.9,39.7,-89.34,47.17,Uinta,unknown,terrestrial indet.,Procynodictis vulpiceps
m2,4.0,2.4,45.9,39.7,-89.34,47.17,Uinta,unknown,terrestrial indet.,Procynodictis vulpiceps
m3,2.2,2.0,45.9,39.7,-89.34,47.17,Uinta,unknown,terrestrial indet.,Procynodictis vulpiceps
humerus,60.0,0.0,56.0,51.1,-79.86,52.19,Willwood,unknown,terrestrial indet.,Miacis petilus
tibia,76.2,0.0,56.0,51.1,-79.86,52.19,Willwood,unknown,terrestrial indet.,Miacis petilus
humerus,311.0,49.0,56.0,51.1,-80.23,52.09,Willwood,unknown,terrestrial indet.,Pachyaena gigantea
ulna,260.0,38.0,56.0,51.1,-80.23,52.09,Willwood,unknown,terrestrial indet.,Pachyaena gigantea
radius,248.0,0.0,56.0,51.1,-80.23,52.09,Willwood,unknown,terrestrial indet.,Pachyaena gigantea
humerus,0.0,40.0,56.0,51.1,-79.86,52.19,Willwood,unknown,terrestrial indet.,Pachyaena ossifraga
ulna,213.0,24.0,56.0,51.1,-79.86,52.19,Willwood,unknown,terrestrial indet.,Pachyaena ossifraga
femur,0.0,56.0,56.0,51.1,-79.86,52.19,Willwood,unknown,terrestrial indet.,Pachyaena ossifraga
tibia,275.0,0.0,56.0,51.1,-79.86,52.19,Willwood,unknown,terrestrial indet.,Pachyaena ossifraga
humerus,176.0,0.0,31.8,29.5,-87.22,48.58,Brule,sandstone,fluvial indet.,Miohippus gidleyi
radius,187.0,0.0,31.8,29.5,-87.22,48.58,Brule,sandstone,fluvial indet.,Miohippus gidleyi
ulna,233.0,0.0,31.8,29.5,-87.22,48.58,Brule,sandstone,fluvial indet.,Miohippus gidleyi
femur,256.0,0.0,31.8,29.5,-87.22,48.58,Brule,sandstone,fluvial indet.,Miohippus gidleyi
tibia,260.0,0.0,31.8,29.5,-87.22,48.58,Brule,sandstone,fluvial indet.,Miohippus gidleyi
skull,213.0,0.0,31.8,29.5,-87.22,48.58,Brule,sandstone,fluvial indet.,Miohippus gidleyi
M1,15.0,20.0,31.8,29.5,-87.22,48.58,Brule,sandstone,fluvial indet.,Miohippus gidleyi
tibia,289.0,0.0,33.9,31.8,-86.19,48.71,Brule,unknown,terrestrial indet.,Miohippus gidleyi
humerus,164.0,0.0,31.8,29.5,-87.22,48.58,Brule,sandstone,fluvial indet.,Miohippus gidleyi
femur,255.75,0.0,31.8,29.5,-87.22,48.58,Brule,sandstone,fluvial indet.,Miohippus gidleyi
M1,16.5,21.0,31.8,29.5,-87.22,48.58,Brule,sandstone,fluvial indet.,Miohippus gidleyi
humerus,196.0,0.0,31.8,29.5,-87.22,48.58,Brule,sandstone,fluvial indet.,Miohippus gidleyi
radius,207.0,0.0,31.8,29.5,-87.22,48.58,Brule,sandstone,fluvial indet.,Miohippus gidleyi
ulna,244.0,0.0,31.8,29.5,-87.22,48.58,Brule,sandstone,fluvial indet.,Miohippus gidleyi
tibia,283.0,0.0,31.8,29.5,-87.22,48.58,Brule,sandstone,fluvial indet.,Miohippus gidleyi
M1,15.0,20.0,31.8,29.5,-87.22,48.58,Brule,sandstone,fluvial indet.,Miohippus gidleyi
humerus,156.0,0.0,31.8,29.5,-87.22,48.58,Brule,sandstone,fluvial indet.,Miohippus intermedius
radius,177.0,0.0,31.8,29.5,-87.22,48.58,Brule,sandstone,fluvial indet.,Miohippus intermedius
ulna,222.0,0.0,31.8,29.5,-87.22,48.58,Brule,sandstone,fluvial indet.,Miohippus intermedius
femur,249.0,0.0,31.8,29.5,-87.22,48.58,Brule,sandstone,fluvial indet.,Miohippus intermedius
tibia,240.5,0.0,31.8,29.5,-87.22,48.58,Brule,sandstone,fluvial indet.,Miohippus intermedius
skull,226.0,0.0,31.8,29.5,-87.22,48.58,Brule,sandstone,fluvial indet.,Miohippus intermedius
M1,13.5,18.0,31.8,29.5,-87.22,48.58,Brule,sandstone,fluvial indet.,Miohippus intermedius
M1,14.5,19.0,31.8,29.5,-87.22,48.58,Brule,sandstone,fluvial indet.,Miohippus gidleyi
scapula,690.0,0.0,37.0,33.9,-85.06,49.44,Chadron,siliciclastic,fluvial-lacustrine indet.,Diploclonus tyleri
humerus,0.0,85.0,37.0,33.9,-85.06,49.44,Chadron,siliciclastic,fluvial-lacustrine indet.,Diploclonus tyleri
radius,490.0,65.0,37.0,33.9,-85.06,49.44,Chadron,siliciclastic,fluvial-lacustrine indet.,Diploclonus tyleri
ulna,620.0,80.0,37.0,33.9,-85.06,49.44,Chadron,siliciclastic,fluvial-lacustrine indet.,Diploclonus tyleri
femur,785.0,117.0,37.0,33.9,-85.06,49.44,Chadron,siliciclastic,fluvial-lacustrine indet.,Diploclonus tyleri
tibia,446.0,80.0,37.0,33.9,-85.06,49.44,Chadron,siliciclastic,fluvial-lacustrine indet.,Diploclonus tyleri
fibula,395.0,0.0,37.0,33.9,-85.06,49.44,Chadron,siliciclastic,fluvial-lacustrine indet.,Diploclonus tyleri
skull,267.0,0.0,56.0,51.1,-80.12,52.15,Willwood,unknown,terrestrial indet.,Palaeonictis occidentalis
humerus,164.0,0.0,56.0,51.1,-80.12,52.15,Willwood,unknown,terrestrial indet.,Palaeonictis occidentalis
radius,104.0,0.0,56.0,51.1,-80.12,52.15,Willwood,unknown,terrestrial indet.,Palaeonictis occidentalis
femur,177.5,0.0,56.0,51.1,-80.12,52.15,Willwood,unknown,terrestrial indet.,Palaeonictis occidentalis
tibia,147.5,0.0,56.0,51.1,-80.12,52.15,Willwood,unknown,terrestrial indet.,Palaeonictis occidentalis
P4,2.4,2.35,12.5,9.4,-94.92,45.57,Valentine,unknown,terrestrial indet.,Domninoides mimicus
M1,3.55,3.45,12.5,9.4,-94.92,45.57,Valentine,unknown,terrestrial indet.,Domninoides mimicus
M2,3.35,3.1,12.5,9.4,-94.92,45.57,Valentine,unknown,terrestrial indet.,Domninoides mimicus
M3,2.2,2.5,12.5,9.4,-94.92,45.57,Valentine,unknown,terrestrial indet.,Domninoides mimicus
p4,1.6,1.2,12.5,9.4,-94.92,45.57,Valentine,unknown,terrestrial indet.,Domninoides mimicus
m1,3.2,2.55,12.5,9.4,-94.92,45.57,Valentine,unknown,terrestrial indet.,Domninoides mimicus
m2,3.4,2.5,12.5,9.4,-94.92,45.57,Valentine,unknown,terrestrial indet.,Domninoides mimicus
m3,2.6,2.0,12.5,9.4,-94.92,45.57,Valentine,unknown,terrestrial indet.,Domninoides mimicus
scapula,4.0,2.6,12.5,9.4,-94.92,45.57,Valentine,unknown,terrestrial indet.,Domninoides mimicus
ulna,21.1,2.5,12.5,9.4,-94.92,45.57,Valentine,unknown,terrestrial indet.,Domninoides mimicus
radius,10.6,2.2,12.5,9.4,-94.92,45.57,Valentine,unknown,terrestrial indet.,Domninoides mimicus
femur,17.7,2.2,12.5,9.4,-94.92,45.57,Valentine,unknown,terrestrial indet.,Domninoides mimicus
skull,129.1,85.7,12.5,9.4,-95.87,42.37,Ogallala,unknown,terrestrial indet.,Leptarctus mummorum
P3,6.5,5.7,12.5,9.4,-95.87,42.37,Ogallala,unknown,terrestrial indet.,Leptarctus mummorum
P4,11.5,10.8,12.5,9.4,-95.87,42.37,Ogallala,unknown,terrestrial indet.,Leptarctus mummorum
M1,12.5,10.3,12.5,9.4,-95.87,42.37,Ogallala,unknown,terrestrial indet.,Leptarctus mummorum
I1,6.5,4.5,48.07,41.03,74.19,11.51,Kuldana,conglomerate,fluvial indet.,Pakicetus inachus
I1,5.7,5.1,48.07,41.03,74.19,11.51,Kuldana,conglomerate,fluvial indet.,Pakicetus inachus
C1,13.1,6.3,48.07,41.03,74.19,11.51,Kuldana,conglomerate,fluvial indet.,Pakicetus inachus
P1,16.8,20.0,48.07,41.03,74.19,11.51,Kuldana,conglomerate,fluvial indet.,Pakicetus inachus
P2,18.0,6.8,48.07,41.03,74.19,11.51,Kuldana,conglomerate,fluvial indet.,Pakicetus inachus
P3,21.5,7.8,48.07,41.03,74.19,11.51,Kuldana,conglomerate,fluvial indet.,Pakicetus inachus
P4,0.0,8.7,48.07,41.03,74.19,11.51,Kuldana,conglomerate,fluvial indet.,Pakicetus inachus
M1,17.3,0.0,48.07,41.03,74.19,11.51,Kuldana,conglomerate,fluvial indet.,Pakicetus inachus
M2,0.0,14.3,48.07,41.03,74.19,11.51,Kuldana,conglomerate,fluvial indet.,Pakicetus inachus
M2,14.0,13.1,48.07,41.03,74.19,11.51,Kuldana,conglomerate,fluvial indet.,Pakicetus inachus
M3,13.4,17.6,48.07,41.03,74.19,11.51,Kuldana,conglomerate,fluvial indet.,Pakicetus inachus
c1,10.9,7.7,48.07,41.03,74.19,11.51,Kuldana,conglomerate,fluvial indet.,Pakicetus inachus
c1,9.6,6.1,48.07,41.03,74.19,11.51,Kuldana,conglomerate,fluvial indet.,Pakicetus inachus
p1,15.0,5.0,48.07,41.03,74.19,11.51,Kuldana,conglomerate,fluvial indet.,Pakicetus inachus
p2,20.2,7.5,48.07,41.03,74.19,11.51,Kuldana,conglomerate,fluvial indet.,Pakicetus inachus
p3,22.5,8.0,48.07,41.03,74.19,11.51,Kuldana,conglomerate,fluvial indet.,Pakicetus inachus
p4,20.5,8.5,48.07,41.03,74.19,11.51,Kuldana,conglomerate,fluvial indet.,Pakicetus inachus
m1,0.0,7.9,48.07,41.03,74.19,11.51,Kuldana,conglomerate,fluvial indet.,Pakicetus inachus
m3,17.8,8.9,48.07,41.03,74.19,11.51,Kuldana,conglomerate,fluvial indet.,Pakicetus inachus
p4,21.0,6.5,48.07,41.03,74.41,11.46,Kuldana,conglomerate,coarse channel fill,Pakicetus attocki
m1,22.0,7.0,48.07,41.03,74.41,11.46,Kuldana,conglomerate,coarse channel fill,Pakicetus attocki
m2,20.0,0.0,48.07,41.03,74.41,11.46,Kuldana,conglomerate,coarse channel fill,Pakicetus attocki
P2,19.1,22.4,2.58,0.774,-81.8,30.02,unknown,unknown,terrestrial indet.,Tapirus (Helicotapirus) lundeliusi
P3,19.4,23.7,2.58,0.774,-81.8,30.02,unknown,unknown,terrestrial indet.,Tapirus (Helicotapirus) lundeliusi
P4,20.8,25.6,2.58,0.774,-81.8,30.02,unknown,unknown,terrestrial indet.,Tapirus (Helicotapirus) lundeliusi
M1,21.9,26.3,2.58,0.774,-81.8,30.02,unknown,unknown,terrestrial indet.,Tapirus (Helicotapirus) lundeliusi
M2,24.4,28.0,2.58,0.774,-81.8,30.02,unknown,unknown,terrestrial indet.,Tapirus (Helicotapirus) lundeliusi
M3,25.3,28.2,2.58,0.774,-81.8,30.02,unknown,unknown,terrestrial indet.,Tapirus (Helicotapirus) lundeliusi
p2,21.9,14.9,2.58,0.774,-81.8,30.02,unknown,unknown,terrestrial indet.,Tapirus (Helicotapirus) lundeliusi
p3,19.1,16.0,2.58,0.774,-81.8,30.02,unknown,unknown,terrestrial indet.,Tapirus (Helicotapirus) lundeliusi
p4,21.0,18.5,2.58,0.774,-81.8,30.02,unknown,unknown,terrestrial indet.,Tapirus (Helicotapirus) lundeliusi
m1,21.9,17.0,2.58,0.774,-81.8,30.02,unknown,unknown,terrestrial indet.,Tapirus (Helicotapirus) lundeliusi
m2,24.1,18.1,2.58,0.774,-81.8,30.02,unknown,unknown,terrestrial indet.,Tapirus (Helicotapirus) lundeliusi
m3,24.6,18.3,2.58,0.774,-81.8,30.02,unknown,unknown,terrestrial indet.,Tapirus (Helicotapirus) lundeliusi
P1,18.5,17.4,2.58,0.774,-81.8,30.02,unknown,unknown,terrestrial indet.,Tapirus (Helicotapirus) lundeliusi
P1,18.1,16.2,2.58,0.774,-81.8,30.02,unknown,unknown,terrestrial indet.,Tapirus (Helicotapirus) lundeliusi
P2,19.4,22.2,2.58,0.774,-81.8,30.02,unknown,unknown,terrestrial indet.,Tapirus (Helicotapirus) lundeliusi
P3,19.9,24.1,2.58,0.774,-81.8,30.02,unknown,unknown,terrestrial indet.,Tapirus (Helicotapirus) lundeliusi
M1,22.1,26.0,2.58,0.774,-81.8,30.02,unknown,unknown,terrestrial indet.,Tapirus (Helicotapirus) lundeliusi
M2,23.7,25.8,2.58,0.774,-81.8,30.02,unknown,unknown,terrestrial indet.,Tapirus (Helicotapirus) lundeliusi
M3,25.6,26.5,2.58,0.774,-81.8,30.02,unknown,unknown,terrestrial indet.,Tapirus (Helicotapirus) lundeliusi
p2,23.8,14.4,2.58,0.774,-81.8,30.02,unknown,unknown,terrestrial indet.,Tapirus (Helicotapirus) lundeliusi
p3,21.0,16.0,2.58,0.774,-81.8,30.02,unknown,unknown,terrestrial indet.,Tapirus (Helicotapirus) lundeliusi
m1,22.9,17.5,2.58,0.774,-81.8,30.02,unknown,unknown,terrestrial indet.,Tapirus (Helicotapirus) lundeliusi
m3,25.8,18.1,2.58,0.774,-81.8,30.02,unknown,unknown,terrestrial indet.,Tapirus (Helicotapirus) lundeliusi
P1,17.2,15.2,2.58,0.774,-81.8,30.02,unknown,unknown,terrestrial indet.,Tapirus (Helicotapirus) lundeliusi
P2,19.8,22.9,2.58,0.774,-81.8,30.02,unknown,unknown,terrestrial indet.,Tapirus (Helicotapirus) lundeliusi
P3,20.2,23.8,2.58,0.774,-81.8,30.02,unknown,unknown,terrestrial indet.,Tapirus (Helicotapirus) lundeliusi
P4,21.3,24.3,2.58,0.774,-81.8,30.02,unknown,unknown,terrestrial indet.,Tapirus (Helicotapirus) lundeliusi
M1,22.0,25.8,2.58,0.774,-81.8,30.02,unknown,unknown,terrestrial indet.,Tapirus (Helicotapirus) lundeliusi
M2,23.7,27.0,2.58,0.774,-81.8,30.02,unknown,unknown,terrestrial indet.,Tapirus (Helicotapirus) lundeliusi
M3,24.7,26.8,2.58,0.774,-81.8,30.02,unknown,unknown,terrestrial indet.,Tapirus (Helicotapirus) lundeliusi
p2,23.4,14.6,2.58,0.774,-81.8,30.02,unknown,unknown,terrestrial indet.,Tapirus (Helicotapirus) lundeliusi
p3,20.8,17.0,2.58,0.774,-81.8,30.02,unknown,unknown,terrestrial indet.,Tapirus (Helicotapirus) lundeliusi
p4,21.4,18.8,2.58,0.774,-81.8,30.02,unknown,unknown,terrestrial indet.,Tapirus (Helicotapirus) lundeliusi
m1,22.5,17.8,2.58,0.774,-81.8,30.02,unknown,unknown,terrestrial indet.,Tapirus (Helicotapirus) lundeliusi
m2,24.0,18.2,2.58,0.774,-81.8,30.02,unknown,unknown,terrestrial indet.,Tapirus (Helicotapirus) lundeliusi
m3,26.0,18.3,2.58,0.774,-81.8,30.02,unknown,unknown,terrestrial indet.,Tapirus (Helicotapirus) lundeliusi
P1,19.3,15.8,2.58,0.774,-81.8,30.02,unknown,unknown,terrestrial indet.,Tapirus (Helicotapirus) lundeliusi
P2,19.3,24.1,2.58,0.774,-81.8,30.02,unknown,unknown,terrestrial indet.,Tapirus (Helicotapirus) lundeliusi
P3,20.1,25.3,2.58,0.774,-81.8,30.02,unknown,unknown,terrestrial indet.,Tapirus (Helicotapirus) lundeliusi
P4,21.2,26.6,2.58,0.774,-81.8,30.02,unknown,unknown,terrestrial indet.,Tapirus (Helicotapirus) lundeliusi
M1,21.6,26.1,2.58,0.774,-81.8,30.02,unknown,unknown,terrestrial indet.,Tapirus (Helicotapirus) lundeliusi
M2,24.5,27.6,2.58,0.774,-81.8,30.02,unknown,unknown,terrestrial indet.,Tapirus (Helicotapirus) lundeliusi
M3,25.3,27.8,2.58,0.774,-81.8,30.02,unknown,unknown,terrestrial indet.,Tapirus (Helicotapirus) lundeliusi
p2,22.7,15.4,2.58,0.774,-81.8,30.02,unknown,unknown,terrestrial indet.,Tapirus (Helicotapirus) lundeliusi
p3,21.5,17.2,2.58,0.774,-81.8,30.02,unknown,unknown,terrestrial indet.,Tapirus (Helicotapirus) lundeliusi
p4,21.7,19.7,2.58,0.774,-81.8,30.02,unknown,unknown,terrestrial indet.,Tapirus (Helicotapirus) lundeliusi
m1,23.3,18.1,2.58,0.774,-81.8,30.02,unknown,unknown,terrestrial indet.,Tapirus (Helicotapirus) lundeliusi
m2,25.4,19.2,2.58,0.774,-81.8,30.02,unknown,unknown,terrestrial indet.,Tapirus (Helicotapirus) lundeliusi
m3,26.2,18.6,2.58,0.774,-81.8,30.02,unknown,unknown,terrestrial indet.,Tapirus (Helicotapirus) lundeliusi
M1,22.4,26.7,2.58,0.774,-81.8,30.02,unknown,unknown,terrestrial indet.,Tapirus (Helicotapirus) lundeliusi
P1,20.7,19.6,1.4,0.21,-82.29,29.18,unknown,sandstone,sinkhole,Tapirus (Helicotapirus) haysii
M1,22.5,15.5,60.9,57.5,-67.79,55.65,Sentinel Butte,unknown,terrestrial indet.,Titanoides primaevus
M2,27.0,19.0,60.9,57.5,-67.79,55.65,Sentinel Butte,unknown,terrestrial indet.,Titanoides primaevus
M3,32.8,19.4,60.9,57.5,-67.79,55.65,Sentinel Butte,unknown,terrestrial indet.,Titanoides primaevus
P4,5.0,14.5,60.9,57.5,-67.79,55.65,Sentinel Butte,unknown,terrestrial indet.,Titanoides primaevus
P2,0.78,0.68,45.9,39.7,-86.48,36.39,Devil's Graveyard,unknown,terrestrial indet.,Mescalerolemur horneri
P3,2.93,2.5,45.9,39.7,-86.48,36.39,Devil's Graveyard,unknown,terrestrial indet.,Mescalerolemur horneri
P4,2.64,3.3,45.9,39.7,-86.48,36.39,Devil's Graveyard,unknown,terrestrial indet.,Mescalerolemur horneri
M1,3.13,3.8,45.9,39.7,-86.48,36.39,Devil's Graveyard,unknown,terrestrial indet.,Mescalerolemur horneri
M2,3.13,4.1,45.9,39.7,-86.48,36.39,Devil's Graveyard,unknown,terrestrial indet.,Mescalerolemur horneri
M3,2.45,3.35,45.9,39.7,-86.48,36.39,Devil's Graveyard,unknown,terrestrial indet.,Mescalerolemur horneri
m3,3.42,2.05,45.9,39.7,-86.48,36.39,Devil's Graveyard,unknown,terrestrial indet.,Mescalerolemur horneri
p2,0.8,1.2,45.9,39.7,-86.48,36.39,Devil's Graveyard,unknown,terrestrial indet.,Mescalerolemur horneri
p3,3.13,1.96,45.9,39.7,-86.48,36.39,Devil's Graveyard,unknown,terrestrial indet.,Mescalerolemur horneri
p4,3.03,1.96,45.9,39.7,-86.48,36.39,Devil's Graveyard,unknown,terrestrial indet.,Mescalerolemur horneri
m1,3.23,2.25,45.9,39.7,-86.48,36.39,Devil's Graveyard,unknown,terrestrial indet.,Mescalerolemur horneri
p4,3.13,1.86,45.9,39.7,-86.48,36.39,Devil's Graveyard,unknown,terrestrial indet.,Mescalerolemur horneri
m1,2.93,2.05,45.9,39.7,-86.48,36.39,Devil's Graveyard,unknown,terrestrial indet.,Mescalerolemur horneri
p2,1.2,1.1,39.7,37.0,-87.58,35.26,Devil's Graveyard,unknown,terrestrial indet.,Mahgarita stevensi
p3,3.23,1.86,39.7,37.0,-87.58,35.26,Devil's Graveyard,unknown,terrestrial indet.,Mahgarita stevensi
p4,3.33,2.11,39.7,37.0,-87.58,35.26,Devil's Graveyard,unknown,terrestrial indet.,Mahgarita stevensi
m1,3.67,2.53,39.7,37.0,-87.58,35.26,Devil's Graveyard,unknown,terrestrial indet.,Mahgarita stevensi
m2,3.67,2.65,39.7,37.0,-87.58,35.26,Devil's Graveyard,unknown,terrestrial indet.,Mahgarita stevensi
P2,0.98,0.86,39.7,37.0,-87.58,35.26,Devil's Graveyard,unknown,terrestrial indet.,Mahgarita stevensi
P3,3.23,3.1,39.7,37.0,-87.58,35.26,Devil's Graveyard,unknown,terrestrial indet.,Mahgarita stevensi
P4,2.74,3.74,39.7,37.0,-87.58,35.26,Devil's Graveyard,unknown,terrestrial indet.,Mahgarita stevensi
P3,3.13,3.06,39.7,37.0,-87.58,35.26,Devil's Graveyard,unknown,terrestrial indet.,Mahgarita stevensi
P4,2.84,3.96,39.7,37.0,-87.58,35.26,Devil's Graveyard,unknown,terrestrial indet.,Mahgarita stevensi
M1,3.82,4.96,39.7,37.0,-87.58,35.26,Devil's Graveyard,unknown,terrestrial indet.,Mahgarita stevensi
M2,3.62,5.31,39.7,37.0,-87.58,35.26,Devil's Graveyard,unknown,terrestrial indet.,Mahgarita stevensi
M3,3.23,4.89,39.7,37.0,-87.58,35.26,Devil's Graveyard,unknown,terrestrial indet.,Mahgarita stevensi
skull,615.0,260.0,48.07,41.03,72.14,9.14,Domanda,shale,coastal indet.,Rodhocetus kasranii
skull,620.0,260.0,48.07,41.03,71.65,8.49,Domanda,shale,offshore shelf,Rodhocetus kasranii
skull,1570.0,706.0,15.98,13.82,22.03,47.5,Pińczów Limestone,limestone,open shallow subtidal,Pinocetus polonicus
skull,645.0,280.0,48.07,41.03,71.97,9.26,Domanda,claystone,coastal indet.,Qaisracetus arifi
occipitalcondyles,0.0,100.0,48.07,41.03,71.97,9.26,Domanda,claystone,coastal indet.,Qaisracetus arifi
skull,750.0,0.0,48.07,41.03,72.01,9.41,Domanda,shale,coastal indet.,Remingtonocetus domandaensis
skull,0.0,250.0,48.07,41.03,72.01,9.41,Domanda,shale,coastal indet.,Remingtonocetus domandaensis
skull,582.0,230.0,20.45,15.98,-61.95,-42.33,Gaiman,siltstone,marginal marine indet.,Notocetus vanbenedeni
skull,634.0,252.0,23.04,15.98,-65.94,-49.39,unknown,unknown,marine indet.,Notocetus vanbenedeni
skull,65.8,55.6,23.1,18.5,-93.22,47.21,Harrison,unknown,terrestrial indet.,Migmacastor procumbodens
skull,198.5,0.0,33.9,31.8,-85.92,49.28,Brule,unknown,terrestrial indet.,Hoplophoneus sicarius
skull,218.5,0.0,33.9,31.8,-88.15,48.63,Brule,unknown,terrestrial indet.,Hoplophoneus sicarius
skull,1120.0,352.0,11.63,7.246,-73.66,-13.74,Pisco,unknown,coastal indet.,Messapicetus gregarius
skull,1030.0,0.0,11.63,7.246,-73.66,-13.74,Pisco,unknown,coastal indet.,Messapicetus gregarius
skull,1060.0,315.0,11.63,7.246,-73.66,-13.74,Pisco,unknown,coastal indet.,Messapicetus gregarius
skull,969.0,323.0,11.63,7.246,-73.66,-13.74,Pisco,unknown,coastal indet.,Messapicetus gregarius
skull,548.0,378.0,23.04,20.45,152.84,-51.65,Fossil Bluff Sandstone,sandstone,shoreface,Prosqualodon australis
skull,528.0,360.0,20.45,15.98,-61.8,-42.9,Gaiman,sandstone,shallow subtidal indet.,Prosqualodon australis
humerus,54.0,0.0,12.8,11.63,25.11,43.49,unknown,marl,marine indet.,Kentriodon fuchsii
radius,60.0,0.0,12.8,11.63,25.11,43.49,unknown,marl,marine indet.,Kentriodon fuchsii
ulna,53.5,0.0,12.8,11.63,25.11,43.49,unknown,marl,marine indet.,Kentriodon fuchsii
humerus,225.0,0.0,15.98,13.82,22.03,47.5,Pińczów Limestone,limestone,open shallow subtidal,Pinocetus polonicus
humerus,265.0,0.0,13.82,11.63,-71.5,39.51,Calvert,conglomerate,estuary/bay,Eobalaenoptera harrisoni
radius,410.0,0.0,13.82,11.63,-71.5,39.51,Calvert,conglomerate,estuary/bay,Eobalaenoptera harrisoni
humerus,266.5,0.0,15.98,13.82,-69.4,40.17,Calvert,claystone,estuary/bay,Pelocetus calvertensis
radius,397.0,0.0,15.98,13.82,-69.4,40.17,Calvert,claystone,estuary/bay,Pelocetus calvertensis
humerus,257.5,0.0,13.82,11.63,-70.72,39.7,Choptank,siltstone,offshore shelf,Thinocetus arthritus
radius,385.0,0.0,13.82,11.63,-70.72,39.7,Choptank,siltstone,offshore shelf,Thinocetus arthritus
humerus,175.0,0.0,7.246,5.333,-73.17,-15.2,Pisco,siltstone,foreshore,Piscobalaena nana
humerus,182.0,0.0,7.246,5.333,-73.17,-15.2,Pisco,siltstone,foreshore,Piscobalaena nana
radius,262.0,0.0,7.246,5.333,-73.17,-15.2,Pisco,siltstone,foreshore,Piscobalaena nana
radius,247.0,0.0,7.246,5.333,-73.17,-15.2,Pisco,siltstone,foreshore,Piscobalaena nana
ulna,278.0,0.0,7.246,5.333,-73.17,-15.2,Pisco,siltstone,foreshore,Piscobalaena nana
ulna,267.0,0.0,7.246,5.333,-73.17,-15.2,Pisco,siltstone,foreshore,Piscobalaena nana
humerus,140.0,0.0,48.07,41.03,68.49,2.81,Harudi,limestone,lagoonal/restricted shallow subtidal,Kutchicetus minimus
tibia,135.0,0.0,48.07,41.03,68.49,2.81,Harudi,limestone,lagoonal/restricted shallow subtidal,Kutchicetus minimus
skull,425.0,0.0,20.45,15.98,-70.8,-13.96,Chilcatay,siltstone,marine indet.,Incacetus broggii
humerus,91.0,0.0,20.45,15.98,-70.8,-13.96,Chilcatay,siltstone,marine indet.,Incacetus broggii
radius,97.0,0.0,20.45,15.98,-70.8,-13.96,Chilcatay,siltstone,marine indet.,Incacetus broggii
ulna,90.0,0.0,20.45,15.98,-70.8,-13.96,Chilcatay,siltstone,marine indet.,Incacetus broggii
skull,290.0,0.0,12.5,9.4,-114.67,38.54,Monterey,sandstone,marine indet.,Delphinavus newhalli
humerus,60.0,0.0,12.5,9.4,-114.67,38.54,Monterey,sandstone,marine indet.,Delphinavus newhalli
radius,67.3,0.0,12.5,9.4,-114.67,38.54,Monterey,sandstone,marine indet.,Delphinavus newhalli
ulna,71.5,0.0,12.5,9.4,-114.67,38.54,Monterey,sandstone,marine indet.,Delphinavus newhalli
skull,1143.0,350.0,27.3,23.04,-105.22,40.13,Jewett,sandstone,marine indet.,Macrodelphinus kelloggi
radius,152.0,0.0,27.3,23.04,-105.22,40.13,Jewett,sandstone,marine indet.,Macrodelphinus kelloggi
ulna,398.5,0.0,13.82,11.63,-70.72,39.7,Choptank,siltstone,offshore shelf,Thinocetus arthritus
skull,450.0,250.0,3.6,1.8,12.93,43.31,unknown,marl,marine indet.,Arimidelphis sorbinii
humerus,93.0,0.0,3.6,1.8,12.93,43.31,unknown,marl,marine indet.,Arimidelphis sorbinii
ulna,104.0,0.0,3.6,1.8,12.93,43.31,unknown,marl,marine indet.,Arimidelphis sorbinii
humerus,98.0,0.0,5.333,3.6,140.95,43.68,Horokaoshirarika,sandstone,marine indet.,Numataphocoena yamashitai
radius,96.0,0.0,5.333,3.6,140.95,43.68,Horokaoshirarika,sandstone,marine indet.,Numataphocoena yamashitai
ulna,77.0,0.0,5.333,3.6,140.95,43.68,Horokaoshirarika,sandstone,marine indet.,Numataphocoena yamashitai
skull,1380.0,736.0,11.63,7.246,10.56,53.68,Gram,claystone,marine indet.,Uranocetus gramensis
humerus,246.0,0.0,11.63,7.246,10.56,53.68,Gram,claystone,marine indet.,Uranocetus gramensis
ulna,401.0,0.0,11.63,7.246,10.56,53.68,Gram,claystone,marine indet.,Uranocetus gramensis
radius,400.0,0.0,11.63,7.246,10.56,53.68,Gram,claystone,marine indet.,Uranocetus gramensis
p4,10.5,4.5,24.7,23.1,-106.87,51.2,unknown,tuff,floodplain,Paraenhydrocyon josephi
m1,14.9,6.2,24.7,23.1,-106.87,51.2,unknown,tuff,floodplain,Paraenhydrocyon josephi
P4,12.0,7.0,24.7,23.1,-106.87,51.2,unknown,tuff,floodplain,Cormocyon copei
m1,10.9,5.3,24.7,23.1,-106.87,51.2,unknown,tuff,floodplain,Cormocyon copei
p4,8.4,3.6,24.7,23.1,-106.87,51.2,unknown,tuff,floodplain,Cormocyon copei
m1,11.2,5.1,24.7,23.1,-106.87,51.2,unknown,tuff,floodplain,Cormocyon copei
m2,6.2,4.3,24.7,23.1,-106.87,51.2,unknown,tuff,floodplain,Cormocyon copei
p4,7.5,3.5,24.7,23.1,-106.87,51.2,unknown,tuff,floodplain,Cormocyon copei
m1,11.5,5.2,24.7,23.1,-106.87,51.2,unknown,tuff,floodplain,Cormocyon copei
m2,6.9,4.6,24.7,23.1,-106.87,51.2,unknown,tuff,floodplain,Cormocyon copei
P3,13.5,16.3,24.7,23.1,-106.87,51.2,unknown,tuff,floodplain,Miohippus equiceps
P4,12.8,16.1,24.7,23.1,-106.87,51.2,unknown,tuff,floodplain,Miohippus equiceps
p4,7.3,4.2,9.4,4.7,-118.55,39.75,Pinole Tuff,unknown,terrestrial indet.,Cernictis hesperus
m1,10.6,5.1,9.4,4.7,-118.55,39.75,Pinole Tuff,unknown,terrestrial indet.,Cernictis hesperus
p2,4.7,2.6,9.4,4.7,-107.29,37.9,Bidahochi,unknown,terrestrial indet.,Cernictis repenningi
p3,5.4,3.4,9.4,4.7,-107.29,37.9,Bidahochi,unknown,terrestrial indet.,Cernictis repenningi
humerus,99.0,11.3,56.0,51.1,-80.91,52.72,Willwood,sandstone,channel,Sifrhippus grangeri
radius,86.6,8.3,56.0,51.1,-80.91,52.72,Willwood,sandstone,channel,Sifrhippus grangeri
ulna,107.1,8.0,56.0,51.1,-80.91,52.72,Willwood,sandstone,channel,Sifrhippus grangeri
femur,138.3,13.7,56.0,51.1,-80.91,52.72,Willwood,sandstone,channel,Sifrhippus grangeri
tibia,123.0,10.6,56.0,51.1,-80.91,52.72,Willwood,sandstone,channel,Sifrhippus grangeri
fibula,119.2,4.1,56.0,51.1,-80.91,52.72,Willwood,sandstone,channel,Sifrhippus grangeri
p3,1.6,1.2,56.0,51.1,-82.92,51.17,Wasatch,unknown,terrestrial indet.,Loveina sheai
p4,1.7,1.5,56.0,51.1,-82.92,51.17,Wasatch,unknown,terrestrial indet.,Loveina sheai
m1,2.0,1.6,56.0,51.1,-82.92,51.17,Wasatch,unknown,terrestrial indet.,Loveina sheai
m2,2.1,1.7,56.0,51.1,-82.92,51.17,Wasatch,unknown,terrestrial indet.,Loveina sheai
m2,2.1,1.8,56.0,51.1,-83.02,50.9,Wasatch,mudstone,terrestrial indet.,Loveina sheai
m3,2.6,1.5,56.0,51.1,-83.02,50.9,Wasatch,mudstone,terrestrial indet.,Loveina sheai
p3,1.7,1.3,56.0,51.1,-81.07,52.21,Willwood,unknown,terrestrial indet.,Loveina wapitiensis
p4,1.9,1.6,56.0,51.1,-81.07,52.21,Willwood,unknown,terrestrial indet.,Loveina wapitiensis
m2,2.2,1.9,56.0,51.1,-81.07,52.21,Willwood,unknown,terrestrial indet.,Loveina wapitiensis
m3,2.8,1.8,56.0,51.1,-81.07,52.21,Willwood,unknown,terrestrial indet.,Loveina wapitiensis
p4,1.8,1.5,56.0,51.1,-82.92,51.17,Wasatch,unknown,terrestrial indet.,Loveina wapitiensis
m1,2.2,1.7,56.0,51.1,-82.92,51.17,Wasatch,unknown,terrestrial indet.,Loveina wapitiensis
m2,2.2,1.8,56.0,51.1,-82.92,51.17,Wasatch,unknown,terrestrial indet.,Loveina wapitiensis
m2,2.1,1.8,56.0,51.1,-82.92,51.17,Wasatch,unknown,terrestrial indet.,Loveina wapitiensis
m3,2.8,1.6,56.0,51.1,-82.92,51.17,Wasatch,unknown,terrestrial indet.,Loveina wapitiensis
humerus,360.0,0.0,1.4,0.21,-81.72,29.97,unknown,unknown,terrestrial indet.,Xenosmilus hodsonae
ulna,320.0,0.0,1.4,0.21,-81.72,29.97,unknown,unknown,terrestrial indet.,Xenosmilus hodsonae
femur,360.0,0.0,1.4,0.21,-81.72,29.97,unknown,unknown,terrestrial indet.,Xenosmilus hodsonae
tibia,286.0,0.0,1.4,0.21,-81.72,29.97,unknown,unknown,terrestrial indet.,Xenosmilus hodsonae
skull,78.8,56.6,9.4,4.7,-117.07,39.37,Mehrten,mudstone,terrestrial indet.,Pliotaxidea garberi
C1,4.6,0.0,9.4,4.7,-117.07,39.37,Mehrten,mudstone,terrestrial indet.,Pliotaxidea garberi
P2,2.8,0.0,9.4,4.7,-117.07,39.37,Mehrten,mudstone,terrestrial indet.,Pliotaxidea garberi
P3,4.1,0.0,9.4,4.7,-117.07,39.37,Mehrten,mudstone,terrestrial indet.,Pliotaxidea garberi
P4,8.1,0.0,9.4,4.7,-117.07,39.37,Mehrten,mudstone,terrestrial indet.,Pliotaxidea garberi
M1,9.2,0.0,9.4,4.7,-117.07,39.37,Mehrten,mudstone,terrestrial indet.,Pliotaxidea garberi
c1,4.4,0.0,9.4,4.7,-117.07,39.37,Mehrten,mudstone,terrestrial indet.,Pliotaxidea garberi
p2,2.8,0.0,9.4,4.7,-117.07,39.37,Mehrten,mudstone,terrestrial indet.,Pliotaxidea garberi
p3,4.1,0.0,9.4,4.7,-117.07,39.37,Mehrten,mudstone,terrestrial indet.,Pliotaxidea garberi
p4,6.1,0.0,9.4,4.7,-117.07,39.37,Mehrten,mudstone,terrestrial indet.,Pliotaxidea garberi
m1,9.6,0.0,9.4,4.7,-117.07,39.37,Mehrten,mudstone,terrestrial indet.,Pliotaxidea garberi
m2,3.8,0.0,9.4,4.7,-117.07,39.37,Mehrten,mudstone,terrestrial indet.,Pliotaxidea garberi
humerus,61.5,0.0,9.4,4.7,-117.07,39.37,Mehrten,mudstone,terrestrial indet.,Pliotaxidea garberi
radius,50.1,0.0,9.4,4.7,-117.07,39.37,Mehrten,mudstone,terrestrial indet.,Pliotaxidea garberi
ulna,60.2,0.0,9.4,4.7,-117.07,39.37,Mehrten,mudstone,terrestrial indet.,Pliotaxidea garberi
femur,62.3,0.0,9.4,4.7,-117.07,39.37,Mehrten,mudstone,terrestrial indet.,Pliotaxidea garberi
tibia,58.3,0.0,9.4,4.7,-117.07,39.37,Mehrten,mudstone,terrestrial indet.,Pliotaxidea garberi
femur,1140.0,0.0,33.9,23.04,70.82,15.52,unknown,unknown,terrestrial indet.,Baluchitherium osborni
humerus,850.0,0.0,33.9,23.04,70.82,15.52,unknown,unknown,terrestrial indet.,Baluchitherium osborni
skull,105.0,0.0,39.7,37.0,-98.62,37.74,Santiago,sandstone,channel,Lycophocyon hutchisoni
P2,6.4,0.0,39.7,37.0,-98.62,37.74,Santiago,sandstone,channel,Lycophocyon hutchisoni
P3,6.7,0.0,39.7,37.0,-98.62,37.74,Santiago,sandstone,channel,Lycophocyon hutchisoni
P4,10.6,0.0,39.7,37.0,-98.62,37.74,Santiago,sandstone,channel,Lycophocyon hutchisoni
M1,8.0,0.0,39.7,37.0,-98.62,37.74,Santiago,sandstone,channel,Lycophocyon hutchisoni
p2,5.5,0.0,39.7,37.0,-98.62,37.74,Santiago,sandstone,channel,Lycophocyon hutchisoni
p3,7.6,0.0,39.7,37.0,-98.62,37.74,Santiago,sandstone,channel,Lycophocyon hutchisoni
p4,8.7,0.0,39.7,37.0,-98.62,37.74,Santiago,sandstone,channel,Lycophocyon hutchisoni
m2,7.0,0.0,39.7,37.0,-98.62,37.74,Santiago,sandstone,channel,Lycophocyon hutchisoni
P2,6.0,2.6,39.7,37.0,-98.62,37.74,Santiago,sandstone,channel,Lycophocyon hutchisoni
P3,7.6,4.3,39.7,37.0,-98.62,37.74,Santiago,sandstone,channel,Lycophocyon hutchisoni
P4,10.5,7.6,39.7,37.0,-98.62,37.74,Santiago,sandstone,channel,Lycophocyon hutchisoni
M1,7.4,11.4,39.7,37.0,-98.62,37.74,Santiago,sandstone,channel,Lycophocyon hutchisoni
M2,4.3,7.7,39.7,37.0,-98.62,37.74,Santiago,sandstone,channel,Lycophocyon hutchisoni
M1,6.8,11.0,39.7,37.0,-98.62,37.74,Santiago,sandstone,channel,Lycophocyon hutchisoni
M2,4.6,7.6,39.7,37.0,-98.62,37.74,Santiago,sandstone,channel,Lycophocyon hutchisoni
p1,2.4,2.0,39.7,37.0,-98.62,37.74,Santiago,sandstone,channel,Lycophocyon hutchisoni
p2,5.5,2.6,39.7,37.0,-98.62,37.74,Santiago,sandstone,channel,Lycophocyon hutchisoni
p3,7.2,3.1,39.7,37.0,-98.62,37.74,Santiago,sandstone,channel,Lycophocyon hutchisoni
p4,8.9,3.8,39.7,37.0,-98.62,37.74,Santiago,sandstone,channel,Lycophocyon hutchisoni
m1,9.5,6.2,39.7,37.0,-98.62,37.74,Santiago,sandstone,channel,Lycophocyon hutchisoni
skull,105.3,0.0,39.7,37.0,-98.62,37.74,Santiago,sandstone,channel,Lycophocyon hutchisoni
m2,6.3,4.1,39.7,37.0,-98.62,37.74,Santiago,sandstone,channel,Lycophocyon hutchisoni
m3,3.2,2.6,39.7,37.0,-98.62,37.74,Santiago,sandstone,channel,Lycophocyon hutchisoni
P2,5.6,2.4,39.7,37.0,-98.62,37.74,Santiago,sandstone,channel,Lycophocyon hutchisoni
P3,6.4,3.5,39.7,37.0,-98.62,37.74,Santiago,sandstone,channel,Lycophocyon hutchisoni
P4,9.4,6.4,39.7,37.0,-98.62,37.74,Santiago,sandstone,channel,Lycophocyon hutchisoni
M1,6.5,9.9,39.7,37.0,-98.62,37.74,Santiago,sandstone,channel,Lycophocyon hutchisoni
M2,4.5,7.2,39.7,37.0,-98.62,37.74,Santiago,sandstone,channel,Lycophocyon hutchisoni
femur,134.4,0.0,39.7,37.0,-98.62,37.74,Santiago,sandstone,channel,Lycophocyon hutchisoni
humerus,105.2,0.0,39.7,37.0,-98.62,37.74,Santiago,sandstone,channel,Lycophocyon hutchisoni
P4,7.03,4.31,51.1,45.9,-86.55,48.87,Bridger,mudstone,terrestrial indet.,Dawsonicyon isami
M1,5.02,7.19,51.1,45.9,-86.55,48.87,Bridger,mudstone,terrestrial indet.,Dawsonicyon isami
p3,3.87,1.91,51.1,45.9,-86.55,48.87,Bridger,mudstone,terrestrial indet.,Dawsonicyon isami
p4,5.29,2.52,51.1,45.9,-86.55,48.87,Bridger,mudstone,terrestrial indet.,Dawsonicyon isami
m1,6.26,3.95,51.1,45.9,-86.55,48.87,Bridger,mudstone,terrestrial indet.,Dawsonicyon isami
m2,4.14,3.21,51.1,45.9,-86.55,48.87,Bridger,mudstone,terrestrial indet.,Dawsonicyon isami
humerus,65.4,0.0,51.1,45.9,-86.55,48.87,Bridger,mudstone,terrestrial indet.,Dawsonicyon isami
radius,53.4,0.0,51.1,45.9,-86.55,48.87,Bridger,mudstone,terrestrial indet.,Dawsonicyon isami
femur,90.5,0.0,51.1,45.9,-86.55,48.87,Bridger,mudstone,terrestrial indet.,Dawsonicyon isami
tibia,83.3,0.0,51.1,45.9,-86.55,48.87,Bridger,mudstone,terrestrial indet.,Dawsonicyon isami
skull,44.3,0.0,33.9,27.3,31.83,20.62,Jebel Qatrani,mudstone,lacustrine indet.,Proteopithecus sylviae
skull,44.1,0.0,33.9,27.3,31.83,20.62,Jebel Qatrani,mudstone,lacustrine indet.,Proteopithecus sylviae
P1,6.4,2.7,13.8,11.0,-62.62,-21.44,unknown,claystone,fluvial indet.,Acyon myctoderos
P2,8.4,3.0,13.8,11.0,-62.62,-21.44,unknown,claystone,fluvial indet.,Acyon myctoderos
P3,10.05,4.35,13.8,11.0,-62.62,-21.44,unknown,claystone,fluvial indet.,Acyon myctoderos
M1,11.85,7.45,13.8,11.0,-62.62,-21.44,unknown,claystone,fluvial indet.,Acyon myctoderos
M2,10.6,3.05,13.8,11.0,-62.62,-21.44,unknown,claystone,fluvial indet.,Acyon myctoderos
M3,10.85,3.15,13.8,11.0,-62.62,-21.44,unknown,claystone,fluvial indet.,Acyon myctoderos
M4,5.5,7.2,13.8,11.0,-62.62,-21.44,unknown,claystone,fluvial indet.,Acyon myctoderos
P1,6.2,2.9,13.8,11.0,-62.62,-21.44,unknown,claystone,fluvial indet.,Acyon myctoderos
P2,8.0,3.0,13.8,11.0,-62.62,-21.44,unknown,claystone,fluvial indet.,Acyon myctoderos
P3,10.04,4.3,13.8,11.0,-62.62,-21.44,unknown,claystone,fluvial indet.,Acyon myctoderos
M1,10.04,5.07,13.8,11.0,-62.62,-21.44,unknown,claystone,fluvial indet.,Acyon myctoderos
M3,1.0,1.1,13.8,11.0,-62.62,-21.44,unknown,claystone,fluvial indet.,Hondalagus altiplanensis
M4,0.8,0.75,13.8,11.0,-62.62,-21.44,unknown,claystone,fluvial indet.,Hondalagus altiplanensis
Secon upper Incisor alveoli,2.2,2.2,13.8,11.0,-71.59,4.05,unknown,claystone,terrestrial indet.,Cebupithecia sarmientoi
Diastem upper I - C,2.3,0.0,13.8,11.0,-71.59,4.05,unknown,claystone,terrestrial indet.,Cebupithecia sarmientoi
Upper C root,0.0,0.0,13.8,11.0,-71.59,4.05,unknown,claystone,terrestrial indet.,Cebupithecia sarmientoi
Upper C,5.3,4.4,13.8,11.0,-71.59,4.05,unknown,claystone,terrestrial indet.,Cebupithecia sarmientoi
P3,2.6,3.5,13.8,11.0,-71.59,4.05,unknown,claystone,terrestrial indet.,Cebupithecia sarmientoi
P4,2.7,3.7,13.8,11.0,-71.59,4.05,unknown,claystone,terrestrial indet.,Cebupithecia sarmientoi
M1,4.0,3.9,13.8,11.0,-71.59,4.05,unknown,claystone,terrestrial indet.,Cebupithecia sarmientoi
Upper M3 alveoli,2.2,1.2,13.8,11.0,-71.59,4.05,unknown,claystone,terrestrial indet.,Cebupithecia sarmientoi
Mandibular ramus C-M3,24.9,0.0,13.8,11.0,-71.59,4.05,unknown,claystone,terrestrial indet.,Cebupithecia sarmientoi
Ulna,86.5,0.0,13.8,11.0,-71.59,4.05,unknown,claystone,terrestrial indet.,Cebupithecia sarmientoi
Radius,75.1,0.0,13.8,11.0,-71.59,4.05,unknown,claystone,terrestrial indet.,Cebupithecia sarmientoi
Calcaneum,22.2,0.0,13.8,11.0,-71.59,4.05,unknown,claystone,terrestrial indet.,Cebupithecia sarmientoi
Astragalus,16.5,0.0,13.8,11.0,-71.59,4.05,unknown,claystone,terrestrial indet.,Cebupithecia sarmientoi
Navicular,9.3,0.0,13.8,11.0,-71.59,4.05,unknown,claystone,terrestrial indet.,Cebupithecia sarmientoi
Humerus,89.3,0.0,13.8,11.0,-71.59,4.05,unknown,claystone,terrestrial indet.,Cebupithecia sarmientoi
m3,8.4,0.0,13.8,11.0,-71.57,4.03,Villavieja,sandstone,terrestrial indet.,Neodolodus colombianus
m3,0.0,5.2,13.8,11.0,-71.57,4.03,Villavieja,sandstone,terrestrial indet.,Neodolodus colombianus
m3,0.0,4.4,13.8,11.0,-71.57,4.03,Villavieja,sandstone,terrestrial indet.,Neodolodus colombianus
Skull at the level of M3,0.0,0.0,29.0,21.0,-60.44,-16.79,Salla Beds,tuff,terrestrial indet.,Evolestes hadrommatos
Maximum width of nasals,0.0,5.23,29.0,21.0,-60.44,-16.79,Salla Beds,tuff,terrestrial indet.,Evolestes hadrommatos
Rostral width at the level of canines,0.0,4.47,29.0,21.0,-60.44,-16.79,Salla Beds,tuff,terrestrial indet.,Evolestes hadrommatos
Rostral width at the level of M3,0.0,9.53,29.0,21.0,-60.44,-16.79,Salla Beds,tuff,terrestrial indet.,Evolestes hadrommatos
Palatal width at the level of M3,0.0,5.1,29.0,21.0,-60.44,-16.79,Salla Beds,tuff,terrestrial indet.,Evolestes hadrommatos
Length of the left maxillary fenestra,5.44,0.0,29.0,21.0,-60.44,-16.79,Salla Beds,tuff,terrestrial indet.,Evolestes hadrommatos
Width of the left maxillary fenestra,0.0,0.86,29.0,21.0,-60.44,-16.79,Salla Beds,tuff,terrestrial indet.,Evolestes hadrommatos
Length C-M3,11.54,0.0,29.0,21.0,-60.44,-16.79,Salla Beds,tuff,terrestrial indet.,Evolestes hadrommatos
Length M1-M3,5.06,0.0,29.0,21.0,-60.44,-16.79,Salla Beds,tuff,terrestrial indet.,Evolestes hadrommatos
Length M1-M4,5.98,0.0,29.0,21.0,-60.44,-16.79,Salla Beds,tuff,terrestrial indet.,Evolestes hadrommatos
M1,1.84,1.72,29.0,21.0,-60.44,-16.79,Salla Beds,tuff,terrestrial indet.,Evolestes hadrommatos
M2,1.95,2.12,29.0,21.0,-60.44,-16.79,Salla Beds,tuff,terrestrial indet.,Evolestes hadrommatos
M3,1.19,1.71,29.0,21.0,-60.44,-16.79,Salla Beds,tuff,terrestrial indet.,Evolestes hadrommatos
P3,1.75,0.62,29.0,21.0,-60.44,-16.79,Salla Beds,tuff,terrestrial indet.,Evolestes hadrommatos
P2 (alveolus),1.54,0.0,29.0,21.0,-60.44,-16.79,Salla Beds,tuff,terrestrial indet.,Evolestes hadrommatos
P1 (alveolus),0.97,0.0,29.0,21.0,-60.44,-16.79,Salla Beds,tuff,terrestrial indet.,Evolestes hadrommatos
p3,0.0,9.0,13.8,11.0,-71.59,4.07,unknown,claystone,terrestrial indet.,Megadolodus molariformis
p4,15.6,14.0,13.8,11.0,-71.59,4.07,unknown,claystone,terrestrial indet.,Megadolodus molariformis
m1,16.5,0.0,13.8,11.0,-71.59,4.07,unknown,claystone,terrestrial indet.,Megadolodus molariformis
m1,0.0,16.1,13.8,11.0,-71.59,4.07,unknown,claystone,terrestrial indet.,Megadolodus molariformis
m1,0.0,15.8,13.8,11.0,-71.59,4.07,unknown,claystone,terrestrial indet.,Megadolodus molariformis
m2,19.0,0.0,13.8,11.0,-71.59,4.07,unknown,claystone,terrestrial indet.,Megadolodus molariformis
m2,0.0,17.0,13.8,11.0,-71.59,4.07,unknown,claystone,terrestrial indet.,Megadolodus molariformis
m2,0.0,0.0,13.8,11.0,-71.59,4.07,unknown,claystone,terrestrial indet.,Megadolodus molariformis
m3,0.0,0.0,13.8,11.0,-71.59,4.07,unknown,claystone,terrestrial indet.,Megadolodus molariformis
Jaw,0.0,0.0,13.8,11.0,-71.59,4.07,unknown,claystone,terrestrial indet.,Megadolodus molariformis
Palate length from I1 to M3,110.9,0.0,29.0,21.0,-61.07,-16.94,unknown,unknown,terrestrial indet.,Trachytherus alloxus
Entire skull length measured from I1 to occipital condyles,173.8,0.0,29.0,21.0,-61.07,-16.94,unknown,unknown,terrestrial indet.,Trachytherus alloxus
p4-m3 Alveolar,22.1,0.0,13.8,11.0,-71.59,4.05,Villavieja,claystone,terrestrial indet.,Scleromys colombianus
p4-m3 occlusal,21.6,0.0,13.8,11.0,-71.59,4.05,Villavieja,claystone,terrestrial indet.,Scleromys colombianus
i1,5.3,3.5,13.8,11.0,-71.59,4.05,Villavieja,claystone,terrestrial indet.,Scleromys colombianus
p4,6.4,4.9,13.8,11.0,-71.59,4.05,Villavieja,claystone,terrestrial indet.,Scleromys colombianus
m1,4.5,4.7,13.8,11.0,-71.59,4.05,Villavieja,claystone,terrestrial indet.,Scleromys colombianus
m2,5.3,5.5,13.8,11.0,-71.59,4.05,Villavieja,claystone,terrestrial indet.,Scleromys colombianus
m3,5.4,5.2,13.8,11.0,-71.59,4.05,Villavieja,claystone,terrestrial indet.,Scleromys colombianus
Mandible,0.0,0.0,13.8,11.0,-71.59,4.05,Villavieja,claystone,terrestrial indet.,Scleromys colombianus
DP4,5.7,3.6,13.8,11.0,-71.59,4.05,Villavieja,claystone,terrestrial indet.,Scleromys colombianus
DP4,4.6,3.5,13.8,11.0,-71.59,4.05,Villavieja,claystone,terrestrial indet.,Scleromys colombianus
dp4,7.2,3.3,13.8,11.0,-71.59,4.05,Villavieja,claystone,terrestrial indet.,Scleromys colombianus
dp4,6.1,3.5,13.8,11.0,-71.59,4.05,Villavieja,claystone,terrestrial indet.,Scleromys colombianus
Tibia,0.0,0.0,13.8,11.0,-71.59,4.05,unknown,claystone,terrestrial indet.,Scleromys colombianus
Tibia,0.0,0.0,13.8,11.0,-71.59,4.05,unknown,claystone,terrestrial indet.,Scleromys colombianus
Astragalus,12.3,0.0,13.8,11.0,-71.59,4.05,unknown,claystone,terrestrial indet.,Scleromys colombianus
Astragalus,0.0,7.0,13.8,11.0,-71.59,4.05,unknown,claystone,terrestrial indet.,Scleromys colombianus
Astragalus,6.7,0.0,13.8,11.0,-71.59,4.05,unknown,claystone,terrestrial indet.,Scleromys colombianus
Astragalus,0.0,0.0,13.8,11.0,-71.59,4.05,unknown,claystone,terrestrial indet.,Scleromys colombianus
Astragalus,0.0,0.0,13.8,11.0,-71.59,4.05,unknown,claystone,terrestrial indet.,Scleromys colombianus
Cranium/Diastema,26.0,0.0,13.8,11.0,-71.59,4.05,Villavieja,claystone,terrestrial indet.,Drytomomys aequatorialis
Palatal breadth,0.0,4.3,13.8,11.0,-71.59,4.05,Villavieja,claystone,terrestrial indet.,Drytomomys aequatorialis
Palatal breadth,0.0,9.2,13.8,11.0,-71.59,4.05,Villavieja,claystone,terrestrial indet.,Drytomomys aequatorialis
Bullae,19.2,14.6,13.8,11.0,-71.59,4.05,Villavieja,claystone,terrestrial indet.,Drytomomys aequatorialis
Occiput,0.0,41.5,13.8,11.0,-71.59,4.05,Villavieja,claystone,terrestrial indet.,Drytomomys aequatorialis
Basioccipital,0.0,9.6,13.8,11.0,-71.59,4.05,Villavieja,claystone,terrestrial indet.,Drytomomys aequatorialis
P4-M3 Alveolar,28.7,0.0,13.8,11.0,-71.59,4.05,Villavieja,claystone,terrestrial indet.,Drytomomys aequatorialis
p4-m3 Occlusal,28.7,0.0,13.8,11.0,-71.59,4.05,Villavieja,claystone,terrestrial indet.,Drytomomys aequatorialis
i1,0.0,0.0,13.8,11.0,-71.59,4.05,Villavieja,claystone,terrestrial indet.,Drytomomys aequatorialis
I1,0.0,0.0,13.8,11.0,-71.59,4.05,Villavieja,claystone,terrestrial indet.,Drytomomys aequatorialis
I1,0.0,0.0,13.8,11.0,-71.59,4.05,Villavieja,claystone,terrestrial indet.,Drytomomys aequatorialis
P4,6.6,6.3,13.8,11.0,-71.59,4.05,Villavieja,claystone,terrestrial indet.,Drytomomys aequatorialis
p4-m3 alveolar,30.0,0.0,13.8,11.0,-71.59,4.05,Villavieja,claystone,terrestrial indet.,Drytomomys aequatorialis
M1,6.9,5.5,13.8,11.0,-71.59,4.05,Villavieja,claystone,terrestrial indet.,Drytomomys aequatorialis
i1,0.0,0.0,13.8,11.0,-71.59,4.05,Villavieja,claystone,terrestrial indet.,Drytomomys aequatorialis
p4,6.9,5.0,13.8,11.0,-71.59,4.05,Villavieja,claystone,terrestrial indet.,Drytomomys aequatorialis
M3,7.3,5.2,13.8,11.0,-71.59,4.05,Villavieja,claystone,terrestrial indet.,Drytomomys aequatorialis
m1,6.4,5.6,13.8,11.0,-71.59,4.05,Villavieja,claystone,terrestrial indet.,Drytomomys aequatorialis
m2,8.0,5.9,13.8,11.0,-71.59,4.05,Villavieja,claystone,terrestrial indet.,Drytomomys aequatorialis
m3,7.4,4.9,13.8,11.0,-71.59,4.05,Villavieja,claystone,terrestrial indet.,Drytomomys aequatorialis
Mandible,0.0,0.0,13.8,11.0,-71.59,4.05,Villavieja,claystone,terrestrial indet.,Drytomomys aequatorialis
p4-m3 Occlusal,32.8,0.0,13.8,11.0,-71.59,4.05,Villavieja,claystone,terrestrial indet.,Drytomomys aequatorialis
i1,0.0,0.0,13.8,11.0,-71.59,4.05,Villavieja,claystone,terrestrial indet.,Drytomomys aequatorialis
i1,0.0,0.0,13.8,11.0,-71.59,4.05,Villavieja,claystone,terrestrial indet.,Drytomomys aequatorialis
p4-m3 alveolar,35.2,0.0,13.8,11.0,-71.59,4.05,Villavieja,claystone,terrestrial indet.,Drytomomys aequatorialis
m1,6.5,6.8,13.8,11.0,-71.59,4.05,Villavieja,claystone,terrestrial indet.,Drytomomys aequatorialis
m2,7.5,7.8,13.8,11.0,-71.59,4.05,Villavieja,claystone,terrestrial indet.,Drytomomys aequatorialis
p4,9.6,7.3,13.8,11.0,-71.59,4.05,Villavieja,claystone,terrestrial indet.,Drytomomys aequatorialis
m3,9.2,7.2,13.8,11.0,-71.59,4.05,Villavieja,claystone,terrestrial indet.,Drytomomys aequatorialis
Mandible,0.0,0.0,13.8,11.0,-71.59,4.05,Villavieja,claystone,terrestrial indet.,Drytomomys aequatorialis
Glenoid fossa,0.0,0.0,13.8,11.0,-71.59,4.05,Villavieja,claystone,terrestrial indet.,Drytomomys aequatorialis
Glenoid fossa,0.0,0.0,13.8,11.0,-71.59,4.05,Villavieja,claystone,terrestrial indet.,Drytomomys aequatorialis
Glenoid fossa,0.0,0.0,13.8,11.0,-71.59,4.05,Villavieja,claystone,terrestrial indet.,Drytomomys aequatorialis
Glenoid fossa,0.0,0.0,13.8,11.0,-71.59,4.05,Villavieja,claystone,terrestrial indet.,Drytomomys aequatorialis
Scapula neck,0.0,0.0,13.8,11.0,-71.59,4.05,Villavieja,claystone,terrestrial indet.,Drytomomys aequatorialis
Scapula neck,0.0,0.0,13.8,11.0,-71.59,4.05,Villavieja,claystone,terrestrial indet.,Drytomomys aequatorialis
Scapula neck,0.0,0.0,13.8,11.0,-71.59,4.05,Villavieja,claystone,terrestrial indet.,Drytomomys aequatorialis
Scapula neck,0.0,0.0,13.8,11.0,-71.59,4.05,Villavieja,claystone,terrestrial indet.,Drytomomys aequatorialis
Humerus,80.0,0.0,13.8,11.0,-71.59,4.05,Villavieja,claystone,terrestrial indet.,Drytomomys aequatorialis
Humerus,0.0,26.1,13.8,11.0,-71.59,4.05,Villavieja,claystone,terrestrial indet.,Drytomomys aequatorialis
Humerus,0.0,0.0,13.8,11.0,-71.59,4.05,Villavieja,claystone,terrestrial indet.,Drytomomys aequatorialis
Humerus,0.0,0.0,13.8,11.0,-71.59,4.05,Villavieja,claystone,terrestrial indet.,Drytomomys aequatorialis
Humerus,0.0,18.7,13.8,11.0,-71.59,4.05,Villavieja,claystone,terrestrial indet.,Drytomomys aequatorialis
Humerus,0.0,28.4,13.8,11.0,-71.59,4.05,Villavieja,claystone,terrestrial indet.,Drytomomys aequatorialis
Ulna,85.0,0.0,13.8,11.0,-71.59,4.05,Villavieja,claystone,terrestrial indet.,Drytomomys aequatorialis
Ulna,8.3,6.5,13.8,11.0,-71.59,4.05,Villavieja,claystone,terrestrial indet.,Drytomomys aequatorialis
Ulna,0.0,8.1,13.8,11.0,-71.59,4.05,Villavieja,claystone,terrestrial indet.,Drytomomys aequatorialis
Ulna,0.0,11.9,13.8,11.0,-71.59,4.05,Villavieja,claystone,terrestrial indet.,Drytomomys aequatorialis
Radius,68.0,0.0,13.8,11.0,-71.59,4.05,Villavieja,claystone,terrestrial indet.,Drytomomys aequatorialis
Radius head,0.0,0.0,13.8,11.0,-71.59,4.05,Villavieja,claystone,terrestrial indet.,Drytomomys aequatorialis
Pelvis,64.4,0.0,13.8,11.0,-71.59,4.05,Villavieja,claystone,terrestrial indet.,Drytomomys aequatorialis
Pelvis Acetabulum,0.0,0.0,13.8,11.0,-71.59,4.05,Villavieja,claystone,terrestrial indet.,Drytomomys aequatorialis
Pelvis Acetabulum,0.0,0.0,13.8,11.0,-71.59,4.05,Villavieja,claystone,terrestrial indet.,Drytomomys aequatorialis
Femur,99.2,0.0,13.8,11.0,-71.59,4.05,Villavieja,claystone,terrestrial indet.,Drytomomys aequatorialis
Femur Neck,0.0,0.0,13.8,11.0,-71.59,4.05,Villavieja,claystone,terrestrial indet.,Drytomomys aequatorialis
Femur Neck,0.0,0.0,13.8,11.0,-71.59,4.05,Villavieja,claystone,terrestrial indet.,Drytomomys aequatorialis
Femur Head,0.0,0.0,13.8,11.0,-71.59,4.05,Villavieja,claystone,terrestrial indet.,Drytomomys aequatorialis
Femur,0.0,0.0,13.8,11.0,-71.59,4.05,Villavieja,claystone,terrestrial indet.,Drytomomys aequatorialis
Femur,0.0,23.8,13.8,11.0,-71.59,4.05,Villavieja,claystone,terrestrial indet.,Drytomomys aequatorialis
Femur internal condyle,24.5,0.0,13.8,11.0,-71.59,4.05,Villavieja,claystone,terrestrial indet.,Drytomomys aequatorialis
Femur Neck,0.0,0.0,13.8,11.0,-71.59,4.05,Villavieja,claystone,terrestrial indet.,Drytomomys aequatorialis
Femur Neck,0.0,0.0,13.8,11.0,-71.59,4.05,Villavieja,claystone,terrestrial indet.,Drytomomys aequatorialis
Femur Head,0.0,0.0,13.8,11.0,-71.59,4.05,Villavieja,claystone,terrestrial indet.,Drytomomys aequatorialis
Femur,0.0,0.0,13.8,11.0,-71.59,4.05,Villavieja,claystone,terrestrial indet.,Drytomomys aequatorialis
Femur,0.0,35.9,13.8,11.0,-71.59,4.05,Villavieja,claystone,terrestrial indet.,Drytomomys aequatorialis
Tibia Head,0.0,0.0,13.8,11.0,-71.59,4.05,Villavieja,claystone,terrestrial indet.,Drytomomys aequatorialis
Tibia Head,0.0,0.0,13.8,11.0,-71.59,4.05,Villavieja,claystone,terrestrial indet.,Drytomomys aequatorialis
Tibia,0.0,16.6,13.8,11.0,-71.59,4.05,Villavieja,claystone,terrestrial indet.,Drytomomys aequatorialis
Tibia,0.0,20.0,13.8,11.0,-71.59,4.05,Villavieja,claystone,terrestrial indet.,Drytomomys aequatorialis
Tibia,0.0,0.0,13.8,11.0,-71.59,4.05,Villavieja,claystone,terrestrial indet.,Drytomomys aequatorialis
Tibia,0.0,0.0,13.8,11.0,-71.59,4.05,Villavieja,claystone,terrestrial indet.,Drytomomys aequatorialis
Calcaneum,26.8,0.0,13.8,11.0,-71.59,4.05,Villavieja,claystone,terrestrial indet.,Drytomomys aequatorialis
Calcaneum,34.6,0.0,13.8,11.0,-71.59,4.05,Villavieja,claystone,terrestrial indet.,Drytomomys aequatorialis
Calcaneum,39.2,0.0,13.8,11.0,-71.59,4.05,Villavieja,claystone,terrestrial indet.,Drytomomys aequatorialis
Calcaneum Olecranon,0.0,0.0,13.8,11.0,-71.59,4.05,Villavieja,claystone,terrestrial indet.,Drytomomys aequatorialis
Calcaneum Olecranon,0.0,0.0,13.8,11.0,-71.59,4.05,Villavieja,claystone,terrestrial indet.,Drytomomys aequatorialis
Calcaneum Olecranon,0.0,0.0,13.8,11.0,-71.59,4.05,Villavieja,claystone,terrestrial indet.,Drytomomys aequatorialis
Calcaneum Olecranon,0.0,0.0,13.8,11.0,-71.59,4.05,Villavieja,claystone,terrestrial indet.,Drytomomys aequatorialis
Cacaneum,11.4,0.0,13.8,11.0,-71.59,4.05,Villavieja,claystone,terrestrial indet.,Drytomomys aequatorialis
Calcaneum,12.8,0.0,13.8,11.0,-71.59,4.05,Villavieja,claystone,terrestrial indet.,Drytomomys aequatorialis
Calcaneum,0.0,7.8,13.8,11.0,-71.59,4.05,Villavieja,claystone,terrestrial indet.,Drytomomys aequatorialis
Calcaneum,0.0,8.2,13.8,11.0,-71.59,4.05,Villavieja,claystone,terrestrial indet.,Drytomomys aequatorialis
Astragalus,20.9,0.0,13.8,11.0,-71.59,4.05,Villavieja,claystone,terrestrial indet.,Drytomomys aequatorialis
Astragalus,0.0,12.7,13.8,11.0,-71.59,4.05,Villavieja,claystone,terrestrial indet.,Drytomomys aequatorialis
Astragalus,14.5,0.0,13.8,11.0,-71.59,4.05,Villavieja,claystone,terrestrial indet.,Drytomomys aequatorialis
Astragalus head,0.0,0.0,13.8,11.0,-71.59,4.05,Villavieja,claystone,terrestrial indet.,Drytomomys aequatorialis
Astragalus head,0.0,0.0,13.8,11.0,-71.59,4.05,Villavieja,claystone,terrestrial indet.,Drytomomys aequatorialis
Metatarsal II,44.7,0.0,13.8,11.0,-71.59,4.05,Villavieja,claystone,terrestrial indet.,Drytomomys aequatorialis
Phalanx III,23.2,0.0,13.8,11.0,-71.59,4.05,Villavieja,claystone,terrestrial indet.,Drytomomys aequatorialis
Phalanx V,16.2,0.0,13.8,11.0,-71.59,4.05,Villavieja,claystone,terrestrial indet.,Drytomomys aequatorialis
Phalanx III,10.8,0.0,13.8,11.0,-71.59,4.05,Villavieja,claystone,terrestrial indet.,Drytomomys aequatorialis
Phalanx III,12.6,0.0,13.8,11.0,-71.59,4.05,Villavieja,claystone,terrestrial indet.,Drytomomys aequatorialis
Cranium,109.0,21.7,13.8,11.0,-71.57,4.04,Villavieja,claystone,terrestrial indet.,Prodolichotis pridiana
Cranium,80.2,0.0,13.8,11.0,-71.57,4.04,Villavieja,claystone,terrestrial indet.,Prodolichotis pridiana
Palatal,44.0,0.0,13.8,11.0,-71.57,4.04,Villavieja,claystone,terrestrial indet.,Prodolichotis pridiana
Postpalatal,36.2,0.0,13.8,11.0,-71.57,4.04,Villavieja,claystone,terrestrial indet.,Prodolichotis pridiana
Rostrum depth,0.0,0.0,13.8,11.0,-71.57,4.04,Villavieja,claystone,terrestrial indet.,Prodolichotis pridiana
Cranium Depth,0.0,0.0,13.8,11.0,-71.57,4.04,Villavieja,claystone,terrestrial indet.,Prodolichotis pridiana
Bullae,15.5,11.0,13.8,11.0,-71.57,4.04,Villavieja,claystone,terrestrial indet.,Prodolichotis pridiana
Infraorbital foramen,0.0,0.0,13.8,11.0,-71.57,4.04,Villavieja,claystone,terrestrial indet.,Prodolichotis pridiana
Palatal breadth,0.0,1.7,13.8,11.0,-71.57,4.04,Villavieja,claystone,terrestrial indet.,Prodolichotis pridiana
Palatal breadth,0.0,12.5,13.8,11.0,-71.57,4.04,Villavieja,claystone,terrestrial indet.,Prodolichotis pridiana
Incisive foramen,13.7,3.5,13.8,11.0,-71.57,4.04,Villavieja,claystone,terrestrial indet.,Prodolichotis pridiana
Upper dentition,53.4,0.0,13.8,11.0,-71.57,4.04,Villavieja,claystone,terrestrial indet.,Prodolichotis pridiana
Upper Diastema,29.6,0.0,13.8,11.0,-71.57,4.04,Villavieja,claystone,terrestrial indet.,Prodolichotis pridiana
P4-M3 Alveolar,20.8,0.0,13.8,11.0,-71.57,4.04,Villavieja,claystone,terrestrial indet.,Prodolichotis pridiana
P4-M3 Occlusal,19.3,0.0,13.8,11.0,-71.57,4.04,Villavieja,claystone,terrestrial indet.,Prodolichotis pridiana
I1,4.6,3.0,13.8,11.0,-71.57,4.04,Villavieja,claystone,terrestrial indet.,Prodolichotis pridiana
P4,4.7,0.0,13.8,11.0,-71.57,4.04,Villavieja,claystone,terrestrial indet.,Prodolichotis pridiana
P4,0.0,4.5,13.8,11.0,-71.57,4.04,Villavieja,claystone,terrestrial indet.,Prodolichotis pridiana
P4,0.0,4.4,13.8,11.0,-71.57,4.04,Villavieja,claystone,terrestrial indet.,Prodolichotis pridiana
M1,4.2,0.0,13.8,11.0,-71.57,4.04,Villavieja,claystone,terrestrial indet.,Prodolichotis pridiana
M1,0.0,4.3,13.8,11.0,-71.57,4.04,Villavieja,claystone,terrestrial indet.,Prodolichotis pridiana
M1,0.0,4.3,13.8,11.0,-71.57,4.04,Villavieja,claystone,terrestrial indet.,Prodolichotis pridiana
M2,4.3,0.0,13.8,11.0,-71.57,4.04,Villavieja,claystone,terrestrial indet.,Prodolichotis pridiana
M2,0.0,4.1,13.8,11.0,-71.57,4.04,Villavieja,claystone,terrestrial indet.,Prodolichotis pridiana
M2,0.0,4.1,13.8,11.0,-71.57,4.04,Villavieja,claystone,terrestrial indet.,Prodolichotis pridiana
M3,6.3,0.0,13.8,11.0,-71.57,4.04,Villavieja,claystone,terrestrial indet.,Prodolichotis pridiana
M3,0.0,4.0,13.8,11.0,-71.57,4.04,Villavieja,claystone,terrestrial indet.,Prodolichotis pridiana
M3,0.0,3.4,13.8,11.0,-71.57,4.04,Villavieja,claystone,terrestrial indet.,Prodolichotis pridiana
M3,0.0,2.0,13.8,11.0,-71.57,4.04,Villavieja,claystone,terrestrial indet.,Prodolichotis pridiana
p4-m3 alveolar,20.2,0.0,13.8,11.0,-71.57,4.04,Villavieja,claystone,terrestrial indet.,Prodolichotis pridiana
p4-m3 Occlusal,19.3,0.0,13.8,11.0,-71.57,4.04,Villavieja,claystone,terrestrial indet.,Prodolichotis pridiana
i1,3.9,2.8,13.8,11.0,-71.57,4.04,Villavieja,claystone,terrestrial indet.,Prodolichotis pridiana
p4,4.7,0.0,13.8,11.0,-71.57,4.04,Villavieja,claystone,terrestrial indet.,Prodolichotis pridiana
p4,0.0,2.5,13.8,11.0,-71.57,4.04,Villavieja,claystone,terrestrial indet.,Prodolichotis pridiana
p4,0.0,2.8,13.8,11.0,-71.57,4.04,Villavieja,claystone,terrestrial indet.,Prodolichotis pridiana
p4,0.0,3.9,13.8,11.0,-71.57,4.04,Villavieja,claystone,terrestrial indet.,Prodolichotis pridiana
m1,4.6,0.0,13.8,11.0,-71.57,4.04,Villavieja,claystone,terrestrial indet.,Prodolichotis pridiana
m1,0.0,4.1,13.8,11.0,-71.57,4.04,Villavieja,claystone,terrestrial indet.,Prodolichotis pridiana
m1,0.0,4.0,13.8,11.0,-71.57,4.04,Villavieja,claystone,terrestrial indet.,Prodolichotis pridiana
m2,4.7,0.0,13.8,11.0,-71.57,4.04,Villavieja,claystone,terrestrial indet.,Prodolichotis pridiana
m2,0.0,4.1,13.8,11.0,-71.57,4.04,Villavieja,claystone,terrestrial indet.,Prodolichotis pridiana
m2,0.0,3.9,13.8,11.0,-71.57,4.04,Villavieja,claystone,terrestrial indet.,Prodolichotis pridiana
m3,5.3,0.0,13.8,11.0,-71.57,4.04,Villavieja,claystone,terrestrial indet.,Prodolichotis pridiana
m3,0.0,3.8,13.8,11.0,-71.57,4.04,Villavieja,claystone,terrestrial indet.,Prodolichotis pridiana
m3,0.0,3.4,13.8,11.0,-71.57,4.04,Villavieja,claystone,terrestrial indet.,Prodolichotis pridiana
Mandible depth,0.0,0.0,13.8,11.0,-71.57,4.04,Villavieja,claystone,terrestrial indet.,Prodolichotis pridiana
Mandible depth,0.0,0.0,13.8,11.0,-71.57,4.04,Villavieja,claystone,terrestrial indet.,Prodolichotis pridiana
Scapula,67.5,0.0,13.8,11.0,-71.57,4.04,Villavieja,claystone,terrestrial indet.,Prodolichotis pridiana
Scapula neck,0.0,0.0,13.8,11.0,-71.57,4.04,Villavieja,claystone,terrestrial indet.,Prodolichotis pridiana
Scapula neck,0.0,0.0,13.8,11.0,-71.57,4.04,Villavieja,claystone,terrestrial indet.,Prodolichotis pridiana
Scapula,19.8,0.0,13.8,11.0,-71.57,4.04,Villavieja,claystone,terrestrial indet.,Prodolichotis pridiana
Scapula glenoid fossa,0.0,0.0,13.8,11.0,-71.57,4.04,Villavieja,claystone,terrestrial indet.,Prodolichotis pridiana
Scapula glenoid fossa,0.0,0.0,13.8,11.0,-71.57,4.04,Villavieja,claystone,terrestrial indet.,Prodolichotis pridiana
Humerus,74.5,0.0,13.8,11.0,-71.57,4.04,Villavieja,claystone,terrestrial indet.,Prodolichotis pridiana
Humerus,0.0,13.3,13.8,11.0,-71.57,4.04,Villavieja,claystone,terrestrial indet.,Prodolichotis pridiana
Humerus,0.0,12.8,13.8,11.0,-71.57,4.04,Villavieja,claystone,terrestrial indet.,Prodolichotis pridiana
Ulna,75.6,0.0,13.8,11.0,-71.57,4.04,Villavieja,claystone,terrestrial indet.,Prodolichotis pridiana
Ulna Olecranon,0.0,0.0,13.8,11.0,-71.57,4.04,Villavieja,claystone,terrestrial indet.,Prodolichotis pridiana
Ulna Olecranon,0.0,0.0,13.8,11.0,-71.57,4.04,Villavieja,claystone,terrestrial indet.,Prodolichotis pridiana
Ulna,0.0,0.0,13.8,11.0,-71.57,4.04,Villavieja,claystone,terrestrial indet.,Prodolichotis pridiana
Radius,57.3,0.0,13.8,11.0,-71.57,4.04,Villavieja,claystone,terrestrial indet.,Prodolichotis pridiana
Radius head,0.0,0.0,13.8,11.0,-71.57,4.04,Villavieja,claystone,terrestrial indet.,Prodolichotis pridiana
Radius distal end,0.0,0.0,13.8,11.0,-71.57,4.04,Villavieja,claystone,terrestrial indet.,Prodolichotis pridiana
Metacarpal I,3.7,0.0,13.8,11.0,-71.57,4.04,Villavieja,claystone,terrestrial indet.,Prodolichotis pridiana
Metacarpal II,19.3,0.0,13.8,11.0,-71.57,4.04,Villavieja,claystone,terrestrial indet.,Prodolichotis pridiana
Metacarpal III,23.6,0.0,13.8,11.0,-71.57,4.04,Villavieja,claystone,terrestrial indet.,Prodolichotis pridiana
MetacarpalV,20.5,0.0,13.8,11.0,-71.57,4.04,Villavieja,claystone,terrestrial indet.,Prodolichotis pridiana
Metacarpal V,15.0,0.0,13.8,11.0,-71.57,4.04,Villavieja,claystone,terrestrial indet.,Prodolichotis pridiana
Proximal phalanx III,9.2,0.0,13.8,11.0,-71.57,4.04,Villavieja,claystone,terrestrial indet.,Prodolichotis pridiana
Proximal phalanx IV,8.5,0.0,13.8,11.0,-71.57,4.04,Villavieja,claystone,terrestrial indet.,Prodolichotis pridiana
Proximal phalanx V,6.8,0.0,13.8,11.0,-71.57,4.04,Villavieja,claystone,terrestrial indet.,Prodolichotis pridiana
Median phalanx IV,4.7,0.0,13.8,11.0,-71.57,4.04,Villavieja,claystone,terrestrial indet.,Prodolichotis pridiana
Median phalanx V,3.8,0.0,13.8,11.0,-71.57,4.04,Villavieja,claystone,terrestrial indet.,Prodolichotis pridiana
Distal phalanx V,5.0,0.0,13.8,11.0,-71.57,4.04,Villavieja,claystone,terrestrial indet.,Prodolichotis pridiana
Pelvis,49.5,0.0,13.8,11.0,-71.57,4.04,Villavieja,claystone,terrestrial indet.,Prodolichotis pridiana
Pelvis Acetabulum,0.0,0.0,13.8,11.0,-71.57,4.04,Villavieja,claystone,terrestrial indet.,Prodolichotis pridiana
Pelvis,29.0,0.0,13.8,11.0,-71.57,4.04,Villavieja,claystone,terrestrial indet.,Prodolichotis pridiana
Femur,82.5,0.0,13.8,11.0,-71.57,4.04,Villavieja,claystone,terrestrial indet.,Prodolichotis pridiana
Femur neck,0.0,0.0,13.8,11.0,-71.57,4.04,Villavieja,claystone,terrestrial indet.,Prodolichotis pridiana
Femur Neck,0.0,0.0,13.8,11.0,-71.57,4.04,Villavieja,claystone,terrestrial indet.,Prodolichotis pridiana
Femur Head,0.0,0.0,13.8,11.0,-71.57,4.04,Villavieja,claystone,terrestrial indet.,Prodolichotis pridiana
Tibia,82.7,0.0,13.8,11.0,-71.57,4.04,Villavieja,claystone,terrestrial indet.,Prodolichotis pridiana
Tibia Head,0.0,0.0,13.8,11.0,-71.57,4.04,Villavieja,claystone,terrestrial indet.,Prodolichotis pridiana
Tibia,0.0,9.5,13.8,11.0,-71.57,4.04,Villavieja,claystone,terrestrial indet.,Prodolichotis pridiana
Tibia,0.0,0.0,13.8,11.0,-71.57,4.04,Villavieja,claystone,terrestrial indet.,Prodolichotis pridiana
Calcaneum,26.7,0.0,13.8,11.0,-71.57,4.04,Villavieja,claystone,terrestrial indet.,Prodolichotis pridiana
Calcaneum Olecranon,19.8,0.0,13.8,11.0,-71.57,4.04,Villavieja,claystone,terrestrial indet.,Prodolichotis pridiana
Calcaneum Olecranon,0.0,0.0,13.8,11.0,-71.57,4.04,Villavieja,claystone,terrestrial indet.,Prodolichotis pridiana
Calcaneum Olecranon,0.0,0.0,13.8,11.0,-71.57,4.04,Villavieja,claystone,terrestrial indet.,Prodolichotis pridiana
Calcaneum,8.4,0.0,13.8,11.0,-71.57,4.04,Villavieja,claystone,terrestrial indet.,Prodolichotis pridiana
Calcaneum,0.0,4.3,13.8,11.0,-71.57,4.04,Villavieja,claystone,terrestrial indet.,Prodolichotis pridiana
Astragalus,13.6,0.0,13.8,11.0,-71.57,4.04,Villavieja,claystone,terrestrial indet.,Prodolichotis pridiana
Astragalus,0.0,9.0,13.8,11.0,-71.57,4.04,Villavieja,claystone,terrestrial indet.,Prodolichotis pridiana
Astragalus,11.2,0.0,13.8,11.0,-71.57,4.04,Villavieja,claystone,terrestrial indet.,Prodolichotis pridiana
Astragalus head,0.0,0.0,13.8,11.0,-71.57,4.04,Villavieja,claystone,terrestrial indet.,Prodolichotis pridiana
Astragalus head,0.0,0.0,13.8,11.0,-71.57,4.04,Villavieja,claystone,terrestrial indet.,Prodolichotis pridiana
Metatarsal II,29.3,0.0,13.8,11.0,-71.57,4.04,Villavieja,claystone,terrestrial indet.,Prodolichotis pridiana
Metatarsal III,31.4,0.0,13.8,11.0,-71.57,4.04,Villavieja,claystone,terrestrial indet.,Prodolichotis pridiana
Metatarsal IV,28.9,0.0,13.8,11.0,-71.57,4.04,Villavieja,claystone,terrestrial indet.,Prodolichotis pridiana
Metatarsal V,7.0,0.0,13.8,11.0,-71.57,4.04,Villavieja,claystone,terrestrial indet.,Prodolichotis pridiana
Proximal phalanx II,12.5,0.0,13.8,11.0,-71.57,4.04,Villavieja,claystone,terrestrial indet.,Prodolichotis pridiana
Proximal phalanx III,14.2,0.0,13.8,11.0,-71.57,4.04,Villavieja,claystone,terrestrial indet.,Prodolichotis pridiana
Proximal phalanx IV,11.5,0.0,13.8,11.0,-71.57,4.04,Villavieja,claystone,terrestrial indet.,Prodolichotis pridiana
Median phalanx II,6.9,0.0,13.8,11.0,-71.57,4.04,Villavieja,claystone,terrestrial indet.,Prodolichotis pridiana
Median phalanx III,8.3,0.0,13.8,11.0,-71.57,4.04,Villavieja,claystone,terrestrial indet.,Prodolichotis pridiana
Median phalanx IV,5.7,0.0,13.8,11.0,-71.57,4.04,Villavieja,claystone,terrestrial indet.,Prodolichotis pridiana
Distal phalanx II,9.3,0.0,13.8,11.0,-71.57,4.04,Villavieja,claystone,terrestrial indet.,Prodolichotis pridiana
Distal phalanx III,12.5,0.0,13.8,11.0,-71.57,4.04,Villavieja,claystone,terrestrial indet.,Prodolichotis pridiana
Distal phalanx IV,8.5,0.0,13.8,11.0,-71.57,4.04,Villavieja,claystone,terrestrial indet.,Prodolichotis pridiana
p4-m3 alveolar,17.9,0.0,13.8,11.0,-71.62,4.01,Villavieja,unknown,terrestrial indet.,Neoreomys huilensis
p4-m3 Occlusal,17.4,0.0,13.8,11.0,-71.62,4.01,Villavieja,unknown,terrestrial indet.,Neoreomys huilensis
i1,3.1,2.5,13.8,11.0,-71.62,4.01,Villavieja,unknown,terrestrial indet.,Neoreomys huilensis
p4,4.4,3.5,13.8,11.0,-71.62,4.01,Villavieja,unknown,terrestrial indet.,Neoreomys huilensis
m1,43.0,3.8,13.8,11.0,-71.62,4.01,Villavieja,unknown,terrestrial indet.,Neoreomys huilensis
m2,4.2,4.3,13.8,11.0,-71.62,4.01,Villavieja,unknown,terrestrial indet.,Neoreomys huilensis
m3,4.5,3.9,13.8,11.0,-71.62,4.01,Villavieja,unknown,terrestrial indet.,Neoreomys huilensis
Premolar series,5.0,0.0,13.8,11.0,-71.59,4.05,unknown,claystone,terrestrial indet.,Notonycteris magdalenensis
m1,2.7,0.0,13.8,11.0,-71.58,4.05,Villavieja,sandstone,terrestrial indet.,Micoureus laventicus
Lower m1 talonid,0.0,1.7,13.8,11.0,-71.58,4.05,Villavieja,sandstone,terrestrial indet.,Micoureus laventicus
Lower m1 trigonid,0.0,1.6,13.8,11.0,-71.58,4.05,Villavieja,sandstone,terrestrial indet.,Micoureus laventicus
m2,3.0,0.0,13.8,11.0,-71.58,4.05,Villavieja,sandstone,terrestrial indet.,Micoureus laventicus
Lower m2 trigonid,0.0,1.8,13.8,11.0,-71.58,4.05,Villavieja,sandstone,terrestrial indet.,Micoureus laventicus
Lower m2 talonid,0.0,1.8,13.8,11.0,-71.58,4.05,Villavieja,sandstone,terrestrial indet.,Micoureus laventicus
m3,3.0,0.0,13.8,11.0,-71.58,4.05,Villavieja,sandstone,terrestrial indet.,Micoureus laventicus
Lower m3 trigonid,0.0,1.7,13.8,11.0,-71.58,4.05,Villavieja,sandstone,terrestrial indet.,Micoureus laventicus
m4,3.2,0.0,13.8,11.0,-71.58,4.05,Villavieja,sandstone,terrestrial indet.,Micoureus laventicus
Lower m4 trigonid,0.0,1.7,13.8,11.0,-71.58,4.05,Villavieja,sandstone,terrestrial indet.,Micoureus laventicus
Lower m4 talonid,0.0,1.3,13.8,11.0,-71.58,4.05,Villavieja,sandstone,terrestrial indet.,Micoureus laventicus
Lower m1-4 line,11.3,0.0,13.8,11.0,-71.58,4.05,Villavieja,sandstone,terrestrial indet.,Micoureus laventicus
Ramus,0.0,0.0,13.8,11.0,-71.58,4.05,Villavieja,sandstone,terrestrial indet.,Micoureus laventicus
Ramus,0.0,2.6,13.8,11.0,-71.58,4.05,Villavieja,sandstone,terrestrial indet.,Micoureus laventicus
P1,3.7,2.2,56.0,48.07,-28.6,-27.29,Itaboraí,marl,fissure fill,Eobrasilia coutoi
P2,5.8,3.6,56.0,48.07,-28.6,-27.29,Itaboraí,marl,fissure fill,Eobrasilia coutoi
P3,8.5,5.2,56.0,48.07,-28.6,-27.29,Itaboraí,marl,fissure fill,Eobrasilia coutoi
M3,8.5,9.0,56.0,48.07,-28.6,-27.29,Itaboraí,marl,fissure fill,Eobrasilia coutoi
Lower P2-M4,31.0,0.0,56.0,48.07,-28.6,-27.29,Itaboraí,marl,fissure fill,Patene simpsoni
Lower P1-3,14.0,0.0,56.0,48.07,-28.6,-27.29,Itaboraí,marl,fissure fill,Patene simpsoni
Lower M1-4,20.5,0.0,56.0,48.07,-28.6,-27.29,Itaboraí,marl,fissure fill,Patene simpsoni
Lower M1-4/P1-3,1.5,0.0,56.0,48.07,-28.6,-27.29,Itaboraí,marl,fissure fill,Patene simpsoni
Upper P1-3,11.3,0.0,56.0,48.07,-28.6,-27.29,Itaboraí,marl,fissure fill,Protodidelphis vanzolinii
Upper M1-4,19.2,0.0,56.0,48.07,-28.6,-27.29,Itaboraí,marl,fissure fill,Protodidelphis vanzolinii
Upper M1-4/P1-3,1.7,0.0,56.0,48.07,-28.6,-27.29,Itaboraí,marl,fissure fill,Protodidelphis vanzolinii
Lower P1-3,13.9,0.0,56.0,48.07,-28.6,-27.29,Itaboraí,marl,fissure fill,Protodidelphis vanzolinii
Lower M1-4,21.0,0.0,56.0,48.07,-28.6,-27.29,Itaboraí,marl,fissure fill,Protodidelphis vanzolinii
Lower M1-4/P1-3,1.4,0.0,56.0,48.07,-28.6,-27.29,Itaboraí,marl,fissure fill,Protodidelphis vanzolinii
Upper P1-3,15.0,0.0,56.0,48.07,-28.6,-27.29,Itaboraí,marl,fissure fill,Didelphopsis cabrerai
Upper M1-4,17.0,0.0,56.0,48.07,-28.6,-27.29,Itaboraí,marl,fissure fill,Didelphopsis cabrerai
Upper M1-4/P1-3,1.1,0.0,56.0,48.07,-28.6,-27.29,Itaboraí,marl,fissure fill,Didelphopsis cabrerai
Lower P1-3,14.6,0.0,56.0,48.07,-28.6,-27.29,Itaboraí,marl,fissure fill,Didelphopsis cabrerai
Lower M1-4,17.0,0.0,56.0,48.07,-28.6,-27.29,Itaboraí,marl,fissure fill,Didelphopsis cabrerai
Lower M1-4/P1-3,1.2,0.0,56.0,48.07,-28.6,-27.29,Itaboraí,marl,fissure fill,Didelphopsis cabrerai
Lower P1-3,5.8,0.0,56.0,48.07,-28.6,-27.29,Itaboraí,marl,fissure fill,Mirandatherium alipioi
Lower M1-4,10.3,0.0,56.0,48.07,-28.6,-27.29,Itaboraí,marl,fissure fill,Mirandatherium alipioi
Lower M1-4/P1-3,1.77,0.0,56.0,48.07,-28.6,-27.29,Itaboraí,marl,fissure fill,Mirandatherium alipioi
Lower P1-3,7.2,0.0,56.0,48.07,-28.6,-27.29,Itaboraí,marl,fissure fill,Derorhynchus singularis
Lower M1-4,7.0,0.0,56.0,48.07,-28.6,-27.29,Itaboraí,marl,fissure fill,Derorhynchus singularis
Lower M1-4/P1-3,0.97,0.0,56.0,48.07,-28.6,-27.29,Itaboraí,marl,fissure fill,Derorhynchus singularis
Lower Mandibular height at M3,0.0,0.0,56.0,48.07,-28.6,-27.29,Itaboraí,marl,fissure fill,Derorhynchus singularis
Lower Mandibular height at P4,0.0,0.0,56.0,48.07,-28.6,-27.29,Itaboraí,marl,fissure fill,Derorhynchus singularis
Lower P1-3,6.0,0.0,56.0,48.07,-28.6,-27.29,Itaboraí,marl,fissure fill,Guggenheimia brasiliensis
Lower M1-4,10.5,0.0,56.0,48.07,-28.6,-27.29,Itaboraí,marl,fissure fill,Guggenheimia brasiliensis
Lower M1-4/P1-3,1.8,0.0,56.0,48.07,-28.6,-27.29,Itaboraí,marl,fissure fill,Guggenheimia brasiliensis
Lower P1-3,10.0,0.0,56.0,48.07,-28.6,-27.29,Itaboraí,marl,fissure fill,Bobbschaefferia fluminensis
Lower M1-4,12.8,0.0,56.0,48.07,-28.6,-27.29,Itaboraí,marl,fissure fill,Bobbschaefferia fluminensis
Lower P1-3,8.5,0.0,56.0,48.07,-28.6,-27.29,Itaboraí,marl,fissure fill,Bobbschaefferia fluminensis
Lower M1-4,12.8,0.0,56.0,48.07,-28.6,-27.29,Itaboraí,marl,fissure fill,Bobbschaefferia fluminensis
Lower P1-3,9.0,0.0,56.0,48.07,-28.6,-27.29,Itaboraí,marl,fissure fill,Bobbschaefferia fluminensis
Lower M1-4,12.8,0.0,56.0,48.07,-28.6,-27.29,Itaboraí,marl,fissure fill,Bobbschaefferia fluminensis
Lower M1-4/P1-3,1.39,0.0,56.0,48.07,-28.6,-27.29,Itaboraí,marl,fissure fill,Bobbschaefferia fluminensis
Upper P1-3,6.0,0.0,56.0,48.07,-28.6,-27.29,Itaboraí,marl,fissure fill,Gaylordia macrocynodonta
Upper M1-3,5.0,0.0,56.0,48.07,-28.6,-27.29,Itaboraí,marl,fissure fill,Gaylordia macrocynodonta
Upper M1-4,7.0,0.0,56.0,48.07,-28.6,-27.29,Itaboraí,marl,fissure fill,Gaylordia macrocynodonta
Upper M1-4/P1-3,1.16,0.0,56.0,48.07,-28.6,-27.29,Itaboraí,marl,fissure fill,Gaylordia macrocynodonta
Lower P1-3,5.8,0.0,56.0,48.07,-28.6,-27.29,Itaboraí,marl,fissure fill,Gaylordia macrocynodonta
Lower M1-3,5.2,0.0,56.0,48.07,-28.6,-27.29,Itaboraí,marl,fissure fill,Gaylordia macrocynodonta
Lower P1-3,5.0,0.0,56.0,48.07,-28.6,-27.29,Itaboraí,marl,fissure fill,Gaylordia macrocynodonta
Lower M1-4,7.0,0.0,56.0,48.07,-28.6,-27.29,Itaboraí,marl,fissure fill,Gaylordia macrocynodonta
Lower M1-4/P1-3,1.4,0.0,56.0,48.07,-28.6,-27.29,Itaboraí,marl,fissure fill,Gaylordia macrocynodonta
Lower P1-3,4.8,0.0,56.0,48.07,-28.6,-27.29,Itaboraí,marl,fissure fill,Monodelphopsis travassosi
m1,2.0,0.0,56.0,48.07,-28.6,-27.29,Itaboraí,marl,fissure fill,Monodelphopsis travassosi
Lower M1-4,6.9,0.0,56.0,48.07,-28.6,-27.29,Itaboraí,marl,fissure fill,Monodelphopsis travassosi
Lower P1-3,4.3,0.0,56.0,48.07,-28.6,-27.29,Itaboraí,marl,fissure fill,Marmosopsis juradoi
Lower M1-4,5.0,0.0,56.0,48.07,-28.6,-27.29,Itaboraí,marl,fissure fill,Marmosopsis juradoi
Lower M1-4/P1-3,1.15,0.0,56.0,48.07,-28.6,-27.29,Itaboraí,marl,fissure fill,Marmosopsis juradoi
Upper M1-4,4.9,0.0,56.0,48.07,-28.6,-27.29,Itaboraí,marl,fissure fill,Marmosopsis juradoi
m2,1.3,0.9,56.0,48.07,-28.6,-27.29,Itaboraí,marl,fissure fill,Gaylordia macrocynodonta
m3,1.4,0.0,56.0,48.07,-28.6,-27.29,Itaboraí,marl,fissure fill,Gaylordia macrocynodonta
m4,2.0,1.0,56.0,48.07,-28.6,-27.29,Itaboraí,marl,fissure fill,Gaylordia macrocynodonta
Lower M1-4,6.0,0.0,56.0,48.07,-28.6,-27.29,Itaboraí,marl,fissure fill,Gaylordia macrocynodonta
Lower P1-3,1.8,0.0,56.0,48.07,-28.6,-27.29,Itaboraí,marl,fissure fill,Minusculodelphis minimus
Lower M1-4,3.0,0.0,56.0,48.07,-28.6,-27.29,Itaboraí,marl,fissure fill,Minusculodelphis minimus
Lower M1-4/P1-3,1.7,0.0,56.0,48.07,-28.6,-27.29,Itaboraí,marl,fissure fill,Minusculodelphis minimus
Lower P1-3,1.9,0.0,56.0,48.07,-28.6,-27.29,Itaboraí,marl,fissure fill,Minusculodelphis minimus
Lower M1-4,2.9,0.0,56.0,48.07,-28.6,-27.29,Itaboraí,marl,fissure fill,Minusculodelphis minimus
Lower M1-4/P1-3,1.5,0.0,56.0,48.07,-28.6,-27.29,Itaboraí,marl,fissure fill,Minusculodelphis minimus
Upper Canine alveolus,0.0,0.0,13.8,11.0,-71.62,4.01,Villavieja,unknown,terrestrial indet.,Hondadelphys fieldsi
Upper Canine alveolus,0.0,0.0,13.8,11.0,-71.62,4.01,Villavieja,unknown,terrestrial indet.,Hondadelphys fieldsi
Upper P1-2 diastema,3.5,0.0,13.8,11.0,-71.62,4.01,Villavieja,unknown,terrestrial indet.,Hondadelphys fieldsi
Ramus,0.0,0.0,13.8,11.0,-71.62,4.01,Villavieja,unknown,terrestrial indet.,Hondadelphys fieldsi
Breadth,0.0,6.9,13.8,11.0,-71.62,4.01,Villavieja,unknown,terrestrial indet.,Hondadelphys fieldsi
Dentary,103.0,0.0,13.8,11.0,-71.62,4.01,Villavieja,unknown,terrestrial indet.,Hondadelphys fieldsi
P3,6.3,3.5,13.8,11.0,-71.62,4.01,Villavieja,unknown,terrestrial indet.,Hondadelphys fieldsi
M1,7.0,4.6,13.8,11.0,-71.62,4.01,Villavieja,unknown,terrestrial indet.,Hondadelphys fieldsi
M2,7.4,5.7,13.8,11.0,-71.62,4.01,Villavieja,unknown,terrestrial indet.,Hondadelphys fieldsi
P2,5.0,2.3,13.8,11.0,-71.62,4.01,Villavieja,unknown,terrestrial indet.,Hondadelphys fieldsi
P3,6.4,3.5,13.8,11.0,-71.62,4.01,Villavieja,unknown,terrestrial indet.,Hondadelphys fieldsi
M1,7.0,4.6,13.8,11.0,-71.62,4.01,Villavieja,unknown,terrestrial indet.,Hondadelphys fieldsi
M3,7.9,7.9,13.8,11.0,-71.62,4.01,Villavieja,unknown,terrestrial indet.,Hondadelphys fieldsi
M4,5.0,8.2,13.8,11.0,-71.62,4.01,Villavieja,unknown,terrestrial indet.,Hondadelphys fieldsi
Upper P2-M4,38.3,0.0,13.8,11.0,-71.62,4.01,Villavieja,unknown,terrestrial indet.,Hondadelphys fieldsi
M3,8.0,7.9,13.8,11.0,-71.62,4.01,Villavieja,unknown,terrestrial indet.,Hondadelphys fieldsi
Upper M4,4.8,0.0,13.8,11.0,-71.62,4.01,Villavieja,unknown,terrestrial indet.,Hondadelphys fieldsi
Upper P2-M4 line,38.9,0.0,13.8,11.0,-71.62,4.01,Villavieja,unknown,terrestrial indet.,Hondadelphys fieldsi
M1,7.6,5.0,13.8,11.0,-71.62,4.01,Villavieja,unknown,terrestrial indet.,Hondadelphys fieldsi
p1,4.5,1.9,13.8,11.0,-71.62,4.01,Villavieja,unknown,terrestrial indet.,Hondadelphys fieldsi
p2,0.0,2.4,13.8,11.0,-71.62,4.01,Villavieja,unknown,terrestrial indet.,Hondadelphys fieldsi
m3,7.8,0.0,13.8,11.0,-71.62,4.01,Villavieja,unknown,terrestrial indet.,Hondadelphys fieldsi
Lower m3 trigonid,0.0,3.9,13.8,11.0,-71.62,4.01,Villavieja,unknown,terrestrial indet.,Hondadelphys fieldsi
Lower m3 talonid,0.0,4.0,13.8,11.0,-71.62,4.01,Villavieja,unknown,terrestrial indet.,Hondadelphys fieldsi
m4,8.2,0.0,13.8,11.0,-71.62,4.01,Villavieja,unknown,terrestrial indet.,Hondadelphys fieldsi
Lower m4 trigonid,0.0,4.0,13.8,11.0,-71.62,4.01,Villavieja,unknown,terrestrial indet.,Hondadelphys fieldsi
Lower m3 talonid,0.0,3.5,13.8,11.0,-71.62,4.01,Villavieja,unknown,terrestrial indet.,Hondadelphys fieldsi
Lower p1-m4,50.5,0.0,13.8,11.0,-71.62,4.01,Villavieja,unknown,terrestrial indet.,Hondadelphys fieldsi
Lower m1-4 line,31.0,0.0,13.8,11.0,-71.62,4.01,Villavieja,unknown,terrestrial indet.,Hondadelphys fieldsi
p1,5.0,2.0,13.8,11.0,-71.62,4.01,Villavieja,unknown,terrestrial indet.,Hondadelphys fieldsi
p2,6.3,2.3,13.8,11.0,-71.62,4.01,Villavieja,unknown,terrestrial indet.,Hondadelphys fieldsi
p3,6.7,2.7,13.8,11.0,-71.62,4.01,Villavieja,unknown,terrestrial indet.,Hondadelphys fieldsi
Lower m1 talonid,0.0,2.9,13.8,11.0,-71.62,4.01,Villavieja,unknown,terrestrial indet.,Hondadelphys fieldsi
m2,7.7,0.0,13.8,11.0,-71.62,4.01,Villavieja,unknown,terrestrial indet.,Hondadelphys fieldsi
Lower m2 trigonid,0.0,3.5,13.8,11.0,-71.62,4.01,Villavieja,unknown,terrestrial indet.,Hondadelphys fieldsi
Lower m2 talonid,0.0,3.9,13.8,11.0,-71.62,4.01,Villavieja,unknown,terrestrial indet.,Hondadelphys fieldsi
m2,7.8,0.0,13.8,11.0,-71.62,4.01,Villavieja,unknown,terrestrial indet.,Hondadelphys fieldsi
Lower m2 trigonid,0.0,3.4,13.8,11.0,-71.62,4.01,Villavieja,unknown,terrestrial indet.,Hondadelphys fieldsi
Lower m2 talonid,0.0,3.8,13.8,11.0,-71.62,4.01,Villavieja,unknown,terrestrial indet.,Hondadelphys fieldsi
Interorbital breadth,0.0,24.5,13.8,11.0,-71.62,4.01,Villavieja,unknown,terrestrial indet.,Hondadelphys fieldsi
Infraorbital foramen,0.0,3.0,13.8,11.0,-71.62,4.01,Villavieja,unknown,terrestrial indet.,Hondadelphys fieldsi
Glenoid fossae,0.0,15.0,13.8,11.0,-71.62,4.01,Villavieja,unknown,terrestrial indet.,Hondadelphys fieldsi
Occipital condyles,0.0,0.0,13.8,11.0,-71.62,4.01,Villavieja,unknown,terrestrial indet.,Hondadelphys fieldsi
Occipital condyles,0.0,0.0,13.8,11.0,-71.62,4.01,Villavieja,unknown,terrestrial indet.,Hondadelphys fieldsi
Atlas vertebra,0.0,0.0,13.8,11.0,-71.62,4.01,Villavieja,unknown,terrestrial indet.,Hondadelphys fieldsi
Atlas vertebra,0.0,0.0,13.8,11.0,-71.62,4.01,Villavieja,unknown,terrestrial indet.,Hondadelphys fieldsi
Atlas vertebra,0.0,0.0,13.8,11.0,-71.62,4.01,Villavieja,unknown,terrestrial indet.,Hondadelphys fieldsi
Femur,97.0,0.0,13.8,11.0,-71.62,4.01,Villavieja,unknown,terrestrial indet.,Hondadelphys fieldsi
Femur,101.0,0.0,13.8,11.0,-71.62,4.01,Villavieja,unknown,terrestrial indet.,Hondadelphys fieldsi
Femur,0.0,0.0,13.8,11.0,-71.62,4.01,Villavieja,unknown,terrestrial indet.,Hondadelphys fieldsi
Femur,0.0,3.3,13.8,11.0,-71.62,4.01,Villavieja,unknown,terrestrial indet.,Hondadelphys fieldsi
Femur,0.0,0.0,13.8,11.0,-71.62,4.01,Villavieja,unknown,terrestrial indet.,Hondadelphys fieldsi
M2,14.0,10.5,11.63,7.246,-65.5,-9.7,Solimões,claystone,fluvial-lacustrine indet.,Neoepiblema acreensis
M3,21.0,10.0,11.63,7.246,-65.5,-9.7,Solimões,claystone,fluvial-lacustrine indet.,Neoepiblema acreensis
p4,13.5,10.0,11.63,7.246,-65.5,-9.7,Solimões,claystone,fluvial-lacustrine indet.,Neoepiblema acreensis
m1,12.5,11.0,11.63,7.246,-65.5,-9.7,Solimões,claystone,fluvial-lacustrine indet.,Neoepiblema acreensis
m2,13.0,11.0,11.63,7.246,-65.5,-9.7,Solimões,claystone,fluvial-lacustrine indet.,Neoepiblema acreensis
m3,17.0,10.0,11.63,7.246,-65.5,-9.7,Solimões,claystone,fluvial-lacustrine indet.,Neoepiblema acreensis
Lower P4-M3 series,56.0,0.0,11.63,7.246,-65.5,-9.7,Solimões,claystone,fluvial-lacustrine indet.,Neoepiblema acreensis
p4,16.0,9.0,11.63,7.246,-65.5,-9.7,Solimões,claystone,fluvial-lacustrine indet.,Neoepiblema acreensis
m1,13.5,10.0,11.63,7.246,-65.5,-9.7,Solimões,claystone,fluvial-lacustrine indet.,Neoepiblema acreensis
m2,13.5,10.0,11.63,7.246,-65.5,-9.7,Solimões,claystone,fluvial-lacustrine indet.,Neoepiblema acreensis
m3,15.5,11.0,11.63,7.246,-65.5,-9.7,Solimões,claystone,fluvial-lacustrine indet.,Neoepiblema acreensis
Lower P4-M3 series,58.0,0.0,11.63,7.246,-65.5,-9.7,Solimões,claystone,fluvial-lacustrine indet.,Neoepiblema acreensis
p4,17.0,11.0,11.63,7.246,-65.5,-9.7,Solimões,claystone,fluvial-lacustrine indet.,Neoepiblema acreensis
p4,16.0,11.5,11.63,7.246,-65.5,-9.7,Solimões,claystone,fluvial-lacustrine indet.,Neoepiblema acreensis
m1,16.0,13.5,11.63,7.246,-65.5,-9.7,Solimões,claystone,fluvial-lacustrine indet.,Neoepiblema acreensis
m2,16.0,12.0,11.63,7.246,-65.5,-9.7,Solimões,claystone,fluvial-lacustrine indet.,Neoepiblema acreensis
m3,19.0,11.0,11.63,7.246,-65.5,-9.7,Solimões,claystone,fluvial-lacustrine indet.,Neoepiblema acreensis
Lower P4-M3 series,65.0,0.0,11.63,7.246,-65.5,-9.7,Solimões,claystone,fluvial-lacustrine indet.,Neoepiblema acreensis
Atlas,3.3,7.87,2.58,0.0,-56.37,-21.1,unknown,claystone,cave,Smilodon populator
Right mandible M1,2.85,0.0,2.58,0.0,-56.37,-21.1,unknown,claystone,cave,Smilodon populator
Femur,0.0,2.42,2.58,0.0,-56.37,-21.1,unknown,claystone,cave,Panthera onca
Femur,0.0,2.26,2.58,0.0,-56.37,-21.1,unknown,claystone,cave,Panthera onca
Femur,0.0,5.27,2.58,0.0,-56.37,-21.1,unknown,claystone,cave,Panthera onca
Humerus,11.98,0.0,2.58,0.0,-56.37,-21.1,unknown,claystone,cave,Leopardus braccatus
Humerus,0.0,0.84,2.58,0.0,-56.37,-21.1,unknown,claystone,cave,Leopardus braccatus
Humerus,0.0,1.61,2.58,0.0,-56.37,-21.1,unknown,claystone,cave,Leopardus braccatus
Humerus,0.0,1.47,2.58,0.0,-56.37,-21.1,unknown,claystone,cave,Leopardus braccatus
Humerus,0.0,2.12,2.58,0.0,-56.37,-21.1,unknown,claystone,cave,Leopardus braccatus
Humerus,0.0,2.31,2.58,0.0,-56.37,-21.1,unknown,claystone,cave,Protocyon troglodytes
Humerus,0.0,3.37,2.58,0.0,-56.37,-21.1,unknown,claystone,cave,Protocyon troglodytes
Tibia,0.0,1.64,2.58,0.0,-56.37,-21.1,unknown,claystone,cave,Chrysocyon brachyurus
Tibia,0.0,2.31,2.58,0.0,-56.37,-21.1,unknown,claystone,cave,Chrysocyon brachyurus
Humerus,0.0,1.52,2.58,0.0,-56.37,-21.1,unknown,claystone,cave,Chrysocyon brachyurus
Humerus,0.0,2.44,2.58,0.0,-56.37,-21.1,unknown,claystone,cave,Chrysocyon brachyurus
Humerus,0.0,3.15,2.58,0.0,-56.37,-21.1,unknown,claystone,cave,Chrysocyon brachyurus
Mandible,0.0,0.0,2.58,0.0,-56.38,-21.11,unknown,claystone,cave,Pteronura brasiliensis
Mandible M1,2.03,1.03,2.58,0.0,-56.38,-21.11,unknown,claystone,cave,Pteronura brasiliensis
P3,7.2,4.7,56.0,48.07,-28.6,-27.29,Itaboraí,marl,fissure fill,Eobrasilia coutoi
p2,4.5,3.4,56.0,48.07,-28.6,-27.29,Itaboraí,marl,fissure fill,Eobrasilia coutoi
p3,7.4,4.5,56.0,48.07,-28.6,-27.29,Itaboraí,marl,fissure fill,Eobrasilia coutoi
Mandibular P3,2.0,1.6,56.0,48.07,-28.6,-27.29,Itaboraí,marl,fissure fill,Procaroloameghinia pricei
Mandibular M1,2.5,2.2,56.0,48.07,-28.6,-27.29,Itaboraí,marl,fissure fill,Procaroloameghinia pricei
Mandibular M2,2.7,2.4,56.0,48.07,-28.6,-27.29,Itaboraí,marl,fissure fill,Procaroloameghinia pricei
Mandibular M3,2.7,2.4,56.0,48.07,-28.6,-27.29,Itaboraí,marl,fissure fill,Procaroloameghinia pricei
Mandibular M4,2.6,1.9,56.0,48.07,-28.6,-27.29,Itaboraí,marl,fissure fill,Procaroloameghinia pricei
Mandibular M1-3/M1-4,11.0,0.0,56.0,48.07,-28.6,-27.29,Itaboraí,marl,fissure fill,Procaroloameghinia pricei
Mandibular P3-4,13.0,0.0,56.0,48.07,-28.6,-27.29,Itaboraí,marl,fissure fill,Procaroloameghinia pricei
Total length from anterior margin of mesial nasal process to posterior margin o,276.3,0.0,11.63,7.246,-65.5,-9.7,Solimões,claystone,fluvial-lacustrine indet.,Neoepiblema horridula
Condylar-basal length from anterior margin of nasal spine to posterior margin o,261.4,0.0,11.63,7.246,-65.5,-9.7,Solimões,claystone,fluvial-lacustrine indet.,Neoepiblema horridula
Basal length from anterior margin of nasal spine to ventral margin of foramen m,249.8,0.0,11.63,7.246,-65.5,-9.7,Solimões,claystone,fluvial-lacustrine indet.,Neoepiblema horridula
Interorbital width between anterior margin of postorbital processes,0.0,70.0,11.63,7.246,-65.5,-9.7,Solimões,claystone,fluvial-lacustrine indet.,Neoepiblema horridula
Postorbital width at level of posterior margin of postorbital process,0.0,49.4,11.63,7.246,-65.5,-9.7,Solimões,claystone,fluvial-lacustrine indet.,Neoepiblema horridula
Height between dorsal limit of cristal sagitalis and midpoint of ventral margin,0.0,0.0,11.63,7.246,-65.5,-9.7,Solimões,claystone,fluvial-lacustrine indet.,Neoepiblema horridula
Length of diastema from ventral margin of posterior facet of alveolar process of,74.5,0.0,11.63,7.246,-65.5,-9.7,Solimões,claystone,fluvial-lacustrine indet.,Neoepiblema horridula
Maximal length of left nasal from anterior margin of mesial nasal process to po,115.0,0.0,11.63,7.246,-65.5,-9.7,Solimões,claystone,fluvial-lacustrine indet.,Neoepiblema horridula
Maximal width of left nasal at level of anterior margin of maseteric rostral fo,0.0,33.0,11.63,7.246,-65.5,-9.7,Solimões,claystone,fluvial-lacustrine indet.,Neoepiblema horridula
Left nasal width between contact of internasal  and interfrontal sutures and th,0.0,16.0,11.63,7.246,-65.5,-9.7,Solimões,claystone,fluvial-lacustrine indet.,Neoepiblema horridula
Length of internasal suture from anterior margin of mesial nasal process to con,111.0,0.0,11.63,7.246,-65.5,-9.7,Solimões,claystone,fluvial-lacustrine indet.,Neoepiblema horridula
Frontal length from contact of internasal and interfrontal sutures to posterior,100.0,0.0,11.63,7.246,-65.5,-9.7,Solimões,claystone,fluvial-lacustrine indet.,Neoepiblema horridula
Distance between anterior margin of of nasal spine and postero-lingual margin of,172.8,0.0,11.63,7.246,-65.5,-9.7,Solimões,claystone,fluvial-lacustrine indet.,Neoepiblema horridula
Distance between anterior margin of alveolar process of left maxilla and left po,158.0,0.0,11.63,7.246,-65.5,-9.7,Solimões,claystone,fluvial-lacustrine indet.,Neoepiblema horridula
Distance between anterior margin of nasal spine and posterior margin of palatine,162.0,0.0,11.63,7.246,-65.5,-9.7,Solimões,claystone,fluvial-lacustrine indet.,Neoepiblema horridula
Palatal length from posterior margin of incisor foramen to posterior margin of,75.0,0.0,11.63,7.246,-65.5,-9.7,Solimões,claystone,fluvial-lacustrine indet.,Neoepiblema horridula
Distance between posterior margin of palatal suture and midpoint of ventral marg,87.0,0.0,11.63,7.246,-65.5,-9.7,Solimões,claystone,fluvial-lacustrine indet.,Neoepiblema horridula
Distance between lateral margins of external acoustic meatuses,0.0,67.4,11.63,7.246,-65.5,-9.7,Solimões,claystone,fluvial-lacustrine indet.,Neoepiblema horridula
Occiput width at level of dorsal portion of external acoustic meatuses,0.0,67.8,11.63,7.246,-65.5,-9.7,Solimões,claystone,fluvial-lacustrine indet.,Neoepiblema horridula
Length of left tympanic bulla,31.0,0.0,11.63,7.246,-65.5,-9.7,Solimões,claystone,fluvial-lacustrine indet.,Neoepiblema horridula
Width of left tympanic bulla at level of its midpoint,0.0,15.5,11.63,7.246,-65.5,-9.7,Solimões,claystone,fluvial-lacustrine indet.,Neoepiblema horridula
Width between occipital condyles at level of midpoint of ventral margin of fora,0.0,37.0,11.63,7.246,-65.5,-9.7,Solimões,claystone,fluvial-lacustrine indet.,Neoepiblema horridula
Length of right upper P4-M3 series on occlusal surface from antero-labial margi,70.7,0.0,11.63,7.246,-65.5,-9.7,Solimões,claystone,fluvial-lacustrine indet.,Neoepiblema horridula
Length of left upper P4-M3 series on occlusal surface from antero-labial margin,70.3,0.0,11.63,7.246,-65.5,-9.7,Solimões,claystone,fluvial-lacustrine indet.,Neoepiblema horridula
Distance between left and right upper P4 between postero-lingual margin of firs,0.0,11.3,11.63,7.246,-65.5,-9.7,Solimões,claystone,fluvial-lacustrine indet.,Neoepiblema horridula
Distance between left and right upper M1 between postero-lingual margin of firs,0.0,25.0,11.63,7.246,-65.5,-9.7,Solimões,claystone,fluvial-lacustrine indet.,Neoepiblema horridula
Distance between left and right upper M2 between postero-lingual margin of firs,0.0,35.0,11.63,7.246,-65.5,-9.7,Solimões,claystone,fluvial-lacustrine indet.,Neoepiblema horridula
Distance between left and right upper M3 between postero-lingual margin of firs,0.0,43.0,11.63,7.246,-65.5,-9.7,Solimões,claystone,fluvial-lacustrine indet.,Neoepiblema horridula
Upper P4; Antero-posterior diameter,16.0,0.0,11.63,7.246,-65.5,-9.7,Solimões,claystone,fluvial-lacustrine indet.,Neoepiblema horridula
Upper P4; Maximal transverse diameter,0.0,14.2,11.63,7.246,-65.5,-9.7,Solimões,claystone,fluvial-lacustrine indet.,Neoepiblema horridula
Upper P4; First lamina,11.8,2.7,11.63,7.246,-65.5,-9.7,Solimões,claystone,fluvial-lacustrine indet.,Neoepiblema horridula
Upper P4; Second lamina,15.2,2.2,11.63,7.246,-65.5,-9.7,Solimões,claystone,fluvial-lacustrine indet.,Neoepiblema horridula
Upper P4; Third lamina,12.0,4.0,11.63,7.246,-65.5,-9.7,Solimões,claystone,fluvial-lacustrine indet.,Neoepiblema horridula
Upper M1; Antero-posterior diameter,15.0,0.0,11.63,7.246,-65.5,-9.7,Solimões,claystone,fluvial-lacustrine indet.,Neoepiblema horridula
Upper M1; Maximal transverse diameter,0.0,13.9,11.63,7.246,-65.5,-9.7,Solimões,claystone,fluvial-lacustrine indet.,Neoepiblema horridula
Upper M1; First lamina,13.1,2.7,11.63,7.246,-65.5,-9.7,Solimões,claystone,fluvial-lacustrine indet.,Neoepiblema horridula
Upper M1; Second lamina,14.7,2.5,11.63,7.246,-65.5,-9.7,Solimões,claystone,fluvial-lacustrine indet.,Neoepiblema horridula
Upper M1; Third lamina,11.5,4.0,11.63,7.246,-65.5,-9.7,Solimões,claystone,fluvial-lacustrine indet.,Neoepiblema horridula
Upper M2; Antero-posterior diameter,15.0,0.0,11.63,7.246,-65.5,-9.7,Solimões,claystone,fluvial-lacustrine indet.,Neoepiblema horridula
Upper M2; Maximal transverse diameter,0.0,13.8,11.63,7.246,-65.5,-9.7,Solimões,claystone,fluvial-lacustrine indet.,Neoepiblema horridula
Upper M2; First lamina,12.8,2.6,11.63,7.246,-65.5,-9.7,Solimões,claystone,fluvial-lacustrine indet.,Neoepiblema horridula
Upper M2; Second lamina,14.2,2.4,11.63,7.246,-65.5,-9.7,Solimões,claystone,fluvial-lacustrine indet.,Neoepiblema horridula
Upper M2; Third lamina,12.0,4.5,11.63,7.246,-65.5,-9.7,Solimões,claystone,fluvial-lacustrine indet.,Neoepiblema horridula
Upper M3; Antero-posterior diameter,22.0,0.0,11.63,7.246,-65.5,-9.7,Solimões,claystone,fluvial-lacustrine indet.,Neoepiblema horridula
Upper M3; Maximal transverse diameter,0.0,14.6,11.63,7.246,-65.5,-9.7,Solimões,claystone,fluvial-lacustrine indet.,Neoepiblema horridula
Upper M3; First lamina,11.5,2.4,11.63,7.246,-65.5,-9.7,Solimões,claystone,fluvial-lacustrine indet.,Neoepiblema horridula
Upper M3; Second lamina,15.2,2.1,11.63,7.246,-65.5,-9.7,Solimões,claystone,fluvial-lacustrine indet.,Neoepiblema horridula
Upper M3; Third lamina,14.0,2.3,11.63,7.246,-65.5,-9.7,Solimões,claystone,fluvial-lacustrine indet.,Neoepiblema horridula
Upper M3; Fourth lamina,10.4,4.5,11.63,7.246,-65.5,-9.7,Solimões,claystone,fluvial-lacustrine indet.,Neoepiblema horridula
Upper P4; Antero-posterior diameter,16.0,0.0,11.63,7.246,-65.5,-9.7,Solimões,claystone,fluvial-lacustrine indet.,Neoepiblema horridula
Upper P4; Maximal transverse diameter,0.0,14.6,11.63,7.246,-65.5,-9.7,Solimões,claystone,fluvial-lacustrine indet.,Neoepiblema horridula
Upper P4; First lamina,11.7,2.7,11.63,7.246,-65.5,-9.7,Solimões,claystone,fluvial-lacustrine indet.,Neoepiblema horridula
Upper P4; Second lamina,15.0,2.4,11.63,7.246,-65.5,-9.7,Solimões,claystone,fluvial-lacustrine indet.,Neoepiblema horridula
Upper P4; Third lamina,12.0,4.0,11.63,7.246,-65.5,-9.7,Solimões,claystone,fluvial-lacustrine indet.,Neoepiblema horridula
Upper M1; Antero-posterior diameter,15.0,0.0,11.63,7.246,-65.5,-9.7,Solimões,claystone,fluvial-lacustrine indet.,Neoepiblema horridula
Upper M1; Maximal transverse diameter,0.0,13.8,11.63,7.246,-65.5,-9.7,Solimões,claystone,fluvial-lacustrine indet.,Neoepiblema horridula
Upper M1; First lamina,12.8,3.0,11.63,7.246,-65.5,-9.7,Solimões,claystone,fluvial-lacustrine indet.,Neoepiblema horridula
Upper M1; Second lamina,14.4,2.0,11.63,7.246,-65.5,-9.7,Solimões,claystone,fluvial-lacustrine indet.,Neoepiblema horridula
Upper M1; Third lamina,11.0,5.0,11.63,7.246,-65.5,-9.7,Solimões,claystone,fluvial-lacustrine indet.,Neoepiblema horridula
Upper M2; Antero-posterior diameter,15.0,0.0,11.63,7.246,-65.5,-9.7,Solimões,claystone,fluvial-lacustrine indet.,Neoepiblema horridula
Upper M2; Maximal transverse diameter,0.0,13.9,11.63,7.246,-65.5,-9.7,Solimões,claystone,fluvial-lacustrine indet.,Neoepiblema horridula
Upper M2; First lamina,13.1,2.7,11.63,7.246,-65.5,-9.7,Solimões,claystone,fluvial-lacustrine indet.,Neoepiblema horridula
Upper M2; Second lamina,14.6,2.3,11.63,7.246,-65.5,-9.7,Solimões,claystone,fluvial-lacustrine indet.,Neoepiblema horridula
Upper M2; Third lamina,12.0,4.5,11.63,7.246,-65.5,-9.7,Solimões,claystone,fluvial-lacustrine indet.,Neoepiblema horridula
Upper M3; Antero-posterior diameter,22.2,0.0,11.63,7.246,-65.5,-9.7,Solimões,claystone,fluvial-lacustrine indet.,Neoepiblema horridula
Upper M3; Maximal transverse diameter,0.0,14.8,11.63,7.246,-65.5,-9.7,Solimões,claystone,fluvial-lacustrine indet.,Neoepiblema horridula
Upper M3; First lamina,12.2,2.3,11.63,7.246,-65.5,-9.7,Solimões,claystone,fluvial-lacustrine indet.,Neoepiblema horridula
Upper M3; Second lamina,15.6,2.2,11.63,7.246,-65.5,-9.7,Solimões,claystone,fluvial-lacustrine indet.,Neoepiblema horridula
Upper M3; Third lamina,13.8,2.2,11.63,7.246,-65.5,-9.7,Solimões,claystone,fluvial-lacustrine indet.,Neoepiblema horridula
Upper M3; Fourth lamina,10.2,4.5,11.63,7.246,-65.5,-9.7,Solimões,claystone,fluvial-lacustrine indet.,Neoepiblema horridula
P2,9.6,9.6,2.58,0.0,-72.44,-10.88,unknown,conglomerate,fluvial indet.,Tayassu pecari
P3,10.1,11.7,2.58,0.0,-72.44,-10.88,unknown,conglomerate,fluvial indet.,Tayassu pecari
P4,11.6,12.8,2.58,0.0,-72.44,-10.88,unknown,conglomerate,fluvial indet.,Tayassu pecari
M1,13.3,13.2,2.58,0.0,-72.44,-10.88,unknown,conglomerate,fluvial indet.,Tayassu pecari
M2,15.0,14.5,2.58,0.0,-72.44,-10.88,unknown,conglomerate,fluvial indet.,Tayassu pecari
M3,17.2,14.4,2.58,0.0,-72.44,-10.88,unknown,conglomerate,fluvial indet.,Tayassu pecari
M1,15.1,15.0,2.58,0.0,-72.44,-10.88,unknown,conglomerate,fluvial indet.,Tayassu pecari
M2,16.7,17.4,2.58,0.0,-72.44,-10.88,unknown,conglomerate,fluvial indet.,Tayassu pecari
M3,18.3,16.5,2.58,0.0,-72.44,-10.88,unknown,conglomerate,fluvial indet.,Tayassu pecari
P2,10.7,9.7,2.58,0.0,-72.44,-10.88,unknown,conglomerate,fluvial indet.,Tayassu pecari
P3,11.5,11.8,2.58,0.0,-72.44,-10.88,unknown,conglomerate,fluvial indet.,Tayassu pecari
P4,12.1,13.0,2.58,0.0,-72.44,-10.88,unknown,conglomerate,fluvial indet.,Tayassu pecari
P2,9.5,9.3,2.58,0.0,-72.44,-10.88,unknown,conglomerate,fluvial indet.,Tayassu pecari
P3,11.8,11.6,2.58,0.0,-72.44,-10.88,unknown,conglomerate,fluvial indet.,Tayassu pecari
M2,16.7,16.2,2.58,0.0,-72.44,-10.88,unknown,conglomerate,fluvial indet.,Tayassu pecari
M3,16.1,14.9,2.58,0.0,-72.44,-10.88,unknown,conglomerate,fluvial indet.,Tayassu pecari
Lower C1,12.9,8.8,2.58,0.0,-72.52,-8.76,unknown,conglomerate,fluvial indet.,Tayassu pecari
p2,10.5,6.0,2.58,0.0,-72.52,-8.76,unknown,conglomerate,fluvial indet.,Tayassu pecari
p3,10.9,7.5,2.58,0.0,-72.52,-8.76,unknown,conglomerate,fluvial indet.,Tayassu pecari
p4,13.6,11.3,2.58,0.0,-72.52,-8.76,unknown,conglomerate,fluvial indet.,Tayassu pecari
Lower M1-4/P1-3,14.4,12.5,2.58,0.0,-72.52,-8.76,unknown,conglomerate,fluvial indet.,Tayassu pecari
m2,16.3,15.4,2.58,0.0,-72.52,-8.76,unknown,conglomerate,fluvial indet.,Tayassu pecari
m3,23.0,14.9,2.58,0.0,-72.52,-8.76,unknown,conglomerate,fluvial indet.,Tayassu pecari
Lower dP3,9.2,6.7,2.58,0.0,-72.44,-10.88,unknown,conglomerate,fluvial indet.,Tayassu pecari
Lower dP4,16.7,9.5,2.58,0.0,-72.44,-10.88,unknown,conglomerate,fluvial indet.,Tayassu pecari
m1,14.5,12.0,2.58,0.0,-72.44,-10.88,unknown,conglomerate,fluvial indet.,Tayassu pecari
m2,17.3,14.4,2.58,0.0,-72.44,-10.88,unknown,conglomerate,fluvial indet.,Tayassu pecari
p4,12.7,10.9,2.58,0.0,-71.04,-10.0,unknown,conglomerate,fluvial indet.,Tayassu pecari
m1,15.3,13.0,2.58,0.0,-71.04,-10.0,unknown,conglomerate,fluvial indet.,Tayassu pecari
p4,12.9,10.8,2.58,0.0,-72.44,-10.88,unknown,conglomerate,fluvial indet.,Tayassu pecari
m1,15.2,13.3,2.58,0.0,-72.44,-10.88,unknown,conglomerate,fluvial indet.,Tayassu pecari
m2,18.0,15.4,2.58,0.0,-72.44,-10.88,unknown,conglomerate,fluvial indet.,Tayassu pecari
m3,22.8,14.5,2.58,0.0,-72.44,-10.88,unknown,conglomerate,fluvial indet.,Tayassu pecari
m3,20.4,14.4,2.58,0.0,-72.44,-10.88,unknown,conglomerate,fluvial indet.,Tayassu pecari
P4,9.4,9.8,2.58,0.0,-72.44,-10.88,unknown,conglomerate,fluvial indet.,Pecari tajacu
M1,11.0,10.1,2.58,0.0,-72.44,-10.88,unknown,conglomerate,fluvial indet.,Pecari tajacu
M2,9.8,12.1,2.58,0.0,-72.44,-10.88,unknown,conglomerate,fluvial indet.,Pecari tajacu
M3,13.6,11.2,2.58,0.0,-72.44,-10.88,unknown,conglomerate,fluvial indet.,Pecari tajacu
p4,10.6,7.7,2.58,0.0,-72.44,-10.88,unknown,conglomerate,fluvial indet.,Pecari tajacu
m2,13.1,11.6,2.58,0.0,-72.44,-10.88,unknown,conglomerate,fluvial indet.,Pecari tajacu
m3,18.0,10.9,2.58,0.0,-72.44,-10.88,unknown,conglomerate,fluvial indet.,Pecari tajacu
p3,9.7,7.5,2.58,0.0,-72.44,-10.88,unknown,conglomerate,fluvial indet.,Pecari tajacu
p4,10.7,9.4,2.58,0.0,-72.44,-10.88,unknown,conglomerate,fluvial indet.,Pecari tajacu
m1,12.4,10.0,2.58,0.0,-72.44,-10.88,unknown,conglomerate,fluvial indet.,Pecari tajacu
m2,13.3,11.8,2.58,0.0,-72.44,-10.88,unknown,conglomerate,fluvial indet.,Pecari tajacu
m3,18.2,11.9,2.58,0.0,-72.44,-10.88,unknown,conglomerate,fluvial indet.,Pecari tajacu
m1,11.5,8.8,2.58,0.0,-72.44,-10.88,unknown,conglomerate,fluvial indet.,Pecari tajacu
m2,13.0,11.1,2.58,0.0,-72.44,-10.88,unknown,conglomerate,fluvial indet.,Pecari tajacu
m3,16.5,10.4,2.58,0.0,-72.44,-10.88,unknown,conglomerate,fluvial indet.,Pecari tajacu
m1,11.4,9.4,2.58,0.0,-72.44,-10.88,unknown,conglomerate,fluvial indet.,Pecari tajacu
Length of tooth row upper P2–M3,76.0,0.0,2.58,0.0,-72.44,-10.88,unknown,conglomerate,fluvial indet.,Tayassu pecari
Outside width of tooth rows measured across upper M3s,0.0,50.0,2.58,0.0,-72.44,-10.88,unknown,conglomerate,fluvial indet.,Tayassu pecari
Width of zygomatic arch measured from mid–tooth alveolar margin of upper M1 to o,0.0,18.0,2.58,0.0,-72.44,-10.88,unknown,conglomerate,fluvial indet.,Tayassu pecari
Width of zygomatic arch measured from mid–tooth alveolar margin of upper M3 to e,0.0,29.0,2.58,0.0,-72.44,-10.88,unknown,conglomerate,fluvial indet.,Tayassu pecari
Least length of base of zygomatic arch inferior view,30.0,0.0,2.58,0.0,-72.44,-10.88,unknown,conglomerate,fluvial indet.,Tayassu pecari
Height of zygomatic arch above mid–tooth alveolar margin of upper M3 to lower ed,0.0,0.0,2.58,0.0,-72.44,-10.88,unknown,conglomerate,fluvial indet.,Tayassu pecari
Total length of lower tooth row,87.9,0.0,2.58,0.0,-72.52,-8.76,unknown,conglomerate,fluvial indet.,Tayassu pecari
Lower diastema length,32.4,0.0,2.58,0.0,-72.52,-8.76,unknown,conglomerate,fluvial indet.,Tayassu pecari
Depth of ramus below lower P2,0.0,0.0,2.58,0.0,-72.52,-8.76,unknown,conglomerate,fluvial indet.,Tayassu pecari
Depth of ramus below lower M3,0.0,0.0,2.58,0.0,-72.52,-8.76,unknown,conglomerate,fluvial indet.,Tayassu pecari
Depth tip of coronoid process to inferior margin of ramus,0.0,0.0,2.58,0.0,-72.52,-8.76,unknown,conglomerate,fluvial indet.,Tayassu pecari
Depth of ramus below lower P2,0.0,0.0,2.58,0.0,-72.44,-10.88,unknown,conglomerate,fluvial indet.,Pecari tajacu
Depth of ramus below lower M3,0.0,0.0,2.58,0.0,-72.44,-10.88,unknown,conglomerate,fluvial indet.,Pecari tajacu
Depth from tip of coronoid process to inferior margin,0.0,0.0,2.58,0.0,-72.44,-10.88,unknown,conglomerate,fluvial indet.,Pecari tajacu
c,0.0,2.31,33.9,27.3,-63.44,-34.93,Abanico,volcaniclastic,terrestrial indet.,Kramadolops abanicoi
dp1,1.38,0.62,33.9,27.3,-63.44,-34.93,Abanico,volcaniclastic,terrestrial indet.,Kramadolops abanicoi
p2,1.69,1.38,33.9,27.3,-63.44,-34.93,Abanico,volcaniclastic,terrestrial indet.,Kramadolops abanicoi
p3,4.92,0.0,33.9,27.3,-63.44,-34.93,Abanico,volcaniclastic,terrestrial indet.,Kramadolops abanicoi
p3,6.0,0.0,33.9,27.3,-63.44,-34.93,Abanico,volcaniclastic,terrestrial indet.,Kramadolops abanicoi
p3,0.0,5.54,33.9,27.3,-63.44,-34.93,Abanico,volcaniclastic,terrestrial indet.,Kramadolops abanicoi
p3,0.0,4.77,33.9,27.3,-63.44,-34.93,Abanico,volcaniclastic,terrestrial indet.,Kramadolops abanicoi
m1,4.77,3.85,33.9,27.3,-63.44,-34.93,Abanico,volcaniclastic,terrestrial indet.,Kramadolops abanicoi
m2,4.46,3.85,33.9,27.3,-63.44,-34.93,Abanico,volcaniclastic,terrestrial indet.,Kramadolops abanicoi
m3,4.0,2.2,33.9,27.3,-63.44,-34.93,Abanico,volcaniclastic,terrestrial indet.,Kramadolops abanicoi
p3-m3,18.0,0.0,33.9,27.3,-63.44,-34.93,Abanico,volcaniclastic,terrestrial indet.,Kramadolops abanicoi
P3,19.8,25.2,17.5,16.3,-65.05,-17.94,Chucal,sandstone,floodplain,Nesodon imbricatus
P4,21.6,28.3,17.5,16.3,-65.05,-17.94,Chucal,sandstone,floodplain,Nesodon imbricatus
M1,31.4,27.6,17.5,16.3,-65.05,-17.94,Chucal,sandstone,floodplain,Nesodon imbricatus
M2,45.1,34.5,17.5,16.3,-65.05,-17.94,Chucal,sandstone,floodplain,Nesodon imbricatus
M3,58.6,31.3,17.5,16.3,-65.05,-17.94,Chucal,sandstone,floodplain,Nesodon imbricatus
M2,44.0,34.4,17.5,16.3,-65.05,-17.94,Chucal,sandstone,floodplain,Nesodon imbricatus
M3,46.4,26.6,17.5,16.3,-65.05,-17.94,Chucal,sandstone,floodplain,Nesodon imbricatus
m2,39.8,17.2,17.5,16.3,-65.05,-17.94,Chucal,sandstone,floodplain,Nesodon imbricatus
m3,75.0,22.0,17.5,16.3,-65.05,-17.94,Chucal,sandstone,floodplain,Nesodon imbricatus
P4,6.9,7.7,17.5,16.3,-65.05,-17.94,Chucal,sandstone,floodplain,Altitypotherium paucidens
M1,12.3,8.5,17.5,16.3,-65.05,-17.94,Chucal,sandstone,floodplain,Altitypotherium paucidens
I1,14.4,6.7,17.5,16.3,-65.05,-17.94,Chucal,sandstone,floodplain,Altitypotherium paucidens
P4,6.9,7.6,17.5,16.3,-65.05,-17.94,Chucal,sandstone,floodplain,Altitypotherium paucidens
M1,12.5,8.6,17.5,16.3,-65.05,-17.94,Chucal,sandstone,floodplain,Altitypotherium paucidens
M2,12.8,8.8,17.5,16.3,-65.05,-17.94,Chucal,sandstone,floodplain,Altitypotherium paucidens
M3,12.9,8.4,17.5,16.3,-65.05,-17.94,Chucal,sandstone,floodplain,Altitypotherium paucidens
I1,14.0,6.8,17.5,16.3,-65.05,-17.94,Chucal,sandstone,floodplain,Altitypotherium paucidens
P4,7.0,8.3,17.5,16.3,-65.05,-17.94,Chucal,sandstone,floodplain,Altitypotherium paucidens
M3,14.1,8.3,17.5,16.3,-65.05,-17.94,Chucal,sandstone,floodplain,Altitypotherium paucidens
M3,12.5,8.6,17.5,16.3,-65.05,-17.94,Chucal,sandstone,floodplain,Altitypotherium paucidens
p4,8.1,5.1,17.5,16.3,-65.05,-17.94,Chucal,sandstone,floodplain,Altitypotherium paucidens
m1,10.5,6.4,17.5,16.3,-65.05,-17.94,Chucal,sandstone,floodplain,Altitypotherium paucidens
m2,0.0,6.4,17.5,16.3,-65.05,-17.94,Chucal,sandstone,floodplain,Altitypotherium paucidens
m3,16.6,5.6,17.5,16.3,-65.05,-17.94,Chucal,sandstone,floodplain,Altitypotherium paucidens
p4,8.3,5.6,17.5,16.3,-65.05,-17.94,Chucal,sandstone,floodplain,Altitypotherium paucidens
m1,10.7,6.5,17.5,16.3,-65.05,-17.94,Chucal,sandstone,floodplain,Altitypotherium paucidens
m2,13.0,6.6,17.5,16.3,-65.05,-17.94,Chucal,sandstone,floodplain,Altitypotherium paucidens
m3,16.2,5.4,17.5,16.3,-65.05,-17.94,Chucal,sandstone,floodplain,Altitypotherium paucidens
m2,11.3,6.6,17.5,16.3,-65.05,-17.94,Chucal,sandstone,floodplain,Altitypotherium paucidens
m3,16.1,6.4,17.5,16.3,-65.05,-17.94,Chucal,sandstone,floodplain,Altitypotherium paucidens
p4,7.4,5.0,17.5,16.3,-65.05,-17.94,Chucal,sandstone,floodplain,Altitypotherium paucidens
m1,10.1,6.7,17.5,16.3,-65.05,-17.94,Chucal,sandstone,floodplain,Altitypotherium paucidens
m3,16.1,6.3,17.5,16.3,-65.05,-17.94,Chucal,sandstone,floodplain,Altitypotherium paucidens
i1,7.0,4.9,17.5,16.3,-65.05,-17.94,Chucal,sandstone,floodplain,Altitypotherium paucidens
i2,5.7,3.8,17.5,16.3,-65.05,-17.94,Chucal,sandstone,floodplain,Altitypotherium paucidens
p4,8.4,4.9,17.5,16.3,-65.05,-17.94,Chucal,sandstone,floodplain,Altitypotherium paucidens
m1,10.5,6.3,17.5,16.3,-65.05,-17.94,Chucal,sandstone,floodplain,Altitypotherium paucidens
m2,12.0,6.5,17.5,16.3,-65.05,-17.94,Chucal,sandstone,floodplain,Altitypotherium paucidens
m3,15.5,5.9,17.5,16.3,-65.05,-17.94,Chucal,sandstone,floodplain,Altitypotherium paucidens
i1,7.1,4.9,17.5,16.3,-65.05,-17.94,Chucal,sandstone,floodplain,Altitypotherium paucidens
i2,5.0,3.8,17.5,16.3,-65.05,-17.94,Chucal,sandstone,floodplain,Altitypotherium paucidens
i1,7.1,4.7,17.5,16.3,-65.05,-17.94,Chucal,sandstone,floodplain,Altitypotherium paucidens
i2,5.5,4.0,17.5,16.3,-65.05,-17.94,Chucal,sandstone,floodplain,Altitypotherium paucidens
i2,6.0,4.0,17.5,16.3,-65.05,-17.94,Chucal,sandstone,floodplain,Altitypotherium paucidens
p4,7.5,5.3,17.5,16.3,-65.05,-17.94,Chucal,sandstone,floodplain,Altitypotherium paucidens
m1,10.8,6.3,17.5,16.3,-65.05,-17.94,Chucal,sandstone,floodplain,Altitypotherium paucidens
m2,11.6,7.0,17.5,16.3,-65.05,-17.94,Chucal,sandstone,floodplain,Altitypotherium paucidens
m3,15.9,7.9,17.5,16.3,-65.05,-17.94,Chucal,sandstone,floodplain,Altitypotherium paucidens
P3,4.9,5.9,17.5,16.3,-65.05,-17.94,Chucal,sandstone,floodplain,Altitypotherium chucalensis
P4,6.3,7.3,17.5,16.3,-65.05,-17.94,Chucal,sandstone,floodplain,Altitypotherium chucalensis
M1,10.4,8.6,17.5,16.3,-65.05,-17.94,Chucal,sandstone,floodplain,Altitypotherium chucalensis
M2,12.9,8.5,17.5,16.3,-65.05,-17.94,Chucal,sandstone,floodplain,Altitypotherium chucalensis
M3,13.1,7.6,17.5,16.3,-65.05,-17.94,Chucal,sandstone,floodplain,Altitypotherium chucalensis
P3,4.5,6.0,17.5,16.3,-65.05,-17.94,Chucal,sandstone,floodplain,Altitypotherium chucalensis
P4,5.9,0.0,17.5,16.3,-65.05,-17.94,Chucal,sandstone,floodplain,Altitypotherium chucalensis
M1,10.4,8.9,17.5,16.3,-65.05,-17.94,Chucal,sandstone,floodplain,Altitypotherium chucalensis
M2,0.0,8.4,17.5,16.3,-65.05,-17.94,Chucal,sandstone,floodplain,Altitypotherium chucalensis
M3,13.3,7.7,17.5,16.3,-65.05,-17.94,Chucal,sandstone,floodplain,Altitypotherium chucalensis
I1,12.4,6.6,17.5,16.3,-65.05,-17.94,Chucal,sandstone,floodplain,Altitypotherium chucalensis
I1,12.5,6.8,17.5,16.3,-65.05,-17.94,Chucal,sandstone,floodplain,Altitypotherium chucalensis
I1,11.9,6.5,17.5,16.3,-65.05,-17.94,Chucal,sandstone,floodplain,Altitypotherium chucalensis
P3,5.5,5.8,17.5,16.3,-65.05,-17.94,Chucal,sandstone,floodplain,Altitypotherium chucalensis
P4,6.8,7.6,17.5,16.3,-65.05,-17.94,Chucal,sandstone,floodplain,Altitypotherium chucalensis
M2,0.0,8.8,17.5,16.3,-65.05,-17.94,Chucal,sandstone,floodplain,Altitypotherium chucalensis
M3,0.0,7.3,17.5,16.3,-65.05,-17.94,Chucal,sandstone,floodplain,Altitypotherium chucalensis
P4,6.4,0.0,17.5,16.3,-65.05,-17.94,Chucal,sandstone,floodplain,Altitypotherium chucalensis
P3,6.1,5.3,17.5,16.3,-65.05,-17.94,Chucal,sandstone,floodplain,Altitypotherium chucalensis
P3,5.4,6.1,17.5,16.3,-65.05,-17.94,Chucal,sandstone,floodplain,Altitypotherium chucalensis
P3,5.1,5.4,17.5,16.3,-65.05,-17.94,Chucal,sandstone,floodplain,Altitypotherium chucalensis
P4,5.9,7.3,17.5,16.3,-65.05,-17.94,Chucal,sandstone,floodplain,Altitypotherium chucalensis
P4,5.9,6.9,17.5,16.3,-65.05,-17.94,Chucal,sandstone,floodplain,Altitypotherium chucalensis
M2,12.3,8.5,17.5,16.3,-65.05,-17.94,Chucal,sandstone,floodplain,Altitypotherium chucalensis
i1,6.9,4.6,17.5,16.3,-65.05,-17.94,Chucal,sandstone,floodplain,Altitypotherium chucalensis
p4,7.0,4.7,17.5,16.3,-65.05,-17.94,Chucal,sandstone,floodplain,Altitypotherium chucalensis
m1,10.3,6.2,17.5,16.3,-65.05,-17.94,Chucal,sandstone,floodplain,Altitypotherium chucalensis
m2,0.0,6.1,17.5,16.3,-65.05,-17.94,Chucal,sandstone,floodplain,Altitypotherium chucalensis
i1,6.8,4.3,17.5,16.3,-65.05,-17.94,Chucal,sandstone,floodplain,Altitypotherium chucalensis
i2,5.5,3.7,17.5,16.3,-65.05,-17.94,Chucal,sandstone,floodplain,Altitypotherium chucalensis
i1,6.7,4.3,17.5,16.3,-65.05,-17.94,Chucal,sandstone,floodplain,Altitypotherium chucalensis
i2,5.0,3.4,17.5,16.3,-65.05,-17.94,Chucal,sandstone,floodplain,Altitypotherium chucalensis
i1,6.8,4.4,17.5,16.3,-65.05,-17.94,Chucal,sandstone,floodplain,Altitypotherium chucalensis
i2,5.0,3.4,17.5,16.3,-65.05,-17.94,Chucal,sandstone,floodplain,Altitypotherium chucalensis
p4,7.2,4.3,17.5,16.3,-65.05,-17.94,Chucal,sandstone,floodplain,Altitypotherium chucalensis
m1,10.0,5.8,17.5,16.3,-65.05,-17.94,Chucal,sandstone,floodplain,Altitypotherium chucalensis
m2,0.0,5.7,17.5,16.3,-65.05,-17.94,Chucal,sandstone,floodplain,Altitypotherium chucalensis
i1,6.2,4.0,17.5,16.3,-65.05,-17.94,Chucal,sandstone,floodplain,Altitypotherium chucalensis
i1,6.0,4.0,17.5,16.3,-65.05,-17.94,Chucal,sandstone,floodplain,Altitypotherium chucalensis
i2,5.2,3.4,17.5,16.3,-65.05,-17.94,Chucal,sandstone,floodplain,Altitypotherium chucalensis
i1,6.2,4.0,17.5,16.3,-65.05,-17.94,Chucal,sandstone,floodplain,Altitypotherium chucalensis
p4,6.5,4.2,17.5,16.3,-65.05,-17.94,Chucal,sandstone,floodplain,Altitypotherium chucalensis
m1,10.0,5.9,17.5,16.3,-65.05,-17.94,Chucal,sandstone,floodplain,Altitypotherium chucalensis
m2,10.7,5.7,17.5,16.3,-65.05,-17.94,Chucal,sandstone,floodplain,Altitypotherium chucalensis
p4,6.9,4.5,17.5,16.3,-65.05,-17.94,Chucal,sandstone,floodplain,Altitypotherium chucalensis
m1,9.7,6.1,17.5,16.3,-65.05,-17.94,Chucal,sandstone,floodplain,Altitypotherium chucalensis
m2,10.9,6.1,17.5,16.3,-65.05,-17.94,Chucal,sandstone,floodplain,Altitypotherium chucalensis
m3,13.8,5.7,17.5,16.3,-65.05,-17.94,Chucal,sandstone,floodplain,Altitypotherium chucalensis
p4,7.2,4.5,17.5,16.3,-65.05,-17.94,Chucal,sandstone,floodplain,Altitypotherium chucalensis
m1,9.7,6.0,17.5,16.3,-65.05,-17.94,Chucal,sandstone,floodplain,Altitypotherium chucalensis
m2,11.4,6.1,17.5,16.3,-65.05,-17.94,Chucal,sandstone,floodplain,Altitypotherium chucalensis
p4,6.1,4.0,17.5,16.3,-65.05,-17.94,Chucal,sandstone,floodplain,Altitypotherium chucalensis
m1,9.5,5.6,17.5,16.3,-65.05,-17.94,Chucal,sandstone,floodplain,Altitypotherium chucalensis
m2,10.8,5.7,17.5,16.3,-65.05,-17.94,Chucal,sandstone,floodplain,Altitypotherium chucalensis
m1,9.6,6.0,17.5,16.3,-65.05,-17.94,Chucal,sandstone,floodplain,Altitypotherium chucalensis
m1,10.4,6.3,17.5,16.3,-65.05,-17.94,Chucal,sandstone,floodplain,Altitypotherium chucalensis
m2,11.5,6.1,17.5,16.3,-65.05,-17.94,Chucal,sandstone,floodplain,Altitypotherium chucalensis
m2,12.1,5.8,17.5,16.3,-65.05,-17.94,Chucal,sandstone,floodplain,Altitypotherium chucalensis
m2,10.8,6.0,17.5,16.3,-65.05,-17.94,Chucal,sandstone,floodplain,Altitypotherium chucalensis
m2,11.7,5.9,17.5,16.3,-65.05,-17.94,Chucal,sandstone,floodplain,Altitypotherium chucalensis
m2,11.6,5.9,17.5,16.3,-65.05,-17.94,Chucal,sandstone,floodplain,Altitypotherium chucalensis
m2,11.0,6.1,17.5,16.3,-65.05,-17.94,Chucal,sandstone,floodplain,Altitypotherium chucalensis
m2,11.1,5.8,17.5,16.3,-65.05,-17.94,Chucal,sandstone,floodplain,Altitypotherium chucalensis
m2,11.5,6.0,17.5,16.3,-65.05,-17.94,Chucal,sandstone,floodplain,Altitypotherium chucalensis
m3,15.8,5.4,17.5,16.3,-65.05,-17.94,Chucal,sandstone,floodplain,Altitypotherium chucalensis
m3,13.5,5.5,17.5,16.3,-65.05,-17.94,Chucal,sandstone,floodplain,Altitypotherium chucalensis
m3,16.2,5.4,17.5,16.3,-65.05,-17.94,Chucal,sandstone,floodplain,Altitypotherium chucalensis
m3,15.5,5.5,17.5,16.3,-65.05,-17.94,Chucal,sandstone,floodplain,Altitypotherium chucalensis
P3,4.4,4.0,17.5,16.3,-65.05,-17.94,Chucal,sandstone,floodplain,Eotypotherium chico
P4,5.2,5.3,17.5,16.3,-65.05,-17.94,Chucal,sandstone,floodplain,Eotypotherium chico
M1,9.5,6.4,17.5,16.3,-65.05,-17.94,Chucal,sandstone,floodplain,Eotypotherium chico
M2,9.6,6.5,17.5,16.3,-65.05,-17.94,Chucal,sandstone,floodplain,Eotypotherium chico
M3,9.8,5.8,17.5,16.3,-65.05,-17.94,Chucal,sandstone,floodplain,Eotypotherium chico
I1,6.7,4.0,17.5,16.3,-65.05,-17.94,Chucal,sandstone,floodplain,Eotypotherium chico
P3,4.2,4.8,17.5,16.3,-65.05,-17.94,Chucal,sandstone,floodplain,Eotypotherium chico
P4,5.8,5.6,17.5,16.3,-65.05,-17.94,Chucal,sandstone,floodplain,Eotypotherium chico
M1,8.2,5.9,17.5,16.3,-65.05,-17.94,Chucal,sandstone,floodplain,Eotypotherium chico
M2,0.0,6.6,17.5,16.3,-65.05,-17.94,Chucal,sandstone,floodplain,Eotypotherium chico
P3,3.1,3.7,17.5,16.3,-65.05,-17.94,Chucal,sandstone,floodplain,Eotypotherium chico
P4,4.9,5.3,17.5,16.3,-65.05,-17.94,Chucal,sandstone,floodplain,Eotypotherium chico
M1,8.0,6.2,17.5,16.3,-65.05,-17.94,Chucal,sandstone,floodplain,Eotypotherium chico
M2,9.5,0.0,17.5,16.3,-65.05,-17.94,Chucal,sandstone,floodplain,Eotypotherium chico
M3,9.6,5.4,17.5,16.3,-65.05,-17.94,Chucal,sandstone,floodplain,Eotypotherium chico
M1,8.3,3.9,17.5,16.3,-65.05,-17.94,Chucal,sandstone,floodplain,Eotypotherium chico
M3,11.5,6.4,17.5,16.3,-65.05,-17.94,Chucal,sandstone,floodplain,Eotypotherium chico
i1,4.3,3.0,17.5,16.3,-65.05,-17.94,Chucal,sandstone,floodplain,Eotypotherium chico
i2,3.5,1.5,17.5,16.3,-65.05,-17.94,Chucal,sandstone,floodplain,Eotypotherium chico
i1,4.4,2.7,17.5,16.3,-65.05,-17.94,Chucal,sandstone,floodplain,Eotypotherium chico
i2,3.2,1.8,17.5,16.3,-65.05,-17.94,Chucal,sandstone,floodplain,Eotypotherium chico
m1,9.6,6.0,17.5,16.3,-65.05,-17.94,Chucal,sandstone,floodplain,Eotypotherium chico
m1,8.7,4.9,17.5,16.3,-65.05,-17.94,Chucal,sandstone,floodplain,Eotypotherium chico
m2,8.9,4.7,17.5,16.3,-65.05,-17.94,Chucal,sandstone,floodplain,Eotypotherium chico
m3,11.0,3.8,17.5,16.3,-65.05,-17.94,Chucal,sandstone,floodplain,Eotypotherium chico
m2,9.0,4.7,17.5,16.3,-65.05,-17.94,Chucal,sandstone,floodplain,Eotypotherium chico
m3,7.3,3.4,17.5,16.3,-65.05,-17.94,Chucal,sandstone,floodplain,Eotypotherium chico
m3,8.0,3.6,17.5,16.3,-65.05,-17.94,Chucal,sandstone,floodplain,Eotypotherium chico
P3,4.9,3.7,17.5,16.3,-65.05,-17.94,Chucal,sandstone,floodplain,Hegetotherium mirabile
P4,6.8,4.1,17.5,16.3,-65.05,-17.94,Chucal,sandstone,floodplain,Hegetotherium mirabile
M3,6.0,3.8,17.5,16.3,-65.05,-17.94,Chucal,sandstone,floodplain,Hegetotherium mirabile
p1,3.2,1.7,17.5,16.3,-65.05,-17.94,Chucal,sandstone,floodplain,Hegetotherium mirabile
p2,5.2,3.3,17.5,16.3,-65.05,-17.94,Chucal,sandstone,floodplain,Hegetotherium mirabile
p1,2.8,1.7,17.5,16.3,-65.05,-17.94,Chucal,sandstone,floodplain,Hegetotherium mirabile
p2,5.0,2.8,17.5,16.3,-65.05,-17.94,Chucal,sandstone,floodplain,Hegetotherium mirabile
p4,6.5,4.1,17.5,16.3,-65.05,-17.94,Chucal,sandstone,floodplain,Hegetotherium mirabile
m1,7.4,3.9,17.5,16.3,-65.05,-17.94,Chucal,sandstone,floodplain,Hegetotherium mirabile
m2,7.1,3.9,17.5,16.3,-65.05,-17.94,Chucal,sandstone,floodplain,Hegetotherium mirabile
m3,9.0,3.6,17.5,16.3,-65.05,-17.94,Chucal,sandstone,floodplain,Hegetotherium mirabile
m1,7.3,3.9,17.5,16.3,-65.05,-17.94,Chucal,sandstone,floodplain,Hegetotherium mirabile
m1,7.0,4.4,17.5,16.3,-65.05,-17.94,Chucal,sandstone,floodplain,Hegetotherium mirabile
m2,7.3,4.3,17.5,16.3,-65.05,-17.94,Chucal,sandstone,floodplain,Hegetotherium mirabile
m1,7.1,3.7,17.5,16.3,-65.05,-17.94,Chucal,sandstone,floodplain,Hegetotherium mirabile
m2,7.5,4.0,17.5,16.3,-65.05,-17.94,Chucal,sandstone,floodplain,Hegetotherium mirabile
m2,7.0,4.2,17.5,16.3,-65.05,-17.94,Chucal,sandstone,floodplain,Hegetotherium mirabile
m3,8.5,3.5,17.5,16.3,-65.05,-17.94,Chucal,sandstone,floodplain,Hegetotherium mirabile
m3,7.7,3.1,17.5,16.3,-65.05,-17.94,Chucal,sandstone,floodplain,Hegetotherium mirabile
m3,2.0,1.4,16.3,15.5,-68.67,-43.88,Río Frias,tuff,fluvial indet.,Microbiotherium tehuelchum
m4,1.9,1.3,16.3,15.5,-68.67,-43.88,Río Frias,tuff,fluvial indet.,Microbiotherium tehuelchum
m5,1.5,1.0,16.3,15.5,-68.67,-43.88,Río Frias,tuff,fluvial indet.,Microbiotherium tehuelchum
m4,1.9,1.2,16.3,15.5,-68.67,-43.88,Río Frias,tuff,fluvial indet.,Microbiotherium tehuelchum
m5,1.4,0.9,16.3,15.5,-68.67,-43.88,Río Frias,tuff,fluvial indet.,Microbiotherium tehuelchum
m2,2.0,1.4,16.3,15.5,-68.67,-43.88,Río Frias,tuff,fluvial indet.,Microbiotherium tehuelchum
p3,1.3,0.8,16.3,15.5,-68.67,-43.88,Río Frias,tuff,fluvial indet.,Microbiotherium tehuelchum
m2,1.9,1.3,16.3,15.5,-68.67,-43.88,Río Frias,tuff,fluvial indet.,Microbiotherium tehuelchum
m2,2.0,1.3,16.3,15.5,-68.67,-43.88,Río Frias,tuff,fluvial indet.,Microbiotherium tehuelchum
m3,1.9,1.5,16.3,15.5,-68.67,-43.88,Río Frias,tuff,fluvial indet.,Microbiotherium tehuelchum
m4,1.9,1.2,16.3,15.5,-68.67,-43.88,Río Frias,tuff,fluvial indet.,Microbiotherium tehuelchum
M2,6.4,3.8,16.3,15.5,-68.67,-43.88,Río Frias,tuff,fluvial indet.,Sipalocyon gracilis
M3,6.4,4.8,16.3,15.5,-68.67,-43.88,Río Frias,tuff,fluvial indet.,Sipalocyon gracilis
m4,8.0,4.2,16.3,15.5,-68.67,-43.88,Río Frias,tuff,fluvial indet.,Cladosictis patagonica
m5,0.0,4.6,16.3,15.5,-68.67,-43.88,Río Frias,tuff,fluvial indet.,Cladosictis patagonica
p1,5.7,0.0,16.3,15.5,-68.67,-43.88,Río Frias,tuff,fluvial indet.,Cladosictis patagonica
diastema c-p1,3.2,0.0,16.3,15.5,-68.67,-43.88,Río Frias,tuff,fluvial indet.,Cladosictis patagonica
diastema p1-2,2.0,0.0,16.3,15.5,-68.67,-43.88,Río Frias,tuff,fluvial indet.,Cladosictis patagonica
p3,1.0,0.6,16.3,15.5,-68.67,-43.88,Río Frias,tuff,fluvial indet.,Pichipilus halleuxi
m2,1.7,1.3,16.3,15.5,-68.67,-43.88,Río Frias,tuff,fluvial indet.,Pichipilus halleuxi
M2,2.1,1.9,16.3,15.5,-68.67,-43.88,Río Frias,tuff,fluvial indet.,Palaeothentes minutus
m2,2.3,1.2,16.3,15.5,-68.67,-43.88,Río Frias,tuff,fluvial indet.,Palaeothentes minutus
m3,1.8,1.3,16.3,15.5,-68.67,-43.88,Río Frias,tuff,fluvial indet.,Palaeothentes minutus
m2,0.0,1.2,16.3,15.5,-68.67,-43.88,Río Frias,tuff,fluvial indet.,Palaeothentes minutus
m2,3.3,1.8,16.3,15.5,-68.67,-43.88,Río Frias,tuff,fluvial indet.,Palaeothentes intermedius
m3,2.4,1.9,16.3,15.5,-68.67,-43.88,Río Frias,tuff,fluvial indet.,Palaeothentes intermedius
m3,2.5,1.9,16.3,15.5,-68.67,-43.88,Río Frias,tuff,fluvial indet.,Palaeothentes intermedius
p3,2.2,1.5,16.3,15.5,-68.67,-43.88,Río Frias,tuff,fluvial indet.,Palaeothentes lemoinei
m3,3.5,2.4,16.3,15.5,-68.67,-43.88,Río Frias,tuff,fluvial indet.,Palaeothentes lemoinei
m4,2.5,1.9,16.3,15.5,-68.67,-43.88,Río Frias,tuff,fluvial indet.,Palaeothentes lemoinei
m3,3.3,2.2,16.3,15.5,-68.67,-43.88,Río Frias,tuff,fluvial indet.,Palaeothentes lemoinei
M2,4.3,2.2,16.3,15.5,-68.67,-43.88,Río Frias,tuff,fluvial indet.,Abderites meridionalis
M2,4.1,2.2,16.3,15.5,-68.67,-43.88,Río Frias,tuff,fluvial indet.,Abderites meridionalis
M2,4.1,2.2,16.3,15.5,-68.67,-43.88,Río Frias,tuff,fluvial indet.,Abderites meridionalis
M2,4.5,2.1,16.3,15.5,-68.67,-43.88,Río Frias,tuff,fluvial indet.,Abderites meridionalis
M2,4.1,2.2,16.3,15.5,-68.67,-43.88,Río Frias,tuff,fluvial indet.,Abderites meridionalis
M2,4.4,2.3,16.3,15.5,-68.67,-43.88,Río Frias,tuff,fluvial indet.,Abderites meridionalis
M3,2.8,3.0,16.3,15.5,-68.67,-43.88,Río Frias,tuff,fluvial indet.,Abderites meridionalis
M4,2.8,3.0,16.3,15.5,-68.67,-43.88,Río Frias,tuff,fluvial indet.,Abderites meridionalis
m3,3.5,2.4,16.3,15.5,-68.67,-43.88,Río Frias,tuff,fluvial indet.,Abderites meridionalis
m3,3.5,2.5,16.3,15.5,-68.67,-43.88,Río Frias,tuff,fluvial indet.,Abderites meridionalis
m2,4.8,2.1,16.3,15.5,-68.67,-43.88,Río Frias,tuff,fluvial indet.,Abderites meridionalis
m3,3.7,2.7,16.3,15.5,-68.67,-43.88,Río Frias,tuff,fluvial indet.,Abderites meridionalis
m3,3.4,2.6,16.3,15.5,-68.67,-43.88,Río Frias,tuff,fluvial indet.,Abderites meridionalis
m2,5.0,2.2,16.3,15.5,-68.67,-43.88,Río Frias,tuff,fluvial indet.,Abderites meridionalis
m2,5.0,2.1,16.3,15.5,-68.67,-43.88,Río Frias,tuff,fluvial indet.,Abderites meridionalis
m3,3.5,2.5,16.3,15.5,-68.67,-43.88,Río Frias,tuff,fluvial indet.,Abderites meridionalis
m3,3.6,2.8,16.3,15.5,-68.67,-43.88,Río Frias,tuff,fluvial indet.,Abderites meridionalis
m4,3.0,2.5,16.3,15.5,-68.67,-43.88,Río Frias,tuff,fluvial indet.,Abderites meridionalis
m2,0.0,2.1,16.3,15.5,-68.67,-43.88,Río Frias,tuff,fluvial indet.,Abderites meridionalis
m3,3.6,2.7,16.3,15.5,-68.67,-43.88,Río Frias,tuff,fluvial indet.,Abderites meridionalis
m4,3.1,2.5,16.3,15.5,-68.67,-43.88,Río Frias,tuff,fluvial indet.,Abderites meridionalis
m3,1.8,1.3,16.3,15.5,-68.67,-43.88,Río Frias,tuff,fluvial indet.,Pitheculites rothi
m4,1.5,1.1,16.3,15.5,-68.67,-43.88,Río Frias,tuff,fluvial indet.,Pitheculites rothi
Molariform 1,8.8,6.2,17.5,16.3,-69.44,-51.54,Palomares,tuff,terrestrial indet.,Nematherium birdi
Molariform 2,9.9,8.4,17.5,16.3,-69.44,-51.54,Palomares,tuff,terrestrial indet.,Nematherium birdi
Molariform 3,9.8,9.2,17.5,16.3,-69.44,-51.54,Palomares,tuff,terrestrial indet.,Nematherium birdi
Molariform 4,9.8,9.3,17.5,16.3,-69.44,-51.54,Palomares,tuff,terrestrial indet.,Nematherium birdi
Molariform 5,7.5,8.5,17.5,16.3,-69.44,-51.54,Palomares,tuff,terrestrial indet.,Nematherium birdi
M1,27.5,15.3,5.0,0.4,-56.27,-34.46,San José,sandstone,terrestrial indet.,Catonyx tarijensis
M2,28.5,22.0,5.0,0.4,-56.27,-34.46,San José,sandstone,terrestrial indet.,Catonyx tarijensis
M3,30.0,24.0,5.0,0.4,-56.27,-34.46,San José,sandstone,terrestrial indet.,Catonyx tarijensis
M4,28.0,21.5,5.0,0.4,-56.27,-34.46,San José,sandstone,terrestrial indet.,Catonyx tarijensis
M5,19.4,11.8,5.0,0.4,-56.27,-34.46,San José,sandstone,terrestrial indet.,Catonyx tarijensis
Plate,31.2,21.6,13.8,11.0,-71.58,4.07,La Victoria,claystone,terrestrial indet.,Boreostemma acostae
Plate,31.9,22.6,13.8,11.0,-71.58,4.07,La Victoria,claystone,terrestrial indet.,Boreostemma acostae
Plate,34.6,24.1,13.8,11.0,-71.58,4.07,La Victoria,claystone,terrestrial indet.,Boreostemma acostae
Plate,36.7,26.8,13.8,11.0,-71.58,4.07,La Victoria,claystone,terrestrial indet.,Boreostemma acostae
Plate,39.2,29.3,13.8,11.0,-71.58,4.07,La Victoria,claystone,terrestrial indet.,Boreostemma acostae
Plate,41.2,28.1,13.8,11.0,-71.58,4.07,La Victoria,claystone,terrestrial indet.,Boreostemma acostae
Plate,40.5,29.0,13.8,11.0,-71.58,4.07,La Victoria,claystone,terrestrial indet.,Boreostemma acostae
Plate,38.1,29.4,13.8,11.0,-71.58,4.07,La Victoria,claystone,terrestrial indet.,Boreostemma acostae
Plate,36.0,29.0,13.8,11.0,-71.58,4.07,La Victoria,claystone,terrestrial indet.,Boreostemma acostae
Upper M1,5.5,7.1,13.8,11.0,-71.6,3.99,unknown,unknown,terrestrial indet.,Stirtonia tatacoensis
Upper M2,5.3,6.4,13.8,11.0,-71.6,3.99,unknown,unknown,terrestrial indet.,Stirtonia tatacoensis
Teeth row,135.0,0.0,11.63,5.333,-55.19,-34.48,Camacho,sandstone,alluvial fan,Pseudoplohophorus absolutus
m1,5.5,5.3,11.63,5.333,-55.19,-34.48,Camacho,sandstone,alluvial fan,Pseudoplohophorus absolutus
m2,11.0,6.0,11.63,5.333,-55.19,-34.48,Camacho,sandstone,alluvial fan,Pseudoplohophorus absolutus
m3,16.2,7.2,11.63,5.333,-55.19,-34.48,Camacho,sandstone,alluvial fan,Pseudoplohophorus absolutus
m4,17.4,8.3,11.63,5.333,-55.19,-34.48,Camacho,sandstone,alluvial fan,Pseudoplohophorus absolutus
m5,19.0,9.0,11.63,5.333,-55.19,-34.48,Camacho,sandstone,alluvial fan,Pseudoplohophorus absolutus
m6,10.0,0.0,11.63,5.333,-55.19,-34.48,Camacho,sandstone,alluvial fan,Pseudoplohophorus absolutus
m7,18.5,10.0,11.63,5.333,-55.19,-34.48,Camacho,sandstone,alluvial fan,Pseudoplohophorus absolutus
m8,18.0,10.0,11.63,5.333,-55.19,-34.48,Camacho,sandstone,alluvial fan,Pseudoplohophorus absolutus
M5,18.0,10.5,11.63,5.333,-55.19,-34.48,Camacho,sandstone,alluvial fan,Pseudoplohophorus absolutus
M6,18.5,10.8,11.63,5.333,-55.19,-34.48,Camacho,sandstone,alluvial fan,Pseudoplohophorus absolutus
M7,17.0,11.9,11.63,5.333,-55.19,-34.48,Camacho,sandstone,alluvial fan,Pseudoplohophorus absolutus
M8,15.4,10.5,11.63,5.333,-55.19,-34.48,Camacho,sandstone,alluvial fan,Pseudoplohophorus absolutus
C,24.0,29.7,11.63,5.333,-55.13,-34.57,Camacho,mudstone,fluvial-deltaic indet.,Lestobradys sprechmanni
M3,13.1,23.8,11.63,5.333,-55.13,-34.57,Camacho,mudstone,fluvial-deltaic indet.,Lestobradys sprechmanni
M4,20.9,16.3,11.63,5.333,-55.13,-34.57,Camacho,mudstone,fluvial-deltaic indet.,Lestobradys sprechmanni
Palatal at M4,0.0,24.8,11.63,5.333,-55.13,-34.57,Camacho,mudstone,fluvial-deltaic indet.,Lestobradys sprechmanni
Palatal at M3,0.0,24.8,11.63,5.333,-55.13,-34.57,Camacho,mudstone,fluvial-deltaic indet.,Lestobradys sprechmanni
Palatal at C,0.0,66.4,11.63,5.333,-55.13,-34.57,Camacho,mudstone,fluvial-deltaic indet.,Lestobradys sprechmanni
c,21.3,20.2,11.63,5.333,-55.13,-34.57,Camacho,mudstone,fluvial-deltaic indet.,Lestobradys sprechmanni
m1,26.4,23.1,11.63,5.333,-55.13,-34.57,Camacho,mudstone,fluvial-deltaic indet.,Lestobradys sprechmanni
Diastema,48.4,0.0,11.63,5.333,-55.13,-34.57,Camacho,mudstone,fluvial-deltaic indet.,Lestobradys sprechmanni
Ramus at c level,0.0,0.0,11.63,5.333,-55.13,-34.57,Camacho,mudstone,fluvial-deltaic indet.,Lestobradys sprechmanni
Ramus at between m1-m2,0.0,0.0,11.63,5.333,-55.13,-34.57,Camacho,mudstone,fluvial-deltaic indet.,Lestobradys sprechmanni
Ramus between m2-m3,0.0,0.0,11.63,5.333,-55.13,-34.57,Camacho,mudstone,fluvial-deltaic indet.,Lestobradys sprechmanni
c,20.5,0.0,11.63,5.333,-55.13,-34.57,Camacho,mudstone,fluvial-deltaic indet.,Lestobradys sprechmanni
m1,21.6,21.0,11.63,5.333,-55.13,-34.57,Camacho,mudstone,fluvial-deltaic indet.,Lestobradys sprechmanni
Diastema,49.8,0.0,11.63,5.333,-55.13,-34.57,Camacho,mudstone,fluvial-deltaic indet.,Lestobradys sprechmanni
Ramus at c level,0.0,0.0,11.63,5.333,-55.13,-34.57,Camacho,mudstone,fluvial-deltaic indet.,Lestobradys sprechmanni
Ramus between m1-m2,0.0,0.0,11.63,5.333,-55.13,-34.57,Camacho,mudstone,fluvial-deltaic indet.,Lestobradys sprechmanni
Ramus between m2-m3,0.0,0.0,11.63,5.333,-55.13,-34.57,Camacho,mudstone,fluvial-deltaic indet.,Lestobradys sprechmanni
m2,17.4,23.8,11.63,5.333,-55.13,-34.57,Camacho,mudstone,fluvial-deltaic indet.,Lestobradys sprechmanni
m3,45.3,25.7,11.63,5.333,-55.13,-34.57,Camacho,mudstone,fluvial-deltaic indet.,Lestobradys sprechmanni
molar series,96.6,0.0,11.63,5.333,-55.13,-34.57,Camacho,mudstone,fluvial-deltaic indet.,Lestobradys sprechmanni
Upper M1,2.5,3.2,13.8,11.0,-71.6,3.99,unknown,unknown,terrestrial indet.,Micodon kiotensis
Upper I1,2.1,1.4,13.8,11.0,-71.6,3.99,unknown,unknown,terrestrial indet.,Micodon kiotensis
Lower p4,2.1,2.1,13.8,11.0,-71.6,3.99,unknown,unknown,terrestrial indet.,Micodon kiotensis
i3,14.0,19.0,29.0,21.0,-50.73,-34.69,Fray Bentos,sandstone,fluvial indet.,Scarrittia robusta
c,13.0,17.0,29.0,21.0,-50.73,-34.69,Fray Bentos,sandstone,fluvial indet.,Scarrittia robusta
p1,14.2,9.2,29.0,21.0,-50.73,-34.69,Fray Bentos,sandstone,fluvial indet.,Scarrittia robusta
p2,20.5,15.8,29.0,21.0,-50.73,-34.69,Fray Bentos,sandstone,fluvial indet.,Scarrittia robusta
p3,22.9,19.3,29.0,21.0,-50.73,-34.69,Fray Bentos,sandstone,fluvial indet.,Scarrittia robusta
p4,21.7,18.2,29.0,21.0,-50.73,-34.69,Fray Bentos,sandstone,fluvial indet.,Scarrittia robusta
m1,35.2,20.0,29.0,21.0,-50.73,-34.69,Fray Bentos,sandstone,fluvial indet.,Scarrittia robusta
m2,48.2,18.7,29.0,21.0,-50.73,-34.69,Fray Bentos,sandstone,fluvial indet.,Scarrittia robusta
m3,50.2,15.7,29.0,21.0,-50.73,-34.69,Fray Bentos,sandstone,fluvial indet.,Scarrittia robusta
p1-m3,211.0,0.0,29.0,21.0,-50.73,-34.69,Fray Bentos,sandstone,fluvial indet.,Scarrittia robusta
mandible,402.0,0.0,29.0,21.0,-50.73,-34.69,Fray Bentos,sandstone,fluvial indet.,Scarrittia robusta
mandibular rami at m2,0.0,39.0,29.0,21.0,-50.73,-34.69,Fray Bentos,sandstone,fluvial indet.,Scarrittia robusta
Skull,421.0,0.0,13.8,11.0,-71.53,4.1,Villavieja,sandstone,terrestrial indet.,Magdalenabradys confusum
Skull,60.2,0.0,13.8,11.0,-71.53,4.1,Villavieja,sandstone,terrestrial indet.,Magdalenabradys confusum
Skull,0.0,0.0,13.8,11.0,-71.53,4.1,Villavieja,sandstone,terrestrial indet.,Magdalenabradys confusum
Occipital condyle,43.5,37.5,13.8,11.0,-71.53,4.1,Villavieja,sandstone,terrestrial indet.,Magdalenabradys confusum
Upper M2,16.7,15.2,13.8,11.0,-71.53,4.1,Villavieja,sandstone,terrestrial indet.,Magdalenabradys confusum
Upper M2,16.5,14.7,13.8,11.0,-71.53,4.1,Villavieja,sandstone,terrestrial indet.,Magdalenabradys confusum
Upper M3,15.2,15.7,13.8,11.0,-71.53,4.1,Villavieja,sandstone,terrestrial indet.,Magdalenabradys confusum
Upper M3,15.1,15.8,13.8,11.0,-71.53,4.1,Villavieja,sandstone,terrestrial indet.,Magdalenabradys confusum
Upper M4,15.2,15.9,13.8,11.0,-71.53,4.1,Villavieja,sandstone,terrestrial indet.,Magdalenabradys confusum
Upper M4,14.8,16.0,13.8,11.0,-71.53,4.1,Villavieja,sandstone,terrestrial indet.,Magdalenabradys confusum
Upper M5,18.9,18.2,13.8,11.0,-71.53,4.1,Villavieja,sandstone,terrestrial indet.,Magdalenabradys confusum
Upper M5,18.9,18.5,13.8,11.0,-71.53,4.1,Villavieja,sandstone,terrestrial indet.,Magdalenabradys confusum
Jaw,266.5,0.0,13.8,11.0,-71.57,4.04,Villavieja,claystone,terrestrial indet.,Magdalenabradys confusum
Jaw,311.0,0.0,13.8,11.0,-71.57,4.04,Villavieja,claystone,terrestrial indet.,Magdalenabradys confusum
Jaw,88.0,0.0,13.8,11.0,-71.57,4.04,Villavieja,claystone,terrestrial indet.,Magdalenabradys confusum
Jaw,0.0,37.9,13.8,11.0,-71.57,4.04,Villavieja,claystone,terrestrial indet.,Magdalenabradys confusum
Jaw,0.0,0.0,13.8,11.0,-71.57,4.04,Villavieja,claystone,terrestrial indet.,Magdalenabradys confusum
Lower m1,17.6,19.0,13.8,11.0,-71.57,4.04,Villavieja,claystone,terrestrial indet.,Magdalenabradys confusum
Lower m1,17.2,18.6,13.8,11.0,-71.57,4.04,Villavieja,claystone,terrestrial indet.,Magdalenabradys confusum
Lower m2,16.5,16.2,13.8,11.0,-71.57,4.04,Villavieja,claystone,terrestrial indet.,Magdalenabradys confusum
Lower m2,16.7,16.7,13.8,11.0,-71.57,4.04,Villavieja,claystone,terrestrial indet.,Magdalenabradys confusum
Lower m3,16.8,16.5,13.8,11.0,-71.57,4.04,Villavieja,claystone,terrestrial indet.,Magdalenabradys confusum
Lower m3,16.8,16.8,13.8,11.0,-71.57,4.04,Villavieja,claystone,terrestrial indet.,Magdalenabradys confusum
Lower m4 anterior lobe,0.0,19.8,13.8,11.0,-71.57,4.04,Villavieja,claystone,terrestrial indet.,Magdalenabradys confusum
Lower m4 anterior lobe,0.0,17.6,13.8,11.0,-71.57,4.04,Villavieja,claystone,terrestrial indet.,Magdalenabradys confusum
Lower m4,31.6,0.0,13.8,11.0,-71.57,4.04,Villavieja,claystone,terrestrial indet.,Magdalenabradys confusum
Lower m4 posterior lobe,0.0,13.4,13.8,11.0,-71.57,4.04,Villavieja,claystone,terrestrial indet.,Magdalenabradys confusum
Humerus,343.0,0.0,13.8,11.0,-71.57,4.04,Villavieja,claystone,terrestrial indet.,Magdalenabradys confusum
Humerus,361.0,0.0,13.8,11.0,-71.57,4.04,Villavieja,claystone,terrestrial indet.,Magdalenabradys confusum
Humerus head,0.0,0.0,13.8,11.0,-71.57,4.04,Villavieja,claystone,terrestrial indet.,Magdalenabradys confusum
Humerus,0.0,143.8,13.8,11.0,-71.57,4.04,Villavieja,claystone,terrestrial indet.,Magdalenabradys confusum
Humerus greater tuberosity-deltoid crest,214.5,0.0,13.8,11.0,-71.57,4.04,Villavieja,claystone,terrestrial indet.,Magdalenabradys confusum
Humerus shaft,0.0,88.0,13.8,11.0,-71.57,4.04,Villavieja,claystone,terrestrial indet.,Magdalenabradys confusum
Humerus distal end,0.0,198.8,13.8,11.0,-71.57,4.04,Villavieja,claystone,terrestrial indet.,Magdalenabradys confusum
Humerus distal trochlea,0.0,113.5,13.8,11.0,-71.57,4.04,Villavieja,claystone,terrestrial indet.,Magdalenabradys confusum
Humerus head,0.0,0.0,13.8,11.0,-71.53,4.1,Villavieja,sandstone,terrestrial indet.,Magdalenabradys confusum
Humerus,0.0,153.0,13.8,11.0,-71.53,4.1,Villavieja,sandstone,terrestrial indet.,Magdalenabradys confusum
Radius,236.9,0.0,13.8,11.0,-71.59,4.06,La Victoria,claystone,terrestrial indet.,Magdalenabradys confusum
Radius proximal end,0.0,0.0,13.8,11.0,-71.59,4.06,La Victoria,claystone,terrestrial indet.,Magdalenabradys confusum
Radius proximal end,0.0,0.0,13.8,11.0,-71.59,4.06,La Victoria,claystone,terrestrial indet.,Magdalenabradys confusum
Radius distal end,91.9,50.4,13.8,11.0,-71.59,4.06,La Victoria,claystone,terrestrial indet.,Magdalenabradys confusum
Ulna,129.0,0.0,13.8,11.0,-71.53,4.1,Villavieja,sandstone,terrestrial indet.,Magdalenabradys confusum
Ulna,0.0,72.4,13.8,11.0,-71.53,4.1,Villavieja,sandstone,terrestrial indet.,Magdalenabradys confusum
Ulna shaft,0.0,52.3,13.8,11.0,-71.53,4.1,Villavieja,sandstone,terrestrial indet.,Magdalenabradys confusum
Ulna,344.0,0.0,13.8,11.0,-71.59,4.07,unknown,claystone,terrestrial indet.,Magdalenabradys confusum
Ulna shaft,0.0,47.0,13.8,11.0,-71.59,4.07,unknown,claystone,terrestrial indet.,Magdalenabradys confusum
Ulna shaft,0.0,44.4,13.8,11.0,-71.59,4.07,unknown,claystone,terrestrial indet.,Magdalenabradys confusum
Ulna distal articulation surface,31.6,0.0,13.8,11.0,-71.59,4.07,unknown,claystone,terrestrial indet.,Magdalenabradys confusum
Scaphoid,48.2,0.0,13.8,11.0,-71.62,4.01,Villavieja,claystone,terrestrial indet.,Magdalenabradys confusum
Scaphoid,66.0,0.0,13.8,11.0,-71.62,4.01,Villavieja,claystone,terrestrial indet.,Magdalenabradys confusum
Scaphoid,81.5,0.0,13.8,11.0,-71.62,4.01,Villavieja,claystone,terrestrial indet.,Magdalenabradys confusum
Scaphoid,53.0,0.0,13.8,11.0,-71.57,4.04,Villavieja,claystone,terrestrial indet.,Magdalenabradys confusum
Scaphoid,62.5,0.0,13.8,11.0,-71.57,4.04,Villavieja,claystone,terrestrial indet.,Magdalenabradys confusum
Scaphoid,0.0,75.7,13.8,11.0,-71.57,4.04,Villavieja,claystone,terrestrial indet.,Magdalenabradys confusum
Scaphoid,47.0,0.0,13.8,11.0,-71.59,4.07,unknown,claystone,terrestrial indet.,Magdalenabradys confusum
Scaphoid,65.0,0.0,13.8,11.0,-71.59,4.07,unknown,claystone,terrestrial indet.,Magdalenabradys confusum
Scaphoid,0.0,74.2,13.8,11.0,-71.59,4.07,unknown,claystone,terrestrial indet.,Magdalenabradys confusum
Lunar,46.7,0.0,13.8,11.0,-71.59,4.07,unknown,claystone,terrestrial indet.,Magdalenabradys confusum
Lunar,0.0,0.0,13.8,11.0,-71.59,4.07,unknown,claystone,terrestrial indet.,Magdalenabradys confusum
Unciform,0.0,0.0,13.8,11.0,-71.59,4.07,unknown,claystone,terrestrial indet.,Magdalenabradys confusum
Unciform,50.0,0.0,13.8,11.0,-71.59,4.07,unknown,claystone,terrestrial indet.,Magdalenabradys confusum
Unciform,0.0,0.0,13.8,11.0,-71.59,4.07,unknown,claystone,terrestrial indet.,Magdalenabradys confusum
Unciform,0.0,56.8,13.8,11.0,-71.59,4.07,unknown,claystone,terrestrial indet.,Magdalenabradys confusum
Metacarpal II,56.6,0.0,13.8,11.0,-71.57,4.04,Villavieja,claystone,terrestrial indet.,Magdalenabradys confusum
Metacarpal II Proximal end,0.0,28.8,13.8,11.0,-71.57,4.04,Villavieja,claystone,terrestrial indet.,Magdalenabradys confusum
Metacarpal II,0.0,25.4,13.8,11.0,-71.57,4.04,Villavieja,claystone,terrestrial indet.,Magdalenabradys confusum
Metacarpal II,50.3,30.3,13.8,11.0,-71.57,4.04,Villavieja,claystone,terrestrial indet.,Magdalenabradys confusum
Metacarpal II,65.0,0.0,13.8,11.0,-71.59,4.07,unknown,claystone,terrestrial indet.,Magdalenabradys confusum
Metacarpal II proximal end,0.0,32.5,13.8,11.0,-71.59,4.07,unknown,claystone,terrestrial indet.,Magdalenabradys confusum
Metacarpal II,0.0,23.5,13.8,11.0,-71.59,4.07,unknown,claystone,terrestrial indet.,Magdalenabradys confusum
Metacarpal II,51.3,26.9,13.8,11.0,-71.59,4.07,unknown,claystone,terrestrial indet.,Magdalenabradys confusum
Metacarpal IV,115.7,0.0,13.8,11.0,-71.62,4.01,Villavieja,claystone,terrestrial indet.,Magdalenabradys confusum
Metacarpal IV Proximal end,0.0,39.6,13.8,11.0,-71.62,4.01,Villavieja,claystone,terrestrial indet.,Magdalenabradys confusum
Metacarpal IV,0.0,0.0,13.8,11.0,-71.62,4.01,Villavieja,claystone,terrestrial indet.,Magdalenabradys confusum
Metacarpal IV,56.9,0.0,13.8,11.0,-71.62,4.01,Villavieja,claystone,terrestrial indet.,Magdalenabradys confusum
Metacarpal IV Distal end,0.0,34.5,13.8,11.0,-71.62,4.01,Villavieja,claystone,terrestrial indet.,Magdalenabradys confusum
metacarpal IV Proximal end,0.0,42.8,13.8,11.0,-71.57,4.04,Villavieja,claystone,terrestrial indet.,Magdalenabradys confusum
Metacarpal IV,127.6,0.0,13.8,11.0,-71.59,4.07,unknown,claystone,terrestrial indet.,Magdalenabradys confusum
Metacarpal IV proximal end,0.0,45.0,13.8,11.0,-71.59,4.07,unknown,claystone,terrestrial indet.,Magdalenabradys confusum
Metacarpal IV,0.0,26.8,13.8,11.0,-71.59,4.07,unknown,claystone,terrestrial indet.,Magdalenabradys confusum
Metacarpal IV,59.7,0.0,13.8,11.0,-71.59,4.07,unknown,claystone,terrestrial indet.,Magdalenabradys confusum
Metacarpal IV distal end,0.0,38.6,13.8,11.0,-71.59,4.07,unknown,claystone,terrestrial indet.,Magdalenabradys confusum
Metacarpal IV proximal end,0.0,38.5,13.8,11.0,-71.59,4.07,unknown,claystone,terrestrial indet.,Magdalenabradys confusum
Metacarpal IV,119.3,0.0,13.8,11.0,-71.59,4.07,unknown,claystone,terrestrial indet.,Magdalenabradys confusum
Metacarpal IV,0.0,21.4,13.8,11.0,-71.59,4.07,unknown,claystone,terrestrial indet.,Magdalenabradys confusum
Metacarpal IV,48.4,0.0,13.8,11.0,-71.59,4.07,unknown,claystone,terrestrial indet.,Magdalenabradys confusum
Metacarpal IV distal end,0.0,28.9,13.8,11.0,-71.59,4.07,unknown,claystone,terrestrial indet.,Magdalenabradys confusum
Metacarpal IV,0.0,30.3,13.8,11.0,-71.59,4.07,unknown,claystone,terrestrial indet.,Magdalenabradys confusum
Metacarpal IV,0.0,20.7,13.8,11.0,-71.59,4.07,unknown,claystone,terrestrial indet.,Magdalenabradys confusum
Femur,504.0,0.0,13.8,11.0,-71.57,4.04,Villavieja,claystone,terrestrial indet.,Magdalenabradys confusum
Femur,480.0,0.0,13.8,11.0,-71.57,4.04,Villavieja,claystone,terrestrial indet.,Magdalenabradys confusum
Femur,0.0,213.5,13.8,11.0,-71.57,4.04,Villavieja,claystone,terrestrial indet.,Magdalenabradys confusum
Femur Head,0.0,0.0,13.8,11.0,-71.57,4.04,Villavieja,claystone,terrestrial indet.,Magdalenabradys confusum
Femur Shaft,0.0,140.2,13.8,11.0,-71.57,4.04,Villavieja,claystone,terrestrial indet.,Magdalenabradys confusum
Femur distal tuberosities,0.0,186.1,13.8,11.0,-71.57,4.04,Villavieja,claystone,terrestrial indet.,Magdalenabradys confusum
Femur,0.0,139.0,13.8,11.0,-71.57,4.04,Villavieja,claystone,terrestrial indet.,Magdalenabradys confusum
Femur,0.0,14.5,13.8,11.0,-71.57,4.04,Villavieja,claystone,terrestrial indet.,Magdalenabradys confusum
Femur inner condyle,0.0,69.0,13.8,11.0,-71.57,4.04,Villavieja,claystone,terrestrial indet.,Magdalenabradys confusum
Femur inner condyle,80.0,0.0,13.8,11.0,-71.57,4.04,Villavieja,claystone,terrestrial indet.,Magdalenabradys confusum
Femur,0.0,0.0,13.8,11.0,-71.57,4.04,Villavieja,claystone,terrestrial indet.,Magdalenabradys confusum
Femur,503.0,0.0,13.8,11.0,-71.53,4.1,Villavieja,sandstone,terrestrial indet.,Magdalenabradys confusum
Femur,0.0,209.0,13.8,11.0,-71.53,4.1,Villavieja,sandstone,terrestrial indet.,Magdalenabradys confusum
Femur Head,0.0,0.0,13.8,11.0,-71.53,4.1,Villavieja,sandstone,terrestrial indet.,Magdalenabradys confusum
Femur Shaft,0.0,134.1,13.8,11.0,-71.53,4.1,Villavieja,sandstone,terrestrial indet.,Magdalenabradys confusum
Femur distal tuberosities,0.0,169.0,13.8,11.0,-71.53,4.1,Villavieja,sandstone,terrestrial indet.,Magdalenabradys confusum
Femur condyles,0.0,124.7,13.8,11.0,-71.53,4.1,Villavieja,sandstone,terrestrial indet.,Magdalenabradys confusum
Femur,0.0,8.0,13.8,11.0,-71.53,4.1,Villavieja,sandstone,terrestrial indet.,Magdalenabradys confusum
Femur inner condyle,0.0,64.3,13.8,11.0,-71.53,4.1,Villavieja,sandstone,terrestrial indet.,Magdalenabradys confusum
Femur inner condyle,82.5,0.0,13.8,11.0,-71.53,4.1,Villavieja,sandstone,terrestrial indet.,Magdalenabradys confusum
Femur,0.0,0.0,13.8,11.0,-71.53,4.1,Villavieja,sandstone,terrestrial indet.,Magdalenabradys confusum
Femur,451.0,0.0,13.8,11.0,-71.59,4.07,unknown,claystone,terrestrial indet.,Magdalenabradys confusum
Femur Head,0.0,0.0,13.8,11.0,-71.59,4.07,unknown,claystone,terrestrial indet.,Magdalenabradys confusum
Femur inner condyle,59.7,0.0,13.8,11.0,-71.59,4.07,unknown,claystone,terrestrial indet.,Magdalenabradys confusum
Femur,0.0,0.0,13.8,11.0,-71.59,4.07,unknown,claystone,terrestrial indet.,Magdalenabradys confusum
Tibia Proximal end,0.0,0.0,13.8,11.0,-71.62,4.01,Villavieja,claystone,terrestrial indet.,Magdalenabradys confusum
Tibia,89.9,0.0,13.8,11.0,-71.62,4.01,Villavieja,claystone,terrestrial indet.,Magdalenabradys confusum
Tibia,259.9,0.0,13.8,11.0,-71.57,4.04,Villavieja,claystone,terrestrial indet.,Magdalenabradys confusum
Tibia,237.2,0.0,13.8,11.0,-71.57,4.04,Villavieja,claystone,terrestrial indet.,Magdalenabradys confusum
Tibia,0.0,0.0,13.8,11.0,-71.57,4.04,Villavieja,claystone,terrestrial indet.,Magdalenabradys confusum
Tibia,73.6,0.0,13.8,11.0,-71.57,4.04,Villavieja,claystone,terrestrial indet.,Magdalenabradys confusum
Tibia,0.0,54.1,13.8,11.0,-71.57,4.04,Villavieja,claystone,terrestrial indet.,Magdalenabradys confusum
Tibia distal end,0.0,106.7,13.8,11.0,-71.57,4.04,Villavieja,claystone,terrestrial indet.,Magdalenabradys confusum
Tibia,265.8,0.0,13.8,11.0,-71.59,4.06,La Victoria,claystone,terrestrial indet.,Magdalenabradys confusum
Tibia,244.6,0.0,13.8,11.0,-71.59,4.06,La Victoria,claystone,terrestrial indet.,Magdalenabradys confusum
Tibia,0.0,0.0,13.8,11.0,-71.59,4.06,La Victoria,claystone,terrestrial indet.,Magdalenabradys confusum
Tibia,72.7,0.0,13.8,11.0,-71.59,4.06,La Victoria,claystone,terrestrial indet.,Magdalenabradys confusum
Tibia,0.0,64.4,13.8,11.0,-71.59,4.06,La Victoria,claystone,terrestrial indet.,Magdalenabradys confusum
Tibia distal end,0.0,93.0,13.8,11.0,-71.59,4.06,La Victoria,claystone,terrestrial indet.,Magdalenabradys confusum
Tibia,269.3,0.0,13.8,11.0,-71.59,4.07,unknown,claystone,terrestrial indet.,Magdalenabradys confusum
Tibia,261.5,0.0,13.8,11.0,-71.59,4.07,unknown,claystone,terrestrial indet.,Magdalenabradys confusum
Tibia,0.0,0.0,13.8,11.0,-71.59,4.07,unknown,claystone,terrestrial indet.,Magdalenabradys confusum
Tibia,0.0,41.1,13.8,11.0,-71.59,4.07,unknown,claystone,terrestrial indet.,Magdalenabradys confusum
Fibula,275.6,0.0,13.8,11.0,-71.59,4.07,unknown,claystone,terrestrial indet.,Magdalenabradys confusum
Fibula,0.0,61.8,13.8,11.0,-71.59,4.07,unknown,claystone,terrestrial indet.,Magdalenabradys confusum
Fibula,0.0,62.0,13.8,11.0,-71.59,4.07,unknown,claystone,terrestrial indet.,Magdalenabradys confusum
Fibula,0.0,0.0,13.8,11.0,-71.59,4.07,unknown,claystone,terrestrial indet.,Magdalenabradys confusum
Fibula,0.0,0.0,13.8,11.0,-71.59,4.07,unknown,claystone,terrestrial indet.,Magdalenabradys confusum
Fibula,0.0,0.0,13.8,11.0,-71.59,4.07,unknown,claystone,terrestrial indet.,Magdalenabradys confusum
Fibula,0.0,0.0,13.8,11.0,-71.59,4.07,unknown,claystone,terrestrial indet.,Magdalenabradys confusum
Astragalus,0.0,0.0,13.8,11.0,-71.57,4.04,Villavieja,claystone,terrestrial indet.,Magdalenabradys confusum
Astragalus,0.0,0.0,13.8,11.0,-71.57,4.04,Villavieja,claystone,terrestrial indet.,Magdalenabradys confusum
Astragalus,0.0,0.0,13.8,11.0,-71.57,4.04,Villavieja,claystone,terrestrial indet.,Magdalenabradys confusum
Astragalus,0.0,0.0,13.8,11.0,-71.57,4.04,Villavieja,claystone,terrestrial indet.,Magdalenabradys confusum
Astragalus,0.0,0.0,13.8,11.0,-71.57,4.04,Villavieja,claystone,terrestrial indet.,Magdalenabradys confusum
Astragalus,0.0,0.0,13.8,11.0,-71.57,4.04,Villavieja,claystone,terrestrial indet.,Magdalenabradys confusum
Astragalus,0.0,0.0,13.8,11.0,-71.57,4.04,Villavieja,claystone,terrestrial indet.,Magdalenabradys confusum
Astragalus,0.0,0.0,13.8,11.0,-71.57,4.04,Villavieja,claystone,terrestrial indet.,Magdalenabradys confusum
Astragalus,0.0,0.0,13.8,11.0,-71.57,4.04,Villavieja,claystone,terrestrial indet.,Magdalenabradys confusum
Astragalus,0.0,0.0,13.8,11.0,-71.57,4.04,Villavieja,claystone,terrestrial indet.,Magdalenabradys confusum
Astragalus,64.5,0.0,13.8,11.0,-71.57,4.04,Villavieja,claystone,terrestrial indet.,Magdalenabradys confusum
Astragalus,59.0,0.0,13.8,11.0,-71.57,4.04,Villavieja,claystone,terrestrial indet.,Magdalenabradys confusum
Calcaneum,0.0,0.0,13.8,11.0,-71.59,4.07,unknown,claystone,terrestrial indet.,Magdalenabradys confusum
Calcaneum,145.0,0.0,13.8,11.0,-71.59,4.07,unknown,claystone,terrestrial indet.,Magdalenabradys confusum
Calcaneum,0.0,0.0,13.8,11.0,-71.59,4.07,unknown,claystone,terrestrial indet.,Magdalenabradys confusum
Calcaneum,0.0,49.0,13.8,11.0,-71.59,4.07,unknown,claystone,terrestrial indet.,Magdalenabradys confusum
Navicular,51.1,44.9,13.8,11.0,-71.59,4.07,unknown,claystone,terrestrial indet.,Magdalenabradys confusum
Navicular,0.0,11.8,13.8,11.0,-71.59,4.07,unknown,claystone,terrestrial indet.,Magdalenabradys confusum
Navicular,63.5,62.0,13.8,11.0,-71.57,4.04,Villavieja,claystone,terrestrial indet.,Magdalenabradys confusum
Navicular,0.0,23.7,13.8,11.0,-71.57,4.04,Villavieja,claystone,terrestrial indet.,Magdalenabradys confusum
Cuboid,0.0,0.0,13.8,11.0,-71.59,4.07,unknown,claystone,terrestrial indet.,Magdalenabradys confusum
Cuboid,0.0,0.0,13.8,11.0,-71.59,4.07,unknown,claystone,terrestrial indet.,Magdalenabradys confusum
Cuboid,0.0,0.0,13.8,11.0,-71.59,4.07,unknown,claystone,terrestrial indet.,Magdalenabradys confusum
Metatarsal III,0.0,54.4,13.8,11.0,-71.57,4.04,Villavieja,claystone,terrestrial indet.,Magdalenabradys confusum
Metatarsal III,0.0,44.3,13.8,11.0,-71.57,4.04,Villavieja,claystone,terrestrial indet.,Magdalenabradys confusum
Metatarsal III,0.0,0.0,13.8,11.0,-71.57,4.04,Villavieja,claystone,terrestrial indet.,Magdalenabradys confusum
Metatarsal III,0.0,50.0,13.8,11.0,-71.57,4.04,Villavieja,claystone,terrestrial indet.,Magdalenabradys confusum
Metatarsal III,0.0,0.0,13.8,11.0,-71.57,4.04,Villavieja,claystone,terrestrial indet.,Magdalenabradys confusum
Metatarsal III,0.0,47.0,13.8,11.0,-71.53,4.1,Villavieja,sandstone,terrestrial indet.,Magdalenabradys confusum
Metatarsal III,0.0,37.7,13.8,11.0,-71.53,4.1,Villavieja,sandstone,terrestrial indet.,Magdalenabradys confusum
Metatarsal III,0.0,0.0,13.8,11.0,-71.53,4.1,Villavieja,sandstone,terrestrial indet.,Magdalenabradys confusum
Metatarsal IV,115.0,0.0,13.8,11.0,-71.53,4.1,Villavieja,sandstone,terrestrial indet.,Magdalenabradys confusum
Metatarsal IV,109.5,0.0,13.8,11.0,-71.53,4.1,Villavieja,sandstone,terrestrial indet.,Magdalenabradys confusum
Metatarsal IV,0.0,40.2,13.8,11.0,-71.53,4.1,Villavieja,sandstone,terrestrial indet.,Magdalenabradys confusum
Metatarsal IV,0.0,65.5,13.8,11.0,-71.53,4.1,Villavieja,sandstone,terrestrial indet.,Magdalenabradys confusum
Metatarsal IV,0.0,27.0,13.8,11.0,-71.53,4.1,Villavieja,sandstone,terrestrial indet.,Magdalenabradys confusum
Metatarsal IV,0.0,26.2,13.8,11.0,-71.53,4.1,Villavieja,sandstone,terrestrial indet.,Magdalenabradys confusum
Metatarsal IV,0.0,0.0,13.8,11.0,-71.53,4.1,Villavieja,sandstone,terrestrial indet.,Magdalenabradys confusum
Metatarsal IV,0.0,0.0,13.8,11.0,-71.53,4.1,Villavieja,sandstone,terrestrial indet.,Magdalenabradys confusum
Metatarsal IV,0.0,0.0,13.8,11.0,-71.53,4.1,Villavieja,sandstone,terrestrial indet.,Magdalenabradys confusum
Metatarsal IV,111.2,0.0,13.8,11.0,-71.59,4.06,La Victoria,claystone,terrestrial indet.,Magdalenabradys confusum
Metatarsal IV,0.0,38.5,13.8,11.0,-71.59,4.06,La Victoria,claystone,terrestrial indet.,Magdalenabradys confusum
Metatarsal IV,0.0,27.3,13.8,11.0,-71.59,4.06,La Victoria,claystone,terrestrial indet.,Magdalenabradys confusum
Metatarsal IV,0.0,0.0,13.8,11.0,-71.59,4.06,La Victoria,claystone,terrestrial indet.,Magdalenabradys confusum
Metatarsal IV,0.0,0.0,13.8,11.0,-71.59,4.06,La Victoria,claystone,terrestrial indet.,Magdalenabradys confusum
Femur,236.0,0.0,13.8,11.0,-71.59,4.06,La Victoria,claystone,terrestrial indet.,Magdalenabradys confusum
Femur,0.0,95.4,13.8,11.0,-71.59,4.06,La Victoria,claystone,terrestrial indet.,Magdalenabradys confusum
Femur,0.0,92.5,13.8,11.0,-71.59,4.06,La Victoria,claystone,terrestrial indet.,Magdalenabradys confusum
Femur,0.0,89.1,13.8,11.0,-71.59,4.06,La Victoria,claystone,terrestrial indet.,Magdalenabradys confusum
Upper M3,195.6,95.2,2.58,0.0117,-46.33,-19.34,unknown,unknown,spring,Notiomastodon platensis
p2,1.1,0.46,5.0,3.8,-59.62,-38.75,unknown,unknown,terrestrial indet.,Pliolestes tripotamicus
p3,1.1,0.75,5.0,3.8,-59.62,-38.75,unknown,unknown,terrestrial indet.,Pliolestes tripotamicus
m1,2.66,1.58,5.0,3.8,-59.62,-38.75,unknown,unknown,terrestrial indet.,Pliolestes tripotamicus
Mandible at p3,0.0,0.0,5.0,3.8,-59.62,-38.75,unknown,unknown,terrestrial indet.,Pliolestes tripotamicus
Mandible at m1,0.0,0.0,5.0,3.8,-59.62,-38.75,unknown,unknown,terrestrial indet.,Pliolestes tripotamicus
Upper M1,7.25,8.88,13.8,11.0,-72.35,2.93,La Victoria,unknown,terrestrial indet.,Stirtonia victoriae
Upper canine,7.88,6.0,13.8,11.0,-72.35,2.93,La Victoria,unknown,terrestrial indet.,Stirtonia victoriae
upper dC,4.38,3.25,13.8,11.0,-72.35,2.93,La Victoria,unknown,terrestrial indet.,Stirtonia victoriae
upper dP2,4.38,4.88,13.8,11.0,-72.35,2.93,La Victoria,unknown,terrestrial indet.,Stirtonia victoriae
upper dP3,4.63,6.13,13.8,11.0,-72.35,2.93,La Victoria,unknown,terrestrial indet.,Stirtonia victoriae
upper dP4,7.25,7.63,13.8,11.0,-72.35,2.93,La Victoria,unknown,terrestrial indet.,Stirtonia victoriae
upper dC,5.38,3.75,13.8,11.0,-72.35,2.93,La Victoria,unknown,terrestrial indet.,Stirtonia victoriae
upper dP2,4.38,5.01,13.8,11.0,-72.35,2.93,La Victoria,unknown,terrestrial indet.,Stirtonia victoriae
upper dP3,4.63,5.88,13.8,11.0,-72.35,2.93,La Victoria,unknown,terrestrial indet.,Stirtonia victoriae
upper dP4,7.38,7.63,13.8,11.0,-72.35,2.93,La Victoria,unknown,terrestrial indet.,Stirtonia victoriae
p2-m2,31.5,0.0,12.5,4.7,-96.15,44.75,Ash Hollow,unknown,terrestrial indet.,Protoprocyon savagei
p2,4.9,2.6,12.5,4.7,-96.15,44.75,Ash Hollow,unknown,terrestrial indet.,Protoprocyon savagei
p3,0.0,2.75,12.5,4.7,-96.15,44.75,Ash Hollow,unknown,terrestrial indet.,Protoprocyon savagei
p4,6.6,3.45,12.5,4.7,-96.15,44.75,Ash Hollow,unknown,terrestrial indet.,Protoprocyon savagei
m1,8.1,4.65,12.5,4.7,-96.15,44.75,Ash Hollow,unknown,terrestrial indet.,Protoprocyon savagei
m2,7.0,4.3,12.5,4.7,-96.15,44.75,Ash Hollow,unknown,terrestrial indet.,Protoprocyon savagei
c-m2,36.5,0.0,16.3,12.5,-96.24,46.05,unknown,unknown,terrestrial indet.,Probassariscus matthewi
p2-m2,26.9,0.0,16.3,12.5,-96.24,46.05,unknown,unknown,terrestrial indet.,Probassariscus matthewi
p2,4.1,2.2,16.3,12.5,-96.24,46.05,unknown,unknown,terrestrial indet.,Probassariscus matthewi
p3,4.4,2.5,16.3,12.5,-96.24,46.05,unknown,unknown,terrestrial indet.,Probassariscus matthewi
p4,5.2,3.0,16.3,12.5,-96.24,46.05,unknown,unknown,terrestrial indet.,Probassariscus matthewi
m1,7.8,4.0,16.3,12.5,-96.24,46.05,unknown,unknown,terrestrial indet.,Probassariscus matthewi
m2,5.9,2.2,16.3,12.5,-96.24,46.05,unknown,unknown,terrestrial indet.,Probassariscus matthewi
c-m2,43.5,0.0,8.0,5.0,-67.27,-33.39,Huayquerías,unknown,terrestrial indet.,Cyonasua pascuali
p2-m2,34.0,0.0,8.0,5.0,-67.27,-33.39,Huayquerías,unknown,terrestrial indet.,Cyonasua pascuali
p2,5.1,2.9,8.0,5.0,-67.27,-33.39,Huayquerías,unknown,terrestrial indet.,Cyonasua pascuali
p3,6.0,3.6,8.0,5.0,-67.27,-33.39,Huayquerías,unknown,terrestrial indet.,Cyonasua pascuali
p4,7.1,4.0,8.0,5.0,-67.27,-33.39,Huayquerías,unknown,terrestrial indet.,Cyonasua pascuali
m1,8.9,4.9,8.0,5.0,-67.27,-33.39,Huayquerías,unknown,terrestrial indet.,Cyonasua pascuali
m2,7.0,3.9,8.0,5.0,-67.27,-33.39,Huayquerías,unknown,terrestrial indet.,Cyonasua pascuali
p4,15.7,9.4,1.75,0.4,-57.68,-38.25,unknown,siltstone,terrestrial indet.,Mesotherium cristatum
m1,19.2,9.0,1.75,0.4,-57.68,-38.25,unknown,siltstone,terrestrial indet.,Mesotherium cristatum
m2,22.0,8.7,1.75,0.4,-57.68,-38.25,unknown,siltstone,terrestrial indet.,Mesotherium cristatum
m3,26.2,8.3,1.75,0.4,-57.68,-38.25,unknown,siltstone,terrestrial indet.,Mesotherium cristatum
Diastema,9.0,0.0,61.66,56.0,-54.58,2.97,Bogotá,sandstone,terrestrial indet.,Etayoa bacatensis
Lower p2-m3,38.1,0.0,61.66,56.0,-54.58,2.97,Bogotá,sandstone,terrestrial indet.,Etayoa bacatensis
Lower p2-p4,18.4,0.0,61.66,56.0,-54.58,2.97,Bogotá,sandstone,terrestrial indet.,Etayoa bacatensis
Lowe m1-m3,19.7,0.0,61.66,56.0,-54.58,2.97,Bogotá,sandstone,terrestrial indet.,Etayoa bacatensis
Mandible,0.0,12.0,61.66,56.0,-54.58,2.97,Bogotá,sandstone,terrestrial indet.,Etayoa bacatensis
Mandible,0.0,0.0,61.66,56.0,-54.58,2.97,Bogotá,sandstone,terrestrial indet.,Etayoa bacatensis
Lower p2,7.1,4.1,61.66,56.0,-54.58,2.97,Bogotá,sandstone,terrestrial indet.,Etayoa bacatensis
Lower p3,6.5,0.0,61.66,56.0,-54.58,2.97,Bogotá,sandstone,terrestrial indet.,Etayoa bacatensis
Lower p4,5.4,5.0,61.66,56.0,-54.58,2.97,Bogotá,sandstone,terrestrial indet.,Etayoa bacatensis
Lower m1,5.1,4.8,61.66,56.0,-54.58,2.97,Bogotá,sandstone,terrestrial indet.,Etayoa bacatensis
Lower m2,6.1,5.7,61.66,56.0,-54.58,2.97,Bogotá,sandstone,terrestrial indet.,Etayoa bacatensis
Lower m3,7.8,6.4,61.66,56.0,-54.58,2.97,Bogotá,sandstone,terrestrial indet.,Etayoa bacatensis
molariforms series,7.8,0.0,8.0,5.0,-62.61,-36.4,Cerro Azul,siltstone,loess,Palaeoctodon simplicidens
Mandible at m1,0.0,4.6,8.0,5.0,-62.61,-36.4,Cerro Azul,siltstone,loess,Palaeoctodon simplicidens
p4,1.8,1.4,8.0,5.0,-62.61,-36.4,Cerro Azul,siltstone,loess,Palaeoctodon simplicidens
m1,2.0,1.8,8.0,5.0,-62.61,-36.4,Cerro Azul,siltstone,loess,Palaeoctodon simplicidens
m2,1.6,1.6,8.0,5.0,-62.61,-36.4,Cerro Azul,siltstone,loess,Palaeoctodon simplicidens
m3,1.8,1.4,8.0,5.0,-62.61,-36.4,Cerro Azul,siltstone,loess,Palaeoctodon simplicidens
mandible at m3,0.0,2.4,8.0,5.0,-61.89,-36.93,Epecuén,siltstone,fluvial indet.,Thylatheridium hudsoni
m1-m4,10.3,0.0,8.0,5.0,-61.89,-36.93,Epecuén,siltstone,fluvial indet.,Thylatheridium hudsoni
m1,2.2,1.3,8.0,5.0,-61.89,-36.93,Epecuén,siltstone,fluvial indet.,Thylatheridium hudsoni
m2,2.4,1.6,8.0,5.0,-61.89,-36.93,Epecuén,siltstone,fluvial indet.,Thylatheridium hudsoni
m3,2.8,1.7,8.0,5.0,-61.89,-36.93,Epecuén,siltstone,fluvial indet.,Thylatheridium hudsoni
m4,2.9,1.7,8.0,5.0,-61.89,-36.93,Epecuén,siltstone,fluvial indet.,Thylatheridium hudsoni
mandible at m3,0.0,3.2,7.246,5.333,-61.88,-37.45,Cerro Azul,siltstone,loess,Thylatheridium dolgopolae
m1-m4,12.2,0.0,7.246,5.333,-61.88,-37.45,Cerro Azul,siltstone,loess,Thylatheridium dolgopolae
m1,2.6,1.8,7.246,5.333,-61.88,-37.45,Cerro Azul,siltstone,loess,Thylatheridium dolgopolae
m3,3.3,2.1,7.246,5.333,-61.88,-37.45,Cerro Azul,siltstone,loess,Thylatheridium dolgopolae
m4,3.5,1.9,7.246,5.333,-61.88,-37.45,Cerro Azul,siltstone,loess,Thylatheridium dolgopolae
Lower dp4,3.12,0.0,13.8,11.0,-71.53,4.1,Villavieja,unknown,terrestrial indet.,Ricardomys longidens
Lower dp4,0.0,1.5,13.8,11.0,-71.53,4.1,Villavieja,unknown,terrestrial indet.,Ricardomys longidens
Lower dp4,0.0,1.84,13.8,11.0,-71.53,4.1,Villavieja,unknown,terrestrial indet.,Ricardomys longidens
Lower m1,3.04,0.0,13.8,11.0,-71.53,4.1,Villavieja,unknown,terrestrial indet.,Ricardomys longidens
Lower m1,0.0,2.0,13.8,11.0,-71.53,4.1,Villavieja,unknown,terrestrial indet.,Ricardomys longidens
Lower m1,0.0,2.0,13.8,11.0,-71.53,4.1,Villavieja,unknown,terrestrial indet.,Ricardomys longidens
Lower m2,3.1,0.0,13.8,11.0,-71.53,4.1,Villavieja,unknown,terrestrial indet.,Ricardomys longidens
Lower m2,0.0,2.32,13.8,11.0,-71.53,4.1,Villavieja,unknown,terrestrial indet.,Ricardomys longidens
Lower m2,0.0,2.16,13.8,11.0,-71.53,4.1,Villavieja,unknown,terrestrial indet.,Ricardomys longidens
Incisor,1.44,1.44,13.8,11.0,-71.53,4.1,Villavieja,unknown,terrestrial indet.,Ricardomys longidens
dp4-m2 row,9.1,0.0,13.8,11.0,-71.53,4.1,Villavieja,unknown,terrestrial indet.,Ricardomys longidens
Jaw at m1,0.0,0.0,13.8,11.0,-71.53,4.1,Villavieja,unknown,terrestrial indet.,Ricardomys longidens
p4,1.53,1.35,21.0,17.5,-65.57,-45.09,Sarmiento,unknown,terrestrial indet.,Galileomys antelucanus
m1 or m2,1.92,1.53,21.0,17.5,-65.57,-45.09,Sarmiento,unknown,terrestrial indet.,Galileomys antelucanus
P4,1.43,1.36,21.0,17.5,-65.57,-45.09,Sarmiento,unknown,terrestrial indet.,Galileomys antelucanus
M1 or M2,1.63,1.47,21.0,17.5,-65.57,-45.09,Sarmiento,unknown,terrestrial indet.,Galileomys antelucanus
M3,1.53,1.53,21.0,17.5,-65.57,-45.09,Sarmiento,unknown,terrestrial indet.,Galileomys antelucanus
m3,1.89,1.3,15.5,13.8,-67.65,-39.73,Collón Cura,tuff,terrestrial indet.,Galileomys colloncurensis
m1 or m2,2.15,1.53,15.5,13.8,-67.65,-39.73,Collón Cura,tuff,terrestrial indet.,Galileomys colloncurensis
P4,1.83,1.71,15.5,13.8,-67.65,-39.73,Collón Cura,tuff,terrestrial indet.,Galileomys colloncurensis
M1 or M2,1.99,2.01,15.5,13.8,-67.65,-39.73,Collón Cura,tuff,terrestrial indet.,Galileomys colloncurensis
M1,1.95,2.5,15.5,13.8,-67.65,-39.73,Collón Cura,tuff,terrestrial indet.,Galileomys colloncurensis
M2,2.32,2.62,15.5,13.8,-67.65,-39.73,Collón Cura,tuff,terrestrial indet.,Galileomys colloncurensis
p4,1.53,1.53,21.0,17.5,-65.57,-45.09,Sarmiento,unknown,terrestrial indet.,Acaremys murinus
m1,1.94,1.84,21.0,17.5,-65.57,-45.09,Sarmiento,unknown,terrestrial indet.,Acaremys murinus
m2,1.94,2.02,21.0,17.5,-65.57,-45.09,Sarmiento,unknown,terrestrial indet.,Acaremys murinus
m3,1.84,1.53,21.0,17.5,-65.57,-45.09,Sarmiento,unknown,terrestrial indet.,Acaremys murinus
p4-m3,7.34,0.0,21.0,17.5,-65.57,-45.09,Sarmiento,unknown,terrestrial indet.,Acaremys murinus
diastema,6.12,0.0,21.0,17.5,-65.57,-45.09,Sarmiento,unknown,terrestrial indet.,Acaremys murinus
M1 o 2,6.5,6.85,15.5,13.8,-67.65,-39.73,Collón Cura,tuff,terrestrial indet.,Neosteiromys tordillense
M1 o 2,6.5,6.6,15.5,13.8,-67.65,-39.73,Collón Cura,tuff,terrestrial indet.,Neosteiromys tordillense
M1 o 2,6.2,6.8,15.5,13.8,-67.65,-39.73,Collón Cura,tuff,terrestrial indet.,Neosteiromys tordillense
p4,6.1,5.55,15.5,13.8,-67.65,-39.73,Collón Cura,tuff,terrestrial indet.,Neosteiromys tordillense
p4,6.2,5.35,15.5,13.8,-67.65,-39.73,Collón Cura,tuff,terrestrial indet.,Neosteiromys tordillense
m1 o 2,6.3,0.0,15.5,13.8,-67.65,-39.73,Collón Cura,tuff,terrestrial indet.,Neosteiromys tordillense
p4,3.35,2.65,15.5,13.8,-67.65,-39.73,Collón Cura,tuff,terrestrial indet.,Maruchito trilofodonte
p4,3.4,2.85,15.5,13.8,-67.65,-39.73,Collón Cura,tuff,terrestrial indet.,Maruchito trilofodonte
m1,2.9,2.85,15.5,13.8,-67.65,-39.73,Collón Cura,tuff,terrestrial indet.,Maruchito trilofodonte
m1,2.9,3.2,15.5,13.8,-67.65,-39.73,Collón Cura,tuff,terrestrial indet.,Maruchito trilofodonte
m1,3.4,3.3,15.5,13.8,-67.65,-39.73,Collón Cura,tuff,terrestrial indet.,Maruchito trilofodonte
m2,4.15,3.35,15.5,13.8,-67.65,-39.73,Collón Cura,tuff,terrestrial indet.,Maruchito trilofodonte
m2,3.5,3.8,15.5,13.8,-67.65,-39.73,Collón Cura,tuff,terrestrial indet.,Maruchito trilofodonte
m3,4.0,3.5,15.5,13.8,-67.65,-39.73,Collón Cura,tuff,terrestrial indet.,Maruchito trilofodonte
m3,3.8,3.4,15.5,13.8,-67.65,-39.73,Collón Cura,tuff,terrestrial indet.,Maruchito trilofodonte
i,2.75,2.2,15.5,13.8,-67.65,-39.73,Collón Cura,tuff,terrestrial indet.,Maruchito trilofodonte
P4,3.4,3.3,15.5,13.8,-67.65,-39.73,Collón Cura,tuff,terrestrial indet.,Maruchito trilofodonte
p4,2.15,1.5,15.5,13.8,-67.65,-39.73,Collón Cura,tuff,terrestrial indet.,Protacaremys denisae
m1,1.85,0.0,15.5,13.8,-67.65,-39.73,Collón Cura,tuff,terrestrial indet.,Protacaremys denisae
m1,1.8,0.0,15.5,13.8,-67.65,-39.73,Collón Cura,tuff,terrestrial indet.,Protacaremys denisae
m1,1.85,0.0,15.5,13.8,-67.65,-39.73,Collón Cura,tuff,terrestrial indet.,Protacaremys denisae
m2,1.95,1.8,15.5,13.8,-67.65,-39.73,Collón Cura,tuff,terrestrial indet.,Protacaremys denisae
m2,2.0,2.05,15.5,13.8,-67.65,-39.73,Collón Cura,tuff,terrestrial indet.,Protacaremys denisae
m3,2.15,1.8,15.5,13.8,-67.65,-39.73,Collón Cura,tuff,terrestrial indet.,Protacaremys denisae
i,1.8,1.25,15.5,13.8,-67.65,-39.73,Collón Cura,tuff,terrestrial indet.,Protacaremys denisae
P4,1.9,1.9,15.5,13.8,-67.65,-39.73,Collón Cura,tuff,terrestrial indet.,Protacaremys denisae
P4,1.95,1.7,15.5,13.8,-67.65,-39.73,Collón Cura,tuff,terrestrial indet.,Protacaremys denisae
M1,1.85,2.05,15.5,13.8,-67.65,-39.73,Collón Cura,tuff,terrestrial indet.,Protacaremys denisae
M1,2.05,2.25,15.5,13.8,-67.65,-39.73,Collón Cura,tuff,terrestrial indet.,Protacaremys denisae
M1,1.9,1.75,15.5,13.8,-67.65,-39.73,Collón Cura,tuff,terrestrial indet.,Protacaremys denisae
M2,2.05,2.05,15.5,13.8,-67.65,-39.73,Collón Cura,tuff,terrestrial indet.,Protacaremys denisae
M2,1.9,2.15,15.5,13.8,-67.65,-39.73,Collón Cura,tuff,terrestrial indet.,Protacaremys denisae
Lower dp4,2.38,2.03,13.8,11.0,-71.53,4.1,Villavieja,unknown,terrestrial indet.,Microsteiromys jacobsi
Lower m1,2.41,2.15,13.8,11.0,-71.53,4.1,Villavieja,unknown,terrestrial indet.,Microsteiromys jacobsi
Lower m2,2.29,2.24,13.8,11.0,-71.53,4.1,Villavieja,unknown,terrestrial indet.,Microsteiromys jacobsi
Lower m3,2.3,2.06,13.8,11.0,-71.53,4.1,Villavieja,unknown,terrestrial indet.,Microsteiromys jacobsi
Incisor,2.8,1.5,13.8,11.0,-71.53,4.1,Villavieja,unknown,terrestrial indet.,Microsteiromys jacobsi
dp4-m3 row,10.78,0.0,13.8,11.0,-71.53,4.1,Villavieja,unknown,terrestrial indet.,Microsteiromys jacobsi
Lower dp4 hypostriid,0.6,0.0,13.8,11.0,-71.53,4.1,Villavieja,unknown,terrestrial indet.,Microsteiromys jacobsi
Lower m1 hypostriid,0.85,0.0,13.8,11.0,-71.53,4.1,Villavieja,unknown,terrestrial indet.,Microsteiromys jacobsi
Lower m2 hypostriid,1.1,0.0,13.8,11.0,-71.53,4.1,Villavieja,unknown,terrestrial indet.,Microsteiromys jacobsi
Lower m3 hypostriid,0.86,0.0,13.8,11.0,-71.53,4.1,Villavieja,unknown,terrestrial indet.,Microsteiromys jacobsi
Lower dp4,2.51,2.5,13.8,11.0,-71.53,4.1,Villavieja,unknown,terrestrial indet.,Microsteiromys jacobsi
Lower m1,2.44,2.31,13.8,11.0,-71.53,4.1,Villavieja,unknown,terrestrial indet.,Microsteiromys jacobsi
Lower m1/2,2.0,2.42,13.8,11.0,-71.53,4.1,Villavieja,unknown,terrestrial indet.,Microsteiromys jacobsi
Lower dp4 hypostriid,0.7,0.0,13.8,11.0,-71.53,4.1,Villavieja,unknown,terrestrial indet.,Microsteiromys jacobsi
Lower m1 hypostriid,0.5,0.0,13.8,11.0,-71.53,4.1,Villavieja,unknown,terrestrial indet.,Microsteiromys jacobsi
Lower m2 hypostriid,0.72,0.0,13.8,11.0,-71.53,4.1,Villavieja,unknown,terrestrial indet.,Microsteiromys jacobsi
Lower p4,4.94,1.94,13.8,11.0,-71.53,4.1,Villavieja,unknown,terrestrial indet.,Rhodanodolichotis vucetichae
Lower m1,4.52,4.16,13.8,11.0,-71.53,4.1,Villavieja,unknown,terrestrial indet.,Rhodanodolichotis vucetichae
Lower m2,4.65,4.17,13.8,11.0,-71.53,4.1,Villavieja,unknown,terrestrial indet.,Rhodanodolichotis vucetichae
Lower m3,5.2,3.83,13.8,11.0,-71.53,4.1,Villavieja,unknown,terrestrial indet.,Rhodanodolichotis vucetichae
Mandibular tooth row,19.62,0.0,13.8,11.0,-71.53,4.1,Villavieja,unknown,terrestrial indet.,Rhodanodolichotis vucetichae
Lower incisor,3.15,2.9,13.8,11.0,-71.53,4.1,Villavieja,unknown,terrestrial indet.,Rhodanodolichotis vucetichae
Distal Humerus Biepicondylar,0.0,18.4,13.8,11.0,-71.59,4.05,unknown,claystone,terrestrial indet.,Cebupithecia sarmientoi
Distal Humerus Medial epicondyle,0.0,3.42,13.8,11.0,-71.59,4.05,unknown,claystone,terrestrial indet.,Cebupithecia sarmientoi
Distal Humerus Articular,0.0,14.27,13.8,11.0,-71.59,4.05,unknown,claystone,terrestrial indet.,Cebupithecia sarmientoi
Distal Humerus capitulum,0.0,7.46,13.8,11.0,-71.59,4.05,unknown,claystone,terrestrial indet.,Cebupithecia sarmientoi
Distal Humerus Trochlea,0.0,5.12,13.8,11.0,-71.59,4.05,unknown,claystone,terrestrial indet.,Cebupithecia sarmientoi
Distal Humerus lateral trochlea,0.0,0.0,13.8,11.0,-71.59,4.05,unknown,claystone,terrestrial indet.,Cebupithecia sarmientoi
Distal Humerus Medial trochlea,0.0,0.0,13.8,11.0,-71.59,4.05,unknown,claystone,terrestrial indet.,Cebupithecia sarmientoi
Distal Humerus posterior articular,0.0,6.43,13.8,11.0,-71.59,4.05,unknown,claystone,terrestrial indet.,Cebupithecia sarmientoi
Upper M1,2.2,3.1,13.8,11.0,-71.6,3.99,unknown,unknown,terrestrial indet.,Kiotomops lopezi
Upper M1,2.1,3.1,13.8,11.0,-71.6,3.99,unknown,unknown,terrestrial indet.,Kiotomops lopezi
Lower i1,1.38,2.06,13.8,11.0,-70.96,4.43,La Victoria,unknown,terrestrial indet.,Lagonimico conclucatus
Lower i2,1.38,2.0,13.8,11.0,-70.96,4.43,La Victoria,unknown,terrestrial indet.,Lagonimico conclucatus
Lower c1,2.93,2.25,13.8,11.0,-70.96,4.43,La Victoria,unknown,terrestrial indet.,Lagonimico conclucatus
Lower p2,3.19,2.56,13.8,11.0,-70.96,4.43,La Victoria,unknown,terrestrial indet.,Lagonimico conclucatus
Lower p2,3.06,2.5,13.8,11.0,-70.96,4.43,La Victoria,unknown,terrestrial indet.,Lagonimico conclucatus
Lower p3,2.25,2.19,13.8,11.0,-70.96,4.43,La Victoria,unknown,terrestrial indet.,Lagonimico conclucatus
Lower p4,2.38,0.0,13.8,11.0,-70.96,4.43,La Victoria,unknown,terrestrial indet.,Lagonimico conclucatus
Lower m1,2.39,2.5,13.8,11.0,-70.96,4.43,La Victoria,unknown,terrestrial indet.,Lagonimico conclucatus
Lower m1,0.0,2.5,13.8,11.0,-70.96,4.43,La Victoria,unknown,terrestrial indet.,Lagonimico conclucatus
Lower m2,2.81,2.06,13.8,11.0,-70.96,4.43,La Victoria,unknown,terrestrial indet.,Lagonimico conclucatus
Lower m2,0.0,2.44,13.8,11.0,-70.96,4.43,La Victoria,unknown,terrestrial indet.,Lagonimico conclucatus
Lower m3,2.19,1.69,13.8,11.0,-70.96,4.43,La Victoria,unknown,terrestrial indet.,Lagonimico conclucatus
Lower m3,0.0,1.63,13.8,11.0,-70.96,4.43,La Victoria,unknown,terrestrial indet.,Lagonimico conclucatus
Upper I1,2.44,1.5,13.8,11.0,-70.96,4.43,La Victoria,unknown,terrestrial indet.,Lagonimico conclucatus
Upper I2,1.94,1.19,13.8,11.0,-70.96,4.43,La Victoria,unknown,terrestrial indet.,Lagonimico conclucatus
Upper C1,3.25,2.19,13.8,11.0,-70.96,4.43,La Victoria,unknown,terrestrial indet.,Lagonimico conclucatus
Upper P2,2.56,2.56,13.8,11.0,-70.96,4.43,La Victoria,unknown,terrestrial indet.,Lagonimico conclucatus
Upper P3,2.19,3.44,13.8,11.0,-70.96,4.43,La Victoria,unknown,terrestrial indet.,Lagonimico conclucatus
Upper P4,2.31,3.5,13.8,11.0,-70.96,4.43,La Victoria,unknown,terrestrial indet.,Lagonimico conclucatus
Upper M1,3.5,4.5,13.8,11.0,-70.96,4.43,La Victoria,unknown,terrestrial indet.,Lagonimico conclucatus
Upper M2,2.63,3.75,13.8,11.0,-70.96,4.43,La Victoria,unknown,terrestrial indet.,Lagonimico conclucatus
Upper M3,1.38,2.44,13.8,11.0,-70.96,4.43,La Victoria,unknown,terrestrial indet.,Lagonimico conclucatus
Mandíbula,495.0,0.0,2.58,0.0117,-70.38,-33.41,unknown,unknown,terrestrial indet.,Megatherium medinae
Mandíbula inferida,541.0,0.0,2.58,0.0117,-70.38,-33.41,unknown,unknown,terrestrial indet.,Megatherium medinae
Molar,0.0,30.0,2.58,0.0117,-70.38,-33.41,unknown,unknown,terrestrial indet.,Megatherium medinae
Molar,0.0,36.0,2.58,0.0117,-70.38,-33.41,unknown,unknown,terrestrial indet.,Megatherium medinae
Molar,0.0,25.0,2.58,0.0117,-70.38,-33.41,unknown,unknown,terrestrial indet.,Megatherium medinae
Molar,0.0,29.0,2.58,0.0117,-70.38,-33.41,unknown,unknown,terrestrial indet.,Megatherium medinae
Jaw length,160.0,0.0,11.63,7.246,-67.43,-17.99,Huaylas,sandstone,lacustrine indet.,Caraguatypotherium munozi
Lower i1,1.85,3.19,13.8,11.0,-71.53,4.1,Villavieja,unknown,terrestrial indet.,Nuciruptor rubricae
Lower c1,3.18,4.6,13.8,11.0,-71.53,4.1,Villavieja,unknown,terrestrial indet.,Nuciruptor rubricae
Lower p2,2.66,3.48,13.8,11.0,-71.53,4.1,Villavieja,unknown,terrestrial indet.,Nuciruptor rubricae
Lower p3,2.93,3.49,13.8,11.0,-71.53,4.1,Villavieja,unknown,terrestrial indet.,Nuciruptor rubricae
Lower p4,3.1,3.43,13.8,11.0,-71.53,4.1,Villavieja,unknown,terrestrial indet.,Nuciruptor rubricae
Lower m1,3.94,3.93,13.8,11.0,-71.53,4.1,Villavieja,unknown,terrestrial indet.,Nuciruptor rubricae
Lower m2,4.09,3.8,13.8,11.0,-71.53,4.1,Villavieja,unknown,terrestrial indet.,Nuciruptor rubricae
Tooth row,28.6,0.0,13.8,11.0,-71.53,4.1,Villavieja,unknown,terrestrial indet.,Nuciruptor rubricae
Depth at p2,0.0,0.0,13.8,11.0,-71.53,4.1,Villavieja,unknown,terrestrial indet.,Nuciruptor rubricae
i1,10.1,6.3,11.63,7.246,-67.43,-17.99,Huaylas,sandstone,lacustrine indet.,Caraguatypotherium munozi
i2,6.425,5.3,11.63,7.246,-67.43,-17.99,Huaylas,sandstone,lacustrine indet.,Caraguatypotherium munozi
Skull length,163.0,0.0,11.63,7.246,-67.43,-17.99,Huaylas,sandstone,lacustrine indet.,Caraguatypotherium munozi
Skull length,165.3,0.0,11.63,7.246,-67.43,-17.99,Huaylas,sandstone,lacustrine indet.,Caraguatypotherium munozi
Palate length,93.4,0.0,11.63,7.246,-67.43,-17.99,Huaylas,sandstone,lacustrine indet.,Caraguatypotherium munozi
Width across zygomatic arches,0.0,106.9,11.63,7.246,-67.43,-17.99,Huaylas,sandstone,lacustrine indet.,Caraguatypotherium munozi
Skull,0.0,0.0,11.63,7.246,-67.43,-17.99,Huaylas,sandstone,lacustrine indet.,Caraguatypotherium munozi
Skull,0.0,0.0,11.63,7.246,-67.43,-17.99,Huaylas,sandstone,lacustrine indet.,Caraguatypotherium munozi
Snout,0.0,0.0,11.63,7.246,-67.43,-17.99,Huaylas,sandstone,lacustrine indet.,Caraguatypotherium munozi
Lower m2,56.0,27.0,13.8,11.0,-71.62,4.01,Villavieja,claystone,terrestrial indet.,Xenastrapotherium kraglievichi
Lower m1,39.0,20.0,23.04,20.45,-72.57,-1.85,Biblian,unknown,terrestrial indet.,Xenastrapotherium aequatorialis
Lower m2,55.0,25.0,23.04,20.45,-72.57,-1.85,Biblian,unknown,terrestrial indet.,Xenastrapotherium aequatorialis
Lower m1,45.0,24.0,23.04,15.98,-69.22,4.57,Barzalosa,breccia,terrestrial indet.,Xenastrapotherium chaparralensis
Lower m3,69.5,31.0,23.04,15.98,-69.22,4.57,Barzalosa,breccia,terrestrial indet.,Xenastrapotherium chaparralensis
Upper M3,64.5,0.0,23.04,15.98,-69.22,4.57,Barzalosa,breccia,terrestrial indet.,Xenastrapotherium chaparralensis
Tooth,60.0,0.0,13.8,11.0,-70.35,-9.7,Ipururo,conglomerate,transition zone/lower shoreface,Granastrapotherium snorki
posterior part of the ectoloph of an M3,0.0,0.0,13.8,11.0,-70.35,-9.7,Ipururo,conglomerate,transition zone/lower shoreface,Granastrapotherium snorki
Lower m2,62.6,37.4,13.8,11.0,-71.62,4.01,La Victoria,claystone,terrestrial indet.,Granastrapotherium snorki
Mandible,0.0,60.3,13.8,11.0,-71.62,4.01,La Victoria,claystone,terrestrial indet.,Granastrapotherium snorki
Lower m2,69.8,37.9,13.8,11.0,-71.62,4.01,La Victoria,claystone,terrestrial indet.,Granastrapotherium snorki
Mandible,0.0,53.5,13.8,11.0,-71.62,4.01,La Victoria,claystone,terrestrial indet.,Granastrapotherium snorki
Lower m2,66.4,33.0,13.8,11.0,-71.57,4.03,Villavieja,sandstone,terrestrial indet.,Granastrapotherium snorki
Mandible,0.0,53.0,13.8,11.0,-71.57,4.03,Villavieja,sandstone,terrestrial indet.,Granastrapotherium snorki
Skull Basilar length,525.0,0.0,13.8,11.0,-71.57,4.03,Villavieja,sandstone,terrestrial indet.,Granastrapotherium snorki
Skull,648.0,0.0,13.8,11.0,-71.57,4.03,Villavieja,sandstone,terrestrial indet.,Granastrapotherium snorki
Skull,565.0,0.0,13.8,11.0,-71.57,4.03,Villavieja,sandstone,terrestrial indet.,Granastrapotherium snorki
Bizygomatic,0.0,430.0,13.8,11.0,-71.57,4.03,Villavieja,sandstone,terrestrial indet.,Granastrapotherium snorki
Palatal,0.0,170.0,13.8,11.0,-71.57,4.03,Villavieja,sandstone,terrestrial indet.,Granastrapotherium snorki
Palatal,0.0,150.0,13.8,11.0,-71.57,4.03,Villavieja,sandstone,terrestrial indet.,Granastrapotherium snorki
Neurocranium,220.0,0.0,13.8,11.0,-71.57,4.03,Villavieja,sandstone,terrestrial indet.,Granastrapotherium snorki
Neurocranium,284.0,0.0,13.8,11.0,-71.57,4.03,Villavieja,sandstone,terrestrial indet.,Granastrapotherium snorki
Facial length,305.0,0.0,13.8,11.0,-71.57,4.03,Villavieja,sandstone,terrestrial indet.,Granastrapotherium snorki
Humerus,633.0,0.0,13.8,11.0,-71.62,4.01,La Victoria,claystone,terrestrial indet.,Granastrapotherium snorki
Humerus,523.0,0.0,13.8,11.0,-71.62,4.01,La Victoria,claystone,terrestrial indet.,Granastrapotherium snorki
Humerus,0.0,140.0,13.8,11.0,-71.62,4.01,La Victoria,claystone,terrestrial indet.,Granastrapotherium snorki
Humerus,0.0,0.0,13.8,11.0,-71.62,4.01,La Victoria,claystone,terrestrial indet.,Granastrapotherium snorki
Humerus,0.0,0.0,13.8,11.0,-71.62,4.01,La Victoria,claystone,terrestrial indet.,Granastrapotherium snorki
Humerus trochlea,0.0,125.0,13.8,11.0,-71.62,4.01,La Victoria,claystone,terrestrial indet.,Granastrapotherium snorki
Radius,435.0,115.0,13.8,11.0,-71.62,4.01,La Victoria,claystone,terrestrial indet.,Granastrapotherium snorki
Radius,0.0,85.0,13.8,11.0,-71.62,4.01,La Victoria,claystone,terrestrial indet.,Granastrapotherium snorki
Radius,0.0,93.0,13.8,11.0,-71.62,4.01,La Victoria,claystone,terrestrial indet.,Granastrapotherium snorki
Radius,0.0,61.0,13.8,11.0,-71.62,4.01,La Victoria,claystone,terrestrial indet.,Granastrapotherium snorki
Radius shaft,0.0,55.0,13.8,11.0,-71.62,4.01,La Victoria,claystone,terrestrial indet.,Granastrapotherium snorki
Radius shaft,0.0,45.0,13.8,11.0,-71.62,4.01,La Victoria,claystone,terrestrial indet.,Granastrapotherium snorki
Tibia,490.0,0.0,13.8,11.0,-71.62,4.01,La Victoria,claystone,terrestrial indet.,Granastrapotherium snorki
Tibia,478.0,0.0,13.8,11.0,-71.62,4.01,La Victoria,claystone,terrestrial indet.,Granastrapotherium snorki
Tibia,0.0,138.0,13.8,11.0,-71.62,4.01,La Victoria,claystone,terrestrial indet.,Granastrapotherium snorki
Tibia,0.0,128.0,13.8,11.0,-71.62,4.01,La Victoria,claystone,terrestrial indet.,Granastrapotherium snorki
Astragalus,100.0,0.0,13.8,11.0,-71.62,4.01,La Victoria,claystone,terrestrial indet.,Granastrapotherium snorki
Astragalus,0.0,115.0,13.8,11.0,-71.62,4.01,La Victoria,claystone,terrestrial indet.,Granastrapotherium snorki
Lower canine,0.0,0.0,13.8,11.0,-71.59,4.07,unknown,claystone,terrestrial indet.,Xenastrapotherium kraglievichi
Lower canine,0.0,0.0,13.8,11.0,-71.59,4.07,unknown,claystone,terrestrial indet.,Xenastrapotherium kraglievichi
Lower canine,0.0,0.0,13.8,11.0,-71.62,4.01,Villavieja,claystone,terrestrial indet.,Xenastrapotherium kraglievichi
Lower canine,0.0,0.0,13.8,11.0,-71.62,4.01,Villavieja,claystone,terrestrial indet.,Xenastrapotherium kraglievichi
Lower canine,0.0,0.0,13.8,11.0,-71.6,3.99,unknown,sandstone,terrestrial indet.,Granastrapotherium snorki
Lower canine,0.0,0.0,13.8,11.0,-71.62,4.01,La Victoria,claystone,terrestrial indet.,Granastrapotherium snorki
Lower canine,0.0,0.0,13.8,11.0,-71.62,4.01,La Victoria,claystone,terrestrial indet.,Granastrapotherium snorki
Lower canine,0.0,0.0,13.8,11.0,-71.57,4.04,Villavieja,claystone,terrestrial indet.,Granastrapotherium snorki
Upper canine,0.0,0.0,13.8,11.0,-71.62,4.01,Villavieja,claystone,terrestrial indet.,Xenastrapotherium kraglievichi
Upper canine,0.0,0.0,13.8,11.0,-71.62,4.01,Villavieja,claystone,terrestrial indet.,Xenastrapotherium kraglievichi
Upper canine,0.0,0.0,13.8,11.0,-71.58,4.07,unknown,unknown,terrestrial indet.,Xenastrapotherium kraglievichi
Upper canine,0.0,0.0,13.8,11.0,-71.58,4.07,unknown,unknown,terrestrial indet.,Xenastrapotherium kraglievichi
Upper canine,0.0,0.0,13.8,11.0,-71.59,4.07,unknown,claystone,terrestrial indet.,Xenastrapotherium kraglievichi
Upper canine,0.0,0.0,13.8,11.0,-71.59,4.07,unknown,claystone,terrestrial indet.,Xenastrapotherium kraglievichi
Upper canine,0.0,0.0,13.8,11.0,-71.57,4.03,Villavieja,sandstone,terrestrial indet.,Granastrapotherium snorki
Upper canine,0.0,0.0,13.8,11.0,-71.57,4.03,Villavieja,sandstone,terrestrial indet.,Granastrapotherium snorki
Upper canine,0.0,0.0,13.8,11.0,-71.57,4.04,Villavieja,claystone,terrestrial indet.,Granastrapotherium snorki
Upper canine,0.0,0.0,13.8,11.0,-71.6,3.99,unknown,sandstone,terrestrial indet.,Granastrapotherium snorki
Lower m3,0.0,1.1,13.8,11.0,-71.6,4.07,Villavieja,mudstone,fluvial indet.,Pachybiotherium minor
Lower m3,0.0,1.0,13.8,11.0,-71.6,4.07,Villavieja,mudstone,fluvial indet.,Pachybiotherium minor
Upper M1,2.7,1.8,13.8,11.0,-71.6,4.07,Villavieja,mudstone,fluvial indet.,Pachybiotherium minor
Lowe m3,1.5,0.8,13.8,11.0,-71.6,4.07,Villavieja,mudstone,fluvial indet.,Thylamys minutus
Lowe m4,1.4,0.75,13.8,11.0,-71.6,4.07,Villavieja,mudstone,fluvial indet.,Thylamys minutus
Upper M1,1.45,1.3,13.8,11.0,-71.59,4.05,unknown,claystone,terrestrial indet.,Thylamys minutus
Upper M2,1.4,1.55,13.8,11.0,-71.59,4.05,unknown,claystone,terrestrial indet.,Thylamys minutus
Upper M3,0.0,1.75,13.8,11.0,-71.59,4.05,unknown,claystone,terrestrial indet.,Thylamys minutus
Lower m1,1.8,0.85,13.8,11.0,-71.6,4.07,Villavieja,mudstone,fluvial indet.,Thylamys colombianus
Upper M4,0.9,2.15,13.8,11.0,-71.6,4.07,Villavieja,mudstone,fluvial indet.,Thylamys colombianus
Lower m2,1.9,0.95,13.8,11.0,-71.6,4.07,Villavieja,mudstone,fluvial indet.,Thylamys colombianus
Lower m2,2.6,1.5,13.8,11.0,-71.53,4.09,La Victoria,unknown,terrestrial indet.,Micoureus laventicus
Lower m3,2.8,1.6,13.8,11.0,-71.53,4.09,La Victoria,unknown,terrestrial indet.,Micoureus laventicus
Lower m4,2.9,1.5,13.8,11.0,-71.53,4.09,La Victoria,unknown,terrestrial indet.,Micoureus laventicus
Lower p1,5.0,0.0,13.8,11.0,-71.6,4.07,Villavieja,mudstone,fluvial indet.,Hondadelphys fieldsi
Lower p2,5.7,0.0,13.8,11.0,-71.6,4.07,Villavieja,mudstone,fluvial indet.,Hondadelphys fieldsi
Lower p3,6.8,0.0,13.8,11.0,-71.6,4.07,Villavieja,mudstone,fluvial indet.,Hondadelphys fieldsi
Lower m1,6.6,0.0,13.8,11.0,-71.6,4.07,Villavieja,mudstone,fluvial indet.,Hondadelphys fieldsi
Lower m2,6.8,0.0,13.8,11.0,-71.6,4.07,Villavieja,mudstone,fluvial indet.,Hondadelphys fieldsi
Lower m3,6.9,0.0,13.8,11.0,-71.6,4.07,Villavieja,mudstone,fluvial indet.,Hondadelphys fieldsi
Lower m4,6.8,0.0,13.8,11.0,-71.6,4.07,Villavieja,mudstone,fluvial indet.,Hondadelphys fieldsi
Lower p1,4.5,1.9,13.8,11.0,-71.55,4.09,La Victoria,sandstone,fluvial indet.,Hondadelphys fieldsi
Lower p2,6.1,2.1,13.8,11.0,-71.55,4.09,La Victoria,sandstone,fluvial indet.,Hondadelphys fieldsi
Lower p2,13.7,5.5,13.8,11.0,-71.55,4.09,La Victoria,sandstone,fluvial indet.,Lycopsis longirostrus
Lower m4,16.8,7.8,13.8,11.0,-71.55,4.09,La Victoria,sandstone,fluvial indet.,Lycopsis longirostrus
Lower m1,4.2,1.9,13.8,11.0,-71.55,4.09,La Victoria,sandstone,fluvial indet.,Pithiculites chenche
Lower m2,2.1,1.7,13.8,11.0,-71.55,4.09,La Victoria,sandstone,fluvial indet.,Pithiculites chenche
Lower m3,1.5,1.3,13.8,11.0,-71.55,4.09,La Victoria,sandstone,fluvial indet.,Pithiculites chenche
Lower p4,15.3,0.0,13.8,11.0,-71.59,4.07,unknown,claystone,terrestrial indet.,Megadolodus molariformis
Lower m1,16.4,15.5,13.8,11.0,-71.59,4.07,unknown,claystone,terrestrial indet.,Megadolodus molariformis
Upper P4,11.8,0.0,13.8,11.0,-71.57,4.04,Villavieja,unknown,terrestrial indet.,Mesolicaphrium sanalfonense
Upper M3,9.7,13.1,13.8,11.0,-71.57,4.04,Villavieja,unknown,terrestrial indet.,Mesolicaphrium sanalfonense
Lower p3,14.5,8.3,13.8,11.0,-71.57,4.04,Villavieja,unknown,terrestrial indet.,Mesolicaphrium sanalfonense
Lower m1,12.5,8.7,13.8,11.0,-71.57,4.04,Villavieja,unknown,terrestrial indet.,Mesolicaphrium sanalfonense
Lower m2,12.3,0.0,13.8,11.0,-71.57,4.04,Villavieja,unknown,terrestrial indet.,Mesolicaphrium sanalfonense
Lower m3,14.6,9.8,13.8,11.0,-71.57,4.04,Villavieja,unknown,terrestrial indet.,Mesolicaphrium sanalfonense
Upper M1,14.6,20.6,13.8,11.0,-71.62,4.01,La Victoria,claystone,terrestrial indet.,Villarroelia totoyoi
Upper M2,15.6,19.8,13.8,11.0,-71.62,4.01,La Victoria,claystone,terrestrial indet.,Villarroelia totoyoi
Molar N.o 1,210.0,100.0,2.58,0.0117,-73.0,-38.64,unknown,unknown,terrestrial indet.,Mastotherium hyodon
Molar N.o 2,210.0,100.0,2.58,0.0117,-73.0,-38.64,unknown,unknown,terrestrial indet.,Mastotherium hyodon
Molar N.o 3,240.0,100.0,2.58,0.0117,-73.0,-38.64,unknown,unknown,terrestrial indet.,Mastotherium hyodon
Molar N.o 4,240.0,100.0,2.58,0.0117,-73.0,-38.64,unknown,unknown,terrestrial indet.,Mastotherium hyodon
Trozos de defensa,1000.0,0.0,2.58,0.0117,-73.0,-38.64,unknown,unknown,terrestrial indet.,Mastotherium hyodon
Costillas,685.0,0.0,2.58,0.0117,-73.0,-38.64,unknown,unknown,terrestrial indet.,Mastotherium hyodon
Fémures,540.0,0.0,2.58,0.0117,-73.0,-38.64,unknown,unknown,terrestrial indet.,Mastotherium hyodon
Upper P3,28.0,38.0,13.8,11.0,-71.57,4.03,Villavieja,sandstone,terrestrial indet.,Huilatherium pluripicatum
Upper P4,28.0,43.0,13.8,11.0,-71.57,4.03,Villavieja,sandstone,terrestrial indet.,Huilatherium pluripicatum
Upper P3,27.0,39.0,13.8,11.0,-71.57,4.03,Villavieja,sandstone,terrestrial indet.,Huilatherium pluripicatum
Upper P4,29.0,44.0,13.8,11.0,-71.57,4.03,Villavieja,sandstone,terrestrial indet.,Huilatherium pluripicatum
Upper M1,42.0,36.0,13.8,11.0,-71.57,4.03,Villavieja,sandstone,terrestrial indet.,Huilatherium pluripicatum
Upper M1,41.0,36.0,13.8,11.0,-71.57,4.03,Villavieja,sandstone,terrestrial indet.,Huilatherium pluripicatum
Upper M2,51.0,49.0,13.8,11.0,-71.57,4.03,Villavieja,sandstone,terrestrial indet.,Huilatherium pluripicatum
Upper M2,52.0,50.0,13.8,11.0,-71.57,4.03,Villavieja,sandstone,terrestrial indet.,Huilatherium pluripicatum
Upper M3,56.0,47.0,13.8,11.0,-71.57,4.03,Villavieja,sandstone,terrestrial indet.,Huilatherium pluripicatum
Upper M3,56.0,47.0,13.8,11.0,-71.57,4.03,Villavieja,sandstone,terrestrial indet.,Huilatherium pluripicatum
Upper M1,36.0,37.0,13.8,11.0,-71.57,4.03,Villavieja,sandstone,terrestrial indet.,Huilatherium pluripicatum
Upper M2,54.0,51.0,13.8,11.0,-71.59,4.07,unknown,claystone,terrestrial indet.,Huilatherium pluripicatum
Upper M2,53.0,51.0,13.8,11.0,-71.59,4.07,unknown,claystone,terrestrial indet.,Huilatherium pluripicatum
Upper M3,59.0,49.0,13.8,11.0,-71.59,4.07,unknown,claystone,terrestrial indet.,Huilatherium pluripicatum
Lower p3,24.0,19.0,13.8,11.0,-71.57,4.03,Villavieja,sandstone,terrestrial indet.,Huilatherium pluripicatum
Lower p2,19.0,18.0,13.8,11.0,-71.57,4.03,Villavieja,sandstone,terrestrial indet.,Huilatherium pluripicatum
Lower p3,23.0,20.0,13.8,11.0,-71.57,4.03,Villavieja,sandstone,terrestrial indet.,Huilatherium pluripicatum
Lower p4,25.0,21.0,13.8,11.0,-71.57,4.03,Villavieja,sandstone,terrestrial indet.,Huilatherium pluripicatum
Lower p4,26.0,20.0,13.8,11.0,-71.57,4.03,Villavieja,sandstone,terrestrial indet.,Huilatherium pluripicatum
Lower p3,24.0,21.0,13.8,11.0,-71.59,4.05,unknown,claystone,terrestrial indet.,Huilatherium pluripicatum
Lower p4,25.0,22.0,13.8,11.0,-71.59,4.05,unknown,claystone,terrestrial indet.,Huilatherium pluripicatum
Lower p4,27.0,19.0,13.8,11.0,-71.57,4.04,Villavieja,claystone,terrestrial indet.,Huilatherium pluripicatum
Lower p2,20.0,14.0,13.8,11.0,-71.57,4.04,Villavieja,claystone,terrestrial indet.,Huilatherium pluripicatum
Lower p4,27.0,19.0,13.8,11.0,-71.57,4.04,Villavieja,claystone,terrestrial indet.,Huilatherium pluripicatum
Lower p2,22.0,19.0,13.8,11.0,-71.62,4.01,Villavieja,sandstone,terrestrial indet.,Huilatherium pluripicatum
Lower p3,25.0,21.0,13.8,11.0,-71.62,4.01,Villavieja,sandstone,terrestrial indet.,Huilatherium pluripicatum
Lower p4,26.0,22.0,13.8,11.0,-71.62,4.01,Villavieja,sandstone,terrestrial indet.,Huilatherium pluripicatum
Lower p2,21.0,17.0,13.8,11.0,-71.62,4.01,Villavieja,sandstone,terrestrial indet.,Huilatherium pluripicatum
Lower p3,24.0,20.0,13.8,11.0,-71.62,4.01,Villavieja,sandstone,terrestrial indet.,Huilatherium pluripicatum
Lower p4,26.0,22.0,13.8,11.0,-71.62,4.01,Villavieja,sandstone,terrestrial indet.,Huilatherium pluripicatum
Lower p3,25.0,22.0,13.8,11.0,-71.62,4.01,Villavieja,claystone,terrestrial indet.,Huilatherium pluripicatum
Lower p3,25.0,19.0,13.8,11.0,-71.62,4.01,Villavieja,claystone,terrestrial indet.,Huilatherium pluripicatum
Lower p4,29.0,23.0,13.8,11.0,-71.62,4.01,Villavieja,claystone,terrestrial indet.,Huilatherium pluripicatum
Lower m1,35.0,20.0,13.8,11.0,-71.57,4.03,Villavieja,sandstone,terrestrial indet.,Huilatherium pluripicatum
Lower m1,34.0,21.0,13.8,11.0,-71.57,4.03,Villavieja,sandstone,terrestrial indet.,Huilatherium pluripicatum
Lower m2,44.0,21.0,13.8,11.0,-71.57,4.03,Villavieja,sandstone,terrestrial indet.,Huilatherium pluripicatum
Lower m2,44.0,20.0,13.8,11.0,-71.57,4.03,Villavieja,sandstone,terrestrial indet.,Huilatherium pluripicatum
Lower m3,61.0,19.0,13.8,11.0,-71.57,4.03,Villavieja,sandstone,terrestrial indet.,Huilatherium pluripicatum
Lower m3,60.0,19.0,13.8,11.0,-71.57,4.03,Villavieja,sandstone,terrestrial indet.,Huilatherium pluripicatum
Lower m2,43.0,24.0,13.8,11.0,-71.59,4.05,unknown,claystone,terrestrial indet.,Huilatherium pluripicatum
Lower m3,61.0,22.0,13.8,11.0,-71.59,4.05,unknown,claystone,terrestrial indet.,Huilatherium pluripicatum
Lower m2,48.0,24.0,13.8,11.0,-71.57,4.04,Villavieja,claystone,terrestrial indet.,Huilatherium pluripicatum
Lower m2,44.0,20.0,13.8,11.0,-71.62,4.01,Villavieja,unknown,terrestrial indet.,Huilatherium pluripicatum
Lower m1,35.0,21.0,13.8,11.0,-71.62,4.01,Villavieja,sandstone,terrestrial indet.,Huilatherium pluripicatum
Lower m2,44.0,24.0,13.8,11.0,-71.62,4.01,Villavieja,sandstone,terrestrial indet.,Huilatherium pluripicatum
Lower m1,35.0,21.0,13.8,11.0,-71.62,4.01,Villavieja,sandstone,terrestrial indet.,Huilatherium pluripicatum
Lower m2,44.0,24.0,13.8,11.0,-71.62,4.01,Villavieja,sandstone,terrestrial indet.,Huilatherium pluripicatum
Lower m3,60.0,24.0,13.8,11.0,-71.62,4.01,Villavieja,sandstone,terrestrial indet.,Huilatherium pluripicatum
Lower m2,43.0,20.0,13.8,11.0,-71.62,4.01,Villavieja,sandstone,terrestrial indet.,Huilatherium pluripicatum
Lower m2,44.0,23.0,13.8,11.0,-71.62,4.01,Villavieja,claystone,terrestrial indet.,Huilatherium pluripicatum
Lower m2,44.0,23.0,13.8,11.0,-71.62,4.01,Villavieja,claystone,terrestrial indet.,Huilatherium pluripicatum
Lower m3,60.0,22.0,13.8,11.0,-71.62,4.01,Villavieja,claystone,terrestrial indet.,Huilatherium pluripicatum
Lower m3,63.0,23.0,13.8,11.0,-71.62,4.01,Villavieja,claystone,terrestrial indet.,Huilatherium pluripicatum
Upper P4,1.37,2.22,13.8,11.0,-71.6,4.07,Villavieja,mudstone,fluvial indet.,Noctilio albiventris
Upper M1 or 2,2.1,2.6,13.8,11.0,-71.6,4.07,Villavieja,mudstone,fluvial indet.,Noctilio albiventris
Lower m1,2.3,1.35,13.8,11.0,-71.6,4.07,Villavieja,mudstone,fluvial indet.,Noctilio albiventris
Lower m1,0.0,1.87,13.8,11.0,-71.6,4.07,Villavieja,mudstone,fluvial indet.,Noctilio albiventris
Lower m2,2.43,1.5,13.8,11.0,-71.6,4.07,Villavieja,mudstone,fluvial indet.,Noctilio albiventris
Lower m2,0.0,1.87,13.8,11.0,-71.6,4.07,Villavieja,mudstone,fluvial indet.,Noctilio albiventris
Lower m3,2.15,1.38,13.8,11.0,-71.6,4.07,Villavieja,mudstone,fluvial indet.,Noctilio albiventris
Lower m3,0.0,1.18,13.8,11.0,-71.6,4.07,Villavieja,mudstone,fluvial indet.,Noctilio albiventris
Lower m3,0.0,1.23,13.8,11.0,-71.6,4.07,Villavieja,mudstone,fluvial indet.,Noctilio albiventris
Lower m2,3.75,2.35,13.8,11.0,-71.6,4.07,Villavieja,mudstone,fluvial indet.,Notonycteris magdalenensis
Lower m2,0.0,2.32,13.8,11.0,-71.6,4.07,Villavieja,mudstone,fluvial indet.,Notonycteris magdalenensis
Upper M1,1.38,1.71,13.8,11.0,-71.6,4.07,Villavieja,mudstone,fluvial indet.,Thyroptera robusta
Upper M1,1.09,0.0,13.8,11.0,-71.6,4.07,Villavieja,mudstone,fluvial indet.,Thyroptera robusta
Upper C1,0.98,0.71,13.8,11.0,-71.6,4.07,Villavieja,mudstone,fluvial indet.,Thyroptera robusta
Upper M2,1.04,1.94,13.8,11.0,-71.6,4.07,Villavieja,mudstone,fluvial indet.,Thyroptera robusta
Lower m1 or 2,0.0,0.85,13.8,11.0,-71.6,4.07,Villavieja,mudstone,fluvial indet.,Thyroptera robusta
Upper P4-M3 tooth row,9.3,0.0,13.8,11.0,-70.96,4.43,La Victoria,unknown,terrestrial indet.,Potamops mascahehenes
Infraorbital foramen,0.0,0.0,13.8,11.0,-70.96,4.43,La Victoria,unknown,terrestrial indet.,Potamops mascahehenes
Radius shaft,0.0,0.0,13.8,11.0,-70.96,4.43,La Victoria,unknown,terrestrial indet.,Potamops mascahehenes
Upper P4,2.0,3.12,13.8,11.0,-70.96,4.43,La Victoria,unknown,terrestrial indet.,Potamops mascahehenes
Upper P4,1.47,0.0,13.8,11.0,-70.96,4.43,La Victoria,unknown,terrestrial indet.,Potamops mascahehenes
Upper M1,3.27,4.04,13.8,11.0,-70.96,4.43,La Victoria,unknown,terrestrial indet.,Potamops mascahehenes
Upper M1,2.73,0.0,13.8,11.0,-70.96,4.43,La Victoria,unknown,terrestrial indet.,Potamops mascahehenes
Upper M2,3.13,4.12,13.8,11.0,-70.96,4.43,La Victoria,unknown,terrestrial indet.,Potamops mascahehenes
Upper M2,2.47,0.0,13.8,11.0,-70.96,4.43,La Victoria,unknown,terrestrial indet.,Potamops mascahehenes
Upper M3,1.92,3.39,13.8,11.0,-70.96,4.43,La Victoria,unknown,terrestrial indet.,Potamops mascahehenes
Upper M3,1.33,0.0,13.8,11.0,-70.96,4.43,La Victoria,unknown,terrestrial indet.,Potamops mascahehenes
C1–P4,84.4,0.0,3.6,0.774,-62.8,9.96,Mesa,tar,terrestrial indet.,Xenosmilus venezuelensis
C1 anteroposterior,34.1,0.0,3.6,0.774,-62.8,9.96,Mesa,tar,terrestrial indet.,Xenosmilus venezuelensis
C1 (Labial-lingual),0.0,18.6,3.6,0.774,-62.8,9.96,Mesa,tar,terrestrial indet.,Xenosmilus venezuelensis
P3,13.0,0.0,3.6,0.774,-62.8,9.96,Mesa,tar,terrestrial indet.,Xenosmilus venezuelensis
P3,0.0,7.2,3.6,0.774,-62.8,9.96,Mesa,tar,terrestrial indet.,Xenosmilus venezuelensis
P4,40.7,0.0,3.6,0.774,-62.8,9.96,Mesa,tar,terrestrial indet.,Xenosmilus venezuelensis
P4,0.0,14.2,3.6,0.774,-62.8,9.96,Mesa,tar,terrestrial indet.,Xenosmilus venezuelensis
C1–C1,0.0,72.8,3.6,0.774,-62.8,9.96,Mesa,tar,terrestrial indet.,Xenosmilus venezuelensis
P3–P3,0.0,85.2,3.6,0.774,-62.8,9.96,Mesa,tar,terrestrial indet.,Xenosmilus venezuelensis
P4–P4 (between protocones),0.0,95.1,3.6,0.774,-62.8,9.96,Mesa,tar,terrestrial indet.,Xenosmilus venezuelensis
P4–P4 (between labial border at its posterior part),0.0,102.2,3.6,0.774,-62.8,9.96,Mesa,tar,terrestrial indet.,Xenosmilus venezuelensis
Greatest palatal width: P4–P4 (between protocones),0.0,99.7,3.6,0.774,-62.8,9.96,Mesa,tar,terrestrial indet.,Xenosmilus venezuelensis
Palatal length (incisor–posterior border of P4),101.9,0.0,3.6,0.774,-62.8,9.96,Mesa,tar,terrestrial indet.,Xenosmilus venezuelensis
P4–pterigoides wing,49.0,0.0,3.6,0.774,-62.8,9.96,Mesa,tar,terrestrial indet.,Xenosmilus venezuelensis
Glenoid surface,0.0,52.9,3.6,0.774,-62.8,9.96,Mesa,tar,terrestrial indet.,Xenosmilus venezuelensis
Glenoid surface,25.5,0.0,3.6,0.774,-62.8,9.96,Mesa,tar,terrestrial indet.,Xenosmilus venezuelensis
Greatest mastoid process width,0.0,114.8,3.6,0.774,-62.8,9.96,Mesa,tar,terrestrial indet.,Xenosmilus venezuelensis
Greatest paraoccipital process width,0.0,95.1,3.6,0.774,-62.8,9.96,Mesa,tar,terrestrial indet.,Xenosmilus venezuelensis
Greatest width of the occipital condyles,0.0,70.0,3.6,0.774,-62.8,9.96,Mesa,tar,terrestrial indet.,Xenosmilus venezuelensis
Tympanic bullae,0.0,26.0,3.6,0.774,-62.8,9.96,Mesa,tar,terrestrial indet.,Xenosmilus venezuelensis
Greatest diameter of the tympanic bulla,0.0,0.0,3.6,0.774,-62.8,9.96,Mesa,tar,terrestrial indet.,Xenosmilus venezuelensis
Zygomatic width,0.0,175.0,3.6,0.774,-62.8,9.96,Mesa,tar,terrestrial indet.,Xenosmilus venezuelensis
Sagittal crest,76.7,0.0,3.6,0.774,-62.8,9.96,Mesa,tar,terrestrial indet.,Xenosmilus venezuelensis
Basicranium–sagittal crest,0.0,0.0,3.6,0.774,-62.8,9.96,Mesa,tar,terrestrial indet.,Xenosmilus venezuelensis
Length between mastoid and paraoccipital process,45.9,0.0,3.6,0.774,-62.8,9.96,Mesa,tar,terrestrial indet.,Xenosmilus venezuelensis
External nares,0.0,0.0,3.6,0.774,-62.8,9.96,Mesa,tar,terrestrial indet.,Xenosmilus venezuelensis
Greatest width of external nares,0.0,38.2,3.6,0.774,-62.8,9.96,Mesa,tar,terrestrial indet.,Xenosmilus venezuelensis
Greatest width of the muzzle at infraorbital foramen,0.0,75.2,3.6,0.774,-62.8,9.96,Mesa,tar,terrestrial indet.,Xenosmilus venezuelensis
Greatest width of the muzzle at orbits,0.0,76.3,3.6,0.774,-62.8,9.96,Mesa,tar,terrestrial indet.,Xenosmilus venezuelensis
Basal length,200.0,0.0,3.6,0.774,-62.8,9.96,Mesa,tar,terrestrial indet.,Xenosmilus venezuelensis
Total length,230.0,0.0,3.6,0.774,-62.8,9.96,Mesa,tar,terrestrial indet.,Xenosmilus venezuelensis
Lower p3,1.94,2.02,13.8,11.0,-71.53,4.09,La Victoria,unknown,terrestrial indet.,Patasola magdalenae
Lower p4,2.11,2.02,13.8,11.0,-71.53,4.09,La Victoria,unknown,terrestrial indet.,Patasola magdalenae
Lower m1,2.73,2.21,13.8,11.0,-71.53,4.09,La Victoria,unknown,terrestrial indet.,Patasola magdalenae
Lower m1,0.0,2.67,13.8,11.0,-71.53,4.09,La Victoria,unknown,terrestrial indet.,Patasola magdalenae
Lower m2,2.8,2.08,13.8,11.0,-71.53,4.09,La Victoria,unknown,terrestrial indet.,Patasola magdalenae
Lower m2,0.0,2.02,13.8,11.0,-71.53,4.09,La Victoria,unknown,terrestrial indet.,Patasola magdalenae
Lower dp2,1.88,1.5,13.8,11.0,-71.53,4.09,La Victoria,unknown,terrestrial indet.,Patasola magdalenae
Lower dp3,2.06,1.63,13.8,11.0,-71.53,4.09,La Victoria,unknown,terrestrial indet.,Patasola magdalenae
Lower dp4,2.5,1.5,13.8,11.0,-71.53,4.09,La Victoria,unknown,terrestrial indet.,Patasola magdalenae
Lower dp4,0.0,1.82,13.8,11.0,-71.53,4.09,La Victoria,unknown,terrestrial indet.,Patasola magdalenae
Lower i2,1.54,1.7,13.8,11.0,-71.59,4.05,unknown,sandstone,terrestrial indet.,Neosaimiri fieldsi
Lower p2,2.59,2.43,13.8,11.0,-71.59,4.05,unknown,sandstone,terrestrial indet.,Neosaimiri fieldsi
Lower p3,2.37,2.53,13.8,11.0,-71.59,4.05,unknown,sandstone,terrestrial indet.,Neosaimiri fieldsi
Lower p4,2.35,2.79,13.8,11.0,-71.59,4.05,unknown,sandstone,terrestrial indet.,Neosaimiri fieldsi
Lower m1,3.02,2.87,13.8,11.0,-71.59,4.05,unknown,sandstone,terrestrial indet.,Neosaimiri fieldsi
Lower m1,0.0,2.67,13.8,11.0,-71.59,4.05,unknown,sandstone,terrestrial indet.,Neosaimiri fieldsi
Lower m2,2.93,2.63,13.8,11.0,-71.59,4.05,unknown,sandstone,terrestrial indet.,Neosaimiri fieldsi
Lower m2,0.0,2.61,13.8,11.0,-71.59,4.05,unknown,sandstone,terrestrial indet.,Neosaimiri fieldsi
m1,39.5,15.0,5.333,2.58,-70.26,10.71,unknown,unknown,terrestrial indet.,Gyrinodon quassus
m2,40.5,16.0,5.333,2.58,-70.26,10.71,unknown,unknown,terrestrial indet.,Gyrinodon quassus
m3,62.0,15.0,5.333,2.58,-70.26,10.71,unknown,unknown,terrestrial indet.,Gyrinodon quassus
P3,29.0,20.5,5.333,2.58,-70.26,10.71,unknown,unknown,terrestrial indet.,Gyrinodon quassus
M1,51.0,38.0,5.333,2.58,-70.26,10.71,unknown,unknown,terrestrial indet.,Gyrinodon quassus
M2,55.0,26.0,5.333,2.58,-70.26,10.71,unknown,unknown,terrestrial indet.,Gyrinodon quassus
M3,62.0,27.0,5.333,2.58,-70.26,10.71,unknown,unknown,terrestrial indet.,Gyrinodon quassus
Upper M2,3.55,4.4,13.8,11.0,-71.53,4.1,Villavieja,unknown,terrestrial indet.,Notonycteris magdalenensis
Upper M2,3.4,0.0,13.8,11.0,-71.53,4.1,Villavieja,unknown,terrestrial indet.,Notonycteris magdalenensis
Lower m1,3.0,1.9,13.8,11.0,-71.6,4.07,Villavieja,mudstone,fluvial indet.,Notonycteris magdalenensis
Lower m1,0.0,2.0,13.8,11.0,-71.6,4.07,Villavieja,mudstone,fluvial indet.,Notonycteris magdalenensis
Lower m1,2.5,1.45,13.8,11.0,-71.53,4.1,Villavieja,unknown,terrestrial indet.,Notonycteris sucharadeus
Lower m1,0.0,1.9,13.8,11.0,-71.53,4.1,Villavieja,unknown,terrestrial indet.,Notonycteris sucharadeus
Upper M1 or 2,1.4,1.3,13.8,11.0,-71.6,4.07,Villavieja,mudstone,fluvial indet.,Notonycteris sucharadeus
Upper M1 or 2,1.05,0.0,13.8,11.0,-71.6,4.07,Villavieja,mudstone,fluvial indet.,Notonycteris sucharadeus
Upper M1 or 2,1.22,1.3,13.8,11.0,-71.6,4.07,Villavieja,mudstone,fluvial indet.,Notonycteris sucharadeus
Upper M1,1.55,1.65,13.8,11.0,-71.6,4.07,Villavieja,mudstone,fluvial indet.,Thyroptera lavali
Upper M1,1.25,0.0,13.8,11.0,-71.6,4.07,Villavieja,mudstone,fluvial indet.,Thyroptera lavali
Upper C1,0.95,0.75,13.8,11.0,-71.6,4.07,Villavieja,mudstone,fluvial indet.,Thyroptera lavali
Upper M1 or M2,1.1,0.0,13.8,11.0,-71.6,4.07,Villavieja,mudstone,fluvial indet.,Thyroptera lavali
Lower m1,1.2,0.75,13.8,11.0,-71.6,4.07,Villavieja,mudstone,fluvial indet.,Thyroptera lavali
Lower m1,0.0,0.8,13.8,11.0,-71.6,4.07,Villavieja,mudstone,fluvial indet.,Thyroptera lavali
Lower m2,1.25,0.75,13.8,11.0,-71.6,4.07,Villavieja,mudstone,fluvial indet.,Thyroptera lavali
Lower m2,0.0,0.8,13.8,11.0,-71.6,4.07,Villavieja,mudstone,fluvial indet.,Thyroptera lavali
Lower m1 or m2,0.0,0.9,13.8,11.0,-71.6,4.07,Villavieja,mudstone,fluvial indet.,Thyroptera lavali
Lower m3,0.0,0.7,13.8,11.0,-71.6,4.07,Villavieja,mudstone,fluvial indet.,Thyroptera lavali
Lower m3,0.0,0.0,2.58,0.0117,-69.21,9.93,unknown,claystone,terrestrial indet.,Mixotoxodon larensis
Lower m3,0.0,55.0,2.58,0.0117,-69.21,9.93,unknown,claystone,terrestrial indet.,Mixotoxodon larensis
Coronoid process,0.0,0.0,2.58,0.0117,-69.21,9.93,unknown,claystone,terrestrial indet.,Mixotoxodon larensis
Symphysis,177.0,0.0,2.58,0.0117,-69.21,9.93,unknown,claystone,terrestrial indet.,Mixotoxodon larensis
Lower p1,0.0,90.0,2.58,0.0117,-69.21,9.93,unknown,claystone,terrestrial indet.,Mixotoxodon larensis
Lower p4,0.0,125.0,2.58,0.0117,-69.21,9.93,unknown,claystone,terrestrial indet.,Mixotoxodon larensis
Lower m3,0.0,0.0,2.58,0.0117,-69.21,9.93,unknown,claystone,terrestrial indet.,Mixotoxodon larensis
Lower m3,0.0,50.0,2.58,0.0117,-69.21,9.93,unknown,claystone,terrestrial indet.,Mixotoxodon larensis
Lower I1,0.0,16.0,2.58,0.0117,-69.21,9.93,unknown,claystone,terrestrial indet.,Mixotoxodon larensis
Lower I2,0.0,15.0,2.58,0.0117,-69.21,9.93,unknown,claystone,terrestrial indet.,Mixotoxodon larensis
Lower I3,0.0,27.0,2.58,0.0117,-69.21,9.93,unknown,claystone,terrestrial indet.,Mixotoxodon larensis
Lower I1 enamel band,0.0,2.5,2.58,0.0117,-69.21,9.93,unknown,claystone,terrestrial indet.,Mixotoxodon larensis
Lower I2 enamel band,0.0,2.0,2.58,0.0117,-69.21,9.93,unknown,claystone,terrestrial indet.,Mixotoxodon larensis
Lower I3 enamel band,0.0,5.0,2.58,0.0117,-69.21,9.93,unknown,claystone,terrestrial indet.,Mixotoxodon larensis
Lower p1,10.0,0.0,2.58,0.0117,-69.21,9.93,unknown,claystone,terrestrial indet.,Mixotoxodon larensis
Lower p2,16.5,0.0,2.58,0.0117,-69.21,9.93,unknown,claystone,terrestrial indet.,Mixotoxodon larensis
Lower p2 Trigonid,9.0,11.5,2.58,0.0117,-69.21,9.93,unknown,claystone,terrestrial indet.,Mixotoxodon larensis
Lower p2 Talonid,0.0,11.0,2.58,0.0117,-69.21,9.93,unknown,claystone,terrestrial indet.,Mixotoxodon larensis
Lower p3,26.5,0.0,2.58,0.0117,-69.21,9.93,unknown,claystone,terrestrial indet.,Mixotoxodon larensis
Lower p3 Trigonid,12.0,13.0,2.58,0.0117,-69.21,9.93,unknown,claystone,terrestrial indet.,Mixotoxodon larensis
Lower p3 Talonid,0.0,15.0,2.58,0.0117,-69.21,9.93,unknown,claystone,terrestrial indet.,Mixotoxodon larensis
Lower p4,31.0,0.0,2.58,0.0117,-69.21,9.93,unknown,claystone,terrestrial indet.,Mixotoxodon larensis
Lower p4 Trigonid,13.0,18.0,2.58,0.0117,-69.21,9.93,unknown,claystone,terrestrial indet.,Mixotoxodon larensis
Lower p3 Talonid,0.0,16.0,2.58,0.0117,-69.21,9.93,unknown,claystone,terrestrial indet.,Mixotoxodon larensis
Lower p4,32.0,0.0,2.58,0.0117,-69.21,9.93,unknown,claystone,terrestrial indet.,Mixotoxodon larensis
Lower p4 Trigonid,13.0,17.0,2.58,0.0117,-69.21,9.93,unknown,claystone,terrestrial indet.,Mixotoxodon larensis
Lower p4 Talonid,0.0,20.0,2.58,0.0117,-69.21,9.93,unknown,claystone,terrestrial indet.,Mixotoxodon larensis
Lower p4,32.5,0.0,2.58,0.0117,-69.21,9.93,unknown,claystone,terrestrial indet.,Mixotoxodon larensis
Lower p4 Trigonid,12.0,0.0,2.58,0.0117,-69.21,9.93,unknown,claystone,terrestrial indet.,Mixotoxodon larensis
Lower p4,33.0,0.0,2.58,0.0117,-69.21,9.93,unknown,claystone,terrestrial indet.,Mixotoxodon larensis
Lower p4 Trigonid,13.0,18.0,2.58,0.0117,-69.21,9.93,unknown,claystone,terrestrial indet.,Mixotoxodon larensis
Lower p4 Talonid,0.0,20.0,2.58,0.0117,-69.21,9.93,unknown,claystone,terrestrial indet.,Mixotoxodon larensis
Lower p4,31.5,0.0,2.58,0.0117,-69.21,9.93,unknown,claystone,terrestrial indet.,Mixotoxodon larensis
Lower p4 Trigonid,13.5,15.0,2.58,0.0117,-69.21,9.93,unknown,claystone,terrestrial indet.,Mixotoxodon larensis
Lower p4 Talonid,0.0,18.0,2.58,0.0117,-69.21,9.93,unknown,claystone,terrestrial indet.,Mixotoxodon larensis
Lower p4 Trigonid,12.0,14.0,2.58,0.0117,-69.21,9.93,unknown,claystone,terrestrial indet.,Mixotoxodon larensis
Lower p4,29.0,0.0,2.58,0.0117,-69.21,9.93,unknown,claystone,terrestrial indet.,Mixotoxodon larensis
Lower p4 Talonid,0.0,16.0,2.58,0.0117,-69.21,9.93,unknown,claystone,terrestrial indet.,Mixotoxodon larensis
Lower p4,30.0,0.0,2.58,0.0117,-69.21,9.93,unknown,claystone,marine indet.,Mixotoxodon larensis
Lower p4 Talonid,0.0,18.0,2.58,0.0117,-69.21,9.93,unknown,claystone,marine indet.,Mixotoxodon larensis
Lower p4 Trigonid,13.5,15.0,2.58,0.0117,-69.21,9.93,unknown,claystone,marine indet.,Mixotoxodon larensis
Lower m1,48.0,0.0,2.58,0.0117,-69.21,9.93,unknown,claystone,marine indet.,Mixotoxodon larensis
Lower m2,46.0,0.0,2.58,0.0117,-69.21,9.93,unknown,claystone,marine indet.,Mixotoxodon larensis
Lower m2,48.0,0.0,2.58,0.0117,-69.21,9.93,unknown,claystone,marine indet.,Mixotoxodon larensis
Lower m3,70.0,0.0,2.58,0.0117,-69.21,9.93,unknown,claystone,marine indet.,Mixotoxodon larensis
Lower m3,66.0,0.0,2.58,0.0117,-69.21,9.93,unknown,claystone,marine indet.,Mixotoxodon larensis
Lower m3,71.0,0.0,2.58,0.0117,-69.21,9.93,unknown,claystone,marine indet.,Mixotoxodon larensis
Lower m2,47.0,0.0,2.58,0.0117,-69.21,9.93,unknown,claystone,marine indet.,Mixotoxodon larensis
Lower m2,47.0,0.0,2.58,0.0117,-69.21,9.93,unknown,claystone,marine indet.,Mixotoxodon larensis
M1 or M2,5.76,5.88,20.45,15.98,-67.78,-46.29,Pinturas,volcaniclastic,terrestrial indet.,Neoreomys pinturensis
p4,7.47,5.5,20.45,15.98,-67.78,-46.29,Pinturas,volcaniclastic,terrestrial indet.,Neoreomys pinturensis
m1 or m2,6.0,5.63,20.45,15.98,-67.78,-46.29,Pinturas,volcaniclastic,terrestrial indet.,Neoreomys pinturensis
m3,6.13,5.83,20.45,15.98,-67.78,-46.29,Pinturas,volcaniclastic,terrestrial indet.,Neoreomys pinturensis
C1,1.4,0.7,5.0,3.8,-60.78,-38.8,Monte Hermoso,unknown,terrestrial indet.,Marmosa contrerasi
P1,1.0,0.4,5.0,3.8,-60.78,-38.8,Monte Hermoso,unknown,terrestrial indet.,Marmosa contrerasi
P2,1.7,0.6,5.0,3.8,-60.78,-38.8,Monte Hermoso,unknown,terrestrial indet.,Marmosa contrerasi
P3,1.5,0.75,5.0,3.8,-60.78,-38.8,Monte Hermoso,unknown,terrestrial indet.,Marmosa contrerasi
M1,1.9,1.35,5.0,3.8,-60.78,-38.8,Monte Hermoso,unknown,terrestrial indet.,Marmosa contrerasi
M2,2.0,2.0,5.0,3.8,-60.78,-38.8,Monte Hermoso,unknown,terrestrial indet.,Marmosa contrerasi
M3,1.8,2.15,5.0,3.8,-60.78,-38.8,Monte Hermoso,unknown,terrestrial indet.,Marmosa contrerasi
M4,0.9,2.3,5.0,3.8,-60.78,-38.8,Monte Hermoso,unknown,terrestrial indet.,Marmosa contrerasi
c1,0.9,0.6,5.0,3.8,-60.78,-38.8,Monte Hermoso,unknown,terrestrial indet.,Marmosa contrerasi
p1,1.25,0.35,5.0,3.8,-60.78,-38.8,Monte Hermoso,unknown,terrestrial indet.,Marmosa contrerasi
p2,1.4,0.5,5.0,3.8,-60.78,-38.8,Monte Hermoso,unknown,terrestrial indet.,Marmosa contrerasi
p3,1.3,0.55,5.0,3.8,-60.78,-38.8,Monte Hermoso,unknown,terrestrial indet.,Marmosa contrerasi
m1,1.5,0.85,5.0,3.8,-60.78,-38.8,Monte Hermoso,unknown,terrestrial indet.,Marmosa contrerasi
m2,1.65,1.0,5.0,3.8,-60.78,-38.8,Monte Hermoso,unknown,terrestrial indet.,Marmosa contrerasi
m3,1.9,1.2,5.0,3.8,-60.78,-38.8,Monte Hermoso,unknown,terrestrial indet.,Marmosa contrerasi
m4,2.0,0.95,5.0,3.8,-60.78,-38.8,Monte Hermoso,unknown,terrestrial indet.,Marmosa contrerasi
Interorbital constriction,5.8,0.0,1.4,0.21,-81.72,29.97,unknown,unknown,terrestrial indet.,Desmodus archaeodaptes
Zygomatic breadth,0.0,12.4,1.4,0.21,-81.72,29.97,unknown,unknown,terrestrial indet.,Desmodus archaeodaptes
Mastoid breadth,0.0,12.4,1.4,0.21,-81.72,29.97,unknown,unknown,terrestrial indet.,Desmodus archaeodaptes
Braincase,17.2,12.3,1.4,0.21,-81.72,29.97,unknown,unknown,terrestrial indet.,Desmodus archaeodaptes
Distal Humerus,0.0,5.9,1.4,0.21,-82.19,29.85,unknown,unknown,terrestrial indet.,Desmodus archaeodaptes
Proximal Humerus,0.0,5.2,1.4,0.21,-81.72,29.97,unknown,unknown,terrestrial indet.,Desmodus archaeodaptes
Humerus shaft,0.0,2.1,1.4,0.21,-81.72,29.97,unknown,unknown,terrestrial indet.,Desmodus archaeodaptes
Skull,31.2,0.0,2.58,0.774,-62.02,10.28,unknown,unknown,terrestrial indet.,Desmodus draculae
Condylobasal,29.7,0.0,2.58,0.774,-62.02,10.28,unknown,unknown,terrestrial indet.,Desmodus draculae
Rostrum,0.0,9.2,2.58,0.774,-62.02,10.28,unknown,unknown,terrestrial indet.,Desmodus draculae
Matoid breadth,0.0,15.2,2.58,0.774,-62.02,10.28,unknown,unknown,terrestrial indet.,Desmodus draculae
Braincase,21.1,14.8,2.58,0.774,-62.02,10.28,unknown,unknown,terrestrial indet.,Desmodus draculae
Mandible,21.9,0.0,2.58,0.774,-62.02,10.28,unknown,unknown,terrestrial indet.,Desmodus draculae
Mandibular tooth row,8.5,0.0,2.58,0.774,-62.02,10.28,unknown,unknown,terrestrial indet.,Desmodus draculae
Coronoid,0.0,0.0,2.58,0.774,-62.02,10.28,unknown,unknown,terrestrial indet.,Desmodus draculae
m1,3.4,2.8,21.0,17.5,-62.13,-42.85,Sarmiento,mixed carbonate-siliciclastic,terrestrial indet.,Luantus minor
m2,4.2,3.2,21.0,17.5,-62.13,-42.85,Sarmiento,mixed carbonate-siliciclastic,terrestrial indet.,Luantus minor
m2,4.1,2.9,21.0,17.5,-62.13,-42.85,Sarmiento,mixed carbonate-siliciclastic,terrestrial indet.,Luantus minor
M3,8.5,4.2,21.0,17.5,-62.13,-42.85,Sarmiento,mixed carbonate-siliciclastic,terrestrial indet.,Luantus minor
p4,3.1,1.8,21.0,17.5,-62.13,-42.85,Sarmiento,mixed carbonate-siliciclastic,terrestrial indet.,Chubutomys leucoreios
m1,4.1,3.1,21.0,17.5,-62.13,-42.85,Sarmiento,mixed carbonate-siliciclastic,terrestrial indet.,Chubutomys leucoreios
m2,4.8,3.7,21.0,17.5,-62.13,-42.85,Sarmiento,mixed carbonate-siliciclastic,terrestrial indet.,Chubutomys leucoreios
m3,4.5,3.7,21.0,17.5,-62.13,-42.85,Sarmiento,mixed carbonate-siliciclastic,terrestrial indet.,Chubutomys leucoreios
P4,2.27,1.67,21.0,17.5,-62.19,-42.83,Sarmiento,mudstone,paralic indet.,Eoviscaccia australis
M1,2.2,2.6,21.0,17.5,-62.19,-42.83,Sarmiento,mudstone,paralic indet.,Eoviscaccia australis
M1 or M2,2.7,2.43,21.0,17.5,-62.19,-42.83,Sarmiento,mudstone,paralic indet.,Eoviscaccia australis
M1 or M2,2.37,2.87,21.0,17.5,-62.19,-42.83,Sarmiento,mudstone,paralic indet.,Eoviscaccia australis
M1 or M2,2.17,3.13,21.0,17.5,-62.19,-42.83,Sarmiento,mudstone,paralic indet.,Eoviscaccia australis
M1 or M2,2.6,2.93,21.0,17.5,-62.19,-42.83,Sarmiento,mudstone,paralic indet.,Eoviscaccia australis
M3,2.4,2.27,21.0,17.5,-62.19,-42.83,Sarmiento,mudstone,paralic indet.,Eoviscaccia australis
M3,2.7,2.5,21.0,17.5,-62.19,-42.83,Sarmiento,mudstone,paralic indet.,Eoviscaccia australis
M3,2.83,2.4,21.0,17.5,-62.19,-42.83,Sarmiento,mudstone,paralic indet.,Eoviscaccia australis
M3,2.67,2.87,21.0,17.5,-62.19,-42.83,Sarmiento,mudstone,paralic indet.,Eoviscaccia australis
M3,2.93,2.57,21.0,17.5,-62.19,-42.83,Sarmiento,mudstone,paralic indet.,Eoviscaccia australis
DP4,3.0,1.57,21.0,17.5,-62.19,-42.83,Sarmiento,mudstone,paralic indet.,Eoviscaccia australis
DP4,3.13,1.8,21.0,17.5,-62.19,-42.83,Sarmiento,mudstone,paralic indet.,Eoviscaccia australis
DP4,2.53,1.9,21.0,17.5,-62.19,-42.83,Sarmiento,mudstone,paralic indet.,Eoviscaccia australis
p4,2.53,1.87,21.0,17.5,-62.19,-42.83,Sarmiento,mudstone,paralic indet.,Eoviscaccia australis
p4,3.0,1.73,21.0,17.5,-62.19,-42.83,Sarmiento,mudstone,paralic indet.,Eoviscaccia australis
p4,3.13,1.73,21.0,17.5,-62.19,-42.83,Sarmiento,mudstone,paralic indet.,Eoviscaccia australis
p4,3.3,1.77,21.0,17.5,-62.19,-42.83,Sarmiento,mudstone,paralic indet.,Eoviscaccia australis
m1 or m2,2.27,1.93,21.0,17.5,-62.19,-42.83,Sarmiento,mudstone,paralic indet.,Eoviscaccia australis
m1 or m2,2.53,2.23,21.0,17.5,-62.19,-42.83,Sarmiento,mudstone,paralic indet.,Eoviscaccia australis
m1 or m2,2.53,2.23,21.0,17.5,-62.19,-42.83,Sarmiento,mudstone,paralic indet.,Eoviscaccia australis
m1 or m2,2.4,2.67,21.0,17.5,-62.19,-42.83,Sarmiento,mudstone,paralic indet.,Eoviscaccia australis
m1 or m2,2.3,2.4,21.0,17.5,-62.19,-42.83,Sarmiento,mudstone,paralic indet.,Eoviscaccia australis
dp4,3.33,1.4,21.0,17.5,-62.19,-42.83,Sarmiento,mudstone,paralic indet.,Eoviscaccia australis
dp4,3.53,1.5,21.0,17.5,-62.19,-42.83,Sarmiento,mudstone,paralic indet.,Eoviscaccia australis
dp4,3.33,1.67,21.0,17.5,-62.19,-42.83,Sarmiento,mudstone,paralic indet.,Eoviscaccia australis
First tooth,6.6,3.7,15.98,11.63,-60.66,9.5,Santa Ines,unknown,terrestrial indet.,Boreostemma venezolensis
Second tooth,9.2,4.1,15.98,11.63,-60.66,9.5,Santa Ines,unknown,terrestrial indet.,Boreostemma venezolensis
Third tooth,0.0,3.4,15.98,11.63,-60.66,9.5,Santa Ines,unknown,terrestrial indet.,Boreostemma venezolensis
overall length of the preserved part of the carapace,520.0,0.0,15.98,11.63,-60.66,9.5,Santa Ines,unknown,terrestrial indet.,Boreostemma venezolensis
Scute 1,18.0,0.0,15.98,11.63,-60.66,9.5,Santa Ines,unknown,terrestrial indet.,Boreostemma venezolensis
Scute 2,18.0,0.0,15.98,11.63,-60.66,9.5,Santa Ines,unknown,terrestrial indet.,Boreostemma venezolensis
Scute 3,19.0,0.0,15.98,11.63,-60.66,9.5,Santa Ines,unknown,terrestrial indet.,Boreostemma venezolensis
Scute 4,20.0,0.0,15.98,11.63,-60.66,9.5,Santa Ines,unknown,terrestrial indet.,Boreostemma venezolensis
Scute 5,21.0,0.0,15.98,11.63,-60.66,9.5,Santa Ines,unknown,terrestrial indet.,Boreostemma venezolensis
Scute 6,22.0,0.0,15.98,11.63,-60.66,9.5,Santa Ines,unknown,terrestrial indet.,Boreostemma venezolensis
Scute 7,23.0,0.0,15.98,11.63,-60.66,9.5,Santa Ines,unknown,terrestrial indet.,Boreostemma venezolensis
Scute 8,23.0,0.0,15.98,11.63,-60.66,9.5,Santa Ines,unknown,terrestrial indet.,Boreostemma venezolensis
Scute 9,24.0,0.0,15.98,11.63,-60.66,9.5,Santa Ines,unknown,terrestrial indet.,Boreostemma venezolensis
Scute 10,24.0,0.0,15.98,11.63,-60.66,9.5,Santa Ines,unknown,terrestrial indet.,Boreostemma venezolensis
Scute 11,24.0,0.0,15.98,11.63,-60.66,9.5,Santa Ines,unknown,terrestrial indet.,Boreostemma venezolensis
Scute 12,24.0,0.0,15.98,11.63,-60.66,9.5,Santa Ines,unknown,terrestrial indet.,Boreostemma venezolensis
Scute 13,35.0,0.0,15.98,11.63,-60.66,9.5,Santa Ines,unknown,terrestrial indet.,Boreostemma venezolensis
Scute 14,26.0,0.0,15.98,11.63,-60.66,9.5,Santa Ines,unknown,terrestrial indet.,Boreostemma venezolensis
Scute 15,26.0,0.0,15.98,11.63,-60.66,9.5,Santa Ines,unknown,terrestrial indet.,Boreostemma venezolensis
Scute 16,25.0,0.0,15.98,11.63,-60.66,9.5,Santa Ines,unknown,terrestrial indet.,Boreostemma venezolensis
Scute 17,25.0,0.0,15.98,11.63,-60.66,9.5,Santa Ines,unknown,terrestrial indet.,Boreostemma venezolensis
Scute 18,25.0,0.0,15.98,11.63,-60.66,9.5,Santa Ines,unknown,terrestrial indet.,Boreostemma venezolensis
Scute 19,24.0,0.0,15.98,11.63,-60.66,9.5,Santa Ines,unknown,terrestrial indet.,Boreostemma venezolensis
Scute 20,24.0,0.0,15.98,11.63,-60.66,9.5,Santa Ines,unknown,terrestrial indet.,Boreostemma venezolensis
Scute 21,24.0,0.0,15.98,11.63,-60.66,9.5,Santa Ines,unknown,terrestrial indet.,Boreostemma venezolensis
Scute 22,24.0,0.0,15.98,11.63,-60.66,9.5,Santa Ines,unknown,terrestrial indet.,Boreostemma venezolensis
Scute 23,24.0,0.0,15.98,11.63,-60.66,9.5,Santa Ines,unknown,terrestrial indet.,Boreostemma venezolensis
Scute 24,24.0,0.0,15.98,11.63,-60.66,9.5,Santa Ines,unknown,terrestrial indet.,Boreostemma venezolensis
Scute 25,24.0,0.0,15.98,11.63,-60.66,9.5,Santa Ines,unknown,terrestrial indet.,Boreostemma venezolensis
Scute 26,23.0,0.0,15.98,11.63,-60.66,9.5,Santa Ines,unknown,terrestrial indet.,Boreostemma venezolensis
Scute 27,22.0,0.0,15.98,11.63,-60.66,9.5,Santa Ines,unknown,terrestrial indet.,Boreostemma venezolensis
Scute 28,21.0,0.0,15.98,11.63,-60.66,9.5,Santa Ines,unknown,terrestrial indet.,Boreostemma venezolensis
Scute 29,19.0,0.0,15.98,11.63,-60.66,9.5,Santa Ines,unknown,terrestrial indet.,Boreostemma venezolensis
Scute 30,19.0,0.0,15.98,11.63,-60.66,9.5,Santa Ines,unknown,terrestrial indet.,Boreostemma venezolensis
Scute 31,18.0,0.0,15.98,11.63,-60.66,9.5,Santa Ines,unknown,terrestrial indet.,Boreostemma venezolensis
Scute 32,18.0,0.0,15.98,11.63,-60.66,9.5,Santa Ines,unknown,terrestrial indet.,Boreostemma venezolensis
Scute 33,18.0,0.0,15.98,11.63,-60.66,9.5,Santa Ines,unknown,terrestrial indet.,Boreostemma venezolensis
Femur,56.0,0.0,15.98,11.63,-66.06,11.84,Socorro,unknown,terrestrial indet.,Pseudoprepotherium socorrensis
Femur,0.0,21.2,15.98,11.63,-66.06,11.84,Socorro,unknown,terrestrial indet.,Pseudoprepotherium socorrensis
Femur,0.0,23.2,15.98,11.63,-66.06,11.84,Socorro,unknown,terrestrial indet.,Pseudoprepotherium socorrensis
Femur,59.4,0.0,11.63,5.333,-67.66,11.59,Urumaco,unknown,terrestrial indet.,Pseudoprepotherium urumaquensis
Femur,0.0,21.1,11.63,5.333,-67.66,11.59,Urumaco,unknown,terrestrial indet.,Pseudoprepotherium urumaquensis
Femur,0.0,23.7,11.63,5.333,-67.66,11.59,Urumaco,unknown,terrestrial indet.,Pseudoprepotherium urumaquensis
Skull,440.0,0.0,11.63,5.333,-67.66,11.59,Urumaco,unknown,terrestrial indet.,Bolivartherium urumaquensis
Tibia,260.0,0.0,11.63,5.333,-67.66,11.59,Urumaco,unknown,terrestrial indet.,Bolivartherium urumaquensis
Skull,195.05,0.0,13.8,11.0,-71.6,3.99,La Victoria,claystone,terrestrial indet.,Boreostemma acostae
Skull,0.0,0.0,13.8,11.0,-71.6,3.99,La Victoria,claystone,terrestrial indet.,Boreostemma acostae
Skull,0.0,0.0,13.8,11.0,-71.6,3.99,La Victoria,claystone,terrestrial indet.,Boreostemma acostae
Skull,0.0,0.0,13.8,11.0,-71.6,3.99,La Victoria,claystone,terrestrial indet.,Boreostemma acostae
Skull,0.0,0.0,13.8,11.0,-71.6,3.99,La Victoria,claystone,terrestrial indet.,Boreostemma acostae
Mandible,173.19,0.0,13.8,11.0,-71.6,3.99,La Victoria,claystone,terrestrial indet.,Boreostemma acostae
Mandible,0.0,0.0,13.8,11.0,-71.6,3.99,La Victoria,claystone,terrestrial indet.,Boreostemma acostae
Mandible symphysis,64.15,0.0,13.8,11.0,-71.6,3.99,La Victoria,claystone,terrestrial indet.,Boreostemma acostae
Mandible,0.0,0.0,13.8,11.0,-71.6,3.99,La Victoria,claystone,terrestrial indet.,Boreostemma acostae
Mandible,0.0,0.0,13.8,11.0,-71.6,3.99,La Victoria,claystone,terrestrial indet.,Boreostemma acostae
Mandible,0.0,0.0,13.8,11.0,-71.6,3.99,La Victoria,claystone,terrestrial indet.,Boreostemma acostae
Cephalic armor,0.0,0.0,13.8,11.0,-71.6,3.99,La Victoria,claystone,terrestrial indet.,Boreostemma acostae
Cephalic armor,0.0,0.0,13.8,11.0,-71.6,3.99,La Victoria,claystone,terrestrial indet.,Boreostemma acostae
Carapace,770.0,0.0,13.8,11.0,-71.6,3.99,La Victoria,claystone,terrestrial indet.,Boreostemma acostae
Carapace,922.0,0.0,13.8,11.0,-71.6,3.99,La Victoria,claystone,terrestrial indet.,Boreostemma acostae
Caudal armor,443.0,0.0,13.8,11.0,-71.6,3.99,La Victoria,claystone,terrestrial indet.,Boreostemma acostae
Upper dM2,82.8,0.0,2.58,0.0117,-75.13,10.34,La Popa,unknown,terrestrial indet.,Notiomastodon platensis
Upper dM2,78.0,0.0,2.58,0.0117,-75.13,10.34,La Popa,unknown,terrestrial indet.,Notiomastodon platensis
Upper dM3,107.6,0.0,2.58,0.0117,-75.13,10.34,La Popa,unknown,terrestrial indet.,Notiomastodon platensis
Upper dM2,109.4,0.0,2.58,0.0117,-75.13,10.34,La Popa,unknown,terrestrial indet.,Notiomastodon platensis
Lower m3,208.0,0.0,2.58,0.0117,-72.38,6.39,Soatá,siltstone,terrestrial indet.,Notiomastodon platensis
Lower m3,182.0,0.0,2.58,0.0117,-72.38,6.39,Soatá,siltstone,terrestrial indet.,Notiomastodon platensis
Mandibular ramus,197.0,0.0,2.58,0.0117,-72.38,6.39,Soatá,siltstone,terrestrial indet.,Notiomastodon platensis
Lower m2,0.0,0.0,3.6,2.58,-73.78,-8.17,unknown,unknown,terrestrial indet.,Phoberomys gyulavarii
Lower m2,23.1,0.0,3.6,2.58,-73.78,-8.17,unknown,unknown,terrestrial indet.,Phoberomys gyulavarii
Lower m2,0.0,23.2,3.6,2.58,-73.78,-8.17,unknown,unknown,terrestrial indet.,Phoberomys gyulavarii
Lower m2,0.0,21.4,3.6,2.58,-73.78,-8.17,unknown,unknown,terrestrial indet.,Phoberomys gyulavarii
p3–m1,67.4,0.0,3.6,0.774,-62.8,9.96,Mesa,tar,terrestrial indet.,Xenosmilus venezuelensis
p4–m1,52.7,0.0,3.6,0.774,-62.8,9.96,Mesa,tar,terrestrial indet.,Xenosmilus venezuelensis
m1,31.0,0.0,3.6,0.774,-62.8,9.96,Mesa,tar,terrestrial indet.,Xenosmilus venezuelensis
p3,11.5,0.0,3.6,0.774,-62.8,9.96,Mesa,tar,terrestrial indet.,Xenosmilus venezuelensis
p3,0.0,6.7,3.6,0.774,-62.8,9.96,Mesa,tar,terrestrial indet.,Xenosmilus venezuelensis
p4,21.1,0.0,3.6,0.774,-62.8,9.96,Mesa,tar,terrestrial indet.,Xenosmilus venezuelensis
p4,0.0,10.3,3.6,0.774,-62.8,9.96,Mesa,tar,terrestrial indet.,Xenosmilus venezuelensis
m1,31.0,0.0,3.6,0.774,-62.8,9.96,Mesa,tar,terrestrial indet.,Xenosmilus venezuelensis
m1,0.0,13.8,3.6,0.774,-62.8,9.96,Mesa,tar,terrestrial indet.,Xenosmilus venezuelensis
Depth below p3 at lingual side,0.0,0.0,3.6,0.774,-62.8,9.96,Mesa,tar,terrestrial indet.,Xenosmilus venezuelensis
Depth below p4 at lingual side,0.0,0.0,3.6,0.774,-62.8,9.96,Mesa,tar,terrestrial indet.,Xenosmilus venezuelensis
Depth below m1 at lingual side,0.0,0.0,3.6,0.774,-62.8,9.96,Mesa,tar,terrestrial indet.,Xenosmilus venezuelensis
masseteric fossa,66.8,0.0,3.6,0.774,-62.8,9.96,Mesa,tar,terrestrial indet.,Xenosmilus venezuelensis
Depth masseteric fossa,0.0,0.0,3.6,0.774,-62.8,9.96,Mesa,tar,terrestrial indet.,Xenosmilus venezuelensis
coronoid process,0.0,0.0,3.6,0.774,-62.8,9.96,Mesa,tar,terrestrial indet.,Xenosmilus venezuelensis
diastema c1–p3,21.8,0.0,3.6,0.774,-62.8,9.96,Mesa,tar,terrestrial indet.,Xenosmilus venezuelensis
Mandibular thickness at p3,0.0,17.1,3.6,0.774,-62.8,9.96,Mesa,tar,terrestrial indet.,Xenosmilus venezuelensis
Mandibular thickness at p4,0.0,19.7,3.6,0.774,-62.8,9.96,Mesa,tar,terrestrial indet.,Xenosmilus venezuelensis
Mandibular thickness at m1,0.0,18.2,3.6,0.774,-62.8,9.96,Mesa,tar,terrestrial indet.,Xenosmilus venezuelensis
articular process,0.0,0.0,3.6,0.774,-62.8,9.96,Mesa,tar,terrestrial indet.,Xenosmilus venezuelensis
articular process,0.0,39.5,3.6,0.774,-62.8,9.96,Mesa,tar,terrestrial indet.,Xenosmilus venezuelensis
articular to angular process,39.8,0.0,3.6,0.774,-62.8,9.96,Mesa,tar,terrestrial indet.,Xenosmilus venezuelensis
coronoid to angular process,72.7,0.0,3.6,0.774,-62.8,9.96,Mesa,tar,terrestrial indet.,Xenosmilus venezuelensis
Lower m1,40.7,36.1,2.58,0.0117,-48.05,-19.73,unknown,claystone,alluvial fan,Eremotherium laurillardi
Lower m1,0.0,43.4,2.58,0.0117,-48.05,-19.73,unknown,claystone,alluvial fan,Eremotherium laurillardi
Lower m2,42.2,39.3,2.58,0.0117,-48.05,-19.73,unknown,claystone,alluvial fan,Eremotherium laurillardi
Lower m2,0.0,45.2,2.58,0.0117,-48.05,-19.73,unknown,claystone,alluvial fan,Eremotherium laurillardi
Lower m1-4 row,193.0,0.0,2.58,0.0117,-48.05,-19.73,unknown,claystone,alluvial fan,Eremotherium laurillardi
Lower m3,41.9,36.8,2.58,0.0117,-48.05,-19.73,unknown,claystone,alluvial fan,Eremotherium laurillardi
Lower m3,0.0,37.6,2.58,0.0117,-48.05,-19.73,unknown,claystone,alluvial fan,Eremotherium laurillardi
Lowe m4,42.8,34.5,2.58,0.0117,-48.05,-19.73,unknown,claystone,alluvial fan,Eremotherium laurillardi
Lower m4,0.0,21.0,2.58,0.0117,-48.05,-19.73,unknown,claystone,alluvial fan,Eremotherium laurillardi
p4 greatest oblique diameter of grinding surface,0.0,0.0,11.63,2.58,-65.98,-7.53,unknown,unknown,terrestrial indet.,Phoberomys bordasi
p4 a-p diameter at center of tooth,0.0,0.0,11.63,2.58,-65.98,-7.53,unknown,unknown,terrestrial indet.,Phoberomys bordasi
p4 first lamina,0.0,4.0,11.63,2.58,-65.98,-7.53,unknown,unknown,terrestrial indet.,Phoberomys bordasi
p4 second lamina,0.0,9.5,11.63,2.58,-65.98,-7.53,unknown,unknown,terrestrial indet.,Phoberomys bordasi
p4 third lamina,0.0,13.7,11.63,2.58,-65.98,-7.53,unknown,unknown,terrestrial indet.,Phoberomys bordasi
p4 fourth lamina,0.0,13.3,11.63,2.58,-65.98,-7.53,unknown,unknown,terrestrial indet.,Phoberomys bordasi
m1 greatest oblique diameter of grinding surface,0.0,0.0,11.63,2.58,-65.98,-7.53,unknown,unknown,terrestrial indet.,Phoberomys bordasi
m1 a-p diameter at center of tooth,0.0,0.0,11.63,2.58,-65.98,-7.53,unknown,unknown,terrestrial indet.,Phoberomys bordasi
m1 first lamina,0.0,12.0,11.63,2.58,-65.98,-7.53,unknown,unknown,terrestrial indet.,Phoberomys bordasi
m1 second lamina,0.0,15.7,11.63,2.58,-65.98,-7.53,unknown,unknown,terrestrial indet.,Phoberomys bordasi
m1 third lamina,0.0,14.5,11.63,2.58,-65.98,-7.53,unknown,unknown,terrestrial indet.,Phoberomys bordasi
Proximal upper incisor,0.0,0.0,2.58,0.0117,-37.75,-10.31,unknown,unknown,terrestrial indet.,Notiomastodon platensis
Distal upper incisor,0.0,0.0,2.58,0.0117,-37.75,-10.31,unknown,unknown,terrestrial indet.,Notiomastodon platensis
Distal upper incisor,0.0,0.0,2.58,0.0117,-37.75,-10.31,unknown,unknown,terrestrial indet.,Notiomastodon platensis
Upper DP3,62.7,38.6,2.58,0.0117,-37.75,-10.31,unknown,unknown,terrestrial indet.,Notiomastodon platensis
Lower m2,145.0,80.3,2.58,0.0117,-37.75,-10.31,unknown,unknown,terrestrial indet.,Notiomastodon platensis
Lower m2,135.0,70.5,2.58,0.0117,-37.75,-10.31,unknown,unknown,terrestrial indet.,Notiomastodon platensis
Lower m2,160.0,80.3,2.58,0.0117,-37.75,-10.31,unknown,unknown,terrestrial indet.,Notiomastodon platensis
Radio,200.0,180.0,2.58,0.0117,-37.75,-10.31,unknown,unknown,terrestrial indet.,Eremotherium laurillardi
Tibia,300.0,220.0,2.58,0.0117,-37.75,-10.31,unknown,unknown,terrestrial indet.,Eremotherium laurillardi
Astragalus,0.0,0.0,2.58,0.0117,-37.75,-10.31,unknown,unknown,terrestrial indet.,Eremotherium laurillardi
Astragalus,0.0,0.0,2.58,0.0117,-37.75,-10.31,unknown,unknown,terrestrial indet.,Eremotherium laurillardi
mandibular ramus at m1 level,0.0,29.0,2.58,0.0117,-36.4,-8.52,unknown,unknown,terrestrial indet.,Macrauchenia patagonica
p4,36.0,0.0,2.58,0.0117,-36.4,-8.52,unknown,unknown,terrestrial indet.,Macrauchenia patagonica
p4 anterior lobe,19.0,0.0,2.58,0.0117,-36.4,-8.52,unknown,unknown,terrestrial indet.,Macrauchenia patagonica
p4 posterior lobe,18.0,17.0,2.58,0.0117,-36.4,-8.52,unknown,unknown,terrestrial indet.,Macrauchenia patagonica
m1,36.0,17.0,2.58,0.0117,-36.4,-8.52,unknown,unknown,terrestrial indet.,Macrauchenia patagonica
m1 anterior lobe,18.0,18.0,2.58,0.0117,-36.4,-8.52,unknown,unknown,terrestrial indet.,Macrauchenia patagonica
m1 posterior lobe,18.0,17.0,2.58,0.0117,-36.4,-8.52,unknown,unknown,terrestrial indet.,Macrauchenia patagonica
m2,40.0,19.0,2.58,0.0117,-36.4,-8.52,unknown,unknown,terrestrial indet.,Macrauchenia patagonica
m2 anterior lobe,21.0,18.0,2.58,0.0117,-36.4,-8.52,unknown,unknown,terrestrial indet.,Macrauchenia patagonica
m2 posterior lobe,20.0,17.0,2.58,0.0117,-36.4,-8.52,unknown,unknown,terrestrial indet.,Macrauchenia patagonica
Cervical vertebra,17.7,0.0,2.58,0.0117,-36.4,-8.52,unknown,unknown,terrestrial indet.,Macrauchenia patagonica
Cervical vertebra greatest diameter,0.0,0.0,2.58,0.0117,-36.4,-8.52,unknown,unknown,terrestrial indet.,Macrauchenia patagonica
Cervical vertebra spinal canal,0.0,0.0,2.58,0.0117,-36.4,-8.52,unknown,unknown,terrestrial indet.,Macrauchenia patagonica
Cervical vertebra posterior end,0.0,0.0,2.58,0.0117,-36.4,-8.52,unknown,unknown,terrestrial indet.,Macrauchenia patagonica
Cervical vertebra anterior end,0.0,0.0,2.58,0.0117,-36.4,-8.52,unknown,unknown,terrestrial indet.,Macrauchenia patagonica
Lumbar vertebra,75.0,0.0,2.58,0.0117,-36.4,-8.52,unknown,unknown,terrestrial indet.,Macrauchenia patagonica
Lumbar vertebra centrum,61.0,0.0,2.58,0.0117,-36.4,-8.52,unknown,unknown,terrestrial indet.,Macrauchenia patagonica
Lumbar vertebra greatest diameter,0.0,0.0,2.58,0.0117,-36.4,-8.52,unknown,unknown,terrestrial indet.,Macrauchenia patagonica
Lumbar vertebra spinal canal,0.0,0.0,2.58,0.0117,-36.4,-8.52,unknown,unknown,terrestrial indet.,Macrauchenia patagonica
Lumbar vertebra posterior end,0.0,0.0,2.58,0.0117,-36.4,-8.52,unknown,unknown,terrestrial indet.,Macrauchenia patagonica
Lumbar vertebra anterior end,0.0,0.0,2.58,0.0117,-36.4,-8.52,unknown,unknown,terrestrial indet.,Macrauchenia patagonica
Lumbar vertebra,55.0,0.0,2.58,0.0117,-36.4,-8.52,unknown,unknown,terrestrial indet.,Macrauchenia patagonica
Lumbar vertebra centrum,52.0,0.0,2.58,0.0117,-36.4,-8.52,unknown,unknown,terrestrial indet.,Macrauchenia patagonica
Lumbar vertebra spinal canal,0.0,0.0,2.58,0.0117,-36.4,-8.52,unknown,unknown,terrestrial indet.,Macrauchenia patagonica
Lumbar vertebra posterior end,0.0,0.0,2.58,0.0117,-36.4,-8.52,unknown,unknown,terrestrial indet.,Macrauchenia patagonica
Lumbar vertebra anterior end,0.0,0.0,2.58,0.0117,-36.4,-8.52,unknown,unknown,terrestrial indet.,Macrauchenia patagonica
p2-m4,11.62,0.0,8.0,5.0,-62.61,-36.4,Cerro Azul,siltstone,loess,Zygolestes tatei
m1-3,4.73,0.0,8.0,5.0,-62.61,-36.4,Cerro Azul,siltstone,loess,Zygolestes tatei
p2,1.24,0.41,8.0,5.0,-62.61,-36.4,Cerro Azul,siltstone,loess,Zygolestes tatei
p3,0.99,0.41,8.0,5.0,-62.61,-36.4,Cerro Azul,siltstone,loess,Zygolestes tatei
m1,1.58,0.66,8.0,5.0,-62.61,-36.4,Cerro Azul,siltstone,loess,Zygolestes tatei
m2,1.58,0.83,8.0,5.0,-62.61,-36.4,Cerro Azul,siltstone,loess,Zygolestes tatei
m3,1.58,0.91,8.0,5.0,-62.61,-36.4,Cerro Azul,siltstone,loess,Zygolestes tatei
m4,1.49,0.66,8.0,5.0,-62.61,-36.4,Cerro Azul,siltstone,loess,Zygolestes tatei
m1,1.49,0.66,8.0,5.0,-62.61,-36.4,Cerro Azul,siltstone,loess,Zygolestes tatei
m1-3,4.4,0.0,8.0,5.0,-62.61,-36.4,Cerro Azul,siltstone,loess,Zygolestes tatei
m2,1.49,0.83,8.0,5.0,-62.61,-36.4,Cerro Azul,siltstone,loess,Zygolestes tatei
m3,1.66,0.75,8.0,5.0,-62.61,-36.4,Cerro Azul,siltstone,loess,Zygolestes tatei
p3,1.16,0.58,8.0,5.0,-62.61,-36.4,Cerro Azul,siltstone,loess,Thylamys pinei
m1,1.58,0.66,8.0,5.0,-62.61,-36.4,Cerro Azul,siltstone,loess,Thylamys pinei
m2,1.66,0.83,8.0,5.0,-62.61,-36.4,Cerro Azul,siltstone,loess,Thylamys pinei
m3,1.66,0.83,8.0,5.0,-62.61,-36.4,Cerro Azul,siltstone,loess,Thylamys pinei
m2,1.49,0.99,8.0,5.0,-62.61,-36.4,Cerro Azul,siltstone,loess,Thylamys pinei
m3,1.66,1.08,8.0,5.0,-62.61,-36.4,Cerro Azul,siltstone,loess,Thylamys pinei
m4,1.74,0.83,8.0,5.0,-62.61,-36.4,Cerro Azul,siltstone,loess,Thylamys pinei
m4,1.66,0.75,8.0,5.0,-62.61,-36.4,Cerro Azul,siltstone,loess,Thylamys pinei
m3,1.99,0.99,8.0,5.0,-62.61,-36.4,Cerro Azul,siltstone,loess,Thylamys pinei
m4,1.74,0.66,8.0,5.0,-62.61,-36.4,Cerro Azul,siltstone,loess,Thylamys pinei
P3,22.0,0.0,9.4,4.7,-96.77,39.04,Ogallala,unknown,terrestrial indet.,Machairodus catocopis
P4,39.6,15.84,9.4,4.7,-96.77,39.04,Ogallala,unknown,terrestrial indet.,Machairodus catocopis
M1,15.69,12.43,9.4,4.7,-96.77,39.04,Ogallala,unknown,terrestrial indet.,Machairodus catocopis
p3,17.49,7.41,9.4,4.7,-96.77,39.04,Ogallala,unknown,terrestrial indet.,Machairodus catocopis
p4,27.13,10.74,9.4,4.7,-96.77,39.04,Ogallala,unknown,terrestrial indet.,Machairodus catocopis
m1,30.76,12.52,9.4,4.7,-96.77,39.04,Ogallala,unknown,terrestrial indet.,Machairodus catocopis
skull,267.7,0.0,9.4,4.7,-96.77,39.04,Ogallala,unknown,terrestrial indet.,Machairodus catocopis
Upper M1,0.0,0.0,7.246,5.333,-64.27,-23.39,Maimará,sandstone,fluvial indet.,Proscelidodon patrius
Upper M1,0.0,0.0,7.246,5.333,-64.27,-23.39,Maimará,sandstone,fluvial indet.,Proscelidodon patrius
Upper M2,0.0,0.0,7.246,5.333,-64.27,-23.39,Maimará,sandstone,fluvial indet.,Proscelidodon patrius
Upper M2,0.0,0.0,7.246,5.333,-64.27,-23.39,Maimará,sandstone,fluvial indet.,Proscelidodon patrius
Upper M3,0.0,0.0,7.246,5.333,-64.27,-23.39,Maimará,sandstone,fluvial indet.,Proscelidodon patrius
Upper M3,0.0,0.0,7.246,5.333,-64.27,-23.39,Maimará,sandstone,fluvial indet.,Proscelidodon patrius
Upper M4,0.0,0.0,7.246,5.333,-64.27,-23.39,Maimará,sandstone,fluvial indet.,Proscelidodon patrius
Upper M4,0.0,0.0,7.246,5.333,-64.27,-23.39,Maimará,sandstone,fluvial indet.,Proscelidodon patrius
Upper M5,0.0,0.0,7.246,5.333,-64.27,-23.39,Maimará,sandstone,fluvial indet.,Proscelidodon patrius
Upper M5,0.0,0.0,7.246,5.333,-64.27,-23.39,Maimará,sandstone,fluvial indet.,Proscelidodon patrius
Length of the tooth row,0.0,0.0,7.246,5.333,-64.27,-23.39,Maimará,sandstone,fluvial indet.,Proscelidodon patrius
P2,13.8,18.5,29.0,21.0,-39.3,-23.86,unknown,shale,lacustrine indet.,Taubatherium paulacoutoi
P3,15.9,21.0,29.0,21.0,-39.3,-23.86,unknown,shale,lacustrine indet.,Taubatherium paulacoutoi
P4,16.8,24.4,29.0,21.0,-39.3,-23.86,unknown,shale,lacustrine indet.,Taubatherium paulacoutoi
P4,16.5,23.0,29.0,21.0,-39.3,-23.86,unknown,shale,lacustrine indet.,Taubatherium paulacoutoi
M1,25.0,24.0,29.0,21.0,-39.3,-23.86,unknown,shale,lacustrine indet.,Taubatherium paulacoutoi
M2,27.5,27.5,29.0,21.0,-39.3,-23.86,unknown,shale,lacustrine indet.,Taubatherium paulacoutoi
M3,33.3,29.0,29.0,21.0,-39.3,-23.86,unknown,shale,lacustrine indet.,Taubatherium paulacoutoi
P4,16.5,23.6,29.0,21.0,-39.3,-23.86,unknown,shale,lacustrine indet.,Taubatherium paulacoutoi
p4,17.8,14.0,29.0,21.0,-39.3,-23.86,unknown,shale,lacustrine indet.,Taubatherium paulacoutoi
m1,24.2,12.5,29.0,21.0,-39.3,-23.86,unknown,shale,lacustrine indet.,Taubatherium paulacoutoi
p4,18.1,13.9,29.0,21.0,-39.3,-23.86,unknown,shale,lacustrine indet.,Taubatherium paulacoutoi
m3,32.2,12.2,29.0,21.0,-39.3,-23.86,unknown,shale,lacustrine indet.,Taubatherium paulacoutoi
dp2,17.2,8.3,29.0,21.0,-39.3,-23.86,unknown,shale,lacustrine indet.,Taubatherium paulacoutoi
dp3,20.4,8.8,29.0,21.0,-39.3,-23.86,unknown,shale,lacustrine indet.,Taubatherium paulacoutoi
dp4,24.0,9.0,29.0,21.0,-39.3,-23.86,unknown,shale,lacustrine indet.,Taubatherium paulacoutoi
M2,35.0,29.5,29.0,21.0,-39.3,-23.86,unknown,shale,lacustrine indet.,Taubatherium paulacoutoi
m3,35.2,13.8,29.0,21.0,-39.3,-23.86,unknown,shale,lacustrine indet.,Taubatherium paulacoutoi
m2,0.0,7.0,29.0,21.0,-39.3,-23.86,unknown,shale,lacustrine indet.,Rhynchippus brasiliensis
m3,20.0,7.3,29.0,21.0,-39.3,-23.86,unknown,shale,lacustrine indet.,Rhynchippus brasiliensis
