specimen_part,length,width,max_ma,min_ma,paleolng,paleolat,formation,lithology1,environment,accepted_name
p4,13.2,8.2,9.4,4.7,-78.85,29.0,unknown,unknown,marine indet.,Enhydritherium terraenovae
m2,1.29,1.41,23.1,18.5,-90.01,47.22,Harrison,unknown,terrestrial indet.,Hitonkala macdonaldtau
M1,1.46,1.11,1.4,0.21,-99.44,45.67,unknown,unknown,terrestrial indet.,Zapus sykesae
m2,10.9,6.1,17.5,16.3,-65.05,-17.94,Chucal,sandstone,floodplain,Altitypotherium chucalensis
M2,1.8,3.4,33.9,31.8,-88.37,47.64,Brule,unknown,terrestrial indet.,Apternodus gregoryi
Greatest diameter of the tympanic bulla,0.0,0.0,3.6,0.774,-62.8,9.96,Mesa,tar,terrestrial indet.,Xenosmilus venezuelensis
m1,1.715,1.015,1.4,0.21,-99.92,37.44,Crooked Creek,unknown,terrestrial indet.,Onychomys hollisteri
Femur distal tuberosities,0.0,186.1,13.8,11.0,-71.57,4.04,Villavieja,claystone,terrestrial indet.,Magdalenabradys confusum
M1,3.73,4.045,37.0,33.9,-89.99,35.83,unknown,unknown,terrestrial indet.,Eutypomys inexpectatus
M3,3.48,5.1,60.9,57.5,-75.93,54.07,unknown,unknown,terrestrial indet.,Plesiadapis churchilli
m2,24.15,14.45,23.04,20.45,-84.46,34.75,Fleming,conglomerate,coarse channel fill,Arretotherium acridens
M2,3.29,5.19,60.9,57.5,-75.51,53.47,Fort Union,siliciclastic,fluvial-lacustrine indet.,Plesiadapis rex
P4,12.8,7.8,23.1,18.5,-93.3,47.08,Harrison,unknown,terrestrial indet.,Zodiolestes daimonelixensis
p3,19.1,16.0,2.58,0.774,-81.8,30.02,unknown,unknown,terrestrial indet.,Tapirus (Helicotapirus) lundeliusi
P1,3.0,1.5,37.0,33.9,-86.26,48.45,Chadron,siltstone,terrestrial indet.,Pseudoprotoceras longinaris
m1,1.25,0.78,1.4,0.21,-82.29,29.18,unknown,sandstone,sinkhole,Reithrodontomys wetmorei
M1,1.84,2.18,39.7,37.0,-86.94,56.36,Cypress Hills,unknown,terrestrial indet.,Pseudocylindrodon lateriviae
p4,6.65,5.16,60.9,57.5,-76.38,61.88,Paskapoo,siltstone,lacustrine indet.,Presbytherium rhodorugatus
M2,5.7,6.15,51.1,45.9,-92.12,47.29,Sheep Pass,limestone,lacustrine - small,Sinopa rapax
m1,11.2,7.8,45.9,39.7,-88.55,48.71,Washakie,unknown,terrestrial indet.,Triplopus cubitalis
M2,1.76,2.24,18.5,16.3,-100.39,47.45,Arikaree,unknown,eolian indet.,Harrymys irvini
m1,1.39,1.15,39.7,37.0,-98.36,37.35,Pomerado,mudstone,terrestrial indet.,Nonomys gutzleri
P4,2.87,2.47,24.7,23.1,-95.79,54.96,Cypress Hills,unknown,terrestrial indet.,Crucimys milleri
M1,7.5,8.5,37.0,33.9,-87.35,47.77,Chadron,siltstone,terrestrial indet.,Leptomeryx yoderi
m1,23.95,18.1,1.4,0.21,-97.71,38.93,unknown,unknown,terrestrial indet.,Equus niobrarensis
Lower dp4,0.0,1.82,13.8,11.0,-71.53,4.09,La Victoria,unknown,terrestrial indet.,Patasola magdalenae
m1,7.6,4.1,37.0,33.9,-91.42,49.47,White River,unknown,terrestrial indet.,Parictis personi
P1 (alveolus),0.97,0.0,29.0,21.0,-60.44,-16.79,Salla Beds,tuff,terrestrial indet.,Evolestes hadrommatos
M3,1.67,2.32,72.2,66.0,-66.02,53.68,Lance,sandstone,terrestrial indet.,Leptalestes krejcii
Scute 8,23.0,0.0,15.98,11.63,-60.66,9.5,Santa Ines,unknown,terrestrial indet.,Boreostemma venezolensis
m1,2.2,2.0,29.5,18.5,-92.34,47.0,unknown,unknown,terrestrial indet.,Sanctimus stouti
M2,12.8,8.8,17.5,16.3,-65.05,-17.94,Chucal,sandstone,floodplain,Altitypotherium paucidens
Lower m2,44.0,23.0,13.8,11.0,-71.62,4.01,Villavieja,claystone,terrestrial indet.,Huilatherium pluripicatum
M1,5.1,5.6,63.4,60.9,-79.23,50.21,North Horn,unknown,terrestrial indet.,Tricentes subtrigonus
p4-m3 occlusal,21.6,0.0,13.8,11.0,-71.59,4.05,Villavieja,claystone,terrestrial indet.,Scleromys colombianus
m1,3.12,2.23,45.9,39.7,-83.75,56.77,Cypress Hills,sandstone,fluvial indet.,Didelphodus serus
m1,1.86,1.16,1.4,0.21,-99.0,40.43,Sappa,unknown,terrestrial indet.,Onychomys pedroensis
M1,10.34,11.79,45.9,39.7,-89.71,47.29,Uinta,unknown,terrestrial indet.,Protoreodon pumilus
m1,3.1,3.75,23.1,18.5,-93.22,47.21,Harrison,unknown,terrestrial indet.,Migmacastor procumbodens
M2,1.01,1.11,45.9,37.0,-97.31,38.28,Santiago,unknown,terrestrial indet.,Metanoiamys marinus
P3,13.0,9.3,9.4,4.7,-110.72,36.87,Big Sandy,unknown,terrestrial indet.,Plesiogulo lindsayi
M2,3.58,4.38,56.0,51.1,-82.05,44.29,San Jose,unknown,terrestrial indet.,Microsyops latidens
m3,44.0,24.8,39.7,37.0,-84.14,51.5,Slim Buttes,siliciclastic,fluvial indet.,Amynodontopsis bodei
Lower M1-4/P1-3,0.97,0.0,56.0,48.07,-28.6,-27.29,Itaboraí,marl,fissure fill,Derorhynchus singularis
M2,1.79,1.6,39.7,37.0,-100.3,38.92,Sespe,unknown,terrestrial indet.,Simimys landeri
m1,27.0,18.5,51.1,45.9,-85.53,49.05,Bridger,unknown,terrestrial indet.,Palaeosyops robustus
m1,4.32,4.31,45.9,39.7,-98.28,39.4,Sespe,unknown,terrestrial indet.,Tapomys tapensis
c,13.0,17.0,29.0,21.0,-50.73,-34.69,Fray Bentos,sandstone,fluvial indet.,Scarrittia robusta
Scute 15,26.0,0.0,15.98,11.63,-60.66,9.5,Santa Ines,unknown,terrestrial indet.,Boreostemma venezolensis
M2,2.95,4.53,60.9,57.5,-77.78,49.27,Ohio Creek,sandstone,channel lag,Promioclaenus acolytus
m1,2.29,1.03,1.4,0.21,-97.7,40.03,Sappa,unknown,terrestrial indet.,Phenacomys intermedius
M1,2.4,2.64,29.5,18.5,-92.34,47.0,unknown,unknown,terrestrial indet.,Florentiamys loomisi
m1,1.75,1.35,24.7,23.1,-95.79,54.96,Cypress Hills,unknown,terrestrial indet.,Crucimys milleri
m1,8.71,6.37,56.0,51.1,-79.51,45.15,Huerfano,unknown,terrestrial indet.,Xenicohippus osborni
skull,758.0,230.0,48.07,41.03,68.48,2.67,Harudi,mudstone,shallow subtidal indet.,Remingtonocetus harudiensis
M3,1.0,1.09,39.7,37.0,-86.94,56.36,Cypress Hills,unknown,terrestrial indet.,Metanoiamys lacus
P3,5.4,6.1,17.5,16.3,-65.05,-17.94,Chucal,sandstone,floodplain,Altitypotherium chucalensis
Femur Head,0.0,0.0,13.8,11.0,-71.59,4.05,Villavieja,claystone,terrestrial indet.,Drytomomys aequatorialis
Upper M4,0.0,0.0,7.246,5.333,-64.27,-23.39,Maimará,sandstone,fluvial indet.,Proscelidodon patrius
m1,18.2,10.5,18.5,16.3,-93.62,46.98,Batesland,unknown,terrestrial indet.,Arretotherium fricki
i1,3.9,2.8,13.8,11.0,-71.57,4.04,Villavieja,claystone,terrestrial indet.,Prodolichotis pridiana
m3,11.2,6.125,45.9,39.7,-85.58,35.54,Devil's Graveyard,unknown,terrestrial indet.,Leptoreodon marshi
M2,7.4,6.5,72.2,66.0,-66.02,53.68,Lance,sandstone,terrestrial indet.,Meniscoessus robustus
M5,19.4,11.8,5.0,0.4,-56.27,-34.46,San José,sandstone,terrestrial indet.,Catonyx tarijensis
M1,14.0,11.5,1.4,0.21,-101.54,33.94,unknown,unknown,terrestrial indet.,Tetrameryx shuleri
Mandible depth,0.0,0.0,13.8,11.0,-71.57,4.04,Villavieja,claystone,terrestrial indet.,Prodolichotis pridiana
Molar,0.0,29.0,2.58,0.0117,-70.38,-33.41,unknown,unknown,terrestrial indet.,Megatherium medinae
p4,5.31,0.0,60.9,57.5,-78.13,60.96,Paskapoo,siltstone,fluvial-lacustrine indet.,Ptilodus gnomus
Lower dp4,0.0,1.84,13.8,11.0,-71.53,4.1,Villavieja,unknown,terrestrial indet.,Ricardomys longidens
m1,18.7,9.1,12.5,9.4,-77.8,31.36,Alachua,unknown,marginal marine indet.,Neohipparion trampasense
m2,2.6,2.0,16.3,12.5,-112.26,45.14,Virgin Valley,unknown,terrestrial indet.,Liodontia alexandrae
M2,2.13,2.14,72.2,66.0,-67.58,51.57,Laramie,sandstone,channel,Paressonodon nelsoni
M1,22.4,22.3,9.4,4.7,-97.22,42.35,Ash Hollow,unknown,terrestrial indet.,Protohippus gidleyi
Depth below m1 at lingual side,0.0,0.0,3.6,0.774,-62.8,9.96,Mesa,tar,terrestrial indet.,Xenosmilus venezuelensis
m1,13.95,6.55,33.9,31.8,-87.83,47.98,Brule,unknown,terrestrial indet.,Daphoenus hartshornianus
m2,5.0,2.1,16.3,15.5,-68.67,-43.88,Río Frias,tuff,fluvial indet.,Abderites meridionalis
m1,1.835,1.4,39.7,37.0,-86.94,56.36,Cypress Hills,unknown,terrestrial indet.,Thylacaelurus campester
Calcaneum Olecranon,0.0,0.0,13.8,11.0,-71.59,4.05,Villavieja,claystone,terrestrial indet.,Drytomomys aequatorialis
M2,1.9,2.9,45.9,39.7,-96.6,38.2,Santiago,siliciclastic,terrestrial indet.,Dyseolemur pacificus
p1,5.7,0.0,16.3,15.5,-68.67,-43.88,Río Frias,tuff,fluvial indet.,Cladosictis patagonica
m4,17.4,8.3,11.63,5.333,-55.19,-34.48,Camacho,sandstone,alluvial fan,Pseudoplohophorus absolutus
M3,5.3,7.0,56.0,51.1,-82.05,44.29,San Jose,unknown,terrestrial indet.,Pelycodus jarrovii
M2,1.5,2.0,60.9,57.5,-78.5,46.09,unknown,shale,fissure fill,Navajovius kohlhaasae
m2,1.24,0.93,12.5,9.4,-111.49,46.16,Juntura,unknown,terrestrial indet.,Copemys dentalis
p4,12.0,6.4,9.4,3.6,-80.31,28.54,Peace River,sandstone,marginal marine indet.,Enhydritherium terraenovae
m2 anterior lobe,21.0,18.0,2.58,0.0117,-36.4,-8.52,unknown,unknown,terrestrial indet.,Macrauchenia patagonica
m1,29.6,19.0,4.7,1.4,-116.59,43.67,unknown,unknown,terrestrial indet.,Plesippus idahoensis
P4,2.31,2.545,33.9,31.8,-87.83,47.98,Brule,unknown,terrestrial indet.,Altasciurus albiclivus
m2,1.55,1.0,56.0,51.1,-7.41,73.41,Margaret,unknown,deltaic indet.,Arcticanodon dawsonae
P3,10.4,10.3,23.1,18.5,-72.72,31.97,unknown,limestone,marine indet.,Phenacocoelus kayi
Scute 16,25.0,0.0,15.98,11.63,-60.66,9.5,Santa Ines,unknown,terrestrial indet.,Boreostemma venezolensis
m2,2.2,2.0,29.5,24.7,-88.74,48.37,Sharps,unknown,terrestrial indet.,Sanctimus stuartae
m3,20.5333,12.9667,57.5,56.0,-80.92,52.06,Wasatch,shale,terrestrial indet.,Probathyopsis praecursor
Median phalanx IV,5.7,0.0,13.8,11.0,-71.57,4.04,Villavieja,claystone,terrestrial indet.,Prodolichotis pridiana
m1,2.4,1.9,60.9,57.5,-77.27,55.0,Fort Union,unknown,terrestrial indet.,Plesiolestes problematicus
Lower m3,69.5,31.0,23.04,15.98,-69.22,4.57,Barzalosa,breccia,terrestrial indet.,Xenastrapotherium chaparralensis
radius,97.0,0.0,20.45,15.98,-70.8,-13.96,Chilcatay,siltstone,marine indet.,Incacetus broggii
m2,6.9,7.3,23.04,5.333,-113.16,38.85,Etchegoin,unknown,terrestrial indet.,Enhydritherium terraenovae
Tibia,0.0,0.0,13.8,11.0,-71.59,4.07,unknown,claystone,terrestrial indet.,Magdalenabradys confusum
p2,20.2,7.5,48.07,41.03,74.19,11.51,Kuldana,conglomerate,fluvial indet.,Pakicetus inachus
M2,1.56,1.905,18.5,16.3,-100.38,53.88,Cypress Hills,unknown,terrestrial indet.,Miospermophilus wyomingensis
m2,2.615,2.895,33.9,31.8,-91.61,49.36,unknown,siltstone,lacustrine - small,Pelycomys placidus
P4,2.1,3.4,29.5,18.5,-71.63,31.26,unknown,claystone,fissure fill,Megalagus abaconis
m3,1.66,0.75,8.0,5.0,-62.61,-36.4,Cerro Azul,siltstone,loess,Zygolestes tatei
m1,16.8,8.5,4.7,1.4,-99.84,33.43,unknown,sandstone,fluvial indet.,Nannippus beckensis
M2,12.6,7.8,4.7,1.4,-117.44,47.85,Ringold,unknown,terrestrial indet.,Capromeryx tauntonensis
m1,113.0,68.0,4.7,1.4,-99.15,37.91,Rexroad,unknown,terrestrial indet.,Mammut americanum
P2,22.65,22.8,51.1,45.9,-87.37,48.83,Bridger,unknown,terrestrial indet.,Uintatherium anceps
M1,7.3,7.6,16.3,12.5,-96.7,44.18,Pawnee Creek Beds,unknown,terrestrial indet.,Leptarctus primus
P4,2.3,2.1,29.5,18.5,-92.34,47.0,unknown,unknown,terrestrial indet.,Florentiamys tiptoni
p2,1.4,0.88,2.58,0.774,-136.88,63.38,unknown,siliciclastic,loess,Mustela jacksoni
m1,2.7,1.9,37.0,33.9,-94.07,52.71,unknown,unknown,terrestrial indet.,Eumys elegans
Upper M1-4/P1-3,1.7,0.0,56.0,48.07,-28.6,-27.29,Itaboraí,marl,fissure fill,Protodidelphis vanzolinii
m1,29.5,18.45,1.4,0.21,-99.14,33.99,Seymour,unknown,terrestrial indet.,Equus mexicanus
p4,2.4,2.8,18.5,16.3,-93.54,47.05,Rosebud,conglomerate,coarse channel fill,Archaeolagus primigenius
M1,3.7,4.8,60.9,57.5,-78.13,60.96,Paskapoo,siltstone,fluvial-lacustrine indet.,Phoxomylus puncticuspis
m1,3.9,1.3,1.4,0.21,-99.92,37.44,Crooked Creek,ash,terrestrial indet.,Mustela erminea
p4,15.7,9.4,1.75,0.4,-57.68,-38.25,unknown,siltstone,terrestrial indet.,Mesotherium cristatum
M2,24.6,30.9,9.4,4.7,-98.3,22.97,Rancho Viejo Beds,unknown,fluvial indet.,Agriotherium schneideri
Width across zygomatic arches,0.0,106.9,11.63,7.246,-67.43,-17.99,Huaylas,sandstone,lacustrine indet.,Caraguatypotherium munozi
m1,1.83,0.8,63.4,60.9,-74.71,61.93,Paskapoo,unknown,fluvial indet.,Parectypodus sylviae
m3,3.19,2.1,63.4,60.9,-73.65,56.02,Fort Union,unknown,terrestrial indet.,Pronothodectes matthewi
m1,13.8,6.7,56.0,51.1,-79.64,51.58,Willwood,mudstone,terrestrial indet.,Dissacus praenuntius
M2,2.4,4.0,60.9,57.5,-77.27,55.0,Fort Union,unknown,terrestrial indet.,Nannodectes intermedius
P3,1.35,3.1,18.5,16.3,-93.54,47.05,Rosebud,conglomerate,coarse channel fill,Gripholagomys lavocati
M1,3.9,2.6,2.58,0.0,-79.46,38.61,unknown,gravel,cave,Neotoma floridana
m1,24.2,12.5,29.0,21.0,-39.3,-23.86,unknown,shale,lacustrine indet.,Taubatherium paulacoutoi
M1,3.93,5.75,56.0,51.1,-80.68,50.99,Wind River,unknown,terrestrial indet.,Cantius frugivorus
Occipital condyles,0.0,0.0,13.8,11.0,-71.62,4.01,Villavieja,unknown,terrestrial indet.,Hondadelphys fieldsi
M2,3.84,5.2,51.1,45.9,-85.53,49.05,Bridger,unknown,terrestrial indet.,Hyopsodus paulus
m1,20.5,13.0,16.3,12.5,-109.76,46.69,Sucker Creek,unknown,terrestrial indet.,Dromomeryx borealis
m1,9.6,6.0,17.5,16.3,-65.05,-17.94,Chucal,sandstone,floodplain,Altitypotherium chucalensis
m3,9.5,5.0,12.5,9.4,-112.99,38.09,Avawatz,unknown,terrestrial indet.,Cosoryx (Subcosoryx) cerroensis
Molar,0.0,25.0,2.58,0.0117,-70.38,-33.41,unknown,unknown,terrestrial indet.,Megatherium medinae
m2,2.8,2.1,72.2,66.0,-66.02,53.68,Lance,sandstone,terrestrial indet.,Cimolodon nitidus
m1,2.225,2.14,9.4,4.7,-97.02,37.94,unknown,sandstone,fluvial indet.,Kansasimys dubius
p3,1.3,0.8,16.3,15.5,-68.67,-43.88,Río Frias,tuff,fluvial indet.,Microbiotherium tehuelchum
m1,1.39,0.9,12.5,9.4,-94.8,45.3,Ash Hollow,siliciclastic,channel,Copemys shotwelli
P4,14.05,10.0,37.0,33.9,-87.35,47.77,Chadron,siltstone,terrestrial indet.,Brachyrhynchocyon dodgei
Femur inner condyle,59.7,0.0,13.8,11.0,-71.59,4.07,unknown,claystone,terrestrial indet.,Magdalenabradys confusum
m1,16.4,9.3,66.0,63.4,-72.05,57.09,Bear,unknown,terrestrial indet.,Catopsalis waddleae
p4,13.1,7.9,9.4,4.7,-98.33,38.58,Ogallala,unknown,terrestrial indet.,Plesiogulo marshalli
M3,3.5,5.7,60.9,57.5,-79.81,51.07,Evanston,siliciclastic,terrestrial indet.,Chriacus baldwini
M1,19.6,18.4,9.4,4.7,-105.37,30.85,unknown,unknown,terrestrial indet.,Neohipparion eurystyle
m4,2.5,1.9,16.3,15.5,-68.67,-43.88,Río Frias,tuff,fluvial indet.,Palaeothentes lemoinei
M3,2.6,4.6,66.0,63.4,-76.0,47.4,Nacimiento,unknown,terrestrial indet.,Puercolestes simpsoni
p2,2.8,0.0,9.4,4.7,-117.07,39.37,Mehrten,mudstone,terrestrial indet.,Pliotaxidea garberi
P3,1.66,3.29,24.7,23.1,-95.79,54.96,Cypress Hills,unknown,terrestrial indet.,Archaeolagus primigenius
Scute 14,26.0,0.0,15.98,11.63,-60.66,9.5,Santa Ines,unknown,terrestrial indet.,Boreostemma venezolensis
Length of left upper P4-M3 series on occlusal surface from antero-labial margin,70.3,0.0,11.63,7.246,-65.5,-9.7,Solimões,claystone,fluvial-lacustrine indet.,Neoepiblema horridula
Upper M1-4,17.0,0.0,56.0,48.07,-28.6,-27.29,Itaboraí,marl,fissure fill,Didelphopsis cabrerai
Lower M1-4,3.0,0.0,56.0,48.07,-28.6,-27.29,Itaboraí,marl,fissure fill,Minusculodelphis minimus
M2,1.7,2.7,56.0,51.1,-80.09,51.71,Willwood,unknown,terrestrial indet.,Arapahovius advena
m1,20.7,10.8,12.5,9.4,-77.8,31.36,Alachua,unknown,marginal marine indet.,Protohippus gidleyi
M1,16.65,18.0167,27.3,23.04,-71.97,33.01,Parachucla,sandstone,marginal marine indet.,Mesoreodon floridensis
m1,2.35,2.22,63.4,60.9,-73.72,54.42,unknown,unknown,terrestrial indet.,Pronothodectes jepi
M3,1.895,1.785,18.5,16.3,-100.38,53.88,Cypress Hills,unknown,terrestrial indet.,Miospermophilus wyomingensis
m1,5.2,3.7,63.4,60.9,-73.65,56.02,Fort Union,unknown,terrestrial indet.,Prothryptacodon furens
m3,21.8,18.5,9.4,4.7,-97.13,37.75,unknown,unknown,terrestrial indet.,Agriotherium schneideri
M1,1.55,1.05,9.4,4.7,-116.71,41.12,Coal Valley,unknown,terrestrial indet.,Bensonomys lindsayi
m1,3.84,3.01,45.9,39.7,-89.96,48.28,Bridger,claystone,terrestrial indet.,Hemiacodon engardae
P4,2.06,0.8067,60.9,57.5,-77.86,50.78,Fort Union,unknown,terrestrial indet.,Mesodma pygmaea
M1,2.043,2.193,33.9,31.8,-91.61,49.36,unknown,siltstone,lacustrine - small,Domnina gradata
M1,6.72,7.78,60.9,57.5,-75.51,53.47,Fort Union,siliciclastic,fluvial-lacustrine indet.,Ectocion cedrus
m1,1.92,2.24,4.7,1.4,-108.09,33.69,Gila Conglomerate,siltstone,fluvial indet.,Notolagus lepusculus
m2,2.39,1.83,63.4,60.9,-74.08,51.29,Fort Union,unknown,terrestrial indet.,Plesiolestes problematicus
P4,5.8,5.6,17.5,16.3,-65.05,-17.94,Chucal,sandstone,floodplain,Eotypotherium chico
P4,8.9,10.6,39.7,37.0,-84.14,51.5,Slim Buttes,siliciclastic,fluvial indet.,Duchesnehippus intermedius
P4,1.45,1.95,56.0,51.1,-81.07,52.21,Willwood,unknown,terrestrial indet.,Macrocranion junnei
M2,2.42,4.17,63.4,60.9,-73.72,54.42,unknown,unknown,terrestrial indet.,Pronothodectes jepi
M1,1.56,1.04,4.7,1.4,-111.51,35.31,Verde,unknown,terrestrial indet.,Calomys (Bensonomys) arizonae
Metatarsal III,0.0,0.0,13.8,11.0,-71.57,4.04,Villavieja,claystone,terrestrial indet.,Magdalenabradys confusum
Astragalus,0.0,0.0,2.58,0.0117,-37.75,-10.31,unknown,unknown,terrestrial indet.,Eremotherium laurillardi
M1,12.2,15.1,18.5,16.3,-94.98,46.73,Runningwater,unknown,terrestrial indet.,Osbornodon scitulus
Distal phalanx V,5.0,0.0,13.8,11.0,-71.57,4.04,Villavieja,claystone,terrestrial indet.,Prodolichotis pridiana
M3,1.86,2.76,72.2,66.0,-65.32,60.38,Frenchman,siltstone,floodplain,Pediomys elegans
i2,6.0,4.0,17.5,16.3,-65.05,-17.94,Chucal,sandstone,floodplain,Altitypotherium paucidens
P3,8.5,5.2,56.0,48.07,-28.6,-27.29,Itaboraí,marl,fissure fill,Eobrasilia coutoi
M1,1.78,1.87,24.7,23.1,-95.79,54.96,Cypress Hills,unknown,terrestrial indet.,Herpetotherium youngi
P4,2.84,3.96,39.7,37.0,-87.58,35.26,Devil's Graveyard,unknown,terrestrial indet.,Mahgarita stevensi
M3,2.3,3.34,72.2,66.0,-66.02,53.68,Lance,sandstone,terrestrial indet.,Leptalestes cooki
M2,2.39,3.02,12.5,9.4,-113.77,36.46,MR Caliente,unknown,terrestrial indet.,Lanthanotherium sawini
m1,1.19,1.21,24.7,23.1,-95.79,54.96,Cypress Hills,unknown,terrestrial indet.,Pseudotheridomys hesperus
m1,9.6,6.0,17.5,16.3,-65.05,-17.94,Chucal,sandstone,floodplain,Eotypotherium chico
M3,6.2,7.6,51.1,45.9,-92.12,47.29,Sheep Pass,limestone,lacustrine - small,Fouchia elyensis
m2,3.7,3.5,45.9,39.7,-86.48,36.39,Devil's Graveyard,unknown,terrestrial indet.,Ourayia hopsoni
m1,32.2667,19.9,1.4,0.21,-101.54,33.94,unknown,unknown,terrestrial indet.,Camelops minidokae
m2,1.6,1.2,60.9,57.5,-78.5,46.09,unknown,shale,fissure fill,Navajovius kohlhaasae
M2,2.4,3.4567,23.1,18.5,-90.01,47.22,Harrison,unknown,terrestrial indet.,Proscalops secundus
Diastema,9.0,0.0,61.66,56.0,-54.58,2.97,Bogotá,sandstone,terrestrial indet.,Etayoa bacatensis
m1,5.5,2.9,51.1,45.9,-92.12,47.29,Sheep Pass,limestone,lacustrine - small,Viverravus minutus
Femur,451.0,0.0,13.8,11.0,-71.59,4.07,unknown,claystone,terrestrial indet.,Magdalenabradys confusum
m1,1.1,1.2,16.3,12.5,-92.91,45.99,Valentine,unknown,terrestrial indet.,Cupidinimus nebraskensis
M1,2.4,1.48,4.7,1.4,-96.97,43.06,Long Pine,siltstone,floodplain,Hibbardomys voorhiesi
m1,1.91,1.17,56.0,51.1,-79.86,52.19,Willwood,unknown,terrestrial indet.,Centetodon patratus
m1,2.7,1.05,63.4,60.9,-74.71,61.93,Paskapoo,unknown,fluvial indet.,Parectypodus corystes
m1,1.034,1.074,33.9,31.8,-91.61,49.36,unknown,siltstone,lacustrine - small,Metadjidaumo hendryi
M1,17.0,16.0,2.58,0.0117,-77.03,40.9,unknown,gravel,terrestrial indet.,Platygonus vetus
p3,3.6,1.68,60.9,57.5,-77.78,49.27,Ohio Creek,sandstone,channel lag,Promioclaenus acolytus
p4-m3 Occlusal,28.7,0.0,13.8,11.0,-71.59,4.05,Villavieja,claystone,terrestrial indet.,Drytomomys aequatorialis
P2,21.5,26.8,23.1,18.5,-93.37,47.1,Marsland,sandstone,channel,Menoceras arikarense
M2,12.0,13.8,37.0,33.9,-89.99,35.83,unknown,unknown,terrestrial indet.,Aclistomycter dunagani
Tibia,300.0,220.0,2.58,0.0117,-37.75,-10.31,unknown,unknown,terrestrial indet.,Eremotherium laurillardi
m2,6.71,5.59,60.9,57.5,-76.47,54.83,unknown,unknown,terrestrial indet.,Ectocion collinus
Lower m2,0.0,2.02,13.8,11.0,-71.53,4.09,La Victoria,unknown,terrestrial indet.,Patasola magdalenae
Metacarpal II,50.3,30.3,13.8,11.0,-71.57,4.04,Villavieja,claystone,terrestrial indet.,Magdalenabradys confusum
m2,15.9,30.9,2.58,0.774,-108.66,34.8,unknown,gravel,lacustrine indet.,Paramylodon harlani
Skull,565.0,0.0,13.8,11.0,-71.57,4.03,Villavieja,sandstone,terrestrial indet.,Granastrapotherium snorki
Depth of ramus below lower M3,0.0,0.0,2.58,0.0,-72.52,-8.76,unknown,conglomerate,fluvial indet.,Tayassu pecari
M3,1.8,2.04,45.9,39.7,-85.58,35.54,Devil's Graveyard,unknown,terrestrial indet.,Pareumys boskeyi
P4,25.2,22.5,16.3,12.5,-92.91,45.99,Valentine,unknown,terrestrial indet.,Cormohipparion quinni
m1,1.7,1.9,16.3,12.5,-96.24,46.05,unknown,unknown,terrestrial indet.,Jimomys labaughi
m2,4.7,2.8,60.9,57.5,-75.51,53.47,Fort Union,siliciclastic,fluvial-lacustrine indet.,Protictis agastor
P4,2.49,2.45,39.7,37.0,-88.5,36.09,Chambers Tuff,unknown,terrestrial indet.,Apternodus iliffensis
m1,1.25,1.0,12.5,9.4,-94.78,41.74,Ogallala,sandstone,channel,Parydrosorex concisus
m1,2.75,2.53,37.0,33.9,-91.37,55.94,Cypress Hills,unknown,terrestrial indet.,Eutypomys parvus
m1,7.8,4.0,16.3,12.5,-96.24,46.05,unknown,unknown,terrestrial indet.,Probassariscus matthewi
p4,6.4,4.9,13.8,11.0,-71.59,4.05,Villavieja,claystone,terrestrial indet.,Scleromys colombianus
M3,1.56,2.23,39.7,37.0,-86.94,56.36,Cypress Hills,unknown,terrestrial indet.,Herpetotherium innominatum
m3,13.8,7.5,37.0,33.9,-85.0,49.11,Chadron,unknown,terrestrial indet.,Pseudoprotoceras longinaris
M1,1.58,1.06,9.4,4.7,-116.71,41.12,Coal Valley,unknown,terrestrial indet.,Bensonomys lindsayi
M2,16.84,19.03,33.9,31.8,-86.28,49.04,Brule,sandstone,channel,Colodon occidentalis
M7,17.0,11.9,11.63,5.333,-55.19,-34.48,Camacho,sandstone,alluvial fan,Pseudoplohophorus absolutus
Pelvis,29.0,0.0,13.8,11.0,-71.57,4.04,Villavieja,claystone,terrestrial indet.,Prodolichotis pridiana
M2,3.0,3.92,56.0,51.1,-81.07,52.21,Willwood,unknown,terrestrial indet.,Arctodontomys wilsoni
M1,3.2,4.85,60.9,57.5,-77.27,55.0,Fort Union,unknown,terrestrial indet.,Aphronorus orieli
Costillas,685.0,0.0,2.58,0.0117,-73.0,-38.64,unknown,unknown,terrestrial indet.,Mastotherium hyodon
M1,27.0,25.0,2.58,0.0117,-131.41,63.34,unknown,unknown,terrestrial indet.,Arctodus simus
P4,1.5,1.8,29.5,24.7,-88.74,48.37,Sharps,unknown,terrestrial indet.,Sanctimus stuartae
m1,1.4,1.0,4.7,1.4,-117.69,46.97,Ringold,unknown,terrestrial indet.,Peromyscus nosher
Upper P4-M3 tooth row,9.3,0.0,13.8,11.0,-70.96,4.43,La Victoria,unknown,terrestrial indet.,Potamops mascahehenes
p4,1.51,1.25,39.7,37.0,-86.94,56.36,Cypress Hills,unknown,terrestrial indet.,Microeutypomys tilliei
m3,3.2,2.6,39.7,37.0,-98.62,37.74,Santiago,sandstone,channel,Lycophocyon hutchisoni
p3,28.0,15.5,4.7,1.4,-104.18,32.26,Camp Rice,unknown,terrestrial indet.,Equus (Asinus) cumminsi
M2,10.27,12.29,56.0,51.1,-82.33,43.51,San Jose,unknown,terrestrial indet.,Meniscotherium chamense
M3,2.0,4.0,60.9,57.5,-79.72,51.28,Wasatch,unknown,terrestrial indet.,Palaeoryctes cruoris
femur,90.5,0.0,51.1,45.9,-86.55,48.87,Bridger,mudstone,terrestrial indet.,Dawsonicyon isami
M1,2.4,1.745,9.4,4.7,-105.37,30.85,unknown,unknown,terrestrial indet.,Prosigmodon chihuahuensis
occipitalcondyles,0.0,100.0,48.07,41.03,71.97,9.26,Domanda,claystone,coastal indet.,Qaisracetus arifi
ulna,126.3,0.0,33.9,31.8,-86.23,50.95,unknown,unknown,terrestrial indet.,Manitsha tanka
M2,7.4,5.7,13.8,11.0,-71.62,4.01,Villavieja,unknown,terrestrial indet.,Hondadelphys fieldsi
skull,22.0,0.0,161.5,154.8,129.18,49.76,Tiaojishan,shale,terrestrial indet.,Juramaia sinensis
m1,3.4,2.5,51.1,45.9,-86.38,50.22,Bridger,unknown,terrestrial indet.,Palaeictops bridgeri
m2,19.8,17.4,51.1,45.9,-87.11,48.99,Bridger,unknown,terrestrial indet.,Trogosus gazini
m2,1.03,0.93,39.7,37.0,-86.94,56.36,Cypress Hills,unknown,terrestrial indet.,Metanoiamys lacus
m1,3.69,2.91,66.0,63.4,-67.64,57.54,Fort Union,sandstone,coarse channel fill,Protungulatum donnae
M2,7.4,6.4,72.2,66.0,-65.92,53.69,Lance,shale,terrestrial indet.,Meniscoessus robustus
P3,11.7,14.6,63.4,60.9,-79.23,50.21,North Horn,unknown,terrestrial indet.,Periptychus carinidens
m1,2.8,1.3,60.9,57.5,-74.95,51.73,Fort Union,unknown,terrestrial indet.,Ectypodus tardus
Metatarsal IV,0.0,40.2,13.8,11.0,-71.53,4.1,Villavieja,sandstone,terrestrial indet.,Magdalenabradys confusum
M3,2.05,2.54,37.0,33.9,-91.37,55.94,Cypress Hills,unknown,terrestrial indet.,Herpetotherium valens
m1,2.48,1.8,60.9,57.5,-76.47,54.83,unknown,unknown,terrestrial indet.,Bisonalveus browni
p4,8.0,2.3,57.5,56.0,-78.79,52.74,unknown,unknown,terrestrial indet.,Prochetodon taxus
m1,1.65,0.96,9.4,4.7,-114.86,44.46,Drewsey,unknown,terrestrial indet.,Copemys esmeraldensis
p2,17.2,11.25,51.1,45.9,-85.53,49.05,Bridger,unknown,terrestrial indet.,Uintatherium anceps
M1,0.81,1.04,18.5,16.3,-75.25,32.13,Alachua,sandstone,terrestrial indet.,Proheteromys floridanus
M2,11.4,5.9,12.5,9.4,-112.99,38.09,Avawatz,unknown,terrestrial indet.,Cosoryx (Subcosoryx) cerroensis
M3,23.4,16.2,16.3,12.5,-109.76,46.69,Sucker Creek,unknown,terrestrial indet.,Ticholeptus zygomaticus
skull,582.0,230.0,20.45,15.98,-61.95,-42.33,Gaiman,siltstone,marginal marine indet.,Notocetus vanbenedeni
m3,32.2,12.2,29.0,21.0,-39.3,-23.86,unknown,shale,lacustrine indet.,Taubatherium paulacoutoi
P4,4.0,6.0,23.1,18.5,-93.3,47.08,Harrison,unknown,terrestrial indet.,Leptomeryx obliquidens
P3,3.08,2.97,59.24,56.0,-77.04,53.09,Fort Union,siliciclastic,fluvial-lacustrine indet.,Carpodaptes jepseni
M1,82.3,67.9,2.58,0.0117,-95.26,39.29,unknown,sandstone,fluvial indet.,Mammut americanum
M2,2.02,3.73,23.1,18.5,-90.01,47.22,Harrison,unknown,terrestrial indet.,Archaeolagus primigenius
m3,1.78,1.47,4.7,1.4,-115.73,34.46,San Timoteo,unknown,terrestrial indet.,Sigmodon minor
p4,21.7,19.7,2.58,0.774,-81.8,30.02,unknown,unknown,terrestrial indet.,Tapirus (Helicotapirus) lundeliusi
m1,2.575,1.925,66.0,63.4,-66.46,57.47,Tullock,unknown,terrestrial indet.,Pandemonium dis
m2,3.33,3.35,60.9,57.5,-75.51,53.47,Fort Union,siliciclastic,fluvial-lacustrine indet.,Plesiadapis rex
m3,40.4,22.6,18.5,16.3,-94.98,46.73,Runningwater,unknown,terrestrial indet.,Menoceras barbouri
m2,1.15,1.44,12.5,9.4,-94.8,45.3,Ash Hollow,siliciclastic,channel,Cupidinimus prattensis
Fibula,0.0,0.0,13.8,11.0,-71.59,4.07,unknown,claystone,terrestrial indet.,Magdalenabradys confusum
m3,24.6,18.3,2.58,0.774,-81.8,30.02,unknown,unknown,terrestrial indet.,Tapirus (Helicotapirus) lundeliusi
m1 or m2,1.92,1.53,21.0,17.5,-65.57,-45.09,Sarmiento,unknown,terrestrial indet.,Galileomys antelucanus
M3,3.24,4.52,51.1,45.9,-87.37,48.83,Bridger,unknown,terrestrial indet.,Hyopsodus paulus
m2,10.0,5.8,16.3,12.5,-93.28,46.01,Valentine,unknown,terrestrial indet.,Arctonasua gracilis
m1,11.15,8.15,23.04,20.45,-84.46,34.75,Fleming,conglomerate,coarse channel fill,Prosynthetoceras orthrionanus
p4,33.3,19.5,29.5,24.7,-88.74,48.37,Sharps,unknown,terrestrial indet.,Diceratherium marriottae
M1,2.8,1.8,9.4,4.7,-113.57,35.37,Mt. Eden,unknown,terrestrial indet.,Repomys maxumi
m2,1.74,1.09,1.4,0.21,-99.44,45.67,unknown,unknown,terrestrial indet.,Mictomys kansasensis
P4,1.85,1.89,18.5,16.3,-93.54,47.05,Rosebud,conglomerate,coarse channel fill,Hibbarderix obfuscatus
m1,1.6,1.2,63.4,60.9,-73.72,54.42,unknown,unknown,terrestrial indet.,Jepsenella praepropera
M2,13.8,15.7,37.0,33.9,-90.2,49.33,White River,unknown,terrestrial indet.,Pseudoprotoceras taylori
Upper P2-M4 line,38.9,0.0,13.8,11.0,-71.62,4.01,Villavieja,unknown,terrestrial indet.,Hondadelphys fieldsi
m12,2.4,1.6,66.0,63.4,-75.98,47.36,unknown,unknown,terrestrial indet.,Betonnia tsosia
M2,3.65,5.23,51.1,45.9,-87.37,48.83,Bridger,unknown,terrestrial indet.,Hyopsodus lepidus
m1,4.71,3.38,51.1,45.9,-84.53,51.57,unknown,unknown,terrestrial indet.,Microsyops annectens
M1,2.5,1.33,4.7,1.4,-96.97,43.06,Long Pine,siltstone,floodplain,Guildayomys hibbardi
M3,1.91,1.01,1.4,0.21,-99.44,45.67,unknown,unknown,terrestrial indet.,Mictomys kansasensis
M1,2.38,3.05,23.1,18.5,-90.01,47.22,Harrison,unknown,terrestrial indet.,Alwoodia harkseni
p4 third lamina,0.0,13.7,11.63,2.58,-65.98,-7.53,unknown,unknown,terrestrial indet.,Phoberomys bordasi
Astragalus,11.2,0.0,13.8,11.0,-71.57,4.04,Villavieja,claystone,terrestrial indet.,Prodolichotis pridiana
P2,11.1,8.6,23.1,18.5,-72.72,31.97,unknown,limestone,marine indet.,Phenacocoelus kayi
Lower m1,3.94,3.93,13.8,11.0,-71.53,4.1,Villavieja,unknown,terrestrial indet.,Nuciruptor rubricae
m1,1.3667,1.35,16.3,12.5,-93.26,45.99,Valentine,sandstone,channel,Tamias ateles
m4,1.66,0.75,8.0,5.0,-62.61,-36.4,Cerro Azul,siltstone,loess,Thylamys pinei
m1,12.5,11.0,11.63,7.246,-65.5,-9.7,Solimões,claystone,fluvial-lacustrine indet.,Neoepiblema acreensis
M3,1.39,1.6,18.5,16.3,-100.38,53.88,Cypress Hills,unknown,terrestrial indet.,Stratimus strobeli
m1,2.6,1.8,7.246,5.333,-61.88,-37.45,Cerro Azul,siltstone,loess,Thylatheridium dolgopolae
P4,11.6,11.5,12.5,9.4,-77.8,31.36,Alachua,unknown,marginal marine indet.,Arctonasua floridana
Upper P1-3,11.3,0.0,56.0,48.07,-28.6,-27.29,Itaboraí,marl,fissure fill,Protodidelphis vanzolinii
Scute 29,19.0,0.0,15.98,11.63,-60.66,9.5,Santa Ines,unknown,terrestrial indet.,Boreostemma venezolensis
p3,2.09,1.8,24.7,23.1,-95.79,54.96,Cypress Hills,unknown,terrestrial indet.,Archaeolagus primigenius
m2,1.89,1.61,60.9,57.5,-78.13,60.96,Paskapoo,siltstone,fluvial-lacustrine indet.,Ptilodus gnomus
Tibia Head,0.0,0.0,13.8,11.0,-71.57,4.04,Villavieja,claystone,terrestrial indet.,Prodolichotis pridiana
M3,0.9,0.97,16.3,12.5,-104.9,49.7,Madison Valley,sandstone,channel,Copemys lindsayi
m1,8.5,7.7,57.5,56.0,-78.79,52.74,unknown,unknown,terrestrial indet.,Azygonyx ancylion
P2,19.1,27.5,23.04,5.333,-90.79,32.95,unknown,unknown,terrestrial indet.,Diceratherium annectens
m3,19.8,8.9,18.5,16.3,-111.3,39.82,Kramer Beds,claystone,fluvial indet.,Merychyus minimus
m3,1.96,1.78,33.9,31.8,-91.61,49.36,unknown,siltstone,lacustrine - small,Eumys elegans
Metacarpal IV,56.9,0.0,13.8,11.0,-71.62,4.01,Villavieja,claystone,terrestrial indet.,Magdalenabradys confusum
p4,6.5,4.2,17.5,16.3,-65.05,-17.94,Chucal,sandstone,floodplain,Altitypotherium chucalensis
M1,2.91,1.86,33.9,31.8,-91.61,49.36,unknown,siltstone,lacustrine - small,Eumys elegans
M3,0.96,0.95,16.3,12.5,-109.76,46.69,Deer Butte,unknown,terrestrial indet.,Copemys pagei
M2,1.14,0.96,9.4,4.7,-113.61,45.35,Chalk Butte,unknown,terrestrial indet.,Postcopemys valensis
m1,1.14,1.58,23.1,18.5,-92.19,47.28,Marsland,unknown,terrestrial indet.,Pleurolicus exiguus
Lower M1-4/P1-3,1.4,0.0,56.0,48.07,-28.6,-27.29,Itaboraí,marl,fissure fill,Protodidelphis vanzolinii
M1,17.5,26.4,51.1,45.9,-87.11,48.99,Bridger,unknown,terrestrial indet.,Trogosus gazini
m2,1.885,1.29,33.9,31.8,-91.61,49.36,unknown,siltstone,lacustrine - small,Domnina gradata
m3,2.6,1.7,37.0,33.9,-91.42,49.47,White River,unknown,terrestrial indet.,Parictis personi
Upper M5,0.0,0.0,7.246,5.333,-64.27,-23.39,Maimará,sandstone,fluvial indet.,Proscelidodon patrius
p4,1.2667,1.2,12.5,9.4,-112.99,38.09,Avawatz,unknown,terrestrial indet.,Cupidinimus avawatzensis
m2,1.53,1.49,51.1,45.9,-92.12,47.29,Sheep Pass,limestone,lacustrine - small,Microparamys sambucus
i1,4.3,3.0,17.5,16.3,-65.05,-17.94,Chucal,sandstone,floodplain,Eotypotherium chico
p4,6.3,2.7,72.2,66.0,-66.02,53.68,Lance,sandstone,terrestrial indet.,Meniscoessus robustus
Lower M1-3,5.2,0.0,56.0,48.07,-28.6,-27.29,Itaboraí,marl,fissure fill,Gaylordia macrocynodonta
m1,1.34,1.05,37.0,33.9,-89.99,35.83,Capote Mountain Tuff,unknown,terrestrial indet.,Nonomys simplicidens
m3,1.67,1.41,18.5,16.3,-95.06,46.14,Runningwater,unknown,terrestrial indet.,Pseudotrimylus blacki
M2,1.26,1.2,45.9,39.7,-86.48,36.39,Devil's Graveyard,unknown,terrestrial indet.,Pauromys texensis
M3,1.9,2.87,51.1,45.9,-84.44,50.94,Aycross,unknown,terrestrial indet.,Shoshonius bowni
M2,3.93,5.5,27.3,23.04,-73.13,32.48,Crystal River,claystone,sinkhole,Phlaocyon achoros
p4,0.0,3.9,13.8,11.0,-71.57,4.04,Villavieja,claystone,terrestrial indet.,Prodolichotis pridiana
m1,4.2,3.75,45.9,39.7,-98.28,39.4,Sespe,unknown,terrestrial indet.,Eohaplomys matutinus
m1,4.12,4.05,45.9,39.7,-90.05,47.36,Uinta,unknown,terrestrial indet.,Metaparamys compressidens
p3,2.23,2.12,29.5,18.5,-71.63,31.26,unknown,claystone,fissure fill,Megalagus abaconis
p4–m1,52.7,0.0,3.6,0.774,-62.8,9.96,Mesa,tar,terrestrial indet.,Xenosmilus venezuelensis
P4,4.5,5.7,16.3,12.5,-92.43,46.46,unknown,unknown,terrestrial indet.,Plesiosorex donroosai
p4,20.7,10.2,12.5,9.4,-77.8,31.36,Alachua,unknown,marginal marine indet.,Neohipparion trampasense
m1,10.7,6.5,17.5,16.3,-65.05,-17.94,Chucal,sandstone,floodplain,Altitypotherium paucidens
Palatal breadth,0.0,12.5,13.8,11.0,-71.57,4.04,Villavieja,claystone,terrestrial indet.,Prodolichotis pridiana
m1,21.0,9.5,9.4,4.7,-78.95,28.93,Peace River,sandstone,marginal marine indet.,Megantereon hesperus
m1,2.65,1.05,72.2,66.0,-66.02,53.68,Lance,sandstone,terrestrial indet.,Mesodma thompsoni
humerus,225.0,0.0,15.98,13.82,22.03,47.5,Pińczów Limestone,limestone,open shallow subtidal,Pinocetus polonicus
Coronoid process,0.0,0.0,2.58,0.0117,-69.21,9.93,unknown,claystone,terrestrial indet.,Mixotoxodon larensis
M2,1.6,2.75,18.5,16.3,-93.54,47.05,Rosebud,conglomerate,coarse channel fill,Archaeolagus primigenius
m2,2.8,2.1,16.3,12.5,-101.18,40.09,Tesuque,unknown,terrestrial indet.,Untermannerix copiosus
P4,1.78,1.9,16.3,12.5,-104.06,49.54,Hepburn's Mesa,unknown,terrestrial indet.,Ansomys hepburnensis
P4,4.3,3.5,66.0,63.4,-70.31,49.63,Denver,shale,terrestrial indet.,Catopsalis alexanderi
m1,8.4,4.5,66.0,63.4,-72.34,55.09,Fort Union,unknown,terrestrial indet.,Catopsalis alexanderi
Scapula glenoid fossa,0.0,0.0,13.8,11.0,-71.57,4.04,Villavieja,claystone,terrestrial indet.,Prodolichotis pridiana
M2,0.98,1.04,39.7,37.0,-86.94,56.36,Cypress Hills,unknown,terrestrial indet.,Adjidaumo craigi
M1,12.0,14.3,45.9,39.7,-86.48,36.39,Colmena Tuff,unknown,terrestrial indet.,Plesiocolopirus hancocki
M3,0.73,0.85,9.4,4.7,-116.71,41.12,Coal Valley,unknown,terrestrial indet.,Bensonomys lindsayi
m1,5.25,3.4,63.4,60.9,-74.71,38.65,Black Peaks,unknown,terrestrial indet.,Chriacus baldwini
M1,10.2,11.8,37.0,33.9,-89.99,35.83,unknown,unknown,terrestrial indet.,Aclistomycter dunagani
Astragalus,12.3,0.0,13.8,11.0,-71.59,4.05,unknown,claystone,terrestrial indet.,Scleromys colombianus
P1,9.0,7.35,23.1,18.5,-93.8,46.72,unknown,unknown,terrestrial indet.,Phenacocoelus kayi
m1,4.9,4.0,51.1,45.9,-86.97,49.35,Bridger,tuff,fluvial indet.,Smilodectes mcgrewi
p3,4.2,2.2,60.9,57.5,-79.81,51.07,Evanston,siliciclastic,terrestrial indet.,Chriacus baldwini
M2,1.59,1.53,83.6,72.2,-71.37,58.79,Two Medicine,carbonate,terrestrial indet.,Filikomys primaevus
m1,2.6,1.64,4.7,1.4,-110.85,35.58,Verde,mudstone,terrestrial indet.,Prosigmodon holocuspis
M1,17.2,19.25,51.1,45.9,-92.12,47.29,Sheep Pass,limestone,lacustrine - small,Hyrachyus modestus
P4,2.12,2.955,24.7,23.1,-95.79,54.96,Cypress Hills,unknown,terrestrial indet.,Archaeolagus macrocephalus
P4,30.0,30.0,4.7,1.4,-116.59,43.67,unknown,unknown,terrestrial indet.,Plesippus idahoensis
M2,7.2,5.9,66.0,63.4,-72.34,55.09,Fort Union,unknown,terrestrial indet.,Catopsalis alexanderi
m1,1.2,0.87,56.0,51.1,-78.54,51.42,Wasatch,unknown,terrestrial indet.,Tinimomys graybulliensis
Astragalus,14.5,0.0,13.8,11.0,-71.59,4.05,Villavieja,claystone,terrestrial indet.,Drytomomys aequatorialis
m1,22.9,17.5,2.58,0.774,-81.8,30.02,unknown,unknown,terrestrial indet.,Tapirus (Helicotapirus) lundeliusi
m1,17.45,12.85,18.5,16.3,-88.65,33.77,Oakville,unknown,terrestrial indet.,Anchitherium navasotae
m1,6.9,6.1,39.7,37.0,-88.5,36.09,unknown,unknown,terrestrial indet.,Pseudoprotoceras minor
P4,2.4167,0.8833,57.5,56.0,-78.79,52.74,unknown,unknown,terrestrial indet.,Ectypodus powelli
M1,4.4,5.8,37.0,33.9,-87.35,47.77,Chadron,siltstone,terrestrial indet.,Stibarus yoderensis
Femur,0.0,23.8,13.8,11.0,-71.59,4.05,Villavieja,claystone,terrestrial indet.,Drytomomys aequatorialis
M2,3.8,6.8,56.0,51.1,-80.94,52.67,Willwood,wackestone,wet floodplain,Cantius mckennai
M1,18.0,16.0,23.1,18.5,-93.3,47.08,Marsland,unknown,terrestrial indet.,Michenia agatensis
M3,2.325,1.85,12.5,9.4,-95.72,39.49,Laverne,unknown,terrestrial indet.,Domninoides knoxjonesi
M2,0.0,4.1,13.8,11.0,-71.57,4.04,Villavieja,claystone,terrestrial indet.,Prodolichotis pridiana
Distance between anterior margin of of nasal spine and postero-lingual margin of,172.8,0.0,11.63,7.246,-65.5,-9.7,Solimões,claystone,fluvial-lacustrine indet.,Neoepiblema horridula
M2,2.5,3.6,51.1,45.9,-85.65,49.81,Bridger,unknown,terrestrial indet.,Washakius insignis
m1,3.16,1.58,56.0,51.1,-79.64,51.58,Willwood,mudstone,terrestrial indet.,Mimoperadectes labrus
p4,24.9,16.1,23.04,5.333,-112.78,36.75,Caliente,unknown,terrestrial indet.,Heteropliohippus hulberti
Zygomatic width,0.0,175.0,3.6,0.774,-62.8,9.96,Mesa,tar,terrestrial indet.,Xenosmilus venezuelensis
M2,2.05,3.37,51.1,45.9,-84.44,50.94,Aycross,unknown,terrestrial indet.,Shoshonius bowni
P4,1.6,2.45,33.9,31.8,-91.61,49.36,unknown,siltstone,lacustrine - small,Palaeolagus burkei
m3,16.46,7.68,45.9,39.7,-89.71,47.29,Uinta,unknown,terrestrial indet.,Protoreodon pumilus
M2,1.63,1.59,4.7,1.4,-111.51,35.31,Verde,unknown,terrestrial indet.,Sigmodon minor
m1,1.55,1.0,56.0,51.1,-7.41,73.41,Margaret,unknown,deltaic indet.,Arcticanodon dawsonae
m2,1.5,1.4,63.4,60.9,-74.72,61.99,Paskapoo,siltstone,terrestrial indet.,Edworthia lerbekmoi
M3,14.3,15.7,45.9,39.7,-86.48,36.39,Colmena Tuff,unknown,terrestrial indet.,Plesiocolopirus hancocki
Distal upper incisor,0.0,0.0,2.58,0.0117,-37.75,-10.31,unknown,unknown,terrestrial indet.,Notiomastodon platensis
m3,1.97,1.125,23.1,18.5,-90.01,47.22,Harrison,unknown,terrestrial indet.,Herpetotherium youngi
M2,4.1,2.2,16.3,15.5,-68.67,-43.88,Río Frias,tuff,fluvial indet.,Abderites meridionalis
M1,2.35,2.63,60.9,57.5,-78.13,60.96,Paskapoo,siltstone,fluvial-lacustrine indet.,Picrodus canpacius
M1,6.5,9.9,39.7,37.0,-98.62,37.74,Santiago,sandstone,channel,Lycophocyon hutchisoni
m1,10.3,7.8,39.7,37.0,-88.5,36.09,unknown,unknown,terrestrial indet.,Heteromeryx dispar
m2,1.45,1.345,23.1,18.5,-90.01,47.22,Harrison,unknown,terrestrial indet.,Nototamias quadratus
m12,2.85,2.17,60.9,57.5,-78.13,60.96,Paskapoo,siltstone,fluvial-lacustrine indet.,Pararyctes rutherfordi
m1,11.5,5.2,24.7,23.1,-106.87,51.2,unknown,tuff,floodplain,Cormocyon copei
M1,0.896,1.175,9.4,4.7,-107.91,34.61,Quiburis,unknown,terrestrial indet.,Perognathus mclaughlini
M2,2.5,3.7,60.9,57.5,-79.81,51.07,Evanston,siliciclastic,terrestrial indet.,Nannodectes intermedius
m1,1.85,1.5,51.1,45.9,-87.05,47.75,Green River,sandstone,channel lag,Utahia kayi
M3,11.1,10.6,37.0,33.9,-89.99,35.83,Capote Mountain Tuff,unknown,terrestrial indet.,Stevenscamelus franki
radius,98.6,0.0,33.9,31.8,-86.23,50.95,unknown,unknown,terrestrial indet.,Manitsha tanka
p3,14.1,7.2,63.4,60.9,-76.11,45.82,Nacimiento,unknown,terrestrial indet.,Dissacus saurognathus
P4,1.41,2.03,4.7,1.4,-110.85,35.58,Verde,mudstone,terrestrial indet.,Nerterogeomys minor
P3,11.1,7.3,18.5,16.3,-75.25,32.13,Alachua,sandstone,terrestrial indet.,Zodiolestes freundi
Metacarpal II,51.3,26.9,13.8,11.0,-71.59,4.07,unknown,claystone,terrestrial indet.,Magdalenabradys confusum
M1,2.48,1.2,57.5,56.0,-78.79,52.74,unknown,unknown,terrestrial indet.,Ectypodus powelli
P4,10.6,0.0,39.7,37.0,-98.62,37.74,Santiago,sandstone,channel,Lycophocyon hutchisoni
m1,2.47,1.03,60.9,57.5,-78.13,60.96,Paskapoo,siltstone,fluvial-lacustrine indet.,Picrodus canpacius
p4,1.3,1.0,63.4,60.9,-74.72,61.99,Paskapoo,siltstone,terrestrial indet.,Edworthia lerbekmoi
m1,9.0,8.0,39.7,37.0,-92.32,47.03,Duchesne River,unknown,terrestrial indet.,Poabromylus kayi
m1,3.3,2.54,56.0,51.1,-82.05,44.29,San Jose,unknown,terrestrial indet.,Microsyops latidens
m2,2.87,2.16,56.0,51.1,-81.69,48.47,Wasatch,unknown,terrestrial indet.,Arctodontomys wilsoni
M1,0.99,1.19,18.5,16.3,-111.27,37.93,Branch Canyon,unknown,terrestrial indet.,Pseudotheridomys cuyamensis
p4 greatest oblique diameter of grinding surface,0.0,0.0,11.63,2.58,-65.98,-7.53,unknown,unknown,terrestrial indet.,Phoberomys bordasi
p4,1.84,1.64,16.3,12.5,-104.9,49.7,Madison Valley,sandstone,channel,Peridiomys halis
M3,38.95,39.6,51.1,45.9,-87.37,48.83,Bridger,unknown,terrestrial indet.,Uintatherium anceps
p3,6.0,0.0,33.9,27.3,-63.44,-34.93,Abanico,volcaniclastic,terrestrial indet.,Kramadolops abanicoi
M2,1.5067,0.94,9.4,4.7,-114.86,44.46,Drewsey,unknown,terrestrial indet.,Goniodontomys disjunctus
M1,2.42,3.6,72.2,66.0,-65.32,60.38,Frenchman,siltstone,floodplain,Gypsonictops illuminatus
M2,1.275,1.05,1.4,0.21,-97.21,38.53,McPherson,unknown,terrestrial indet.,Peromyscus progressus
M2,3.62,5.31,39.7,37.0,-87.58,35.26,Devil's Graveyard,unknown,terrestrial indet.,Mahgarita stevensi
M1,1.41,0.87,9.4,4.7,-98.19,23.07,Rancho Viejo Beds,claystone,channel,Calomys (Bensonomys) elachys
m1,2.445,2.1,45.9,39.7,-85.58,35.54,Devil's Graveyard,unknown,terrestrial indet.,Prolapsus sibilatoris
M3,8.5,10.55,39.7,37.0,-88.4,49.59,Wagon Bed (Tepee Trail),unknown,terrestrial indet.,Poabromylus golzi
m3,23.0,10.3,23.1,18.5,-91.74,47.87,Rosebud,unknown,terrestrial indet.,Merychyus minimus
Mandible,173.19,0.0,13.8,11.0,-71.6,3.99,La Victoria,claystone,terrestrial indet.,Boreostemma acostae
M1,1.8,3.3,29.5,18.5,-98.93,52.07,unknown,unknown,terrestrial indet.,Palaeolagus hypsodus
m1,3.0,2.0,63.4,60.9,-74.71,61.93,Paskapoo,unknown,fluvial indet.,Paleotomus junior
m3,3.7,2.4,60.9,57.5,-77.27,55.0,Fort Union,unknown,terrestrial indet.,Nannodectes intermedius
Tibia,89.9,0.0,13.8,11.0,-71.62,4.01,Villavieja,claystone,terrestrial indet.,Magdalenabradys confusum
M1,2.6,2.6,83.6,72.2,-64.92,59.88,Dinosaur Park,unknown,terrestrial indet.,Turgidodon russelli
m2,3.4667,2.9,60.9,57.5,-77.27,55.0,Fort Union,unknown,terrestrial indet.,Aphronorus orieli
M1,1.73,2.32,45.9,37.0,-97.31,38.28,Santiago,unknown,terrestrial indet.,Sespedectes stocki
m1,2.85,1.85,63.4,60.9,-73.65,56.02,Fort Union,unknown,terrestrial indet.,Simpsonictis tenuis
M1,2.91,3.25,12.5,9.4,-113.77,36.46,MR Caliente,unknown,terrestrial indet.,Lanthanotherium sawini
Scapula neck,0.0,0.0,13.8,11.0,-71.59,4.05,Villavieja,claystone,terrestrial indet.,Drytomomys aequatorialis
M3,46.4,26.6,17.5,16.3,-65.05,-17.94,Chucal,sandstone,floodplain,Nesodon imbricatus
Astragalus,64.5,0.0,13.8,11.0,-71.57,4.04,Villavieja,claystone,terrestrial indet.,Magdalenabradys confusum
Greatest width of external nares,0.0,38.2,3.6,0.774,-62.8,9.96,Mesa,tar,terrestrial indet.,Xenosmilus venezuelensis
m1,17.4,11.5,16.3,12.5,-112.28,36.9,Caliente,unknown,terrestrial indet.,Paramiolabis taylori
M2,2.9,3.6,23.1,18.5,-93.22,47.21,Harrison,unknown,terrestrial indet.,Migmacastor procumbodens
m1,1.4,0.9,9.4,4.7,-113.61,45.35,Chalk Butte,unknown,terrestrial indet.,Postcopemys valensis
m3,37.2,21.5,23.04,5.333,-90.79,32.95,unknown,unknown,terrestrial indet.,Menoceras barbouri
Lower P1-3,14.0,0.0,56.0,48.07,-28.6,-27.29,Itaboraí,marl,fissure fill,Patene simpsoni
p4,1.783,1.89,33.9,31.8,-91.61,49.36,unknown,siltstone,lacustrine - small,Palaeolagus burkei
m1,12.195,7.255,56.0,51.1,-79.8,51.57,Willwood,unknown,terrestrial indet.,Palaeonictis wingi
P3,1.75,1.82,60.9,57.5,-66.51,56.07,Ravenscrag,sandstone,alluvial fan,Carpodaptes stonleyi
M2,0.98,1.455,9.4,4.7,-105.37,30.85,unknown,unknown,terrestrial indet.,Prodipodomys idahoensis
Lumbar vertebra anterior end,0.0,0.0,2.58,0.0117,-36.4,-8.52,unknown,unknown,terrestrial indet.,Macrauchenia patagonica
m2,1.7,1.1,63.4,60.9,-74.71,61.93,Paskapoo,unknown,fluvial indet.,Picrodus calgariensis
M2,1.49,1.67,51.1,45.9,-92.12,47.29,Sheep Pass,limestone,lacustrine - small,Microparamys sambucus
M2,2.74,4.02,63.4,60.9,-73.65,56.02,Fort Union,unknown,terrestrial indet.,Bryanictis microlestes
m2,4.7,0.0,13.8,11.0,-71.57,4.04,Villavieja,claystone,terrestrial indet.,Prodolichotis pridiana
Lower m2,42.2,39.3,2.58,0.0117,-48.05,-19.73,unknown,claystone,alluvial fan,Eremotherium laurillardi
Femur,0.0,89.1,13.8,11.0,-71.59,4.06,La Victoria,claystone,terrestrial indet.,Magdalenabradys confusum
Scaphoid,65.0,0.0,13.8,11.0,-71.59,4.07,unknown,claystone,terrestrial indet.,Magdalenabradys confusum
M3,1.07,1.05,1.4,0.21,-99.44,45.67,unknown,unknown,terrestrial indet.,Javazapus weeksi
Lower m2,0.0,2.32,13.8,11.0,-71.6,4.07,Villavieja,mudstone,fluvial indet.,Notonycteris magdalenensis
m1,9.8,5.2,16.3,12.5,-96.7,44.18,Pawnee Creek Beds,unknown,terrestrial indet.,Leptarctus primus
m1,37.0,17.0,16.3,12.5,-111.06,45.81,unknown,unknown,terrestrial indet.,Amphicyon frendens
p4,15.7,10.3,23.04,5.333,-113.8,37.56,unknown,unknown,terrestrial indet.,Parapliohippus carrizoensis
P4,6.25,4.8,51.1,45.9,-92.12,47.29,Sheep Pass,limestone,lacustrine - small,Sinopa rapax
m1,8.5,3.87,27.3,23.04,-73.13,32.48,Crystal River,claystone,sinkhole,Phlaocyon achoros
Plate,40.5,29.0,13.8,11.0,-71.58,4.07,La Victoria,claystone,terrestrial indet.,Boreostemma acostae
m2,11.0,6.1,17.5,16.3,-65.05,-17.94,Chucal,sandstone,floodplain,Altitypotherium chucalensis
M1,18.3,20.0,23.1,18.5,-102.69,50.37,Blacktail Deer Creek,claystone,terrestrial indet.,Arretotherium acridens
P4,9.7,11.6,37.0,33.9,-95.74,52.24,Chadron,tuff,wet floodplain,Montanatylopus matthewi
M1,24.5,20.4,16.3,12.5,-112.28,36.9,Caliente,unknown,terrestrial indet.,Cuyamacamelus jamesi
P4,20.1,22.2,12.5,4.7,-101.51,43.51,Ash Hollow,unknown,terrestrial indet.,Pseudhipparion retrusum
p4,10.2,5.6,45.9,39.7,-89.34,47.17,Uinta,unknown,terrestrial indet.,Miocyon scotti
m1,3.3,1.7,63.4,60.9,-74.71,61.93,Paskapoo,unknown,fluvial indet.,Ptilodus montanus
M1,49.5,49.0,37.0,33.9,-90.33,35.77,Preitos,unknown,terrestrial indet.,Brontops brachycephalus
Mandible,21.9,0.0,2.58,0.774,-62.02,10.28,unknown,unknown,terrestrial indet.,Desmodus draculae
P4,14.0,11.5,37.0,33.9,-89.99,35.83,unknown,unknown,terrestrial indet.,Brachyrhynchocyon dodgei
m1,2.6,1.8,16.3,12.5,-93.26,45.99,Valentine,sandstone,channel,Parvericius montanus
M1,19.2,18.6,12.5,9.4,-116.32,40.4,unknown,siliciclastic,terrestrial indet.,Neohipparion trampasense
Incisor,2.8,1.5,13.8,11.0,-71.53,4.1,Villavieja,unknown,terrestrial indet.,Microsteiromys jacobsi
P4,1.625,2.82,18.5,16.3,-100.38,53.88,Cypress Hills,unknown,terrestrial indet.,Oreolagus nebrascensis
Lower p4,31.0,0.0,2.58,0.0117,-69.21,9.93,unknown,claystone,terrestrial indet.,Mixotoxodon larensis
P2,1.3,2.45,18.5,16.3,-93.54,47.05,Rosebud,conglomerate,coarse channel fill,Archaeolagus primigenius
Lower P1-3,8.5,0.0,56.0,48.07,-28.6,-27.29,Itaboraí,marl,fissure fill,Bobbschaefferia fluminensis
Ulna,129.0,0.0,13.8,11.0,-71.53,4.1,Villavieja,sandstone,terrestrial indet.,Magdalenabradys confusum
P4,3.4,3.2,16.3,12.5,-109.76,46.69,Butte Creek,volcaniclastic,terrestrial indet.,Liodontia alexandrae
M3,1.1,1.5,63.4,60.9,-74.71,61.93,Paskapoo,unknown,fluvial indet.,Picrodus calgariensis
m2,3.0,0.0,13.8,11.0,-71.58,4.05,Villavieja,sandstone,terrestrial indet.,Micoureus laventicus
M2,34.5,20.1,18.5,16.3,-99.21,47.39,Arikaree,unknown,eolian indet.,Protolabis heterodontus
M2,44.0,34.4,17.5,16.3,-65.05,-17.94,Chucal,sandstone,floodplain,Nesodon imbricatus
M1,3.68,4.75,51.1,45.9,-85.53,49.05,Bridger,unknown,terrestrial indet.,Hyopsodus paulus
m1,17.4,10.0,16.3,12.5,-87.19,33.93,Fleming,unknown,terrestrial indet.,Merychippus gunteri
m2,1.36,1.32,39.7,37.0,-98.36,37.35,Pomerado,mudstone,terrestrial indet.,Nonomys gutzleri
M3,1.19,1.54,16.3,12.5,-91.27,45.59,Valentine,conglomerate,fluvial indet.,Megasminthus tiheni
m3,4.95,3.13,60.9,57.5,-75.51,53.47,Fort Union,siliciclastic,fluvial-lacustrine indet.,Plesiadapis rex
P4,1.74,0.92,72.2,66.0,-65.32,60.38,Frenchman,siltstone,floodplain,Mesodma hensleighi
M2,38.2,37.4,37.0,33.9,-85.14,48.82,Chadron,unknown,terrestrial indet.,Subhyracodon occidentalis
M2,4.8,7.3,60.9,57.5,-78.57,51.99,Hoback,unknown,terrestrial indet.,Palaeosinopa dorri
M2,1.3,1.34,83.6,72.2,-71.37,58.79,Two Medicine,carbonate,terrestrial indet.,Filikomys primaevus
p4,1.9,1.6,56.0,51.1,-81.07,52.21,Willwood,unknown,terrestrial indet.,Loveina wapitiensis
m1 first lamina,0.0,12.0,11.63,2.58,-65.98,-7.53,unknown,unknown,terrestrial indet.,Phoberomys bordasi
M2,4.37,6.25,51.1,45.9,-87.37,48.83,Bridger,unknown,terrestrial indet.,Hyopsodus paulus
m1,3.02,2.76,56.0,51.1,-81.5,47.5,DeBeque,unknown,terrestrial indet.,Notoparamys arctios
M1,11.9,10.95,18.5,16.3,-111.3,39.82,Kramer Beds,claystone,fluvial indet.,Merychyus minimus
skull,1020.0,494.0,20.45,15.98,133.62,34.62,unknown,sandstone,marine indet.,Isanacetus laticephalus
P2,5.0,2.3,13.8,11.0,-71.62,4.01,Villavieja,unknown,terrestrial indet.,Hondadelphys fieldsi
M1,21.8,20.5,9.4,4.7,-85.14,32.17,unknown,unknown,marginal marine indet.,Synthetoceras davisorum
M2,18.0,19.3,23.1,18.5,-93.8,46.72,unknown,unknown,terrestrial indet.,Phenacocoelus kayi
M1,12.5,14.55,23.04,20.45,-84.46,34.75,Fleming,conglomerate,coarse channel fill,Prosynthetoceras orthrionanus
Scaphoid,81.5,0.0,13.8,11.0,-71.62,4.01,Villavieja,claystone,terrestrial indet.,Magdalenabradys confusum
Metatarsal IV,115.0,0.0,13.8,11.0,-71.53,4.1,Villavieja,sandstone,terrestrial indet.,Magdalenabradys confusum
Left nasal width between contact of internasal  and interfrontal sutures and th,0.0,16.0,11.63,7.246,-65.5,-9.7,Solimões,claystone,fluvial-lacustrine indet.,Neoepiblema horridula
M1,2.03,1.2667,4.7,1.4,-108.45,33.49,Gila Conglomerate,unknown,fluvial-lacustrine indet.,Onychomys pedroensis
m1,1.06,0.98,33.9,31.8,-87.83,47.98,Brule,unknown,terrestrial indet.,Adjidaumo intermedius
m1,1.8,0.0,15.5,13.8,-67.65,-39.73,Collón Cura,tuff,terrestrial indet.,Protacaremys denisae
Femur,0.0,0.0,13.8,11.0,-71.57,4.04,Villavieja,claystone,terrestrial indet.,Magdalenabradys confusum
M3,1.89,1.07,4.7,1.4,-96.97,43.06,Long Pine,siltstone,floodplain,Hibbardomys voorhiesi
m3,3.05,1.88,56.0,51.1,-81.69,48.47,Wasatch,unknown,terrestrial indet.,Arctodontomys wilsoni
m1,39.8,21.0,9.4,4.7,-97.22,42.35,Ash Hollow,unknown,terrestrial indet.,Indarctos oregonensis
M2,1.19,1.04,4.7,1.4,-110.85,35.58,Verde,mudstone,terrestrial indet.,Calomys (Bensonomys) arizonae
m2,1.3,1.1,56.0,51.1,-82.05,44.29,San Jose,unknown,terrestrial indet.,Leptacodon catulus
m1,24.3,10.0,4.7,1.4,-100.2,34.49,Blanco,unknown,terrestrial indet.,Dinofelis palaeoonca
Length between mastoid and paraoccipital process,45.9,0.0,3.6,0.774,-62.8,9.96,Mesa,tar,terrestrial indet.,Xenosmilus venezuelensis
m1,8.76,6.74,51.1,45.9,-83.12,50.2,Wind River,mudstone,fluvial-lacustrine indet.,Esthonyx acutidens
Lower m3,0.0,1.0,13.8,11.0,-71.6,4.07,Villavieja,mudstone,fluvial indet.,Pachybiotherium minor
Fibula,275.6,0.0,13.8,11.0,-71.59,4.07,unknown,claystone,terrestrial indet.,Magdalenabradys confusum
P4,2.51,3.88,23.1,18.5,-90.01,47.22,Harrison,unknown,terrestrial indet.,Archaeolagus primigenius
M3,17.2,20.2,37.0,33.9,-89.99,35.83,unknown,unknown,terrestrial indet.,Toxotherium hunteri
m1,2.38,2.03,57.5,56.0,-78.31,53.6,Fort Union,unknown,terrestrial indet.,Haplomylus palustris
M1,0.83,0.91,37.0,33.9,-95.21,52.63,Renova,claystone,terrestrial indet.,Heliscomys ostranderi
m1,5.1,4.2,51.1,45.9,-82.61,44.55,Huerfano,unknown,terrestrial indet.,Smilodectes mcgrewi
m2,2.4,2.0,29.5,18.5,-92.34,47.0,unknown,unknown,terrestrial indet.,Florentiamys tiptoni
m1,10.8,6.6,57.5,56.0,-78.79,52.74,unknown,unknown,terrestrial indet.,Dipsalidictis krausei
M1,4.5,5.7,56.0,51.1,-82.05,44.29,San Jose,unknown,terrestrial indet.,Simpsonodus chacensis
m1,16.0,10.9,9.4,4.7,-85.14,32.17,unknown,unknown,marginal marine indet.,Prosthennops serus
M2,1.95,2.72,33.9,31.8,-86.18,51.86,Brule,unknown,terrestrial indet.,Altasciurus albiclivus
Femur Neck,0.0,0.0,13.8,11.0,-71.59,4.05,Villavieja,claystone,terrestrial indet.,Drytomomys aequatorialis
M4,0.9,2.3,5.0,3.8,-60.78,-38.8,Monte Hermoso,unknown,terrestrial indet.,Marmosa contrerasi
P4,3.95,5.7,37.0,33.9,-87.35,47.77,Chadron,siltstone,terrestrial indet.,Stibarus yoderensis
P4,3.6367,3.56,37.0,33.9,-89.99,35.83,unknown,unknown,terrestrial indet.,Eutypomys inexpectatus
P2,9.0,9.0,2.58,0.0117,-98.28,37.03,unknown,gravel,fluvial indet.,Mylohyus nasutus
M1,3.045,2.085,4.7,1.4,-115.73,34.46,San Timoteo,unknown,terrestrial indet.,Neotoma fossilis
M1,2.46,3.29,63.4,60.9,-74.08,51.29,Fort Union,unknown,terrestrial indet.,Plesiolestes problematicus
M1,2.35,1.05,72.2,66.0,-65.32,60.38,Frenchman,siltstone,floodplain,Mesodma hensleighi
m3,25.0,9.7,37.0,33.9,-95.74,52.24,Chadron,tuff,wet floodplain,Montanatylopus matthewi
Pelvis,49.5,0.0,13.8,11.0,-71.57,4.04,Villavieja,claystone,terrestrial indet.,Prodolichotis pridiana
m1,42.2,41.6,12.5,9.4,-77.8,31.36,Alachua,unknown,marginal marine indet.,Aphelops malacorhinus
p3,2.7,2.9,23.1,18.5,-91.74,47.87,Rosebud,unknown,terrestrial indet.,Archaeolagus primigenius
p4,4.395,3.47,12.5,9.4,-94.8,45.3,Ash Hollow,siliciclastic,channel,Nothodipoides planus
m3,0.0,3.8,13.8,11.0,-71.57,4.04,Villavieja,claystone,terrestrial indet.,Prodolichotis pridiana
m1,14.5,12.0,2.58,0.0,-72.44,-10.88,unknown,conglomerate,fluvial indet.,Tayassu pecari
Lower p3,23.0,20.0,13.8,11.0,-71.57,4.03,Villavieja,sandstone,terrestrial indet.,Huilatherium pluripicatum
Upper M1,1.25,0.0,13.8,11.0,-71.6,4.07,Villavieja,mudstone,fluvial indet.,Thyroptera lavali
P3,1.7,3.0,18.5,16.3,-93.54,47.05,Rosebud,conglomerate,coarse channel fill,Gripholagomys lavocati
M2,1.62,1.27,9.4,4.7,-107.91,34.61,Quiburis,unknown,terrestrial indet.,Galushamys redingtonensis
Lower m4 talonid,0.0,1.3,13.8,11.0,-71.58,4.05,Villavieja,sandstone,terrestrial indet.,Micoureus laventicus
Lower m2,44.0,21.0,13.8,11.0,-71.57,4.03,Villavieja,sandstone,terrestrial indet.,Huilatherium pluripicatum
m1,9.7875,5.3625,9.4,4.7,-97.13,37.75,unknown,unknown,terrestrial indet.,Texoceros altidens
Greatest width of the occipital condyles,0.0,70.0,3.6,0.774,-62.8,9.96,Mesa,tar,terrestrial indet.,Xenosmilus venezuelensis
radius,187.0,0.0,31.8,29.5,-87.22,48.58,Brule,sandstone,fluvial indet.,Miohippus gidleyi
m1,3.5,2.4,63.4,60.9,-76.78,46.9,Nacimiento,siltstone,terrestrial indet.,Bryanictis paulus
Humerus,0.0,26.1,13.8,11.0,-71.59,4.05,Villavieja,claystone,terrestrial indet.,Drytomomys aequatorialis
m1,1.9,1.73,45.9,39.7,-85.58,35.54,Devil's Graveyard,unknown,terrestrial indet.,Pareumys boskeyi
p3-m3,18.0,0.0,33.9,27.3,-63.44,-34.93,Abanico,volcaniclastic,terrestrial indet.,Kramadolops abanicoi
Lower P1-3,4.8,0.0,56.0,48.07,-28.6,-27.29,Itaboraí,marl,fissure fill,Monodelphopsis travassosi
p3,3.2,2.5,51.1,45.9,-86.97,49.35,Bridger,tuff,fluvial indet.,Smilodectes mcgrewi
m2,1.02,1.17,16.3,12.5,-104.9,49.7,Madison Valley,sandstone,channel,Mookomys thrinax
p4,2.99,3.2,9.4,4.7,-115.06,43.35,Thousand Creek,unknown,terrestrial indet.,Hypolagus vetus
Calcaneum Olecranon,19.8,0.0,13.8,11.0,-71.57,4.04,Villavieja,claystone,terrestrial indet.,Prodolichotis pridiana
M3,13.6,11.2,2.58,0.0,-72.44,-10.88,unknown,conglomerate,fluvial indet.,Pecari tajacu
m1,8.0,5.6,63.4,60.9,-79.23,50.21,North Horn,unknown,terrestrial indet.,Conoryctella pattersoni
m1,4.14,1.7,56.0,51.1,-81.07,52.21,Willwood,unknown,terrestrial indet.,Hapalodectes anthracinus
m1,1.21,1.43,4.7,1.4,-115.73,34.46,San Timoteo,unknown,terrestrial indet.,Prodipodomys timoteoensis
m1,1.29,0.83,4.7,1.4,-108.1,33.49,Gila Conglomerate,marl,lacustrine indet.,Reithrodontomys rexroadensis
I1,0.0,0.0,13.8,11.0,-71.59,4.05,Villavieja,claystone,terrestrial indet.,Drytomomys aequatorialis
m2,1.5,1.94,16.3,12.5,-104.9,49.7,Madison Valley,sandstone,channel,Peridiomys halis
Upper M2,1.04,1.94,13.8,11.0,-71.6,4.07,Villavieja,mudstone,fluvial indet.,Thyroptera robusta
m1,1.77,1.8,1.4,0.21,-99.34,34.04,Seymour,unknown,terrestrial indet.,Dipodomys pattersoni
humerus,54.0,0.0,12.8,11.63,25.11,43.49,unknown,marl,marine indet.,Kentriodon fuchsii
m3,2.3,1.4,51.1,45.9,-85.65,49.81,Bridger,unknown,terrestrial indet.,Herpetotherium knighti
P2,15.2,5.7,37.0,33.9,-90.2,49.33,White River,unknown,terrestrial indet.,Brachyhyops viensis
m1,2.4,1.75,60.9,57.5,-76.47,54.83,unknown,unknown,terrestrial indet.,Bessoecetor septentrionalis
M1,3.1525,1.775,1.4,0.21,-116.58,34.09,San Timoteo,unknown,terrestrial indet.,Neotoma fuscipes
skull,815.0,466.0,7.246,5.333,-73.25,-15.17,Pisco,siltstone,paralic indet.,Acrophyseter deinodon
Mandibular M4,2.6,1.9,56.0,48.07,-28.6,-27.29,Itaboraí,marl,fissure fill,Procaroloameghinia pricei
m1,3.45,2.25,60.9,57.5,-76.03,53.78,Fort Union,unknown,terrestrial indet.,Viverravus laytoni
m1,6.26,3.95,51.1,45.9,-86.55,48.87,Bridger,mudstone,terrestrial indet.,Dawsonicyon isami
M2,2.25,2.8,33.9,31.8,-87.83,47.98,Brule,unknown,terrestrial indet.,Diplolophus insolens
p4,15.1,7.7,63.4,60.9,-76.11,45.82,Nacimiento,unknown,terrestrial indet.,Dissacus saurognathus
M3,1.72,1.86,24.7,23.1,-95.79,54.96,Cypress Hills,unknown,terrestrial indet.,Paciculus nebraskensis
m1,5.72,5.94,4.7,1.4,-111.83,42.32,unknown,unknown,terrestrial indet.,Paenemarmota sawrockensis
m3,3.45,2.35,16.3,12.5,-109.76,46.69,Butte Creek,volcaniclastic,terrestrial indet.,Hesperogaulus gazini
Lower p2,2.59,2.43,13.8,11.0,-71.59,4.05,unknown,sandstone,terrestrial indet.,Neosaimiri fieldsi
Lower p3,6.8,0.0,13.8,11.0,-71.6,4.07,Villavieja,mudstone,fluvial indet.,Hondadelphys fieldsi
m1,10.1,8.5,63.4,60.9,-76.69,46.56,Nacimiento,unknown,terrestrial indet.,Huerfanodon torrejonius
m1,5.43,4.3,56.0,51.1,-79.64,51.58,Willwood,mudstone,terrestrial indet.,Ectocion parvus
m1,12.5,9.8,16.3,12.5,-109.76,46.69,Butte Creek,volcaniclastic,terrestrial indet.,Bouromeryx americanus
m1,33.3,22.28,4.7,1.4,-100.2,34.49,Blanco,unknown,terrestrial indet.,Camelops hesternus
M2,54.0,68.0,39.7,37.0,-88.5,36.09,Chambers Tuff,unknown,terrestrial indet.,Duchesneodus uintensis
m1,9.2,7.425,37.0,33.9,-85.0,49.11,Chadron,unknown,terrestrial indet.,Pseudoprotoceras longinaris
M1,6.0,5.3,51.1,45.9,-92.12,47.29,Sheep Pass,limestone,lacustrine - small,Sinopa rapax
p4,1.02,1.12,9.4,4.7,-109.42,40.73,Sevier,siltstone,terrestrial indet.,Metaliomys sevierensis
Upper DP3,62.7,38.6,2.58,0.0117,-37.75,-10.31,unknown,unknown,terrestrial indet.,Notiomastodon platensis
m2,1.37,1.31,39.7,37.0,-98.36,37.35,Pomerado,mudstone,terrestrial indet.,Nonomys gutzleri
M3,20.6,19.5,23.1,18.5,-72.72,31.97,unknown,limestone,marine indet.,Phenacocoelus kayi
M2,4.3,4.8,45.9,39.7,-98.28,39.4,Sespe,unknown,terrestrial indet.,Eohaplomys matutinus
M3,22.4,35.3,51.1,45.9,-87.11,48.99,Bridger,unknown,terrestrial indet.,Trogosus gazini
M1,1.1,1.4,29.5,18.5,-92.34,47.0,unknown,unknown,terrestrial indet.,Proharrymys schlaikjeri
p3,3.3,1.2,60.9,57.5,-78.13,60.96,Paskapoo,siltstone,fluvial-lacustrine indet.,Paleotomus junior
M2,1.18,1.35,45.9,39.7,-97.49,39.93,Sespe,sandstone,fluvial-lacustrine indet.,Metanoiamys fantasma
p4,12.0,5.5,37.0,33.9,-95.74,52.24,Chadron,tuff,wet floodplain,Montanatylopus matthewi
m1,2.035,1.41,9.4,4.7,-109.42,40.73,Sevier,siltstone,terrestrial indet.,Basirepomys robertsi
Lower m2 talonid,0.0,3.8,13.8,11.0,-71.62,4.01,Villavieja,unknown,terrestrial indet.,Hondadelphys fieldsi
M1,2.5,2.9,51.1,45.9,-85.65,49.81,Bridger,unknown,terrestrial indet.,Washakius insignis
m2,21.0,15.0,2.58,0.0117,-77.03,40.9,unknown,gravel,terrestrial indet.,Platygonus vetus
M3,1.3,1.49,9.4,4.7,-109.42,40.73,Sevier,siltstone,terrestrial indet.,Basirepomys robertsi
m1,1.005,0.865,37.0,33.9,-86.81,48.11,Chadron,unknown,terrestrial indet.,Oligoryctes cameronensis
M4,30.7,25.4,2.58,0.774,-108.66,34.8,unknown,gravel,lacustrine indet.,Paramylodon harlani
p2,22.7,15.4,2.58,0.774,-81.8,30.02,unknown,unknown,terrestrial indet.,Tapirus (Helicotapirus) lundeliusi
p4,1.4,1.1,18.5,12.5,-103.52,50.69,Deep River,unknown,terrestrial indet.,Mesoscalops montanensis
Cephalic armor,0.0,0.0,13.8,11.0,-71.6,3.99,La Victoria,claystone,terrestrial indet.,Boreostemma acostae
m1,1.64,0.92,1.4,0.21,-99.92,37.44,Crooked Creek,ash,terrestrial indet.,Sorex lacustris
m1,4.06,2.88,66.0,63.4,-67.64,57.54,Fort Union,sandstone,coarse channel fill,Mimatuta morgoth
Tibia,0.0,2.31,2.58,0.0,-56.37,-21.1,unknown,claystone,cave,Chrysocyon brachyurus
P2,8.0,3.0,13.8,11.0,-62.62,-21.44,unknown,claystone,fluvial indet.,Acyon myctoderos
tibia,58.3,0.0,9.4,4.7,-117.07,39.37,Mehrten,mudstone,terrestrial indet.,Pliotaxidea garberi
m1,4.65,2.16,2.58,1.8,-81.93,29.34,unknown,unknown,terrestrial indet.,Ondatra idahoensis
m2,1.35,1.2,39.7,37.0,-86.94,56.36,Cypress Hills,unknown,terrestrial indet.,Microeutypomys tilliei
m1,7.65,7.0,37.0,33.9,-85.0,49.11,Chadron,unknown,terrestrial indet.,Pseudoprotoceras longinaris
M1,2.2,3.35,56.0,51.1,-82.23,49.71,Wasatch,unknown,terrestrial indet.,Arapahovius gazini
Cuboid,0.0,0.0,13.8,11.0,-71.59,4.07,unknown,claystone,terrestrial indet.,Magdalenabradys confusum
P4,12.2,12.1,9.4,4.7,-85.14,32.17,unknown,unknown,marginal marine indet.,Prosthennops serus
m1,56.0,36.2,9.4,4.7,-97.13,37.75,unknown,unknown,terrestrial indet.,Aphelops mutilus
Tibia,0.0,0.0,13.8,11.0,-71.57,4.04,Villavieja,claystone,terrestrial indet.,Magdalenabradys confusum
m1,17.7,9.1,63.4,60.9,-76.11,45.82,Nacimiento,unknown,terrestrial indet.,Dissacus saurognathus
M3,33.3,29.0,29.0,21.0,-39.3,-23.86,unknown,shale,lacustrine indet.,Taubatherium paulacoutoi
Lower m3,6.9,0.0,13.8,11.0,-71.6,4.07,Villavieja,mudstone,fluvial indet.,Hondadelphys fieldsi
Femur,0.0,0.0,13.8,11.0,-71.62,4.01,Villavieja,unknown,terrestrial indet.,Hondadelphys fieldsi
humerus,120.4,0.0,33.9,31.8,-86.23,50.95,unknown,unknown,terrestrial indet.,Manitsha tanka
m1,7.81,6.38,63.4,60.9,-73.72,54.42,unknown,unknown,terrestrial indet.,Tetraclaenodon puercensis
Calcaneum,0.0,49.0,13.8,11.0,-71.59,4.07,unknown,claystone,terrestrial indet.,Magdalenabradys confusum
Femur inner condyle,82.5,0.0,13.8,11.0,-71.53,4.1,Villavieja,sandstone,terrestrial indet.,Magdalenabradys confusum
M2,5.1,6.1,51.1,45.9,-85.53,49.05,Bridger,unknown,terrestrial indet.,Antiacodon pygmaeus
M1,15.9,18.0,9.4,4.7,-98.33,38.58,Ogallala,unknown,terrestrial indet.,Plesiogulo marshalli
m1,6.3,4.2,63.4,60.9,-76.78,46.9,Nacimiento,siltstone,terrestrial indet.,Protictis minor
M1,2.335,3.23,29.5,18.5,-102.1,50.8,Peterson Creek Beds,unknown,terrestrial indet.,Trilaccogaulus lemhiensis
M2,1.8,2.2,45.9,39.7,-85.58,35.54,Devil's Graveyard,unknown,terrestrial indet.,Pareumys boskeyi
P3,12.1,6.5,37.0,33.9,-95.74,52.24,Chadron,tuff,wet floodplain,Montanatylopus matthewi
dp4,3.33,1.67,21.0,17.5,-62.19,-42.83,Sarmiento,mudstone,paralic indet.,Eoviscaccia australis
m1,3.0,2.1,63.4,60.9,-79.23,50.21,North Horn,unknown,terrestrial indet.,Aphronorus simpsoni
M3,3.5,7.5,60.9,57.5,-78.57,51.99,Hoback,unknown,terrestrial indet.,Palaeosinopa dorri
m2,1.925,1.119,33.9,31.8,-91.61,49.36,unknown,siltstone,lacustrine - small,Herpetotherium fugax
Radius head,0.0,0.0,13.8,11.0,-71.59,4.05,Villavieja,claystone,terrestrial indet.,Drytomomys aequatorialis
Upper P3,28.0,38.0,13.8,11.0,-71.57,4.03,Villavieja,sandstone,terrestrial indet.,Huilatherium pluripicatum
m1,2.85,1.15,72.2,66.0,-63.15,57.32,Hell Creek,sandstone,channel,Mesodma thompsoni
Lower p4,2.11,2.02,13.8,11.0,-71.53,4.09,La Victoria,unknown,terrestrial indet.,Patasola magdalenae
M1,1.8,2.28,12.5,9.4,-95.72,39.49,Laverne,unknown,terrestrial indet.,Miospermophilus lavertyi
p2,6.3,2.3,13.8,11.0,-71.62,4.01,Villavieja,unknown,terrestrial indet.,Hondadelphys fieldsi
M3,16.5,9.2,9.4,4.7,-97.13,37.75,unknown,unknown,terrestrial indet.,Texoceros altidens
p3–m1,67.4,0.0,3.6,0.774,-62.8,9.96,Mesa,tar,terrestrial indet.,Xenosmilus venezuelensis
m3,3.45,4.78,60.9,57.5,-77.78,49.27,Ohio Creek,sandstone,channel lag,Haplaletes pelicatus
P4,5.9,4.1,60.9,57.5,-77.42,52.51,Fort Union,unknown,terrestrial indet.,Catopsalis calgariensis
P4,1.21,1.21,39.7,37.0,-86.94,56.36,Cypress Hills,unknown,terrestrial indet.,Protadjidaumo pauli
M2,7.3,8.16,60.9,57.5,-75.51,53.47,Fort Union,siliciclastic,fluvial-lacustrine indet.,Ectocion cedrus
p4,8.0,2.8,12.5,9.4,-93.37,31.18,Goliad,unknown,terrestrial indet.,Pseudoceras skinneri
M2,4.33,6.17,60.9,57.5,-78.13,60.96,Paskapoo,siltstone,fluvial-lacustrine indet.,Litomylus grandaletes
P4,18.9,14.35,12.5,9.4,-113.02,37.67,Santa Margarita,unknown,terrestrial indet.,Hipparion tehonense
m1,2.32,1.21,83.6,72.2,-66.36,53.83,Mesaverde,sandstone,channel,Alphadon sahnii
M3,8.8,10.0,56.0,51.1,-80.94,52.71,Willwood,unknown,terrestrial indet.,Cardiolophus radinskyi
m1,10.251,8.28,66.0,63.4,-71.4,52.31,Ferris,unknown,terrestrial indet.,Ectoconus ditrigonus
m3,1.84,1.53,21.0,17.5,-65.57,-45.09,Sarmiento,unknown,terrestrial indet.,Acaremys murinus
m1,15.9,8.2,4.7,1.4,-81.57,28.28,Tamiami,mudstone,mire/swamp,Nannippus peninsulatus
m1,5.425,2.295,1.4,0.21,-116.58,34.09,San Timoteo,unknown,terrestrial indet.,Ondatra idahoensis
p4,6.2857,6.0,18.5,16.3,-94.98,46.73,Runningwater,unknown,terrestrial indet.,Osbornodon scitulus
M1,2.5,3.6,33.9,31.8,-88.37,47.64,Brule,unknown,terrestrial indet.,Apternodus gregoryi
m3,1.89,1.3,15.5,13.8,-67.65,-39.73,Collón Cura,tuff,terrestrial indet.,Galileomys colloncurensis
m1,1.92,1.1,39.7,37.0,-86.94,56.36,Cypress Hills,unknown,terrestrial indet.,Herpetotherium knighti
Skull,0.0,0.0,13.8,11.0,-71.53,4.1,Villavieja,sandstone,terrestrial indet.,Magdalenabradys confusum
m1,1.4,0.9,1.4,0.21,-97.21,38.53,McPherson,unknown,terrestrial indet.,Peromyscus progressus
m1,1.56,1.08,12.5,9.4,-113.93,41.27,Esmeralda,unknown,terrestrial indet.,Copemys dentalis
P3,1.8,3.1,29.5,18.5,-98.93,52.07,unknown,unknown,terrestrial indet.,Palaeolagus hypsodus
m1,4.3,2.9,63.4,60.9,-79.23,50.21,North Horn,unknown,terrestrial indet.,Anisonchus onostus
M1,2.22,3.05,57.5,56.0,-78.79,52.74,Willwood,unknown,terrestrial indet.,Dillerlemur pagei
m1,5.2,4.4,66.0,63.4,-65.55,56.46,Fort Union,sandstone,channel,Baioconodon nordicus
Metacarpal IV,0.0,21.4,13.8,11.0,-71.59,4.07,unknown,claystone,terrestrial indet.,Magdalenabradys confusum
Upper M1; Antero-posterior diameter,15.0,0.0,11.63,7.246,-65.5,-9.7,Solimões,claystone,fluvial-lacustrine indet.,Neoepiblema horridula
m1,4.12,1.59,2.58,0.774,-136.88,63.38,unknown,siliciclastic,loess,Mustela jacksoni
m1,3.47,2.53,56.0,51.1,-82.05,44.29,San Jose,unknown,terrestrial indet.,Microsyops angustidens
m1,3.0,2.7,57.5,56.0,-81.76,50.15,Wasatch,claystone,terrestrial indet.,Plesiadapis dubius
p4,3.3,1.8,66.0,63.4,-75.98,47.36,unknown,unknown,terrestrial indet.,Puercolestes simpsoni
masseteric fossa,66.8,0.0,3.6,0.774,-62.8,9.96,Mesa,tar,terrestrial indet.,Xenosmilus venezuelensis
m1,1.8,2.7,1.4,0.21,-97.21,38.53,McPherson,unknown,terrestrial indet.,Urocitellus richardsonii
m1,4.37,6.07,56.0,51.1,-88.74,34.68,Las Tetas de Cabra,sandstone,fluvial-lacustrine indet.,Eohippus angustidens
m1,4.3,3.8,45.9,39.7,-98.28,39.4,Sespe,unknown,terrestrial indet.,Yaquius travisi
m1,3.71,2.97,51.1,45.9,-87.37,48.83,Bridger,unknown,terrestrial indet.,Hyopsodus lepidus
M3,21.0,10.0,11.63,7.246,-65.5,-9.7,Solimões,claystone,fluvial-lacustrine indet.,Neoepiblema acreensis
M3,8.5,9.0,56.0,48.07,-28.6,-27.29,Itaboraí,marl,fissure fill,Eobrasilia coutoi
m3,13.0,8.0,37.0,33.9,-86.26,48.45,Chadron,siltstone,terrestrial indet.,Hypertragulus crawfordensis
Tibia,237.2,0.0,13.8,11.0,-71.57,4.04,Villavieja,claystone,terrestrial indet.,Magdalenabradys confusum
M1,2.4,3.3,4.7,1.4,-104.18,32.26,Fort Hancock,unknown,terrestrial indet.,Spermophilus mcgheei
M12,1.33,1.82,16.3,12.5,-104.06,49.54,Hepburn's Mesa,unknown,terrestrial indet.,Ansomys hepburnensis
M1,8.95,10.56,56.0,51.1,-82.33,43.51,San Jose,unknown,terrestrial indet.,Meniscotherium chamense
m3,8.5,3.5,17.5,16.3,-65.05,-17.94,Chucal,sandstone,floodplain,Hegetotherium mirabile
m1,1.41,1.3167,56.0,51.1,-80.68,50.99,Wind River,unknown,terrestrial indet.,Knightomys minor
m2,4.4,3.9,56.0,51.1,-80.94,52.67,Willwood,wackestone,wet floodplain,Cantius mckennai
P3,7.6,4.3,39.7,37.0,-98.62,37.74,Santiago,sandstone,channel,Lycophocyon hutchisoni
P3,10.0,11.0,2.58,0.0117,-98.28,37.03,unknown,gravel,fluvial indet.,Mylohyus nasutus
M2,30.0,41.0,16.3,12.5,-89.33,33.57,Fleming,unknown,terrestrial indet.,Peraceras hessei
m1,1.76,0.92,1.4,0.21,-97.35,30.53,unknown,unknown,terrestrial indet.,Atopomys texensis
M2,2.4,2.8,16.3,12.5,-109.76,46.69,Butte Creek,volcaniclastic,terrestrial indet.,Protospermophilus malheurensis
P3,19.95,9.9,12.5,9.4,-77.8,31.36,Alachua,unknown,marginal marine indet.,Nimravides galiani
m1,6.5,6.8,13.8,11.0,-71.59,4.05,Villavieja,claystone,terrestrial indet.,Drytomomys aequatorialis
tibia,240.5,0.0,31.8,29.5,-87.22,48.58,Brule,sandstone,fluvial indet.,Miohippus intermedius
skull,65.8,21.5,33.9,27.3,31.91,20.56,Jebel Qatrani,sandstone,fluvial indet.,Simonsius grangeri
P2,3.9,2.9,16.3,12.5,-96.7,44.18,Pawnee Creek Beds,unknown,terrestrial indet.,Leptarctus primus
M1,1.66,2.02,39.7,37.0,-86.94,56.36,Cypress Hills,unknown,terrestrial indet.,Herpetotherium knighti
M1,22.05,27.55,23.1,18.5,-92.58,46.82,unknown,unknown,terrestrial indet.,Ysengrinia americana
p3,11.0,7.5,18.5,16.3,-75.25,32.13,Alachua,sandstone,terrestrial indet.,Archaeohippus blackbergi
m1,1.18,1.44,4.7,1.4,-115.73,34.46,San Timoteo,unknown,terrestrial indet.,Prodipodomys timoteoensis
M1,9.5,9.1,37.0,33.9,-89.99,35.83,Capote Mountain Tuff,unknown,terrestrial indet.,Stevenscamelus franki
P2,11.0,3.7,37.0,33.9,-95.74,52.24,Chadron,tuff,wet floodplain,Montanatylopus matthewi
m3,3.98,2.42,63.4,60.9,-73.65,56.02,Fort Union,unknown,terrestrial indet.,Eudaemonema cuspidata
Height of zygomatic arch above mid–tooth alveolar margin of upper M3 to lower ed,0.0,0.0,2.58,0.0,-72.44,-10.88,unknown,conglomerate,fluvial indet.,Tayassu pecari
P4,0.97,1.061,33.9,31.8,-91.61,49.36,unknown,siltstone,lacustrine - small,Metadjidaumo hendryi
M2,8.0,10.0,45.9,39.7,-90.0,47.38,Uinta,unknown,terrestrial indet.,Leptoreodon marshi
M2,8.6,11.2,9.4,4.7,-78.95,28.93,Peace River,sandstone,marginal marine indet.,Carpocyon limosus
m3,15.5,11.0,11.63,7.246,-65.5,-9.7,Solimões,claystone,fluvial-lacustrine indet.,Neoepiblema acreensis
p4,12.8,7.7,9.4,4.7,-113.57,35.37,Mt. Eden,unknown,terrestrial indet.,Pediomeryx hemphillensis
m1,27.6,11.0,9.4,4.7,-98.3,22.97,Rancho Viejo Beds,unknown,fluvial indet.,Amphimachairodus alvarezi
p4,1.8,1.85,18.5,16.3,-93.54,47.05,Rosebud,conglomerate,coarse channel fill,Gripholagomys lavocati
Lower I1,0.0,16.0,2.58,0.0117,-69.21,9.93,unknown,claystone,terrestrial indet.,Mixotoxodon larensis
M1,6.7,7.9,37.0,33.9,-89.99,35.83,Capote Mountain Tuff,unknown,terrestrial indet.,Prohesperocyon wilsoni
m1,21.0,9.5,9.4,4.7,-97.13,37.75,unknown,unknown,terrestrial indet.,Neohipparion eurystyle
M3,2.15,2.51,72.2,66.0,-67.58,51.57,Laramie,sandstone,channel,Leptalestes cooki
i2,3.2,1.8,17.5,16.3,-65.05,-17.94,Chucal,sandstone,floodplain,Eotypotherium chico
m1,4.1,2.1,63.4,60.9,-74.53,38.83,Black Peaks,unknown,terrestrial indet.,Ptilodus mediaevus
P3,11.5,11.8,2.58,0.0,-72.44,-10.88,unknown,conglomerate,fluvial indet.,Tayassu pecari
M2,1.2,1.12,9.4,1.4,-83.09,41.51,unknown,unknown,terrestrial indet.,Symmetrodontomys daamsi
m1,20.2,10.3,23.04,20.45,-84.46,34.75,Fleming,conglomerate,coarse channel fill,Daphoenodon notionastes
p3,1.3,1.25,18.5,16.3,-93.54,47.05,Rosebud,conglomerate,coarse channel fill,Gripholagomys lavocati
Molar N.o 3,240.0,100.0,2.58,0.0117,-73.0,-38.64,unknown,unknown,terrestrial indet.,Mastotherium hyodon
m1,4.6,0.0,13.8,11.0,-71.57,4.04,Villavieja,claystone,terrestrial indet.,Prodolichotis pridiana
p4,2.36,1.5,24.7,23.1,-95.79,54.96,Cypress Hills,unknown,terrestrial indet.,Crucimys milleri
M1,1.72,2.3,24.7,23.1,-95.79,54.96,Cypress Hills,unknown,terrestrial indet.,Florentiamys tiptoni
m1,1.58,0.66,8.0,5.0,-62.61,-36.4,Cerro Azul,siltstone,loess,Thylamys pinei
p4,15.6,14.0,13.8,11.0,-71.59,4.07,unknown,claystone,terrestrial indet.,Megadolodus molariformis
m1,7.06,4.8,60.9,57.5,-75.51,53.47,Fort Union,siliciclastic,fluvial-lacustrine indet.,Protictis agastor
P4,4.49,5.63,45.9,39.7,-98.28,39.4,Sespe,unknown,terrestrial indet.,Tapomys tapensis
m2,17.5,8.7,4.7,1.4,-99.84,33.43,unknown,sandstone,fluvial indet.,Nannippus beckensis
M1,1.57,1.34,39.7,37.0,-98.36,37.35,Pomerado,mudstone,terrestrial indet.,Nonomys gutzleri
Lower p4,26.0,22.0,13.8,11.0,-71.62,4.01,Villavieja,sandstone,terrestrial indet.,Huilatherium pluripicatum
P4,2.6,2.4,29.5,18.5,-92.48,48.02,Gering,unknown,terrestrial indet.,Florentiamys kingi
M1,2.83,2.61,56.0,51.1,-79.64,51.58,Willwood,mudstone,terrestrial indet.,Acritoparamys atwateri
Metatarsal III,0.0,50.0,13.8,11.0,-71.57,4.04,Villavieja,claystone,terrestrial indet.,Magdalenabradys confusum
m1,9.4,6.3,39.7,37.0,-84.14,51.5,Slim Buttes,siliciclastic,fluvial indet.,Duchesnehippus intermedius
m2,11.5,6.1,17.5,16.3,-65.05,-17.94,Chucal,sandstone,floodplain,Altitypotherium chucalensis
tibia,76.2,0.0,56.0,51.1,-79.86,52.19,Willwood,unknown,terrestrial indet.,Miacis petilus
Lower m1,35.0,20.0,13.8,11.0,-71.57,4.03,Villavieja,sandstone,terrestrial indet.,Huilatherium pluripicatum
Maximum width of nasals,0.0,5.23,29.0,21.0,-60.44,-16.79,Salla Beds,tuff,terrestrial indet.,Evolestes hadrommatos
m1,3.2367,3.0167,51.1,45.9,-92.12,47.29,Sheep Pass,limestone,lacustrine - small,Reithroparamys delicatissimus
M1,5.61,6.05,63.4,60.9,-74.08,51.29,Fort Union,unknown,terrestrial indet.,Tricentes subtrigonus
M3,13.1,23.8,11.63,5.333,-55.13,-34.57,Camacho,mudstone,fluvial-deltaic indet.,Lestobradys sprechmanni
p3,30.5,15.1,11.63,7.246,-111.61,38.23,Chanac,unknown,terrestrial indet.,Dinohippus leardi
m1,1.95,1.28,9.4,4.7,-114.93,47.26,McKay,sandstone,pond,Yanshuella columbiana
P4,7.5,7.0,11.63,3.6,-72.83,9.76,unknown,sandstone,terrestrial indet.,Gyriabrus royoi
M6,18.5,10.8,11.63,5.333,-55.19,-34.48,Camacho,sandstone,alluvial fan,Pseudoplohophorus absolutus
M1,2.35,3.1,66.0,63.4,-76.0,47.4,Nacimiento,unknown,terrestrial indet.,Chacopterygus minutus
m3,23.0,14.9,2.58,0.0,-72.52,-8.76,unknown,conglomerate,fluvial indet.,Tayassu pecari
m1,5.2,4.1,45.9,39.7,-98.28,39.4,Sespe,unknown,terrestrial indet.,Craseops sylvestris
M3,14.45,16.4,23.04,20.45,-84.46,34.75,Fleming,conglomerate,coarse channel fill,Prosynthetoceras orthrionanus
m1,7.25,3.3,4.7,1.4,-99.84,33.43,unknown,sandstone,fluvial indet.,Bassariscus casei
P4,1.7,3.6,29.5,18.5,-106.02,38.05,Tick Canyon,siltstone,fluvial indet.,Archaeolagus acaricolus
radius,410.0,0.0,13.82,11.63,-71.5,39.51,Calvert,conglomerate,estuary/bay,Eobalaenoptera harrisoni
p4,16.7,9.3,16.3,12.5,-89.33,33.57,Fleming,unknown,terrestrial indet.,Calippus proplacidus
m1,9.15,4.85,9.4,4.7,-115.41,36.19,Peace Valley Beds,sandstone,fluvial indet.,Ottoceros peacevalleyensis
M3,3.84,5.6,51.1,45.9,-87.37,48.83,Bridger,unknown,terrestrial indet.,Hyopsodus paulus
M1,34.6,36.1,51.1,45.9,-86.38,50.22,Bridger,unknown,terrestrial indet.,Telmatherium validus
p3,17.3,10.6,12.5,9.4,-77.8,31.36,Alachua,unknown,marginal marine indet.,Calippus cerasinus
M2,10.0,11.0,56.0,51.1,-81.07,52.21,Willwood,unknown,terrestrial indet.,Cardiolophus radinskyi
m1,2.35,2.45,12.5,9.4,-113.77,36.46,NS Caliente,unknown,terrestrial indet.,Petauristodon mathewsi
skull,1500.0,690.0,27.3,25.2,-169.14,-46.7,Kokoamu Greensand,limestone,offshore shelf,Tokarahia lophocephalus
p4,25.6,15.65,51.1,45.9,-85.53,49.05,Bridger,unknown,terrestrial indet.,Uintatherium anceps
m1,1.52,1.16,60.9,57.5,-74.56,38.89,Black Peaks,unknown,terrestrial indet.,Navajovius kohlhaasae
M1,1.29,1.55,24.7,23.1,-95.79,54.96,Cypress Hills,unknown,terrestrial indet.,Nototamias quadratus
Lower dp4,2.38,2.03,13.8,11.0,-71.53,4.1,Villavieja,unknown,terrestrial indet.,Microsteiromys jacobsi
articular to angular process,39.8,0.0,3.6,0.774,-62.8,9.96,Mesa,tar,terrestrial indet.,Xenosmilus venezuelensis
m1,9.4,6.9,23.04,20.45,-84.46,34.75,Fleming,conglomerate,coarse channel fill,Marshochoerus socialis
M3,3.25,4.33,60.9,57.5,-75.51,53.47,Fort Union,siliciclastic,fluvial-lacustrine indet.,Plesiadapis rex
M3,3.1,4.45,57.5,56.0,-78.79,52.74,unknown,unknown,terrestrial indet.,Plesiadapis dubius
p3,11.1,12.5,9.4,4.7,-97.13,37.75,unknown,unknown,terrestrial indet.,Agriotherium schneideri
m1,2.5,1.05,1.4,0.21,-99.44,45.67,unknown,unknown,terrestrial indet.,Hibbardomys marthae
P4,1.54,1.53,16.3,12.5,-100.42,39.05,Tesuque,unknown,terrestrial indet.,Perognathoides kleinfelderi
M1,9.5,6.4,17.5,16.3,-65.05,-17.94,Chucal,sandstone,floodplain,Eotypotherium chico
m2,2.6,2.0,63.4,60.9,-76.53,46.43,Nacimiento,unknown,terrestrial indet.,Escavadodon zygus
p3,5.0,2.5,37.0,33.9,-91.42,49.47,White River,unknown,terrestrial indet.,Parictis personi
p4,12.7,10.9,2.58,0.0,-71.04,-10.0,unknown,conglomerate,fluvial indet.,Tayassu pecari
M1,8.7,9.1,16.3,12.5,-89.1,33.53,Fleming,unknown,terrestrial indet.,Longirostromeryx wellsi
Median phalanx V,3.8,0.0,13.8,11.0,-71.57,4.04,Villavieja,claystone,terrestrial indet.,Prodolichotis pridiana
m1,1.7,1.0,56.0,51.1,-79.64,51.58,Willwood,mudstone,terrestrial indet.,Peradectes protinnominatus
Metacarpal II,0.0,23.5,13.8,11.0,-71.59,4.07,unknown,claystone,terrestrial indet.,Magdalenabradys confusum
m1,4.0,2.0,56.0,51.1,-79.64,51.58,Willwood,mudstone,terrestrial indet.,Acarictis ryani
p4,7.47,5.5,20.45,15.98,-67.78,-46.29,Pinturas,volcaniclastic,terrestrial indet.,Neoreomys pinturensis
M1,3.3,4.2,66.0,63.4,-76.0,47.4,Nacimiento,unknown,terrestrial indet.,Puercolestes simpsoni
M1,14.0,16.5,4.7,1.4,-117.69,46.97,Ringold,unknown,terrestrial indet.,Megalonyx leptostomus
m1,1.86,2.66,18.5,16.3,-95.06,46.14,Runningwater,unknown,terrestrial indet.,Fanimus ultimus
Upper P4,1.47,0.0,13.8,11.0,-70.96,4.43,La Victoria,unknown,terrestrial indet.,Potamops mascahehenes
M1,2.4,2.8,9.4,4.7,-97.16,38.78,unknown,unknown,terrestrial indet.,Spermophilus dotti
m2,3.3,1.8,16.3,15.5,-68.67,-43.88,Río Frias,tuff,fluvial indet.,Palaeothentes intermedius
P4,15.1,22.5,51.1,45.9,-87.11,48.99,Bridger,unknown,terrestrial indet.,Trogosus gazini
m2,1.2,0.8,56.0,48.07,-78.5,53.19,Willwood,wackestone,wet floodplain,Wyonycteris chalix
M2,2.6,3.0,63.4,60.9,-76.53,46.43,Nacimiento,unknown,terrestrial indet.,Escavadodon zygus
m3,25.8,18.1,2.58,0.774,-81.8,30.02,unknown,unknown,terrestrial indet.,Tapirus (Helicotapirus) lundeliusi
M2,25.7,25.12,23.04,20.45,-84.46,34.75,Fleming,conglomerate,coarse channel fill,Arretotherium acridens
Humerus trochlea,0.0,125.0,13.8,11.0,-71.62,4.01,La Victoria,claystone,terrestrial indet.,Granastrapotherium snorki
M3,1.887,2.433,33.9,31.8,-91.61,49.36,unknown,siltstone,lacustrine - small,Herpetotherium fugax
P3,6.4,3.5,39.7,37.0,-98.62,37.74,Santiago,sandstone,channel,Lycophocyon hutchisoni
m1,10.6,5.1,9.4,4.7,-118.55,39.75,Pinole Tuff,unknown,terrestrial indet.,Cernictis hesperus
Cervical vertebra spinal canal,0.0,0.0,2.58,0.0117,-36.4,-8.52,unknown,unknown,terrestrial indet.,Macrauchenia patagonica
M1,10.95,10.75,16.3,12.5,-111.81,38.82,Barstow,unknown,terrestrial indet.,Tedfordhyus occidentalis
M1,1.78,2.1,16.3,12.5,-104.9,49.7,Madison Valley,sandstone,channel,Spermophilus jerae
P4,1.95,1.7,15.5,13.8,-67.65,-39.73,Collón Cura,tuff,terrestrial indet.,Protacaremys denisae
p4,1.8,1.4,8.0,5.0,-62.61,-36.4,Cerro Azul,siltstone,loess,Palaeoctodon simplicidens
m2,13.0,6.6,17.5,16.3,-65.05,-17.94,Chucal,sandstone,floodplain,Altitypotherium paucidens
M3,2.83,2.4,21.0,17.5,-62.19,-42.83,Sarmiento,mudstone,paralic indet.,Eoviscaccia australis
Ulna,86.5,0.0,13.8,11.0,-71.59,4.05,unknown,claystone,terrestrial indet.,Cebupithecia sarmientoi
m1,8.6,6.1,51.1,45.9,-92.12,47.29,Sheep Pass,limestone,lacustrine - small,Helaletes nanus
m2,1.19,1.59,23.1,18.5,-92.19,47.28,Marsland,unknown,terrestrial indet.,Pleurolicus exiguus
m1,7.0,4.4,17.5,16.3,-65.05,-17.94,Chucal,sandstone,floodplain,Hegetotherium mirabile
m1,1.69,1.0,39.7,37.0,-93.02,53.01,Climbing Arrow,unknown,terrestrial indet.,Ectypodus lovei
p3,19.9,10.3,9.4,4.7,-97.13,37.75,unknown,unknown,terrestrial indet.,Megatylopus matthewi
Mandibular ramus C-M3,24.9,0.0,13.8,11.0,-71.59,4.05,unknown,claystone,terrestrial indet.,Cebupithecia sarmientoi
Metatarsal IV,111.2,0.0,13.8,11.0,-71.59,4.06,La Victoria,claystone,terrestrial indet.,Magdalenabradys confusum
P3,6.9,7.65,60.9,57.5,-76.38,61.88,Paskapoo,siltstone,lacustrine indet.,Presbytherium rhodorugatus
M3,3.5767,4.9567,60.9,57.5,-77.86,50.78,Fort Union,unknown,terrestrial indet.,Plesiadapis fodinatus
m1,1.72,1.02,23.1,18.5,-90.01,47.22,Harrison,unknown,terrestrial indet.,Herpetotherium youngi
M1,2.5,5.0,29.5,18.5,-92.34,47.0,unknown,unknown,terrestrial indet.,Megalagus primitivus
Lower m2,0.0,2.32,13.8,11.0,-71.53,4.1,Villavieja,unknown,terrestrial indet.,Ricardomys longidens
p3,13.0,6.6,12.5,9.4,-96.15,37.71,unknown,unknown,terrestrial indet.,Cranioceras teres
M2,8.5,10.52,33.9,31.8,-86.23,50.95,unknown,unknown,terrestrial indet.,Manitsha tanka
P2,8.0,3.0,37.0,33.9,-86.26,48.45,Chadron,siltstone,terrestrial indet.,Pseudoprotoceras longinaris
M1,2.9625,3.1,16.3,12.5,-109.76,46.69,Butte Creek,volcaniclastic,terrestrial indet.,Monosaulax typicus
Matoid breadth,0.0,15.2,2.58,0.774,-62.02,10.28,unknown,unknown,terrestrial indet.,Desmodus draculae
m2,5.9,2.2,16.3,12.5,-96.24,46.05,unknown,unknown,terrestrial indet.,Probassariscus matthewi
Molariform 2,9.9,8.4,17.5,16.3,-69.44,-51.54,Palomares,tuff,terrestrial indet.,Nematherium birdi
Lower m3 trigonid,0.0,3.9,13.8,11.0,-71.62,4.01,Villavieja,unknown,terrestrial indet.,Hondadelphys fieldsi
P4,3.38,4.45,56.0,51.1,-81.07,52.21,Willwood,unknown,terrestrial indet.,Cantius ralstoni
humerus,65.4,0.0,51.1,45.9,-86.55,48.87,Bridger,mudstone,terrestrial indet.,Dawsonicyon isami
M1,2.11,1.01,60.9,57.5,-77.86,50.78,Fort Union,unknown,terrestrial indet.,Mesodma pygmaea
Lower m4 trigonid,0.0,1.7,13.8,11.0,-71.58,4.05,Villavieja,sandstone,terrestrial indet.,Micoureus laventicus
M2,2.05,2.63,72.2,66.0,-65.32,60.38,Frenchman,siltstone,floodplain,Pediomys elegans
m2,6.9,4.6,24.7,23.1,-106.87,51.2,unknown,tuff,floodplain,Cormocyon copei
m3,47.0,15.6,4.7,1.4,-115.28,36.84,Tecopa Lake Beds,mudstone,lacustrine indet.,Capricamelus gettyi
P4,2.05,3.36,57.5,56.0,-78.79,52.74,unknown,unknown,terrestrial indet.,Franimys amherstensis
Upper M2,51.0,49.0,13.8,11.0,-71.57,4.03,Villavieja,sandstone,terrestrial indet.,Huilatherium pluripicatum
m1,1.42,1.21,59.24,56.0,-77.04,53.09,Fort Union,siliciclastic,fluvial-lacustrine indet.,Carpodaptes stonleyi
p2,5.5,3.6,60.9,57.5,-76.38,61.88,Paskapoo,siltstone,lacustrine indet.,Presbytherium rhodorugatus
M1,16.1,15.2,16.3,12.5,-89.33,33.57,Fleming,unknown,terrestrial indet.,Calippus proplacidus
p3,5.8,4.0,45.9,39.7,-89.34,47.17,Uinta,unknown,terrestrial indet.,Miocyon scotti
m1,4.81,2.58,18.5,16.3,-94.98,46.73,Runningwater,unknown,terrestrial indet.,Brachyerix richi
Lower m2,16.5,16.2,13.8,11.0,-71.57,4.04,Villavieja,claystone,terrestrial indet.,Magdalenabradys confusum
Tooth,60.0,0.0,13.8,11.0,-70.35,-9.7,Ipururo,conglomerate,transition zone/lower shoreface,Granastrapotherium snorki
M1,2.99,1.61,1.4,0.21,-82.19,29.85,unknown,unknown,terrestrial indet.,Synaptomys morgani
M3,23.0,24.0,16.3,12.5,-111.06,45.81,unknown,unknown,terrestrial indet.,Dromomeryx borealis
m1,2.21,1.51,1.4,0.21,-81.7,28.97,unknown,claystone,sinkhole,Sigmodon bakeri
humerus,105.2,0.0,39.7,37.0,-98.62,37.74,Santiago,sandstone,channel,Lycophocyon hutchisoni
p4,1.31,1.19,24.7,23.1,-95.79,54.96,Cypress Hills,unknown,terrestrial indet.,Nototamias quadratus
p1,4.5,1.9,13.8,11.0,-71.62,4.01,Villavieja,unknown,terrestrial indet.,Hondadelphys fieldsi
M3,1.62,2.1033,23.1,18.5,-90.01,47.22,Harrison,unknown,terrestrial indet.,Herpetotherium youngi
P4,8.3,6.2,18.5,16.3,-112.96,46.54,unknown,unknown,terrestrial indet.,Bassaricyonoides stewartae
m1,24.1,11.2,12.5,9.4,-113.02,37.67,Santa Margarita,unknown,terrestrial indet.,Pliohippus tehonensis
P2,1.55,3.03,9.4,4.7,-109.42,40.73,Sevier,siltstone,terrestrial indet.,Hypolagus vetus
m1,2.18,1.45,4.7,1.4,-104.18,32.26,Fort Hancock,unknown,terrestrial indet.,Sigmodon hudspethensis
p4,11.0,9.6,63.4,60.9,-79.23,50.21,North Horn,unknown,terrestrial indet.,Periptychus carinidens
m4,1.74,0.83,8.0,5.0,-62.61,-36.4,Cerro Azul,siltstone,loess,Thylamys pinei
m1,11.8,7.5,45.9,39.7,-89.34,47.29,Uinta,unknown,terrestrial indet.,Tapocyon robustus
p4,1.6,1.2,12.5,9.4,-94.92,45.57,Valentine,unknown,terrestrial indet.,Domninoides mimicus
m1,4.6,2.87,63.4,60.9,-73.65,56.02,Fort Union,unknown,terrestrial indet.,Bryanictis microlestes
M2,1.45,2.25,23.1,18.5,-102.69,50.37,Blacktail Deer Creek,claystone,terrestrial indet.,Entoptychus montanensis
ulna,320.0,0.0,1.4,0.21,-81.72,29.97,unknown,unknown,terrestrial indet.,Xenosmilus hodsonae
m1,43.0,3.8,13.8,11.0,-71.62,4.01,Villavieja,unknown,terrestrial indet.,Neoreomys huilensis
Molar,0.0,36.0,2.58,0.0117,-70.38,-33.41,unknown,unknown,terrestrial indet.,Megatherium medinae
M2,1.2,1.55,60.9,57.5,-78.13,60.96,Paskapoo,siltstone,fluvial-lacustrine indet.,Picrodus canpacius
M2,1.22,1.24,45.9,39.7,-85.58,35.54,Devil's Graveyard,unknown,terrestrial indet.,Pauromys texensis
skull,226.0,0.0,31.8,29.5,-87.22,48.58,Brule,sandstone,fluvial indet.,Miohippus intermedius
M2,1.35,1.5,60.9,57.5,-76.38,61.88,Paskapoo,siltstone,lacustrine indet.,Picrodus lepidus
m2,15.4,21.5,1.4,0.21,-74.83,40.33,unknown,unknown,cave,Megalonyx wheatleyi
P4,3.1,3.1,23.1,18.5,-93.3,47.08,Harrison,unknown,terrestrial indet.,Sanctimus falkenbachi
p3,11.0,7.0,9.4,4.7,-98.52,41.18,unknown,unknown,terrestrial indet.,Plesiogulo marshalli
Scute 3,19.0,0.0,15.98,11.63,-60.66,9.5,Santa Ines,unknown,terrestrial indet.,Boreostemma venezolensis
Teeth row,135.0,0.0,11.63,5.333,-55.19,-34.48,Camacho,sandstone,alluvial fan,Pseudoplohophorus absolutus
m1,2.62,1.72,29.5,18.5,-71.63,31.26,unknown,claystone,fissure fill,Parvericius montanus
skull,105.0,0.0,39.7,37.0,-98.62,37.74,Santiago,sandstone,channel,Lycophocyon hutchisoni
Lower p2,2.66,3.48,13.8,11.0,-71.53,4.1,Villavieja,unknown,terrestrial indet.,Nuciruptor rubricae
M3,3.43,4.6,72.2,66.0,-66.02,53.68,Lance,sandstone,terrestrial indet.,Protolambda hatcheri
dp1,1.38,0.62,33.9,27.3,-63.44,-34.93,Abanico,volcaniclastic,terrestrial indet.,Kramadolops abanicoi
M2,9.6,6.5,17.5,16.3,-65.05,-17.94,Chucal,sandstone,floodplain,Eotypotherium chico
m3,9.0,3.6,17.5,16.3,-65.05,-17.94,Chucal,sandstone,floodplain,Hegetotherium mirabile
m2,19.5,10.1,63.4,60.9,-76.11,45.82,Nacimiento,unknown,terrestrial indet.,Dissacus saurognathus
Upper Canine alveolus,0.0,0.0,13.8,11.0,-71.62,4.01,Villavieja,unknown,terrestrial indet.,Hondadelphys fieldsi
m1,1.14,1.73,4.7,1.4,-118.54,39.66,unknown,unknown,terrestrial indet.,Thomomys carsonensis
m2,8.5,7.0,45.9,39.7,-89.34,47.17,Uinta,unknown,terrestrial indet.,Miocyon vallisrubrae
m1,1.798,1.016,33.9,31.8,-91.61,49.36,unknown,siltstone,lacustrine - small,Herpetotherium fugax
m1,11.2,5.0,12.5,9.4,-112.7,37.87,Kern River,unknown,terrestrial indet.,Mionictis angustidens
Upper M2; First lamina,13.1,2.7,11.63,7.246,-65.5,-9.7,Solimões,claystone,fluvial-lacustrine indet.,Neoepiblema horridula
m2,8.4,5.5,9.4,4.7,-98.52,41.18,unknown,unknown,terrestrial indet.,Eucyon davisi
M2,12.9,8.5,17.5,16.3,-65.05,-17.94,Chucal,sandstone,floodplain,Altitypotherium chucalensis
humerus,140.0,0.0,48.07,41.03,68.49,2.81,Harudi,limestone,lagoonal/restricted shallow subtidal,Kutchicetus minimus
M1,3.62,4.48,51.1,45.9,-87.37,48.83,Bridger,unknown,terrestrial indet.,Hyopsodus lepidus
P4,1.5,1.5,12.5,9.4,-113.77,36.46,MR Caliente,unknown,terrestrial indet.,Perognathus furlongi
m2,1.27,1.24,39.7,37.0,-86.94,56.36,Cypress Hills,unknown,terrestrial indet.,Protadjidaumo pauli
P4,3.59,4.45,33.9,31.8,-87.83,47.98,Brule,unknown,terrestrial indet.,Blacktops latidens
m3,4.9,3.1,57.5,56.0,-78.79,52.74,unknown,unknown,terrestrial indet.,Plesiadapis dubius
m2,1.95,1.8,15.5,13.8,-67.65,-39.73,Collón Cura,tuff,terrestrial indet.,Protacaremys denisae
M1,1.433,0.929,9.4,4.7,-107.29,37.9,Bidahochi,unknown,terrestrial indet.,Calomys (Bensonomys) yazhi
p4,4.0,3.4,51.1,45.9,-86.97,49.35,Bridger,tuff,fluvial indet.,Smilodectes mcgrewi
M2,2.2,2.7,31.8,29.5,-88.46,46.18,White River,unknown,terrestrial indet.,Proscalops miocaenus
P4,2.74,3.74,39.7,37.0,-87.58,35.26,Devil's Graveyard,unknown,terrestrial indet.,Mahgarita stevensi
M1,1.5,1.55,72.2,66.0,-74.19,48.42,unknown,unknown,terrestrial indet.,Leptalestes prokrejcii
m1,2.48,1.88,37.0,33.9,-90.33,55.96,Cypress Hills,unknown,terrestrial indet.,Eumys elegans
m1,5.85,5.425,51.1,45.9,-86.38,50.22,Bridger,unknown,terrestrial indet.,Quadratomus grossus
m3,1.19,0.98,9.4,1.4,-83.09,41.51,unknown,unknown,terrestrial indet.,Symmetrodontomys daamsi
p4,11.0,6.9,16.3,12.5,-111.93,42.13,unknown,unknown,terrestrial indet.,Brachypsalis pachycephalus
m1,0.0,4.1,13.8,11.0,-71.57,4.04,Villavieja,claystone,terrestrial indet.,Prodolichotis pridiana
m1,7.1,3.7,17.5,16.3,-65.05,-17.94,Chucal,sandstone,floodplain,Hegetotherium mirabile
m6,10.0,0.0,11.63,5.333,-55.19,-34.48,Camacho,sandstone,alluvial fan,Pseudoplohophorus absolutus
m3,2.0,1.3,63.4,60.9,-74.72,61.99,Paskapoo,siltstone,terrestrial indet.,Edworthia lerbekmoi
P4,1.66,1.7,9.4,4.7,-105.37,30.85,unknown,unknown,terrestrial indet.,Prodipodomys idahoensis
m1,3.13,2.45,51.1,45.9,-87.37,48.83,Bridger,unknown,terrestrial indet.,Hyopsodus minusculus
P4,5.9,0.0,17.5,16.3,-65.05,-17.94,Chucal,sandstone,floodplain,Altitypotherium chucalensis
Lower dP4,16.7,9.5,2.58,0.0,-72.44,-10.88,unknown,conglomerate,fluvial indet.,Tayassu pecari
M1,18.5,20.5,16.3,12.5,-87.19,33.93,Fleming,unknown,terrestrial indet.,Cormohipparion goorisi
M1,1.55,1.79,23.1,18.5,-90.01,47.22,Harrison,unknown,terrestrial indet.,Herpetotherium youngi
m1,0.75,0.85,16.3,12.5,-93.26,45.99,Valentine,sandstone,channel,Perognathus trojectioansrum
m2,16.4,11.5,23.1,18.5,-93.8,46.72,unknown,unknown,terrestrial indet.,Daphoenodon falkenbachi
P4,7.6,10.345,33.9,31.8,-86.23,50.95,unknown,unknown,terrestrial indet.,Manitsha tanka
M2,1.47,1.98,4.7,1.4,-99.15,37.91,Rexroad,unknown,terrestrial indet.,Paracryptotis rex
M1,10.32,5.64,66.0,63.4,-70.31,49.63,Denver,shale,terrestrial indet.,Catopsalis alexanderi
Upper M1,1.45,1.3,13.8,11.0,-71.59,4.05,unknown,claystone,terrestrial indet.,Thylamys minutus
M2,1.567,1.982,33.9,31.8,-91.61,49.36,unknown,siltstone,lacustrine - small,Altasciurus relictus
P4,1.5433,1.1,16.3,12.5,-109.76,46.69,Butte Creek,volcaniclastic,terrestrial indet.,Scalopoides ripafodiator
M1,2.9,3.8,56.0,51.1,-80.68,50.99,Wind River,unknown,terrestrial indet.,Paramys copei
P4,9.4,6.4,39.7,37.0,-98.62,37.74,Santiago,sandstone,channel,Lycophocyon hutchisoni
Astragalus head,0.0,0.0,13.8,11.0,-71.59,4.05,Villavieja,claystone,terrestrial indet.,Drytomomys aequatorialis
m1,2.35,2.08,56.0,51.1,-79.64,51.58,Willwood,mudstone,terrestrial indet.,Acritoparamys atwateri
m1,2.4667,2.8667,9.4,4.7,-97.16,38.78,unknown,unknown,terrestrial indet.,Spermophilus dotti
p4,3.5,2.4,60.9,57.5,-76.32,61.74,Paskapoo,siltstone,terrestrial indet.,Eudaemonema webbi
m2,1.43,1.02,1.4,0.21,-99.44,45.67,unknown,unknown,terrestrial indet.,Zapus sykesae
p4,21.3,12.7,9.4,4.7,-98.3,22.97,Rancho Viejo Beds,unknown,fluvial indet.,Agriotherium schneideri
m1,1.54,0.91,72.2,66.0,-65.59,53.77,Lance,sandstone,fluvial indet.,Leptalestes krejcii
m1,5.2,3.6,63.4,60.9,-79.23,50.21,North Horn,unknown,terrestrial indet.,Anisonchus sectorius
M2,2.42,3.08,23.1,18.5,-90.01,47.22,Harrison,unknown,terrestrial indet.,Alwoodia harkseni
P4,14.1,10.0,16.3,12.5,-94.51,43.26,unknown,unknown,terrestrial indet.,Brachypsalis hyaenoides
m3,2.15,1.8,15.5,13.8,-67.65,-39.73,Collón Cura,tuff,terrestrial indet.,Protacaremys denisae
P3,5.675,2.55,18.5,16.3,-99.92,39.9,Zia Sand,unknown,terrestrial indet.,Stenomylus taylori
m3,1.4,0.76,60.9,57.5,-76.38,61.88,Paskapoo,siltstone,lacustrine indet.,Foxomomys fremdi
M3,25.3,27.8,2.58,0.774,-81.8,30.02,unknown,unknown,terrestrial indet.,Tapirus (Helicotapirus) lundeliusi
m1,19.0,9.0,12.5,9.4,-113.77,36.46,MR Caliente,unknown,terrestrial indet.,Pliohippus tehonensis
Lower p4 Trigonid,12.0,0.0,2.58,0.0117,-69.21,9.93,unknown,claystone,terrestrial indet.,Mixotoxodon larensis
M2,6.3,10.4,29.5,18.5,-71.63,31.26,unknown,claystone,fissure fill,Osbornodon wangi
Upper canine,7.88,6.0,13.8,11.0,-72.35,2.93,La Victoria,unknown,terrestrial indet.,Stirtonia victoriae
p4,11.4,5.4,16.3,12.5,-96.21,45.39,Olcott,unknown,terrestrial indet.,Pseudaelurus aeluroides
m1,4.17,3.39,45.9,39.7,-87.9,47.5,Washakie,unknown,terrestrial indet.,Hyopsodus paulus
Molariform 5,7.5,8.5,17.5,16.3,-69.44,-51.54,Palomares,tuff,terrestrial indet.,Nematherium birdi
m1,15.0,7.0,33.9,31.8,-86.19,48.71,Brule,unknown,terrestrial indet.,Hoplophoneus primaevus
p3,24.6,16.2,23.04,5.333,-112.78,36.75,Caliente,unknown,terrestrial indet.,Heteropliohippus hulberti
M1,1.8,2.8,37.0,33.9,-90.2,49.33,White River,unknown,terrestrial indet.,Palaeolagus primus
M3,15.7,13.0,29.5,18.5,-106.02,38.05,Tick Canyon,siltstone,fluvial indet.,Merychyus calaminthus
m1 greatest oblique diameter of grinding surface,0.0,0.0,11.63,2.58,-65.98,-7.53,unknown,unknown,terrestrial indet.,Phoberomys bordasi
p4,24.4,20.2,16.3,12.5,-111.93,42.13,unknown,unknown,terrestrial indet.,Hypohippus affinis
P3,2.63,2.05,57.5,56.0,-78.79,52.74,Willwood,unknown,terrestrial indet.,Carpolestes simpsoni
m2,10.7,5.7,17.5,16.3,-65.05,-17.94,Chucal,sandstone,floodplain,Altitypotherium chucalensis
Upper M2,2.63,3.75,13.8,11.0,-70.96,4.43,La Victoria,unknown,terrestrial indet.,Lagonimico conclucatus
p4,1.31,1.13,39.7,37.0,-86.94,56.36,Cypress Hills,unknown,terrestrial indet.,Janimus dawsonae
m3,11.5,5.4,37.0,33.9,-87.35,47.77,Chadron,siltstone,terrestrial indet.,Leptomeryx yoderi
Depth from tip of coronoid process to inferior margin,0.0,0.0,2.58,0.0,-72.44,-10.88,unknown,conglomerate,fluvial indet.,Pecari tajacu
m1,1.86,1.1,37.0,33.9,-86.26,48.45,Chadron,siltstone,terrestrial indet.,Herpetotherium fugax
M2,1.5,1.6,51.1,45.9,-87.05,47.75,Green River,sandstone,channel lag,Peradectes chesteri
M2,0.8,1.22,9.4,4.7,-107.29,37.9,Bidahochi,unknown,terrestrial indet.,Cupidinimus bidahochiensis
M1,0.8625,1.05,33.9,31.8,-87.47,46.32,Brule,unknown,terrestrial indet.,Heliscomys vetus
P4,17.0,22.0,9.4,4.7,-78.79,29.15,unknown,unknown,terrestrial indet.,Tapirus polkensis
M1,2.4,1.1,57.5,56.0,-78.79,52.74,unknown,unknown,terrestrial indet.,Ectypodus powelli
m1,3.0063,1.1063,1.4,0.21,-97.21,38.53,McPherson,unknown,terrestrial indet.,Microtus pennsylvanicus
M3,18.85,20.95,31.8,29.5,-87.22,48.58,Brule,unknown,terrestrial indet.,Protapirus simplex
P4,27.4,38.2,16.3,12.5,-111.81,38.82,Barstow,unknown,terrestrial indet.,Megahippus mckennai
P3,4.0,3.8,16.3,12.5,-96.7,44.18,Pawnee Creek Beds,unknown,terrestrial indet.,Leptarctus primus
M1,10.9,8.1,4.7,1.4,-117.44,47.85,Ringold,unknown,terrestrial indet.,Capromeryx tauntonensis
m1,16.4,10.53,57.5,56.0,-78.79,52.74,unknown,unknown,terrestrial indet.,Palaeonictis peloria
M2,21.0,16.0,9.4,4.7,-98.16,22.95,Rancho Viejo Beds,claystone,fluvial indet.,Desmathyus brachydontus
m3,4.5,3.9,13.8,11.0,-71.62,4.01,Villavieja,unknown,terrestrial indet.,Neoreomys huilensis
m1,2.9,2.5,57.5,56.0,-81.76,50.15,Wasatch,claystone,terrestrial indet.,Plesiadapis dubius
M3,1.89,2.81,72.2,66.0,-65.92,53.69,Lance,shale,terrestrial indet.,Pediomys elegans
m3,3.6,2.8,16.3,15.5,-68.67,-43.88,Río Frias,tuff,fluvial indet.,Abderites meridionalis
M3,21.15,15.5,9.4,4.7,-78.95,28.93,Peace River,sandstone,marginal marine indet.,Mylohyus elmorei
M3,0.77,0.83,1.4,0.21,-99.44,45.67,unknown,unknown,terrestrial indet.,Zapus sykesae
p3,4.92,0.0,33.9,27.3,-63.44,-34.93,Abanico,volcaniclastic,terrestrial indet.,Kramadolops abanicoi
M1,1.7,3.3,29.5,18.5,-106.02,38.05,Tick Canyon,siltstone,fluvial indet.,Archaeolagus acaricolus
Femur,0.0,213.5,13.8,11.0,-71.57,4.04,Villavieja,claystone,terrestrial indet.,Magdalenabradys confusum
p4,0.623,0.634,33.9,31.8,-91.61,49.36,unknown,siltstone,lacustrine - small,Heliscomys vetus
m1,1.05,1.27,18.5,16.3,-111.3,39.82,Kramer Beds,claystone,fluvial indet.,Cupidinimus boronensis
M1,3.36,3.79,72.2,66.0,-66.02,53.68,Lance,sandstone,terrestrial indet.,Protolambda florencae
M1,1.015,1.285,18.5,16.3,-100.38,53.88,Cypress Hills,unknown,terrestrial indet.,Stratimus strobeli
M1,6.8,7.3,2.58,0.774,-81.8,30.02,unknown,unknown,terrestrial indet.,Erethizon poyeri
M3,11.8,6.0,9.4,4.7,-115.41,36.19,Peace Valley Beds,sandstone,fluvial indet.,Ottoceros peacevalleyensis
m1,3.17,2.81,24.7,23.1,-95.79,54.96,Cypress Hills,unknown,terrestrial indet.,Campestrallomys dawsonae
P4,1.0,1.0,51.1,45.9,-83.03,27.44,Guanjuato Red Conglomerate,unknown,terrestrial indet.,Floresomys guanajuatoensis
P4,1.03,1.19,4.7,1.4,-108.1,33.49,Gila Conglomerate,marl,lacustrine indet.,Perognathus gidleyi
M1,2.55,2.6,63.4,60.9,-74.71,61.93,Paskapoo,unknown,fluvial indet.,Picrodus calgariensis
M1,18.5,18.4,16.3,12.5,-93.24,45.91,Valentine,unknown,terrestrial indet.,Pseudhipparion retrusum
m2,123.0,74.0,4.7,1.4,-108.09,33.79,Gila Conglomerate,unknown,terrestrial indet.,Rhynchotherium falconeri
c-m2,43.5,0.0,8.0,5.0,-67.27,-33.39,Huayquerías,unknown,terrestrial indet.,Cyonasua pascuali
m3,2.21,2.06,1.4,0.21,-99.92,37.44,Crooked Creek,unknown,terrestrial indet.,Spermophilus tridecemlineatus
m1,8.5,7.5,66.0,63.4,-75.76,47.36,Nacimiento,unknown,terrestrial indet.,Loxolophus stenognathus
M1,20.5,25.6,51.1,45.9,-86.38,50.22,Bridger,unknown,terrestrial indet.,Hyrachyus eximius
m1,1.4,1.4,56.0,51.1,-81.07,52.21,Willwood,unknown,terrestrial indet.,Knightomys cremneus
m1,2.16,1.17,4.7,1.4,-99.15,37.91,Rexroad,unknown,terrestrial indet.,Nebraskomys rexroadensis
m3,3.1367,3.2533,9.4,4.7,-97.16,38.78,unknown,unknown,terrestrial indet.,Spermophilus dotti
Glenoid fossa,0.0,0.0,13.8,11.0,-71.59,4.05,Villavieja,claystone,terrestrial indet.,Drytomomys aequatorialis
m2,8.6,5.3,12.5,9.4,-93.37,31.18,Goliad,unknown,terrestrial indet.,Pseudoceras skinneri
M3,14.1,8.3,17.5,16.3,-65.05,-17.94,Chucal,sandstone,floodplain,Altitypotherium paucidens
M2,23.0,32.5,45.9,39.7,-87.57,50.62,Tepee Trail,unknown,terrestrial indet.,Achaenodon robustus
Ulna shaft,0.0,44.4,13.8,11.0,-71.59,4.07,unknown,claystone,terrestrial indet.,Magdalenabradys confusum
p4,31.7,14.6,11.63,7.246,-111.61,38.23,Chanac,unknown,terrestrial indet.,Dinohippus leardi
P1,19.0,18.0,2.58,0.0117,-97.56,35.28,unknown,gravel,terrestrial indet.,Tapirus (Helicotapirus) haysii
m2,1.6,1.025,56.0,51.1,-81.69,48.47,Wasatch,unknown,terrestrial indet.,Peradectes protinnominatus
p4,1.13,1.12,9.4,4.7,-107.29,37.9,Bidahochi,unknown,terrestrial indet.,Cupidinimus bidahochiensis
Lower m1,17.2,18.6,13.8,11.0,-71.57,4.04,Villavieja,claystone,terrestrial indet.,Magdalenabradys confusum
M3,49.3,24.3,1.4,0.21,-101.99,22.04,Tacubaya,unknown,terrestrial indet.,Camelops hesternus
Lower m4,31.6,0.0,13.8,11.0,-71.57,4.04,Villavieja,claystone,terrestrial indet.,Magdalenabradys confusum
P4,19.5,11.3,18.5,16.3,-75.25,32.13,Alachua,sandstone,terrestrial indet.,Zodiolestes freundi
M2,19.6,18.0,1.4,0.21,-78.33,39.84,unknown,unknown,cave,Platygonus vetus
p4-m3 alveolar,17.9,0.0,13.8,11.0,-71.62,4.01,Villavieja,unknown,terrestrial indet.,Neoreomys huilensis
M1,1.66,1.13,4.7,1.4,-110.85,35.58,Verde,mudstone,terrestrial indet.,Calomys (Bensonomys) arizonae
m3,2.6,1.6,63.4,60.9,-76.53,46.43,Nacimiento,unknown,terrestrial indet.,Escavadodon zygus
Lower m1,39.0,20.0,23.04,20.45,-72.57,-1.85,Biblian,unknown,terrestrial indet.,Xenastrapotherium aequatorialis
m1,17.75,13.325,9.4,4.7,-97.13,37.75,unknown,unknown,terrestrial indet.,Pediomeryx hemphillensis
m2,3.88,3.04,45.9,39.7,-89.96,48.28,Bridger,claystone,terrestrial indet.,Hemiacodon engardae
M3,0.9,1.65,60.9,57.5,-76.38,61.88,Paskapoo,siltstone,lacustrine indet.,Foxomomys fremdi
M2,7.0,8.0,23.1,18.5,-93.3,47.08,Harrison,unknown,terrestrial indet.,Leptomeryx obliquidens
m1,1.62,1.06,1.4,0.21,-82.19,29.85,unknown,unknown,terrestrial indet.,Atopomys texensis
m3,4.5,3.7,21.0,17.5,-62.13,-42.85,Sarmiento,mixed carbonate-siliciclastic,terrestrial indet.,Chubutomys leucoreios
m2,1.39,1.2,9.4,4.7,-98.19,23.07,Rancho Viejo Beds,claystone,channel,Calomys (Bensonomys) baskini
m1,5.0,3.6,51.1,45.9,-92.12,47.29,Sheep Pass,limestone,lacustrine - small,Pantolestes longicaudus
m1,3.26,2.97,60.9,57.5,-74.95,51.73,Fort Union,unknown,terrestrial indet.,Plesiadapis churchilli
m1,5.59,4.29,37.0,33.9,-89.99,35.83,unknown,unknown,terrestrial indet.,Bathygenys reevesi
m1,1.3,1.1,60.9,57.5,-76.17,64.52,Paskapoo,shale,fluvial-lacustrine indet.,Litolestes ignotus
m1,8.8,7.4,66.0,63.4,-77.82,50.68,North Horn,unknown,terrestrial indet.,Desmatoclaenus hermaeus
Metacarpal I,3.7,0.0,13.8,11.0,-71.57,4.04,Villavieja,claystone,terrestrial indet.,Prodolichotis pridiana
Tibia,244.6,0.0,13.8,11.0,-71.59,4.06,La Victoria,claystone,terrestrial indet.,Magdalenabradys confusum
M1,3.82,4.96,39.7,37.0,-87.58,35.26,Devil's Graveyard,unknown,terrestrial indet.,Mahgarita stevensi
Upper M3; Antero-posterior diameter,22.2,0.0,11.63,7.246,-65.5,-9.7,Solimões,claystone,fluvial-lacustrine indet.,Neoepiblema horridula
m1,11.5,8.8,2.58,0.0,-72.44,-10.88,unknown,conglomerate,fluvial indet.,Pecari tajacu
p4,6.2,2.9,72.2,66.0,-65.92,53.69,Lance,shale,terrestrial indet.,Meniscoessus robustus
P2,31.7,21.6,2.58,0.0117,-101.55,35.23,unknown,claystone,fluvial-lacustrine indet.,Equus conversidens
Metatarsal IV,0.0,27.3,13.8,11.0,-71.59,4.06,La Victoria,claystone,terrestrial indet.,Magdalenabradys confusum
p2,8.2,5.3,9.4,4.7,-113.57,35.37,Mt. Eden,unknown,terrestrial indet.,Pediomeryx hemphillensis
p4,1.53,1.35,21.0,17.5,-65.57,-45.09,Sarmiento,unknown,terrestrial indet.,Galileomys antelucanus
Scute 31,18.0,0.0,15.98,11.63,-60.66,9.5,Santa Ines,unknown,terrestrial indet.,Boreostemma venezolensis
humerus,0.0,40.0,56.0,51.1,-79.86,52.19,Willwood,unknown,terrestrial indet.,Pachyaena ossifraga
p3,6.0,3.6,8.0,5.0,-67.27,-33.39,Huayquerías,unknown,terrestrial indet.,Cyonasua pascuali
humerus,164.0,0.0,31.8,29.5,-87.22,48.58,Brule,sandstone,fluvial indet.,Miohippus gidleyi
P4,0.705,0.8175,33.9,31.8,-87.47,46.32,Brule,unknown,terrestrial indet.,Heliscomys vetus
Pelvis,64.4,0.0,13.8,11.0,-71.59,4.05,Villavieja,claystone,terrestrial indet.,Drytomomys aequatorialis
m1,14.5,12.0,12.5,9.4,-111.49,46.16,unknown,unknown,terrestrial indet.,Prosthennops serus
M3,3.1,3.1,39.7,37.0,-88.5,36.09,Chambers Tuff,unknown,terrestrial indet.,Ischyromys blacki
m2,14.825,12.475,23.04,20.45,-84.46,34.75,Fleming,conglomerate,coarse channel fill,Desmatippus texanus
skull,442.0,166.0,13.82,11.63,-7.28,36.57,unknown,sandstone,marine indet.,Tagicetus joneti
Ulna Olecranon,0.0,0.0,13.8,11.0,-71.57,4.04,Villavieja,claystone,terrestrial indet.,Prodolichotis pridiana
M2,3.34,4.17,72.2,66.0,-65.92,53.69,Lance,shale,terrestrial indet.,Protolambda hatcheri
p4,2.8,3.0,23.1,18.5,-91.74,47.87,Rosebud,unknown,terrestrial indet.,Archaeolagus primigenius
P4,8.8,11.15,51.1,45.9,-83.12,50.2,Wind River,mudstone,fluvial-lacustrine indet.,Esthonyx acutidens
p4 second lamina,0.0,9.5,11.63,2.58,-65.98,-7.53,unknown,unknown,terrestrial indet.,Phoberomys bordasi
M2,1.12,1.16,45.9,39.7,-82.01,33.29,Laredo,sandstone,estuary/bay,Microeutypomys karenae
m2,1.9,2.68,18.5,16.3,-95.06,46.14,Runningwater,unknown,terrestrial indet.,Fanimus ultimus
Navicular,0.0,11.8,13.8,11.0,-71.59,4.07,unknown,claystone,terrestrial indet.,Magdalenabradys confusum
Lunar,0.0,0.0,13.8,11.0,-71.59,4.07,unknown,claystone,terrestrial indet.,Magdalenabradys confusum
Lower m1,3.02,2.87,13.8,11.0,-71.59,4.05,unknown,sandstone,terrestrial indet.,Neosaimiri fieldsi
P4,2.1,2.7,51.1,45.9,-87.38,49.45,Green River,unknown,terrestrial indet.,Omomys carteri
m1,10.1,6.7,17.5,16.3,-65.05,-17.94,Chucal,sandstone,floodplain,Altitypotherium paucidens
m1,8.7,5.6,16.3,12.5,-89.1,33.53,Fleming,unknown,terrestrial indet.,Longirostromeryx wellsi
m1,2.52,2.15,45.9,39.7,-85.58,35.54,Devil's Graveyard,unknown,terrestrial indet.,Prolapsus sibilatoris
P3,22.0,20.3,12.5,9.4,-116.32,40.4,unknown,siliciclastic,terrestrial indet.,Neohipparion trampasense
p4 posterior lobe,18.0,17.0,2.58,0.0117,-36.4,-8.52,unknown,unknown,terrestrial indet.,Macrauchenia patagonica
Lower canine,0.0,0.0,13.8,11.0,-71.59,4.07,unknown,claystone,terrestrial indet.,Xenastrapotherium kraglievichi
m2,4.9,4.2,51.1,45.9,-86.97,49.35,Bridger,tuff,fluvial indet.,Smilodectes mcgrewi
i2,6.425,5.3,11.63,7.246,-67.43,-17.99,Huaylas,sandstone,lacustrine indet.,Caraguatypotherium munozi
m1,27.5,11.5,1.4,0.21,-101.05,34.75,Tule,unknown,terrestrial indet.,Xenocyon texanus
m2,2.5,2.6,60.9,57.5,-77.27,55.0,Fort Union,unknown,terrestrial indet.,Nannodectes intermedius
p4,3.1,1.8,21.0,17.5,-62.13,-42.85,Sarmiento,mixed carbonate-siliciclastic,terrestrial indet.,Chubutomys leucoreios
M1,3.09,3.6,12.5,9.4,-94.8,45.3,Ash Hollow,siliciclastic,channel,Nothodipoides planus
m1,4.16,3.31,51.1,45.9,-87.37,48.83,Bridger,unknown,terrestrial indet.,Hyopsodus paulus
Lower I3,0.0,27.0,2.58,0.0117,-69.21,9.93,unknown,claystone,terrestrial indet.,Mixotoxodon larensis
P4,39.6,15.84,9.4,4.7,-96.77,39.04,Ogallala,unknown,terrestrial indet.,Machairodus catocopis
M3,4.11,5.93,56.0,51.1,-80.68,50.99,Wind River,unknown,terrestrial indet.,Diacodexis kelleyi
M2,15.0,14.5,2.58,0.0,-72.44,-10.88,unknown,conglomerate,fluvial indet.,Tayassu pecari
Lower m1,0.0,1.9,13.8,11.0,-71.53,4.1,Villavieja,unknown,terrestrial indet.,Notonycteris sucharadeus
M3,1.11,1.02,4.7,1.4,-111.51,35.31,Verde,unknown,terrestrial indet.,Repomys panacaensis
M2,2.9,2.5,72.2,66.0,-66.02,53.68,Lance,sandstone,terrestrial indet.,Cimolodon nitidus
m1,1.05,1.05,18.5,16.3,-95.42,44.85,Pawnee Creek,unknown,channel,Pseudotheridomys hesperus
M2,2.59,3.5,24.7,23.1,-95.79,54.96,Cypress Hills,unknown,terrestrial indet.,Campestrallomys dawsonae
m1,1.6,0.995,45.9,39.7,-85.96,49.88,Wagon Bed (Tepee Trail),unknown,terrestrial indet.,Apatemys hendryi
M2,1.38,1.07,12.5,9.4,-111.49,46.16,Juntura,unknown,terrestrial indet.,Copemys esmeraldensis
P4,3.0,1.3,72.2,66.0,-65.92,53.69,Lance,shale,terrestrial indet.,Cimolomys gracilis
m1,4.44,4.255,45.9,39.7,-89.82,47.22,Uinta,unknown,terrestrial indet.,Metaparamys compressidens
m1,3.2,2.9,66.0,63.4,-75.76,47.36,Nacimiento,unknown,terrestrial indet.,Tiznatzinia vanderhoofi
Upper M4,15.2,15.9,13.8,11.0,-71.53,4.1,Villavieja,sandstone,terrestrial indet.,Magdalenabradys confusum
m1,26.0,17.8,4.7,1.4,-101.91,42.44,unknown,unknown,terrestrial indet.,Plesippus simplicidens
m4,2.9,1.7,8.0,5.0,-61.89,-36.93,Epecuén,siltstone,fluvial indet.,Thylatheridium hudsoni
p4,23.9,14.5,1.4,0.21,-101.99,22.04,Tacubaya,unknown,terrestrial indet.,Camelops hesternus
m2,12.6,8.0,18.5,16.3,-111.3,39.82,Kramer Beds,claystone,fluvial indet.,Merychyus minimus
M3,13.3,12.1,37.0,33.9,-86.47,46.45,White River,unknown,terrestrial indet.,Poebrotherium eximium
M3,161.0,88.0,4.7,1.4,-108.09,33.79,Gila Conglomerate,unknown,terrestrial indet.,Rhynchotherium falconeri
m2,4.0,3.0,37.0,33.9,-91.42,49.47,White River,unknown,terrestrial indet.,Parictis personi
Molar N.o 4,240.0,100.0,2.58,0.0117,-73.0,-38.64,unknown,unknown,terrestrial indet.,Mastotherium hyodon
Ramus at between m1-m2,0.0,0.0,11.63,5.333,-55.13,-34.57,Camacho,mudstone,fluvial-deltaic indet.,Lestobradys sprechmanni
m1,128.55,87.3,2.58,0.0117,-97.6,18.85,unknown,siltstone,terrestrial indet.,Cuvieronius tropicus
m2,11.5333,8.2333,37.0,33.9,-91.37,55.94,Cypress Hills,unknown,terrestrial indet.,Mesohippus westoni
M3,6.5,6.025,51.1,45.9,-86.38,50.22,Bridger,unknown,terrestrial indet.,Quadratomus grossus
m2,9.4,7.5,63.4,60.9,-73.65,56.02,Fort Union,unknown,terrestrial indet.,Arctocyon corrugatus
M2,24.6,22.9,9.4,4.7,-85.14,32.17,unknown,unknown,marginal marine indet.,Synthetoceras davisorum
m1,2.8,4.8,1.4,0.21,-97.21,38.53,McPherson,unknown,terrestrial indet.,Cynomys spenceri
p4,21.4,11.2,9.4,4.7,-105.37,30.85,unknown,unknown,terrestrial indet.,Neohipparion eurystyle
p4,21.1,0.0,3.6,0.774,-62.8,9.96,Mesa,tar,terrestrial indet.,Xenosmilus venezuelensis
m2,14.6,12.8,16.3,12.5,-97.28,45.82,Olcott,unknown,terrestrial indet.,Stirtonhyus xiphodonticus
p4,1.6,1.6,33.9,31.8,-88.37,47.64,Brule,unknown,terrestrial indet.,Apternodus gregoryi
Unciform,0.0,56.8,13.8,11.0,-71.59,4.07,unknown,claystone,terrestrial indet.,Magdalenabradys confusum
M1,1.34,1.52,39.7,37.0,-86.94,56.36,Cypress Hills,unknown,terrestrial indet.,Microparamys nimius
P4,2.6,2.4,29.5,18.5,-92.34,47.0,unknown,unknown,terrestrial indet.,Sanctimus stouti
p3,17.2,8.0,2.58,0.0117,-89.46,37.95,unknown,gravel,cave,Panthera onca
Upper M1,41.0,36.0,13.8,11.0,-71.57,4.03,Villavieja,sandstone,terrestrial indet.,Huilatherium pluripicatum
m1,2.15,0.95,57.5,56.0,-78.79,52.74,unknown,unknown,terrestrial indet.,Ectypodus powelli
p3,3.4,2.8,51.1,45.9,-86.97,49.35,Bridger,tuff,fluvial indet.,Smilodectes mcgrewi
Upper Diastema,29.6,0.0,13.8,11.0,-71.57,4.04,Villavieja,claystone,terrestrial indet.,Prodolichotis pridiana
M1,2.0,1.8,39.7,37.0,-100.3,38.92,Sespe,unknown,terrestrial indet.,Presbymys lophatus
m1,1.71,2.04,24.7,23.1,-95.79,54.96,Cypress Hills,unknown,terrestrial indet.,Florentiamys tiptoni
M2,15.1,23.0,23.1,18.5,-94.64,46.88,Marsland,unknown,terrestrial indet.,Adilophontes brachykolos
m4,1.9,1.3,16.3,15.5,-68.67,-43.88,Río Frias,tuff,fluvial indet.,Microbiotherium tehuelchum
p4,1.06,0.99,24.7,23.1,-95.79,54.96,Cypress Hills,unknown,terrestrial indet.,Trogomys ironcloudi
m1,3.22,2.93,60.9,57.5,-76.03,53.78,Fort Union,unknown,terrestrial indet.,Plesiadapis fodinatus
Humerus,633.0,0.0,13.8,11.0,-71.62,4.01,La Victoria,claystone,terrestrial indet.,Granastrapotherium snorki
m1,15.9143,11.6429,51.1,45.9,-92.12,47.29,Sheep Pass,limestone,lacustrine - small,Hyrachyus modestus
Lower m1 hypostriid,0.85,0.0,13.8,11.0,-71.53,4.1,Villavieja,unknown,terrestrial indet.,Microsteiromys jacobsi
m1,3.42,1.56,66.0,63.4,-67.64,57.54,Fort Union,sandstone,coarse channel fill,Stygimys gratus
Lower m2,44.0,24.0,13.8,11.0,-71.62,4.01,Villavieja,sandstone,terrestrial indet.,Huilatherium pluripicatum
p4,4.5,2.8,60.9,57.5,-79.81,51.07,Evanston,siliciclastic,terrestrial indet.,Chriacus baldwini
m1 or m2,2.53,2.23,21.0,17.5,-62.19,-42.83,Sarmiento,mudstone,paralic indet.,Eoviscaccia australis
skull,218.5,0.0,33.9,31.8,-88.15,48.63,Brule,unknown,terrestrial indet.,Hoplophoneus sicarius
M1,2.59,3.5,24.7,23.1,-95.79,54.96,Cypress Hills,unknown,terrestrial indet.,Campestrallomys dawsonae
m1,1.54,1.01,9.4,1.4,-83.09,41.51,unknown,unknown,terrestrial indet.,Bensonomys hershkovitzi
m1,4.86,4.515,45.9,39.7,-98.28,39.4,Sespe,unknown,terrestrial indet.,Tapomys tapensis
m2,13.3,11.0,16.3,12.5,-110.98,38.47,Barstow,unknown,terrestrial indet.,Dyseohyus fricki
m1,3.91,4.02,45.9,39.7,-85.58,35.54,Devil's Graveyard,unknown,terrestrial indet.,Thisbemys corrugatus
m2,4.2,4.2,29.5,18.5,-100.95,52.12,Renova,unknown,terrestrial indet.,Eutypomys montanensis
Mandible at p3,0.0,0.0,5.0,3.8,-59.62,-38.75,unknown,unknown,terrestrial indet.,Pliolestes tripotamicus
M2,1.97,2.72,72.2,66.0,-65.92,53.69,Lance,shale,terrestrial indet.,Pediomys elegans
m2,2.0,1.3,16.3,15.5,-68.67,-43.88,Río Frias,tuff,fluvial indet.,Microbiotherium tehuelchum
M3,13.1,7.6,17.5,16.3,-65.05,-17.94,Chucal,sandstone,floodplain,Altitypotherium chucalensis
Molariform 4,9.8,9.3,17.5,16.3,-69.44,-51.54,Palomares,tuff,terrestrial indet.,Nematherium birdi
M2,13.65,15.9,23.04,20.45,-84.46,34.75,Fleming,conglomerate,coarse channel fill,Prosynthetoceras orthrionanus
m1,1.315,1.165,51.1,45.9,-92.12,47.29,Sheep Pass,limestone,lacustrine - small,Pauromys exallos
p4,0.98,0.95,33.9,31.8,-91.61,49.36,unknown,siltstone,lacustrine - small,Metadjidaumo hendryi
Upper P4,29.0,44.0,13.8,11.0,-71.57,4.03,Villavieja,sandstone,terrestrial indet.,Huilatherium pluripicatum
M3,13.4,17.6,48.07,41.03,74.19,11.51,Kuldana,conglomerate,fluvial indet.,Pakicetus inachus
m2,5.3,5.5,13.8,11.0,-71.59,4.05,Villavieja,claystone,terrestrial indet.,Scleromys colombianus
m1,7.05,6.55,1.4,0.21,-82.19,29.85,unknown,unknown,terrestrial indet.,Erethizon dorsatum
m1,2.37,1.73,63.4,60.9,-74.08,51.29,Fort Union,unknown,terrestrial indet.,Plesiolestes problematicus
M1,1.7833,1.1667,16.3,12.5,-93.26,45.99,Valentine,sandstone,channel,Copemys longidens
m1,6.2,4.5,60.9,57.5,-76.63,51.13,unknown,unknown,terrestrial indet.,Mimotricentes fremontensis
Mandibular M3,2.7,2.4,56.0,48.07,-28.6,-27.29,Itaboraí,marl,fissure fill,Procaroloameghinia pricei
m1,8.375,6.75,37.0,33.9,-87.35,47.77,Chadron,siltstone,terrestrial indet.,Pseudoprotoceras longinaris
M2,18.95,17.25,9.4,4.7,-78.95,28.93,Peace River,sandstone,marginal marine indet.,Mylohyus elmorei
M1,9.0,9.9,56.0,51.1,-80.94,52.71,Willwood,unknown,terrestrial indet.,Cardiolophus radinskyi
P4,14.5,18.5,20.45,15.98,-66.42,41.03,Kirkwood,marl,marginal marine indet.,Tapiravus validus
c,0.0,2.31,33.9,27.3,-63.44,-34.93,Abanico,volcaniclastic,terrestrial indet.,Kramadolops abanicoi
M3,60.0,78.0,12.5,9.4,-96.15,37.71,unknown,unknown,terrestrial indet.,Teleoceras major
M1,3.87,4.77,51.1,45.9,-85.53,49.05,Bridger,unknown,terrestrial indet.,Hyopsodus paulus
M1,1.02,1.13,39.7,37.0,-86.94,56.36,Cypress Hills,unknown,terrestrial indet.,Metanoiamys lacus
m1,2.13,2.03,63.4,60.9,-73.65,56.02,Fort Union,unknown,terrestrial indet.,Pronothodectes matthewi
M1,3.3,4.3,63.4,60.9,-77.16,46.7,Nacimiento,unknown,terrestrial indet.,Acmeodon secans
M1,3.28,4.88,63.4,60.9,-73.65,56.02,Fort Union,unknown,terrestrial indet.,Eudaemonema cuspidata
p4,3.13,1.86,45.9,39.7,-86.48,36.39,Devil's Graveyard,unknown,terrestrial indet.,Mescalerolemur horneri
ulna,60.2,0.0,9.4,4.7,-117.07,39.37,Mehrten,mudstone,terrestrial indet.,Pliotaxidea garberi
m1-m4,12.2,0.0,7.246,5.333,-61.88,-37.45,Cerro Azul,siltstone,loess,Thylatheridium dolgopolae
M1,18.0,17.4,18.5,16.3,-97.3,45.37,middle Miocene,unknown,terrestrial indet.,Miolabis fissidens
m1,1.7,1.28,56.0,51.1,-80.68,50.99,Wind River,unknown,terrestrial indet.,Apatemys bellulus
m2,0.99,0.97,39.7,37.0,-86.94,56.36,Cypress Hills,unknown,terrestrial indet.,Adjidaumo craigi
i1,6.7,4.3,17.5,16.3,-65.05,-17.94,Chucal,sandstone,floodplain,Altitypotherium chucalensis
m1,2.45,1.8,24.7,23.1,-90.25,48.13,Monroe Creek,unknown,terrestrial indet.,Promylagaulus riggsi
P3,1.6,3.4,29.5,18.5,-106.02,38.05,Tick Canyon,siltstone,fluvial indet.,Archaeolagus acaricolus
P4,1.73,2.03,37.0,33.9,-95.21,52.63,Renova,claystone,terrestrial indet.,Cylindrodon fontis
m1,14.2,11.4,1.8,0.774,-82.13,27.87,Bermont,sandstone,estuary/bay,Platygonus vetus
M2,7.5,8.9,45.9,39.7,-85.58,35.54,Devil's Graveyard,unknown,terrestrial indet.,Leptoreodon marshi
M2,6.5333,5.9667,66.0,63.4,-70.31,49.63,Denver,shale,terrestrial indet.,Catopsalis alexanderi
p2,5.1,2.9,8.0,5.0,-67.27,-33.39,Huayquerías,unknown,terrestrial indet.,Cyonasua pascuali
P3,1.75,3.4,18.5,16.3,-93.54,47.05,Rosebud,conglomerate,coarse channel fill,Archaeolagus macrocephalus
M1,1.59,1.81,39.7,37.0,-86.94,56.36,Cypress Hills,unknown,terrestrial indet.,Churcheria baroni
skull,593.0,239.0,48.07,41.03,33.01,17.39,Mokattam,limestone,open shallow subtidal,Protocetus atavus
M3,0.94,0.96,4.7,1.4,-108.45,33.49,Gila Conglomerate,unknown,fluvial-lacustrine indet.,Onychomys pedroensis
Ulna Olecranon,0.0,0.0,13.8,11.0,-71.57,4.04,Villavieja,claystone,terrestrial indet.,Prodolichotis pridiana
m1,1.5,1.3,63.4,60.9,-74.72,61.99,Paskapoo,siltstone,terrestrial indet.,Edworthia lerbekmoi
P4,6.5145,3.48,66.0,63.4,-71.42,52.32,Ferris,unknown,terrestrial indet.,Alveugena carbonensis
M1,3.2,4.3,12.5,9.4,-94.8,41.74,Ogallala,siltstone,floodplain,Ceratogaulus minor
M2,7.6,8.85,4.7,1.4,-116.59,43.67,unknown,unknown,terrestrial indet.,Castor californicus
M3,0.0,4.0,13.8,11.0,-71.57,4.04,Villavieja,claystone,terrestrial indet.,Prodolichotis pridiana
M1,10.6,15.2,29.5,18.5,-71.63,31.26,unknown,claystone,fissure fill,Osbornodon wangi
Lower m1 or 2,0.0,0.85,13.8,11.0,-71.6,4.07,Villavieja,mudstone,fluvial indet.,Thyroptera robusta
m2,4.8,3.7,21.0,17.5,-62.13,-42.85,Sarmiento,mixed carbonate-siliciclastic,terrestrial indet.,Chubutomys leucoreios
m1,2.5,2.0,23.1,18.5,-93.3,47.08,Harrison,unknown,terrestrial indet.,Sanctimus falkenbachi
M2,4.1,2.2,16.3,15.5,-68.67,-43.88,Río Frias,tuff,fluvial indet.,Abderites meridionalis
m1,3.18,1.58,60.9,57.5,-77.86,50.78,Fort Union,unknown,terrestrial indet.,Ptilodus kummae
Scute 4,20.0,0.0,15.98,11.63,-60.66,9.5,Santa Ines,unknown,terrestrial indet.,Boreostemma venezolensis
ulna,140.0,0.0,27.3,23.04,-105.22,40.13,Jewett,sandstone,marine indet.,Miodelphis californicus
M2,17.2,15.5,23.04,5.333,-113.8,37.56,unknown,unknown,terrestrial indet.,Ticholeptus calimontanus
p4,12.4,8.2,9.4,4.7,-78.95,28.93,Peace River,sandstone,marginal marine indet.,Pseudhipparion simpsoni
m3,1.19,0.97,39.7,37.0,-86.94,56.36,Cypress Hills,unknown,terrestrial indet.,Metanoiamys lacus
m2,32.9,15.9,18.5,16.3,-99.21,47.39,Arikaree,unknown,eolian indet.,Protolabis heterodontus
M2,5.49,8.07,56.0,51.1,-88.74,34.68,Las Tetas de Cabra,sandstone,fluvial-lacustrine indet.,Wyolestes iglesius
M2,2.15,2.39,72.2,66.0,-66.02,53.68,Lance,sandstone,terrestrial indet.,Alphadon marshi
P4,11.6,12.8,2.58,0.0,-72.44,-10.88,unknown,conglomerate,fluvial indet.,Tayassu pecari
m1,5.5,5.3,11.63,5.333,-55.19,-34.48,Camacho,sandstone,alluvial fan,Pseudoplohophorus absolutus
M1,4.1,4.1,56.0,51.1,-81.07,52.21,Willwood,unknown,terrestrial indet.,Prolimnocyon eerius
ulna,107.1,8.0,56.0,51.1,-80.91,52.72,Willwood,sandstone,channel,Sifrhippus grangeri
m1,3.9,3.2,60.9,57.5,-79.81,51.07,Evanston,siliciclastic,terrestrial indet.,Aphronorus orieli
M1,90.0,65.7,9.4,4.7,-116.57,41.27,unknown,unknown,terrestrial indet.,Mammut matthewi
P4,1.85,2.8,56.0,51.1,-82.23,49.71,Wasatch,unknown,terrestrial indet.,Arapahovius gazini
m3,32.49,16.19,12.5,9.4,-77.8,31.36,Alachua,unknown,marginal marine indet.,Yumaceras hamiltoni
M1,5.54,7.13,57.5,56.0,-78.79,52.74,Willwood,unknown,terrestrial indet.,Plesiadapis cookei
m1,2.6,2.6,60.9,57.5,-76.47,54.83,unknown,unknown,terrestrial indet.,Plesiadapis praecursor
Metacarpal IV proximal end,0.0,45.0,13.8,11.0,-71.59,4.07,unknown,claystone,terrestrial indet.,Magdalenabradys confusum
m1,1.03,0.93,39.7,37.0,-86.94,56.36,Cypress Hills,unknown,terrestrial indet.,Metanoiamys lacus
humerus,61.5,0.0,9.4,4.7,-117.07,39.37,Mehrten,mudstone,terrestrial indet.,Pliotaxidea garberi
M1,2.5,1.9,29.5,18.5,-92.48,48.02,Gering,unknown,terrestrial indet.,Florentiamys kingi
m1,4.0,3.61,45.9,39.7,-85.58,35.54,Devil's Graveyard,unknown,terrestrial indet.,Thisbemys corrugatus
M2,0.89,1.31,18.5,16.3,-95.74,46.55,Runningwater,unknown,terrestrial indet.,Pleurolicus exiguus
P4,2.23,1.33,72.2,66.0,-65.32,60.38,Frenchman,siltstone,floodplain,Mesodma formosa
m2,8.0,5.9,13.8,11.0,-71.59,4.05,Villavieja,claystone,terrestrial indet.,Drytomomys aequatorialis
M2,23.7,27.0,2.58,0.774,-81.8,30.02,unknown,unknown,terrestrial indet.,Tapirus (Helicotapirus) lundeliusi
P2,19.3,24.1,2.58,0.774,-81.8,30.02,unknown,unknown,terrestrial indet.,Tapirus (Helicotapirus) lundeliusi
m3,5.3,0.0,13.8,11.0,-71.57,4.04,Villavieja,claystone,terrestrial indet.,Prodolichotis pridiana
M3,19.85,16.2,23.04,5.333,-113.8,37.56,unknown,unknown,terrestrial indet.,Ticholeptus calimontanus
M1,1.92,2.31,72.2,66.0,-66.02,53.68,Lance,sandstone,terrestrial indet.,Leptalestes cooki
m1,3.185,1.68,66.0,63.4,-67.64,57.54,Fort Union,sandstone,coarse channel fill,Oxyprimus erikseni
m1,26.0,18.0,51.1,45.9,-85.65,49.81,Bridger,unknown,terrestrial indet.,Telmatherium validus
m1,2.5,1.9,33.9,31.8,-95.92,53.11,unknown,unknown,terrestrial indet.,Eumys cricetodontoides
Scapula glenoid fossa,0.0,0.0,13.8,11.0,-71.57,4.04,Villavieja,claystone,terrestrial indet.,Prodolichotis pridiana
Lower p4 Talonid,0.0,16.0,2.58,0.0117,-69.21,9.93,unknown,claystone,terrestrial indet.,Mixotoxodon larensis
m1,1.89,1.48,39.7,37.0,-86.94,56.36,Cypress Hills,unknown,terrestrial indet.,Talpavus conjunctus
M3,0.0,2.0,13.8,11.0,-71.57,4.04,Villavieja,claystone,terrestrial indet.,Prodolichotis pridiana
M2,1.21,0.99,12.5,9.4,-111.49,46.16,Juntura,unknown,terrestrial indet.,Copemys dentalis
m1,1.5,1.2,63.4,60.9,-74.72,61.99,Paskapoo,siltstone,terrestrial indet.,Edworthia lerbekmoi
p4,7.2,4.5,17.5,16.3,-65.05,-17.94,Chucal,sandstone,floodplain,Altitypotherium chucalensis
m2,2.9,2.1,72.2,66.0,-65.92,53.69,Lance,shale,terrestrial indet.,Cimolodon nitidus
m1,2.62,2.01,56.0,51.1,-78.54,51.42,unknown,unknown,terrestrial indet.,Haplomylus speirianus
m1,2.42,2.24,60.9,57.5,-77.42,52.51,Fort Union,unknown,terrestrial indet.,Nannodectes intermedius
M3,2.67,2.87,21.0,17.5,-62.19,-42.83,Sarmiento,mudstone,paralic indet.,Eoviscaccia australis
Lower m2 hypostriid,0.72,0.0,13.8,11.0,-71.53,4.1,Villavieja,unknown,terrestrial indet.,Microsteiromys jacobsi
P3,26.5,31.4,39.7,37.0,-84.14,51.5,Slim Buttes,siliciclastic,fluvial indet.,Duchesneodus uintensis
M3,1.0,1.1,13.8,11.0,-62.62,-21.44,unknown,claystone,fluvial indet.,Hondalagus altiplanensis
skull,425.0,0.0,20.45,15.98,-70.8,-13.96,Chilcatay,siltstone,marine indet.,Incacetus broggii
m2,1.66,0.83,8.0,5.0,-62.61,-36.4,Cerro Azul,siltstone,loess,Thylamys pinei
M3,2.5,2.7,16.3,12.5,-109.76,46.69,Butte Creek,volcaniclastic,terrestrial indet.,Protospermophilus malheurensis
Radius proximal end,0.0,0.0,13.8,11.0,-71.59,4.06,La Victoria,claystone,terrestrial indet.,Magdalenabradys confusum
m1,12.6,11.8,1.4,0.21,-78.33,39.84,unknown,unknown,cave,Platygonus vetus
P3,10.3,3.7,1.4,0.21,-101.99,22.04,Tacubaya,unknown,terrestrial indet.,Canis cedazoensis
p4,6.5,4.1,17.5,16.3,-65.05,-17.94,Chucal,sandstone,floodplain,Hegetotherium mirabile
M3,17.2,14.4,2.58,0.0,-72.44,-10.88,unknown,conglomerate,fluvial indet.,Tayassu pecari
m2,29.5,20.4,51.1,45.9,-85.53,49.05,Bridger,unknown,terrestrial indet.,Palaeosyops robustus
M1,3.1,4.78,60.9,57.5,-77.78,49.27,Ohio Creek,sandstone,channel lag,Gelastops parcus
m1,4.9,3.8,51.1,45.9,-86.97,49.35,Bridger,tuff,fluvial indet.,Smilodectes mcgrewi
M1,31.4,27.6,17.5,16.3,-65.05,-17.94,Chucal,sandstone,floodplain,Nesodon imbricatus
P4,1.08,1.1,39.7,37.0,-100.3,38.92,Sespe,unknown,terrestrial indet.,Metanoiamys korthi
P1,8.1,5.1,51.1,45.9,-83.12,50.2,Wind River,mudstone,fluvial-lacustrine indet.,Malfelis badwaterensis
M2,1.36,1.39,39.7,37.0,-98.36,37.35,Pomerado,mudstone,terrestrial indet.,Nonomys gutzleri
p3,3.0,2.605,9.4,4.7,-109.42,40.73,Sevier,siltstone,terrestrial indet.,Hypolagus vetus
M2,2.51,3.355,23.04,5.333,-94.81,39.87,Ogallala,unknown,terrestrial indet.,Spermophilus dotti
M3,1.92,2.53,39.7,37.0,-86.94,56.36,Cypress Hills,unknown,terrestrial indet.,Centetodon magnus
i,1.8,1.25,15.5,13.8,-67.65,-39.73,Collón Cura,tuff,terrestrial indet.,Protacaremys denisae
m2,4.63,3.22,29.5,18.5,-71.63,31.26,unknown,claystone,fissure fill,Phlaocyon taylori
M3,31.2,23.8,24.7,23.1,-106.88,51.22,unknown,tuff,floodplain,Promerycochoerus superbus
M1,1.2067,1.5033,9.4,4.7,-115.43,47.6,Alkali Canyon,sandstone,terrestrial indet.,Neotamias malloryi
m1,2.74,3.05,24.7,23.1,-95.79,54.96,Cypress Hills,unknown,terrestrial indet.,Archaeolagus macrocephalus
M2,53.0,70.0,12.5,9.4,-96.15,37.71,unknown,unknown,terrestrial indet.,Teleoceras major
m1,4.85,3.8,66.0,63.4,-68.59,59.89,Ravenscrag,sandstone,terrestrial indet.,Oxyclaenus corax
Lower dP3,9.2,6.7,2.58,0.0,-72.44,-10.88,unknown,conglomerate,fluvial indet.,Tayassu pecari
P3,1.5,2.3,18.5,16.3,-95.42,44.85,Pawnee Creek,unknown,channel,Oreolagus wilsoni
M3,0.96,0.92,12.5,9.4,-111.49,46.16,Juntura,unknown,terrestrial indet.,Copemys dentalis
m1,4.3,2.5,51.1,45.9,-87.38,49.45,Bridger,unknown,terrestrial indet.,Viverravus minutus
P4,3.2,1.25,63.4,60.9,-76.69,46.56,Nacimiento,unknown,terrestrial indet.,Mimetodon krausei
P3,3.7,4.5,45.9,39.7,-90.0,47.38,Uinta,unknown,terrestrial indet.,Mesomeryx grangeri
m1,2.9,2.25,56.0,51.1,-80.53,51.98,Willwood,unknown,fluvial-lacustrine indet.,Steinius annectens
M3,2.26,1.88,4.7,1.4,-115.73,34.46,San Timoteo,unknown,terrestrial indet.,Neotoma fossilis
m1,26.0,11.1,9.4,4.7,-99.9,23.41,unknown,unknown,terrestrial indet.,Borophagus secundus
Upper M1,1.09,0.0,13.8,11.0,-71.6,4.07,Villavieja,mudstone,fluvial indet.,Thyroptera robusta
m1,8.8,4.7,12.5,9.4,-93.37,31.18,Goliad,unknown,terrestrial indet.,Pseudoceras skinneri
Ulna,85.0,0.0,13.8,11.0,-71.59,4.05,Villavieja,claystone,terrestrial indet.,Drytomomys aequatorialis
m1,1.588,1.08,12.5,9.4,-94.8,45.3,Ash Hollow,siliciclastic,channel,Antecalomys phthanus
Tibia,478.0,0.0,13.8,11.0,-71.62,4.01,La Victoria,claystone,terrestrial indet.,Granastrapotherium snorki
Humerus,80.0,0.0,13.8,11.0,-71.59,4.05,Villavieja,claystone,terrestrial indet.,Drytomomys aequatorialis
Scute 17,25.0,0.0,15.98,11.63,-60.66,9.5,Santa Ines,unknown,terrestrial indet.,Boreostemma venezolensis
P3,21.2,22.2,16.3,12.5,-78.43,32.76,Torreya,sandstone,marginal marine indet.,Anchitherium clarencei
M1,30.08,31.7,1.4,0.21,-116.58,34.09,San Timoteo,unknown,terrestrial indet.,Plesippus simplicidens
M1,21.9,26.3,2.58,0.774,-81.8,30.02,unknown,unknown,terrestrial indet.,Tapirus (Helicotapirus) lundeliusi
m3,22.8,14.5,2.58,0.0,-72.44,-10.88,unknown,conglomerate,fluvial indet.,Tayassu pecari
M1,1.5,1.5,51.1,45.9,-83.03,27.44,Guanjuato Red Conglomerate,unknown,terrestrial indet.,Floresomys guanajuatoensis
Cranium,109.0,21.7,13.8,11.0,-71.57,4.04,Villavieja,claystone,terrestrial indet.,Prodolichotis pridiana
Scaphoid,66.0,0.0,13.8,11.0,-71.62,4.01,Villavieja,claystone,terrestrial indet.,Magdalenabradys confusum
m1,29.5,11.6,4.7,1.4,-115.28,36.84,Tecopa Lake Beds,mudstone,lacustrine indet.,Capricamelus gettyi
M2,22.0,27.8,51.1,45.9,-86.38,50.22,Bridger,unknown,terrestrial indet.,Hyrachyus eximius
M3,3.42,3.9,56.0,51.1,-82.05,44.29,San Jose,unknown,terrestrial indet.,Microsyops latidens
m1,4.3,6.4,33.9,31.8,-87.83,47.98,Brule,unknown,terrestrial indet.,Santuccimeryx elissae
Jaw,266.5,0.0,13.8,11.0,-71.57,4.04,Villavieja,claystone,terrestrial indet.,Magdalenabradys confusum
m2,1.58,0.83,8.0,5.0,-62.61,-36.4,Cerro Azul,siltstone,loess,Zygolestes tatei
Lower m1,0.0,2.0,13.8,11.0,-71.53,4.1,Villavieja,unknown,terrestrial indet.,Ricardomys longidens
m2,2.01,1.84,39.7,37.0,-86.94,56.36,Cypress Hills,unknown,terrestrial indet.,Eutypomys acares
M2,1.03,1.01,9.4,4.7,-98.19,23.07,Rancho Viejo Beds,claystone,channel,Calomys (Bensonomys) baskini
m1,1.8,1.0,72.2,66.0,-74.19,48.42,unknown,unknown,terrestrial indet.,Alphadon halleyi
M2,27.4,18.5,1.4,0.21,-101.54,33.94,unknown,unknown,terrestrial indet.,Hemiauchenia macrocephala
m2,7.5,7.8,13.8,11.0,-71.59,4.05,Villavieja,claystone,terrestrial indet.,Drytomomys aequatorialis
m3,5.11,3.21,60.9,57.5,-76.01,53.78,Fort Union,unknown,terrestrial indet.,Plesiadapis fodinatus
P2,0.7,0.4,63.4,60.9,-74.71,61.93,Paskapoo,unknown,fluvial indet.,Picrodus calgariensis
Upper M2; Antero-posterior diameter,15.0,0.0,11.63,7.246,-65.5,-9.7,Solimões,claystone,fluvial-lacustrine indet.,Neoepiblema horridula
m3,0.73,1.0,9.4,4.7,-107.29,37.9,Bidahochi,unknown,terrestrial indet.,Cupidinimus bidahochiensis
m1,3.1,2.1,56.0,51.1,-80.61,52.34,Willwood,siliciclastic,fluvial-lacustrine indet.,Tubulodon atopum
M1,9.1,13.0,63.4,60.9,-76.11,45.82,Nacimiento,unknown,terrestrial indet.,Conoryctes comma
M2,5.3,7.8,18.5,16.3,-94.98,46.73,Runningwater,unknown,terrestrial indet.,Edaphocyon lautus
m1,3.9,2.9,60.9,57.5,-77.27,55.0,Fort Union,unknown,terrestrial indet.,Aphronorus orieli
m1,2.2,2.3,23.1,18.5,-94.48,33.9,Delaho,unknown,terrestrial indet.,Archaeolagus acaricolus
M2,69.8,66.0,9.4,4.7,-97.13,37.75,unknown,unknown,terrestrial indet.,Aphelops mutilus
m1,19.8,10.4,66.0,63.4,-76.0,47.4,Nacimiento,unknown,terrestrial indet.,Taeniolabis taoensis
m1,6.16,3.5,56.0,51.1,-88.74,34.68,Las Tetas de Cabra,sandstone,fluvial-lacustrine indet.,Wyolestes iglesius
M1,2.13,1.67,4.7,1.4,-111.51,35.31,Verde,unknown,terrestrial indet.,Sigmodon minor
m3,2.82,2.09,56.0,51.1,-79.64,51.58,Willwood,mudstone,terrestrial indet.,Acritoparamys atwateri
M1,19.3,17.1,12.5,9.4,-77.8,31.36,Alachua,unknown,marginal marine indet.,Neohipparion trampasense
radius,10.6,2.2,12.5,9.4,-94.92,45.57,Valentine,unknown,terrestrial indet.,Domninoides mimicus
m1,2.21,1.28,23.1,18.5,-90.01,47.22,Harrison,unknown,terrestrial indet.,Centetodon divaricatus
m1,15.4,21.5,1.4,0.21,-74.83,40.33,unknown,unknown,cave,Megalonyx wheatleyi
femur,17.7,2.2,12.5,9.4,-94.92,45.57,Valentine,unknown,terrestrial indet.,Domninoides mimicus
m1,28.2,16.2,4.7,1.4,-117.11,35.97,Tulare,unknown,terrestrial indet.,Equus mexicanus
m1,24.2833,15.4,1.4,0.21,-101.54,33.94,unknown,unknown,terrestrial indet.,Equus conversidens
i1,0.0,0.0,13.8,11.0,-71.59,4.05,Villavieja,claystone,terrestrial indet.,Drytomomys aequatorialis
Lower m1,4.2,1.9,13.8,11.0,-71.55,4.09,La Victoria,sandstone,fluvial indet.,Pithiculites chenche
M2,6.6,10.1,9.4,4.7,-98.52,41.18,unknown,unknown,terrestrial indet.,Eucyon davisi
M1,27.2,39.7,16.3,12.5,-111.81,38.82,Barstow,unknown,terrestrial indet.,Megahippus mckennai
p3,1.0,0.7,56.0,51.1,-7.41,73.41,Margaret,unknown,deltaic indet.,Arcticanodon dawsonae
M3,1.95,2.5,72.2,66.0,-74.19,48.42,unknown,unknown,terrestrial indet.,Leptalestes prokrejcii
M2,9.5,0.0,17.5,16.3,-65.05,-17.94,Chucal,sandstone,floodplain,Eotypotherium chico
Skull,0.0,0.0,13.8,11.0,-71.6,3.99,La Victoria,claystone,terrestrial indet.,Boreostemma acostae
m1,10.14,7.32,56.0,51.1,-80.68,50.99,Wind River,unknown,terrestrial indet.,Heptodon calciculus
M3,16.1,14.9,2.58,0.0,-72.44,-10.88,unknown,conglomerate,fluvial indet.,Tayassu pecari
M1,10.1,9.1,16.3,4.7,-96.81,42.36,Ogallala,unknown,terrestrial indet.,Leptarctus wortmani
M1,9.2,8.4,9.4,4.7,-97.13,37.75,unknown,unknown,terrestrial indet.,Texoceros altidens
m1,2.6,2.25,66.0,63.4,-75.98,47.36,unknown,unknown,terrestrial indet.,Chacomylus sladei
M1,1.85,3.57,39.7,37.0,-86.94,56.36,Cypress Hills,unknown,terrestrial indet.,Tachylagus gawneae
M1,1.86,1.08,9.4,4.7,-109.42,40.73,Sevier,siltstone,terrestrial indet.,Paronychomys lemredfieldi
m1,2.9,2.6,60.9,57.5,-76.38,61.88,Paskapoo,siltstone,lacustrine indet.,Pronothodectes gaoi
Skull,0.0,0.0,11.63,7.246,-67.43,-17.99,Huaylas,sandstone,lacustrine indet.,Caraguatypotherium munozi
M3,11.0,11.0,37.0,33.9,-86.26,48.45,Chadron,siltstone,terrestrial indet.,Pseudoprotoceras longinaris
m1,1.905,1.405,33.9,31.8,-91.61,49.36,unknown,siltstone,lacustrine - small,Proscalops miocaenus
p4,20.5,8.5,48.07,41.03,74.19,11.51,Kuldana,conglomerate,fluvial indet.,Pakicetus inachus
P3,25.35,26.45,1.4,0.21,-101.54,33.94,unknown,unknown,terrestrial indet.,Equus conversidens
m1,3.1,2.4,66.0,63.4,-71.41,52.31,Ferris,unknown,terrestrial indet.,Conacodon cophater
p4,16.0,11.5,11.63,7.246,-65.5,-9.7,Solimões,claystone,fluvial-lacustrine indet.,Neoepiblema acreensis
m2,3.1,3.74,12.5,9.4,-94.8,45.3,Ash Hollow,siliciclastic,channel,Nothodipoides planus
p4,19.4,10.8,16.3,12.5,-93.24,45.91,Valentine,unknown,terrestrial indet.,Pseudhipparion retrusum
M1,8.6,10.5,37.0,33.9,-87.35,47.77,Chadron,siltstone,terrestrial indet.,Pseudoprotoceras minor
m1,4.2,2.8,4.7,1.4,-99.84,33.43,unknown,sandstone,fluvial indet.,Neotoma quadriplicata
P2,10.18,13.1,33.9,31.8,-86.28,49.04,Brule,sandstone,channel,Colodon occidentalis
m1,26.4,12.5,4.7,1.4,-116.95,36.95,unknown,unknown,terrestrial indet.,Plesippus simplicidens
m1,6.435,4.537,66.0,63.4,-71.42,52.32,Ferris,unknown,terrestrial indet.,Ampliconus antoni
m1,12.0,12.5,1.4,0.21,-99.14,33.99,Seymour,unknown,terrestrial indet.,Platygonus vetus
m1,2.4,1.9,51.1,45.9,-85.65,49.81,Bridger,unknown,terrestrial indet.,Washakius insignis
m1,125.0,71.0,4.7,1.4,-105.96,34.77,Palomas,sandstone,fluvial indet.,Rhynchotherium falconeri
m1,1.33,1.465,9.4,4.7,-105.37,30.85,unknown,unknown,terrestrial indet.,Prosigmodon oroscoi
P4,1.55,1.43,4.7,1.4,-115.73,34.46,San Timoteo,unknown,terrestrial indet.,Thomomys gidleyi
M4,0.8,0.75,13.8,11.0,-62.62,-21.44,unknown,claystone,fluvial indet.,Hondalagus altiplanensis
m1,13.8,6.0,9.4,4.7,-115.46,46.26,Rattlesnake,siltstone,terrestrial indet.,Lutravus halli
Lower p4,27.0,19.0,13.8,11.0,-71.57,4.04,Villavieja,claystone,terrestrial indet.,Huilatherium pluripicatum
Lower dp3,2.06,1.63,13.8,11.0,-71.53,4.09,La Victoria,unknown,terrestrial indet.,Patasola magdalenae
m3,13.8,5.7,17.5,16.3,-65.05,-17.94,Chucal,sandstone,floodplain,Altitypotherium chucalensis
M2,1.14,1.72,23.1,18.5,-94.48,33.9,Delaho,unknown,terrestrial indet.,Gregorymys riograndensis
m2,45.1,20.5,1.4,0.21,-101.99,22.04,Tacubaya,unknown,terrestrial indet.,Camelops hesternus
tibia,446.0,80.0,37.0,33.9,-85.06,49.44,Chadron,siliciclastic,fluvial-lacustrine indet.,Diploclonus tyleri
P4,20.3,18.9,12.5,9.4,-77.8,31.36,Alachua,unknown,marginal marine indet.,Neohipparion trampasense
Lower I2,0.0,15.0,2.58,0.0117,-69.21,9.93,unknown,claystone,terrestrial indet.,Mixotoxodon larensis
P3,6.3,3.5,13.8,11.0,-71.62,4.01,Villavieja,unknown,terrestrial indet.,Hondadelphys fieldsi
Lower p2-m3,38.1,0.0,61.66,56.0,-54.58,2.97,Bogotá,sandstone,terrestrial indet.,Etayoa bacatensis
m1,7.3,6.4,37.0,33.9,-87.35,47.77,Chadron,siltstone,terrestrial indet.,Pseudoprotoceras minor
m3,5.4,5.2,13.8,11.0,-71.59,4.05,Villavieja,claystone,terrestrial indet.,Scleromys colombianus
m1,1.37,1.33,60.9,57.5,-76.47,54.83,Melville,unknown,terrestrial indet.,Elphidotarsius russelli
m1,14.8,9.9,39.7,37.0,-88.5,36.09,Chambers Tuff,unknown,terrestrial indet.,Hyracodon medius
M4,2.8,3.0,16.3,15.5,-68.67,-43.88,Río Frias,tuff,fluvial indet.,Abderites meridionalis
m1,35.2,20.0,29.0,21.0,-50.73,-34.69,Fray Bentos,sandstone,fluvial indet.,Scarrittia robusta
m1,2.0,0.9,63.4,60.9,-73.65,56.02,Fort Union,unknown,terrestrial indet.,Ectypodus szalayi
P4-M3 Alveolar,20.8,0.0,13.8,11.0,-71.57,4.04,Villavieja,claystone,terrestrial indet.,Prodolichotis pridiana
M1,9.7,13.4,45.9,39.7,-85.58,35.54,Chisos,unknown,terrestrial indet.,Miocyon vallisrubrae
P4,10.6,6.0,45.9,39.7,-98.28,39.4,Sespe,unknown,terrestrial indet.,Procynodictis progressus
M2,0.0,4.1,13.8,11.0,-71.57,4.04,Villavieja,claystone,terrestrial indet.,Prodolichotis pridiana
p4,2.28,1.4,63.4,60.9,-73.72,54.42,unknown,unknown,terrestrial indet.,Plesiolestes problematicus
M2,9.6,12.7,39.7,37.0,-88.5,36.09,unknown,unknown,terrestrial indet.,Heteromeryx dispar
P4,25.0,12.0,9.4,4.7,-98.52,41.18,unknown,unknown,terrestrial indet.,Adelphailurus kansensis
m1,1.91,1.83,45.9,39.7,-85.58,35.54,Devil's Graveyard,unknown,terrestrial indet.,Prolapsus junctionis
i2,5.0,3.8,17.5,16.3,-65.05,-17.94,Chucal,sandstone,floodplain,Altitypotherium paucidens
m1,1.6,1.2,51.1,45.9,-87.38,49.45,Bridger,unknown,terrestrial indet.,Apatemys bellulus
Upper canine,0.0,0.0,13.8,11.0,-71.62,4.01,Villavieja,claystone,terrestrial indet.,Xenastrapotherium kraglievichi
m4,3.5,1.9,7.246,5.333,-61.88,-37.45,Cerro Azul,siltstone,loess,Thylatheridium dolgopolae
m2,5.3,4.6,51.1,45.9,-82.61,44.55,Huerfano,unknown,terrestrial indet.,Smilodectes mcgrewi
m1,3.145,2.566,66.0,63.4,-71.65,52.22,Ferris,unknown,terrestrial indet.,Valenia wilsoni
M1,5.25,2.3,57.5,56.0,-78.79,52.74,unknown,unknown,terrestrial indet.,Prochetodon taxus
i3,14.0,19.0,29.0,21.0,-50.73,-34.69,Fray Bentos,sandstone,fluvial indet.,Scarrittia robusta
M3,17.25,23.5,9.4,4.7,-116.87,39.07,Mehrten,unknown,terrestrial indet.,Megalonyx mathisi
m1,2.21,2.26,33.9,31.8,-87.83,47.98,Brule,unknown,terrestrial indet.,Pelycomys brulanus
M4,20.9,16.3,11.63,5.333,-55.13,-34.57,Camacho,mudstone,fluvial-deltaic indet.,Lestobradys sprechmanni
m1,6.25,5.65,45.9,39.7,-87.18,50.06,Tepee Trail,unknown,terrestrial indet.,Tarka stylifera
Lower dp4,2.5,1.5,13.8,11.0,-71.53,4.09,La Victoria,unknown,terrestrial indet.,Patasola magdalenae
m1,4.175,3.284,66.0,63.4,-71.43,52.32,Ferris,unknown,terrestrial indet.,Maiorana ferrisensis
M2,2.19,2.39,45.9,39.7,-85.58,35.54,Devil's Graveyard,unknown,terrestrial indet.,Prolapsus sibilatoris
m1,2.6,2.3,16.3,12.5,-109.76,46.69,Butte Creek,volcaniclastic,terrestrial indet.,Liodontia alexandrae
M2,2.01,1.1,1.4,0.21,-99.92,37.44,Crooked Creek,unknown,terrestrial indet.,Mictomys kansasensis
M1,3.06,4.2,57.5,56.0,-78.79,52.74,unknown,unknown,terrestrial indet.,Plesiadapis dubius
P3,19.8,25.2,17.5,16.3,-65.05,-17.94,Chucal,sandstone,floodplain,Nesodon imbricatus
p4,1.1,0.8,51.1,45.9,-83.03,27.44,Guanjuato Red Conglomerate,unknown,terrestrial indet.,Floresomys guanajuatoensis
M2,1.01,1.32,18.5,16.3,-111.27,37.93,Branch Canyon,unknown,terrestrial indet.,Proheteromys sulculus
M3,5.15,7.78,57.5,56.0,-78.79,52.74,Willwood,unknown,terrestrial indet.,Plesiadapis cookei
p4,19.1,10.25,12.5,9.4,-113.02,37.67,Santa Margarita,unknown,terrestrial indet.,Hipparion tehonense
M2,1.9,2.15,15.5,13.8,-67.65,-39.73,Collón Cura,tuff,terrestrial indet.,Protacaremys denisae
Metatarsal III,0.0,0.0,13.8,11.0,-71.53,4.1,Villavieja,sandstone,terrestrial indet.,Magdalenabradys confusum
M1,6.8,11.0,39.7,37.0,-98.62,37.74,Santiago,sandstone,channel,Lycophocyon hutchisoni
M1,1.71,1.4,39.7,37.0,-98.36,37.35,Pomerado,mudstone,terrestrial indet.,Nonomys gutzleri
p3,0.99,0.41,8.0,5.0,-62.61,-36.4,Cerro Azul,siltstone,loess,Zygolestes tatei
m1,3.0667,2.0667,16.3,12.5,-101.18,40.09,Tesuque,unknown,terrestrial indet.,Untermannerix copiosus
m2,1.77,1.33,9.4,1.4,-83.09,41.51,unknown,unknown,terrestrial indet.,Ogmodontomys pipecreekensis
m1,0.9,0.88,1.4,0.21,-99.92,37.44,Crooked Creek,unknown,terrestrial indet.,Perognathus pearlettensis
femur,255.75,0.0,31.8,29.5,-87.22,48.58,Brule,sandstone,fluvial indet.,Miohippus gidleyi
c1,1.52,1.08,2.58,0.774,-136.88,63.38,unknown,siliciclastic,loess,Mustela jacksoni
Neurocranium,284.0,0.0,13.8,11.0,-71.57,4.03,Villavieja,sandstone,terrestrial indet.,Granastrapotherium snorki
M3,24.0,19.0,2.58,0.0117,-77.03,40.9,unknown,gravel,terrestrial indet.,Platygonus vetus
Upper M2; Maximal transverse diameter,0.0,13.9,11.63,7.246,-65.5,-9.7,Solimões,claystone,fluvial-lacustrine indet.,Neoepiblema horridula
M1,2.5,2.0,29.5,18.5,-92.48,48.02,unknown,unknown,terrestrial indet.,Florentiamys kingi
Radius shaft,0.0,45.0,13.8,11.0,-71.62,4.01,La Victoria,claystone,terrestrial indet.,Granastrapotherium snorki
Lower p2,3.06,2.5,13.8,11.0,-70.96,4.43,La Victoria,unknown,terrestrial indet.,Lagonimico conclucatus
m1,2.76,1.96,33.9,31.8,-95.92,53.11,unknown,unknown,terrestrial indet.,Eumys cricetodontoides
skull,2940.0,1970.0,11.63,7.246,-73.66,-13.74,Pisco,unknown,coastal indet.,Livyatan melvillei
M1,2.0,1.5,24.7,23.1,-95.79,54.96,Cypress Hills,unknown,terrestrial indet.,Geringia gloveri
p4,3.98,2.78,56.0,51.1,-82.33,43.51,San Jose,unknown,terrestrial indet.,Cantius frugivorus
m1,38.6,22.5,1.4,0.21,-101.99,22.04,Tacubaya,unknown,terrestrial indet.,Camelops hesternus
M1,1.6775,1.035,12.5,9.4,-94.8,45.3,Ash Hollow,siliciclastic,channel,Antecalomys phthanus
P4,2.81,3.05,18.5,16.3,-75.25,32.13,Alachua,sandstone,terrestrial indet.,Petauristodon pattersoni
m1,1.91,1.63,45.9,39.7,-85.58,35.54,Devil's Graveyard,unknown,terrestrial indet.,Prolapsus junctionis
P3,14.0,17.0,12.5,9.4,-96.17,37.73,Clarendon Beds,claystone,floodplain,Pseudhipparion hessei
m1,15.8,12.3,23.04,20.45,-84.46,34.75,Fleming,conglomerate,coarse channel fill,Floridachoerus olseni
m1,1.61,0.98,16.3,12.5,-109.76,46.69,Deer Butte,unknown,terrestrial indet.,Achlyoscapter longirostris
m1,47.5,35.6,24.7,23.1,-87.43,47.63,Turtle Butte,unknown,terrestrial indet.,Archaeotherium trippensis
P4,25.85,15.3,18.5,16.3,-94.98,46.73,Runningwater,unknown,terrestrial indet.,Amphicyon galushai
P2,2.5,2.1,51.1,45.9,-82.61,44.55,Huerfano,unknown,terrestrial indet.,Smilodectes mcgrewi
m2,2.3,2.0,29.5,18.5,-92.34,47.0,unknown,unknown,terrestrial indet.,Sanctimus stouti
m3,16.0,11.5,20.45,13.82,-68.39,40.19,Calvert,claystone,transition zone/lower shoreface,Tapiravus validus
M1,2.0723,2.2833,72.2,66.0,-65.32,60.38,Frenchman,sandstone,coarse channel fill,Nortedelphys jasoni
P3,22.0,0.0,9.4,4.7,-96.77,39.04,Ogallala,unknown,terrestrial indet.,Machairodus catocopis
m3,1.5075,1.04,9.4,4.7,-114.86,44.46,Drewsey,unknown,terrestrial indet.,Goniodontomys disjunctus
m1,1.5,1.1,60.9,57.5,-76.45,53.23,Fort Union,siltstone,terrestrial indet.,Mylanodon rosei
M3,0.95,0.8,16.3,12.5,-93.24,45.91,Valentine,unknown,terrestrial indet.,Copemys longidens
M1,13.3,13.2,2.58,0.0,-72.44,-10.88,unknown,conglomerate,fluvial indet.,Tayassu pecari
M2,2.4,2.0,29.5,18.5,-92.34,47.0,unknown,unknown,terrestrial indet.,Sanctimus stouti
m1,12.2,6.7,45.9,39.7,-89.34,47.17,Uinta,unknown,terrestrial indet.,Miocyon vallisrubrae
M1,26.5,23.5,23.04,5.333,-112.78,36.75,Caliente,unknown,terrestrial indet.,Heteropliohippus hulberti
m1,2.93,1.19,4.7,1.4,-96.97,43.06,Long Pine,siltstone,floodplain,Pliophenacomys osborni
M2,52.4,35.8667,4.7,1.4,-100.2,34.49,Blanco,unknown,terrestrial indet.,Gigantocamelus spatulus
m3,1.84,1.59,51.1,45.9,-92.12,47.29,Sheep Pass,limestone,lacustrine - small,Microparamys sambucus
m1,2.6,2.79,12.5,9.4,-94.8,45.3,Ash Hollow,siliciclastic,channel,Pronotolagus whitei
m1,2.4,2.7,16.3,12.5,-109.76,46.69,Butte Creek,volcaniclastic,terrestrial indet.,Protospermophilus malheurensis
P4,1.44,1.87,12.5,9.4,-94.8,45.3,Ash Hollow,siliciclastic,channel,Parapliosaccomys hibbardi
M3,1.27,1.27,9.4,4.7,-107.91,34.61,Quiburis,unknown,terrestrial indet.,Paronychomys tuttlei
p4,4.4,3.5,13.8,11.0,-71.62,4.01,Villavieja,unknown,terrestrial indet.,Neoreomys huilensis
m3,1.75,1.51,29.5,18.5,-102.1,50.8,Peterson Creek Beds,unknown,terrestrial indet.,Paciculus montanus
M3,0.9,0.9,16.3,12.5,-93.26,45.99,Valentine,sandstone,channel,Copemys longidens
M3,0.72,0.85,9.4,4.7,-116.71,41.12,Coal Valley,unknown,terrestrial indet.,Bensonomys lindsayi
M1,7.9,12.1,39.7,37.0,-88.5,36.09,Chambers Tuff,unknown,terrestrial indet.,Daphoenus lambei
m2,19.9,12.1,4.7,1.4,-80.72,27.53,Caloosahatchee,unknown,terrestrial indet.,Hemiauchenia gracilis
P2,10.2,14.3,39.7,37.0,-84.14,51.5,Slim Buttes,siliciclastic,fluvial indet.,Colodon cingulatus
p4,16.0,9.0,11.63,7.246,-65.5,-9.7,Solimões,claystone,fluvial-lacustrine indet.,Neoepiblema acreensis
Astragalus head,0.0,0.0,13.8,11.0,-71.59,4.05,Villavieja,claystone,terrestrial indet.,Drytomomys aequatorialis
p4,1.3,1.32,23.1,18.5,-92.19,47.28,Marsland,unknown,terrestrial indet.,Pleurolicus exiguus
M1,11.0,10.1,2.58,0.0,-72.44,-10.88,unknown,conglomerate,fluvial indet.,Pecari tajacu
m1,2.13,2.21,24.7,23.1,-95.79,54.96,Cypress Hills,unknown,terrestrial indet.,Gripholagomys lavocati
m2,1.8386,2.1371,23.1,18.5,-90.01,47.22,Harrison,unknown,terrestrial indet.,Sanctimus stuartae
m2,40.0,19.0,2.58,0.0117,-36.4,-8.52,unknown,unknown,terrestrial indet.,Macrauchenia patagonica
p2-m2,31.5,0.0,12.5,4.7,-96.15,44.75,Ash Hollow,unknown,terrestrial indet.,Protoprocyon savagei
m1,16.0,6.9,16.3,12.5,-78.79,29.15,Peace River,unknown,terrestrial indet.,Calippus proplacidus
p1,5.0,2.0,13.8,11.0,-71.62,4.01,Villavieja,unknown,terrestrial indet.,Hondadelphys fieldsi
m2,1.99,1.58,18.5,16.3,-95.06,46.14,Runningwater,unknown,terrestrial indet.,Pseudotrimylus blacki
m2,3.75,4.25,33.9,31.8,-87.47,46.32,Brule,unknown,terrestrial indet.,Agnotocastor coloradensis
P4,5.0,3.6,60.9,57.5,-78.13,60.96,Paskapoo,siltstone,fluvial-lacustrine indet.,Pristinictis connata
Lower m1,16.4,15.5,13.8,11.0,-71.59,4.07,unknown,claystone,terrestrial indet.,Megadolodus molariformis
P4,0.78,0.78,37.0,33.9,-95.21,52.63,Renova,claystone,terrestrial indet.,Heliscomys ostranderi
m1,17.8,13.8,16.3,9.4,-95.57,45.5,Valentine,unknown,terrestrial indet.,Cranioceras unicornis
Humerus,0.0,28.4,13.8,11.0,-71.59,4.05,Villavieja,claystone,terrestrial indet.,Drytomomys aequatorialis
P2,22.5,24.6,39.7,37.0,-84.14,51.5,Slim Buttes,siliciclastic,fluvial indet.,Duchesneodus uintensis
m2,1.75,2.17,18.5,16.3,-93.54,47.05,Rosebud,conglomerate,coarse channel fill,Gripholagomys lavocati
Tibia,259.9,0.0,13.8,11.0,-71.57,4.04,Villavieja,claystone,terrestrial indet.,Magdalenabradys confusum
M3,3.24,3.26,9.4,4.7,-97.16,38.78,unknown,unknown,terrestrial indet.,Spermophilus dotti
P4,12.3,15.0,18.5,16.3,-75.25,32.13,Alachua,sandstone,terrestrial indet.,Archaeohippus blackbergi
p2,5.5,3.4,45.9,39.7,-89.34,47.17,Uinta,unknown,terrestrial indet.,Miocyon scotti
Neurocranium,220.0,0.0,13.8,11.0,-71.57,4.03,Villavieja,sandstone,terrestrial indet.,Granastrapotherium snorki
M2,4.4,2.3,16.3,15.5,-68.67,-43.88,Río Frias,tuff,fluvial indet.,Abderites meridionalis
M2,2.4,1.9,29.5,18.5,-92.34,47.0,unknown,unknown,terrestrial indet.,Florentiamys tiptoni
M2,12.4,9.1,9.4,4.7,-97.13,37.75,unknown,unknown,terrestrial indet.,Texoceros altidens
p4,27.0,16.32,1.4,0.21,-101.54,33.94,unknown,unknown,terrestrial indet.,Equus conversidens
m1,5.0,4.4,39.7,37.0,-87.58,35.26,Devil's Graveyard,unknown,terrestrial indet.,Mytonomys coelumensis
p4,7.1,4.0,8.0,5.0,-67.27,-33.39,Huayquerías,unknown,terrestrial indet.,Cyonasua pascuali
m2,2.0,1.4,16.3,15.5,-68.67,-43.88,Río Frias,tuff,fluvial indet.,Microbiotherium tehuelchum
m2,1.005,0.942,9.4,4.7,-107.29,37.9,Bidahochi,unknown,terrestrial indet.,Calomys (Bensonomys) yazhi
m1,7.7,5.3,63.4,60.9,-77.16,46.7,Nacimiento,unknown,terrestrial indet.,Conoryctella pattersoni
M1,11.6,8.0,23.1,18.5,-93.3,47.08,Harrison,unknown,terrestrial indet.,Zodiolestes daimonelixensis
p3,11.8,7.2,9.4,4.7,-113.57,35.37,Mt. Eden,unknown,terrestrial indet.,Pediomeryx hemphillensis
M3,60.4,57.1,39.7,37.0,-84.14,51.5,Slim Buttes,siliciclastic,fluvial indet.,Duchesneodus uintensis
Humerus,0.0,143.8,13.8,11.0,-71.57,4.04,Villavieja,claystone,terrestrial indet.,Magdalenabradys confusum
m1,6.72,5.45,56.0,51.1,-80.09,51.71,Willwood,unknown,terrestrial indet.,Copecion brachypternus
m2,1.97,1.62,23.1,18.5,-90.01,47.22,Harrison,unknown,terrestrial indet.,Paciculus nebraskensis
M2,1.13,1.8,4.7,1.4,-115.73,34.46,San Timoteo,unknown,terrestrial indet.,Thomomys gidleyi
P4,1.14,1.54,4.7,1.4,-108.6,33.79,unknown,unknown,terrestrial indet.,Dipodomys gidleyi
m1,8.3,6.0,56.0,51.1,-81.07,52.21,Willwood,unknown,terrestrial indet.,Cardiolophus radinskyi
m1,19.6,10.1,66.0,63.4,-76.0,47.4,Nacimiento,unknown,terrestrial indet.,Taeniolabis taoensis
m2,1.03,0.89,72.2,66.0,-65.32,60.38,Frenchman,siltstone,floodplain,Mesodma hensleighi
P4,8.3,4.0,29.5,24.7,-88.74,48.37,Sharps,unknown,terrestrial indet.,Paradaphoenus tooheyi
m3,22.5,39.9,18.5,16.3,-95.12,45.64,Runningwater,unknown,terrestrial indet.,Menoceras barbouri
P3,3.5714,2.0857,60.9,57.5,-76.01,53.78,Fort Union,unknown,terrestrial indet.,Prochetodon cavus
m3,25.7,16.0,23.04,20.45,-84.46,34.75,Fleming,conglomerate,coarse channel fill,Nexuotapirus marslandensis
m1,21.1,13.4,39.7,37.0,-84.14,51.5,Slim Buttes,siliciclastic,fluvial indet.,Colodon cingulatus
m3,3.6,2.7,16.3,15.5,-68.67,-43.88,Río Frias,tuff,fluvial indet.,Abderites meridionalis
m1,3.1,2.4,60.9,57.5,-75.51,53.47,Fort Union,siliciclastic,fluvial-lacustrine indet.,Bisonalveus holtzmani
m2,10.5,7.1,37.0,33.9,-86.47,46.45,White River,unknown,terrestrial indet.,Poebrotherium eximium
M1,26.8,40.4,16.3,12.5,-89.33,33.57,Fleming,unknown,terrestrial indet.,Peraceras hessei
Upper P4; Third lamina,12.0,4.0,11.63,7.246,-65.5,-9.7,Solimões,claystone,fluvial-lacustrine indet.,Neoepiblema horridula
M2,35.0,29.5,29.0,21.0,-39.3,-23.86,unknown,shale,lacustrine indet.,Taubatherium paulacoutoi
p4,3.75,3.5833,33.9,31.8,-87.99,47.39,Brule,unknown,terrestrial indet.,Agnotocastor readingi
M2,0.81,1.04,18.5,16.3,-75.25,32.13,Alachua,sandstone,terrestrial indet.,Proheteromys floridanus
M2,1.65,2.3,39.7,37.0,-86.94,56.36,Cypress Hills,unknown,terrestrial indet.,Talpavus conjunctus
m1,4.0,3.9,51.1,45.9,-87.05,47.75,Green River,sandstone,channel lag,Paramys delicatus
m1,4.21,3.43,51.1,45.9,-87.37,48.83,Bridger,unknown,terrestrial indet.,Hyopsodus paulus
m1,1.795,1.595,33.9,31.8,-91.61,49.36,unknown,siltstone,lacustrine - small,Ankylodon annectens
P4,4.27,3.0,16.3,12.5,-104.9,49.7,Madison Valley,sandstone,channel,Galbreathia bettae
M1,18.05,14.45,12.5,9.4,-113.02,37.67,Santa Margarita,unknown,terrestrial indet.,Hipparion tehonense
Upper M1; Second lamina,14.4,2.0,11.63,7.246,-65.5,-9.7,Solimões,claystone,fluvial-lacustrine indet.,Neoepiblema horridula
M2,2.3,1.8,24.7,23.1,-90.25,48.13,Monroe Creek,unknown,terrestrial indet.,Florentiamys tiptoni
m2,2.96,2.11,12.5,9.4,-113.77,36.46,MR Caliente,unknown,terrestrial indet.,Lanthanotherium sawini
p4,7.75,3.6,37.0,33.9,-89.99,35.83,Capote Mountain Tuff,unknown,terrestrial indet.,Hyaenodon raineyi
m1,1.8,1.05,9.4,4.7,-116.57,41.27,Coal Valley,unknown,terrestrial indet.,Peromyscus antiquus
M1,2.9,3.35,39.7,37.0,-88.5,36.09,Chambers Tuff,unknown,terrestrial indet.,Ischyromys blacki
M1,13.15,13.3,23.04,5.333,-113.8,37.56,unknown,unknown,terrestrial indet.,Ticholeptus calimontanus
Upper P1-3,6.0,0.0,56.0,48.07,-28.6,-27.29,Itaboraí,marl,fissure fill,Gaylordia macrocynodonta
Length of the left maxillary fenestra,5.44,0.0,29.0,21.0,-60.44,-16.79,Salla Beds,tuff,terrestrial indet.,Evolestes hadrommatos
Lower p1-m4,50.5,0.0,13.8,11.0,-71.62,4.01,Villavieja,unknown,terrestrial indet.,Hondadelphys fieldsi
m1,1.65,2.11,29.5,24.7,-88.74,48.37,Sharps,unknown,terrestrial indet.,Tenudomys macdonaldi
p3,8.0,5.0,16.3,12.5,-111.93,42.13,unknown,unknown,terrestrial indet.,Brachypsalis pachycephalus
p4,2.55,2.7,18.5,16.3,-93.54,47.05,Rosebud,conglomerate,coarse channel fill,Archaeolagus primigenius
M3,8.5,11.7,37.0,33.9,-87.35,47.77,Chadron,siltstone,terrestrial indet.,Pseudoprotoceras minor
M1,1.7,2.15,56.0,51.1,-81.07,52.21,Willwood,unknown,terrestrial indet.,Macrocranion junnei
p3,7.2,3.1,39.7,37.0,-98.62,37.74,Santiago,sandstone,channel,Lycophocyon hutchisoni
Lower p4,5.4,5.0,61.66,56.0,-54.58,2.97,Bogotá,sandstone,terrestrial indet.,Etayoa bacatensis
m1,1.42,0.97,51.1,45.9,-87.37,48.83,Bridger,unknown,terrestrial indet.,Nyctitherium nitidum
m1,2.35,2.15,29.5,18.5,-92.48,48.02,Gering,unknown,terrestrial indet.,Florentiamys kinseyi
M3,0.65,0.89,9.4,4.7,-109.42,40.73,Sevier,siltstone,terrestrial indet.,Metaliomys sevierensis
M1,15.69,12.43,9.4,4.7,-96.77,39.04,Ogallala,unknown,terrestrial indet.,Machairodus catocopis
P3,19.3,11.0,1.4,0.21,-101.99,22.04,Tacubaya,unknown,terrestrial indet.,Camelops hesternus
m2,26.7,18.9,1.4,0.21,-101.99,22.04,Tacubaya,unknown,terrestrial indet.,Arctodus pristinus
m2,9.73,6.88,56.0,51.1,-79.51,45.15,Huerfano,unknown,terrestrial indet.,Xenicohippus osborni
Zygomatic breadth,0.0,12.4,1.4,0.21,-81.72,29.97,unknown,unknown,terrestrial indet.,Desmodus archaeodaptes
M3,25.35,27.65,23.1,18.5,-91.74,47.87,Harrison,unknown,terrestrial indet.,Arretotherium leptodus
p4,2.1,1.8,29.5,24.7,-88.74,48.37,Sharps,unknown,terrestrial indet.,Sanctimus stuartae
p3,2.2,1.5,16.3,15.5,-68.67,-43.88,Río Frias,tuff,fluvial indet.,Palaeothentes lemoinei
m2,4.14,3.21,51.1,45.9,-86.55,48.87,Bridger,mudstone,terrestrial indet.,Dawsonicyon isami
P4,16.8,24.4,29.0,21.0,-39.3,-23.86,unknown,shale,lacustrine indet.,Taubatherium paulacoutoi
m3,11.8,5.7,5.333,3.6,-76.06,79.16,unknown,peat,pond,Boreameryx braskerudi
Upper canine,0.0,0.0,13.8,11.0,-71.59,4.07,unknown,claystone,terrestrial indet.,Xenastrapotherium kraglievichi
m2,1.54,1.38,24.7,23.1,-95.79,54.96,Cypress Hills,unknown,terrestrial indet.,Nototamias quadratus
m1,2.46,1.59,1.4,0.21,-97.35,30.53,unknown,unknown,terrestrial indet.,Sigmodon curtisi
M1,24.8,28.8,11.63,5.333,-97.79,36.86,unknown,sandstone,fluvial indet.,Ischyrocyon gidleyi
P4,20.6,20.0,9.4,4.7,-105.37,30.85,unknown,unknown,terrestrial indet.,Neohipparion eurystyle
ulna,381.2,0.0,2.58,0.774,-108.66,34.8,unknown,gravel,lacustrine indet.,Paramylodon harlani
Scaphoid,53.0,0.0,13.8,11.0,-71.57,4.04,Villavieja,claystone,terrestrial indet.,Magdalenabradys confusum
m2,7.0,4.2,17.5,16.3,-65.05,-17.94,Chucal,sandstone,floodplain,Hegetotherium mirabile
p4,8.2,3.5,12.5,9.4,-93.37,31.18,Goliad,unknown,terrestrial indet.,Pseudoceras skinneri
Maximal length of left nasal from anterior margin of mesial nasal process to po,115.0,0.0,11.63,7.246,-65.5,-9.7,Solimões,claystone,fluvial-lacustrine indet.,Neoepiblema horridula
m1,2.6,1.5,56.0,45.9,-85.48,49.74,Wasatch,unknown,terrestrial indet.,Herpetotherium marsupium
m2,7.1333,7.4667,4.7,1.4,-116.59,43.67,unknown,unknown,terrestrial indet.,Castor californicus
Lower c1,2.93,2.25,13.8,11.0,-70.96,4.43,La Victoria,unknown,terrestrial indet.,Lagonimico conclucatus
m1,1.9,1.1,1.4,0.21,-101.54,33.94,unknown,unknown,terrestrial indet.,Onychomys pedroensis
M1,19.85,20.15,18.5,16.3,-93.62,46.98,Batesland,unknown,terrestrial indet.,Arretotherium fricki
M1,91.5,67.5,4.7,1.4,-108.09,33.79,Gila Conglomerate,unknown,terrestrial indet.,Rhynchotherium falconeri
Lower m1,2.41,2.15,13.8,11.0,-71.53,4.1,Villavieja,unknown,terrestrial indet.,Microsteiromys jacobsi
p2-m4,11.62,0.0,8.0,5.0,-62.61,-36.4,Cerro Azul,siltstone,loess,Zygolestes tatei
M1,1.4,1.1,51.1,45.9,-87.05,47.75,Green River,sandstone,channel lag,Peradectes chesteri
Distance between anterior margin of nasal spine and posterior margin of palatine,162.0,0.0,11.63,7.246,-65.5,-9.7,Solimões,claystone,fluvial-lacustrine indet.,Neoepiblema horridula
M3,29.0,33.3,4.7,1.4,-104.18,32.26,Camp Rice,unknown,terrestrial indet.,Tapirus (Helicotapirus) haysii
Lower m3,0.0,1.63,13.8,11.0,-70.96,4.43,La Victoria,unknown,terrestrial indet.,Lagonimico conclucatus
M2,12.7,12.6,37.0,33.9,-89.99,35.83,Capote Mountain Tuff,unknown,terrestrial indet.,Poebrotherium chadronense
M1,1.84,1.72,29.0,21.0,-60.44,-16.79,Salla Beds,tuff,terrestrial indet.,Evolestes hadrommatos
Lower canine,0.0,0.0,13.8,11.0,-71.59,4.07,unknown,claystone,terrestrial indet.,Xenastrapotherium kraglievichi
P3,13.5,20.6,39.7,37.0,-84.14,51.5,Slim Buttes,siliciclastic,fluvial indet.,Colodon cingulatus
m2,7.35,5.875,45.9,39.7,-85.58,35.54,Devil's Graveyard,unknown,terrestrial indet.,Leptoreodon marshi
P4,4.0,4.0,16.3,12.5,-112.26,45.14,Virgin Valley,unknown,terrestrial indet.,Liodontia alexandrae
m1,1.4,0.85,1.4,0.21,-97.7,40.03,Sappa,unknown,terrestrial indet.,Sorex pratensis
m1,8.4,4.2,33.9,31.8,-87.83,47.98,Brule,unknown,terrestrial indet.,Paradaphoenus minimus
P2,19.3,23.5,2.58,0.0117,-84.02,35.71,unknown,claystone,fissure fill,Tapirus (Helicotapirus) veroensis
M1,24.0,29.0,2.58,0.0117,-97.56,35.28,unknown,gravel,terrestrial indet.,Tapirus (Helicotapirus) haysii
M3,2.7,2.815,33.9,31.8,-91.61,49.36,unknown,siltstone,lacustrine - small,Pelycomys placidus
m2,2.8,1.8,83.6,72.2,-64.92,59.88,Dinosaur Park,unknown,terrestrial indet.,Turgidodon russelli
m1,1.27,1.41,24.7,23.1,-95.79,54.96,Cypress Hills,unknown,terrestrial indet.,Hitonkala macdonaldtau
Lower canine,0.0,0.0,13.8,11.0,-71.62,4.01,La Victoria,claystone,terrestrial indet.,Granastrapotherium snorki
m2,16.5,8.9,37.0,33.9,-95.74,52.24,Chadron,tuff,wet floodplain,Montanatylopus matthewi
m1,3.8,1.9,4.7,1.4,-99.15,37.91,Rexroad,unknown,terrestrial indet.,Mustela rexroadensis
Metacarpal II,56.6,0.0,13.8,11.0,-71.57,4.04,Villavieja,claystone,terrestrial indet.,Magdalenabradys confusum
m1,1.43,0.87,1.4,0.21,-99.34,34.04,Seymour,unknown,terrestrial indet.,Peromyscus cragini
p2,0.0,2.4,13.8,11.0,-71.62,4.01,Villavieja,unknown,terrestrial indet.,Hondadelphys fieldsi
m1,1.33,1.64,16.3,9.4,-102.0,43.1,unknown,unknown,terrestrial indet.,Gregorymys larsoni
M3,3.45,4.9,60.9,57.5,-78.13,60.96,Paskapoo,siltstone,fluvial-lacustrine indet.,Litomylus grandaletes
m2,0.0,5.7,17.5,16.3,-65.05,-17.94,Chucal,sandstone,floodplain,Altitypotherium chucalensis
p3,22.4,11.2,4.7,1.4,-100.53,35.6,unknown,sandstone,channel,Chasmaporthetes ossifragus
M3,0.61,0.61,4.7,1.4,-109.31,32.77,St. David,unknown,lacustrine indet.,Peromyscus minimus
m3,3.7,3.15,9.4,4.7,-107.29,37.9,Bidahochi,unknown,terrestrial indet.,Dipoides williamsi
m1,2.77,1.36,60.9,57.5,-78.13,60.96,Paskapoo,siltstone,fluvial-lacustrine indet.,Ptilodus gnomus
Lower m3,66.0,0.0,2.58,0.0117,-69.21,9.93,unknown,claystone,marine indet.,Mixotoxodon larensis
m1,31.2,22.1,39.7,37.0,-84.14,51.5,Slim Buttes,siliciclastic,fluvial indet.,Amynodontopsis bodei
m1,4.1,2.9,66.0,61.66,-62.86,55.03,Fort Union,unknown,terrestrial indet.,Protictis paralus
M3,10.85,3.15,13.8,11.0,-62.62,-21.44,unknown,claystone,fluvial indet.,Acyon myctoderos
m1,2.32,1.63,18.5,16.3,-95.06,46.14,Runningwater,unknown,terrestrial indet.,Pseudotrimylus blacki
m1,1.1,1.52,16.3,12.5,-98.84,52.68,Wood Mountain,unknown,terrestrial indet.,Harrymys canadensis
m2,10.0,4.5,31.8,29.5,-88.76,48.29,Brule,unknown,terrestrial indet.,Leptomeryx evansi
m1,2.06,1.56,60.9,57.5,-79.72,51.28,Wasatch,unknown,terrestrial indet.,Dorraletes diminutivus
P4,1.22,1.23,16.3,12.5,-104.9,49.7,Madison Valley,sandstone,channel,Cupidinimus halli
m1 or m2,2.4,2.67,21.0,17.5,-62.19,-42.83,Sarmiento,mudstone,paralic indet.,Eoviscaccia australis
Scute 27,22.0,0.0,15.98,11.63,-60.66,9.5,Santa Ines,unknown,terrestrial indet.,Boreostemma venezolensis
m1,3.9,1.76,72.2,66.0,-66.02,53.68,Lance,sandstone,terrestrial indet.,Cimolodon nitidus
m1,1.285,1.305,51.1,45.9,-87.92,49.02,Fowkes,mudstone,terrestrial indet.,Microparamys minutus
Radius shaft,0.0,0.0,13.8,11.0,-70.96,4.43,La Victoria,unknown,terrestrial indet.,Potamops mascahehenes
m2,22.0,8.7,1.75,0.4,-57.68,-38.25,unknown,siltstone,terrestrial indet.,Mesotherium cristatum
M2,3.93,5.6,51.1,45.9,-85.53,49.05,Bridger,unknown,terrestrial indet.,Hyopsodus paulus
M1,1.543,2.021,33.9,31.8,-91.61,49.36,unknown,siltstone,lacustrine - small,Altasciurus relictus
P3,20.6,20.0,9.4,4.7,-105.37,30.85,unknown,unknown,terrestrial indet.,Neohipparion eurystyle
M1,3.6,4.76,51.1,45.9,-87.37,48.83,Bridger,unknown,terrestrial indet.,Hyopsodus paulus
M3,27.2,22.0,2.58,0.0117,-101.55,35.23,unknown,claystone,fluvial-lacustrine indet.,Equus conversidens
m3,0.0,0.0,13.8,11.0,-71.59,4.07,unknown,claystone,terrestrial indet.,Megadolodus molariformis
Humerus,0.0,1.61,2.58,0.0,-56.37,-21.1,unknown,claystone,cave,Leopardus braccatus
m2,1.89,1.48,39.7,37.0,-86.94,56.36,Cypress Hills,unknown,terrestrial indet.,Talpavus conjunctus
M1,13.1,14.9,45.9,39.7,-88.55,48.71,Washakie,unknown,terrestrial indet.,Triplopus implicatus
p4,10.7,4.2,9.4,4.7,-98.52,41.18,unknown,unknown,terrestrial indet.,Eucyon davisi
P4,3.6,4.6,60.9,57.5,-78.5,46.09,unknown,shale,fissure fill,Utemylus latomius
M1,6.7,6.9,18.5,16.3,-112.96,46.54,unknown,unknown,terrestrial indet.,Bassaricyonoides stewartae
m1,11.0,9.0,60.9,57.5,-75.51,53.47,Fort Union,siliciclastic,fluvial-lacustrine indet.,Phenacodus grangeri
M3,3.55,5.05,45.9,39.7,-87.9,47.5,Washakie,unknown,terrestrial indet.,Hyopsodus paulus
M2,3.3,2.9,72.2,66.0,-65.92,53.69,Lance,shale,terrestrial indet.,Cimolomys gracilis
m1,3.76,3.43,37.0,33.9,-89.99,35.83,unknown,unknown,terrestrial indet.,Eutypomys inexpectatus
m1,0.7575,0.7275,16.3,12.5,-109.76,46.69,Deer Butte,unknown,terrestrial indet.,Leptodontomys quartzi
Upper M3,0.0,1.75,13.8,11.0,-71.59,4.05,unknown,claystone,terrestrial indet.,Thylamys minutus
Astragalus,0.0,0.0,13.8,11.0,-71.57,4.04,Villavieja,claystone,terrestrial indet.,Magdalenabradys confusum
upper dP3,4.63,6.13,13.8,11.0,-72.35,2.93,La Victoria,unknown,terrestrial indet.,Stirtonia victoriae
P4,3.435,4.17,33.9,31.8,-87.99,47.39,Brule,unknown,terrestrial indet.,Agnotocastor readingi
Upper M2; Third lamina,12.0,4.5,11.63,7.246,-65.5,-9.7,Solimões,claystone,fluvial-lacustrine indet.,Neoepiblema horridula
M1,4.6,6.5,60.9,57.5,-78.57,51.99,Hoback,unknown,terrestrial indet.,Palaeosinopa dorri
M1,0.92,1.81,9.4,4.7,-105.37,30.85,unknown,unknown,terrestrial indet.,Prodipodomys idahoensis
M3,1.7,1.5,9.4,4.7,-113.57,35.37,Mt. Eden,unknown,terrestrial indet.,Repomys maxumi
m1,3.15,2.3,39.7,37.0,-86.94,56.36,Cypress Hills,unknown,terrestrial indet.,Didelphodus rheos
M1,20.1,18.6,9.4,4.7,-97.13,37.75,unknown,unknown,terrestrial indet.,Neohipparion eurystyle
m2,0.91,0.91,57.5,56.0,-79.47,50.38,Fort Union,mudstone,floodplain,Alagomys russelli
M2,1.06,1.46,16.3,12.5,-104.9,49.7,Madison Valley,sandstone,channel,Parapliosaccomys annae
m1,14.9,6.2,24.7,23.1,-106.87,51.2,unknown,tuff,floodplain,Paraenhydrocyon josephi
M3,2.4,3.2,60.9,57.5,-77.27,55.0,Fort Union,unknown,terrestrial indet.,Nannodectes intermedius
M3,1.4,1.41,24.7,23.1,-95.79,54.96,Cypress Hills,unknown,terrestrial indet.,Leidymys korthi
Astragalus head,0.0,0.0,13.8,11.0,-71.57,4.04,Villavieja,claystone,terrestrial indet.,Prodolichotis pridiana
radius,96.0,0.0,5.333,3.6,140.95,43.68,Horokaoshirarika,sandstone,marine indet.,Numataphocoena yamashitai
C1,1.4,0.7,5.0,3.8,-60.78,-38.8,Monte Hermoso,unknown,terrestrial indet.,Marmosa contrerasi
P4,11.4,7.9,9.4,4.7,-115.06,43.35,Thousand Creek,unknown,terrestrial indet.,Lutravus halli
Tympanic bullae,0.0,26.0,3.6,0.774,-62.8,9.96,Mesa,tar,terrestrial indet.,Xenosmilus venezuelensis
m3,1.6,1.45,16.3,12.5,-91.27,45.59,Valentine,conglomerate,fluvial indet.,Megasminthus tiheni
m1,50.7,38.1,16.3,12.5,-89.2,33.45,Fleming,unknown,terrestrial indet.,Dinohyus hollandi
m3,1.8,1.3,16.3,15.5,-68.67,-43.88,Río Frias,tuff,fluvial indet.,Pitheculites rothi
m1,1.61,1.7,18.5,16.3,-112.96,46.54,unknown,unknown,terrestrial indet.,Ansomys nevadensis
P4,6.8,4.1,17.5,16.3,-65.05,-17.94,Chucal,sandstone,floodplain,Hegetotherium mirabile
M2,10.53,12.46,24.7,18.5,-73.53,30.81,unknown,claystone,terrestrial indet.,Archaeohippus mannulus
m1,12.46,7.57,4.7,1.4,-99.15,37.91,Rexroad,unknown,terrestrial indet.,Procyon rexroadensis
p4,7.5,3.5,24.7,23.1,-106.87,51.2,unknown,tuff,floodplain,Cormocyon copei
m3,0.94,0.84,39.7,37.0,-86.94,56.36,Cypress Hills,unknown,terrestrial indet.,Adjidaumo craigi
Upper M2; Third lamina,12.0,4.5,11.63,7.246,-65.5,-9.7,Solimões,claystone,fluvial-lacustrine indet.,Neoepiblema horridula
P4,10.5,7.6,39.7,37.0,-98.62,37.74,Santiago,sandstone,channel,Lycophocyon hutchisoni
m2,1.3843,1.1414,16.3,12.5,-93.26,45.99,Valentine,sandstone,channel,Copemys longidens
i1,7.1,4.9,17.5,16.3,-65.05,-17.94,Chucal,sandstone,floodplain,Altitypotherium paucidens
M2,2.0,1.34,4.7,1.4,-96.97,43.06,Long Pine,siltstone,floodplain,Hibbardomys voorhiesi
P2,10.7,9.7,2.58,0.0,-72.44,-10.88,unknown,conglomerate,fluvial indet.,Tayassu pecari
p4,1.15,1.17,9.4,4.7,-109.42,40.73,Sevier,siltstone,terrestrial indet.,Diprionomys minimus
M1,7.45,8.2,51.1,45.9,-82.61,44.55,Huerfano,unknown,terrestrial indet.,Bunophorus sinclairi
M2,9.82,11.75,56.0,51.1,-79.51,45.15,Huerfano,unknown,terrestrial indet.,Xenicohippus osborni
Mandible,0.0,0.0,13.8,11.0,-71.6,3.99,La Victoria,claystone,terrestrial indet.,Boreostemma acostae
m3,1.66,0.83,8.0,5.0,-62.61,-36.4,Cerro Azul,siltstone,loess,Thylamys pinei
M1,1.8,1.9,29.5,24.7,-88.74,48.37,Sharps,unknown,terrestrial indet.,Sanctimus stuartae
M2,1.6,2.1,12.5,9.4,-113.77,36.46,MR Caliente,unknown,terrestrial indet.,Ammospermophilus fossilis
m3,3.0,1.8,83.6,72.2,-64.92,59.88,Dinosaur Park,unknown,terrestrial indet.,Turgidodon russelli
M2,17.25,24.25,9.4,4.7,-116.87,39.07,Mehrten,unknown,terrestrial indet.,Megalonyx mathisi
Upper M2,3.4,0.0,13.8,11.0,-71.53,4.1,Villavieja,unknown,terrestrial indet.,Notonycteris magdalenensis
P3,1.568,2.432,33.9,31.8,-91.61,49.36,unknown,siltstone,lacustrine - small,Palaeolagus burkei
p4,8.6,5.75,4.7,1.4,-99.15,37.91,Rexroad,unknown,terrestrial indet.,Procyon rexroadensis
Upper M1-4/P1-3,1.1,0.0,56.0,48.07,-28.6,-27.29,Itaboraí,marl,fissure fill,Didelphopsis cabrerai
m2,2.21,2.3,63.4,60.9,-73.65,56.02,Fort Union,unknown,terrestrial indet.,Pronothodectes matthewi
M1,1.8086,2.1243,16.3,12.5,-109.76,46.69,Butte Creek,volcaniclastic,terrestrial indet.,Citellus (Otospermophilus) tephrus
m1,0.75,0.85,16.3,12.5,-93.24,45.91,Valentine,unknown,terrestrial indet.,Perognathus trojectioansrum
M1,10.85,9.95,23.1,18.5,-72.16,33.14,unknown,unknown,terrestrial indet.,Nothokemas waldropi
Upper dM2,78.0,0.0,2.58,0.0117,-75.13,10.34,La Popa,unknown,terrestrial indet.,Notiomastodon platensis
m1,25.1,15.8,51.1,45.9,-85.53,49.05,Bridger,unknown,terrestrial indet.,Uintatherium anceps
M2,3.21,3.55,37.0,33.9,-89.99,35.83,unknown,unknown,terrestrial indet.,Eutypomys inexpectatus
M1,2.2,4.15,18.5,16.3,-93.54,47.05,Rosebud,conglomerate,coarse channel fill,Archaeolagus macrocephalus
P4,2.35,3.25,66.0,63.4,-75.98,47.36,unknown,unknown,terrestrial indet.,Chacomylus sladei
p4,1.79,1.69,24.7,23.1,-95.79,54.96,Cypress Hills,unknown,terrestrial indet.,Florentiamys tiptoni
M3,27.0,29.0,2.58,0.0117,-97.56,35.28,unknown,gravel,terrestrial indet.,Tapirus (Helicotapirus) haysii
P4,22.0,20.3,12.5,9.4,-116.32,40.4,unknown,siliciclastic,terrestrial indet.,Neohipparion trampasense
p3,2.5,1.4,60.9,57.5,-75.47,53.42,Fort Union,unknown,terrestrial indet.,Amelotabes simpsoni
m2,23.0,15.0,9.4,4.7,-85.14,32.17,unknown,unknown,marginal marine indet.,Synthetoceras davisorum
m1,3.85,3.15,60.9,57.5,-76.63,51.13,unknown,unknown,terrestrial indet.,Torrejonia sirokyi
m1,2.515,1.765,24.7,23.1,-95.79,54.96,Cypress Hills,unknown,terrestrial indet.,Proscalops secundus
m1,0.0,16.1,13.8,11.0,-71.59,4.07,unknown,claystone,terrestrial indet.,Megadolodus molariformis
Humerus,343.0,0.0,13.8,11.0,-71.57,4.04,Villavieja,claystone,terrestrial indet.,Magdalenabradys confusum
M1,18.8,10.2,60.9,57.5,-77.42,52.51,Fort Union,unknown,terrestrial indet.,Catopsalis calgariensis
m2,10.6,8.3333,37.0,33.9,-85.0,49.11,Chadron,unknown,terrestrial indet.,Pseudoprotoceras longinaris
p4,14.8,9.8,9.4,4.7,-98.33,38.58,Ogallala,unknown,terrestrial indet.,Pediomeryx hemphillensis
Metacarpal IV,0.0,0.0,13.8,11.0,-71.62,4.01,Villavieja,claystone,terrestrial indet.,Magdalenabradys confusum
M3,18.0,18.4,37.0,33.9,-95.74,52.24,Chadron,tuff,wet floodplain,Montanatylopus matthewi
m1,2.2,1.0,63.4,60.9,-76.69,46.56,Nacimiento,unknown,terrestrial indet.,Krauseia clemensi
m1,1.8818,1.4,16.3,12.5,-109.76,46.69,Deer Butte,unknown,terrestrial indet.,Scalopoides ripafodiator
m3,2.8,1.6,56.0,51.1,-82.92,51.17,Wasatch,unknown,terrestrial indet.,Loveina wapitiensis
M1,1.68,1.34,39.7,37.0,-98.36,37.35,Pomerado,mudstone,terrestrial indet.,Nonomys gutzleri
M2,28.5,22.0,5.0,0.4,-56.27,-34.46,San José,sandstone,terrestrial indet.,Catonyx tarijensis
M1,14.1,14.8,37.0,33.9,-95.74,52.24,Chadron,tuff,wet floodplain,Montanatylopus matthewi
M2,5.1,6.3,56.0,51.1,-82.05,44.29,San Jose,unknown,terrestrial indet.,Simpsonodus chacensis
M2,1.19,1.06,1.4,0.21,-99.44,45.67,unknown,unknown,terrestrial indet.,Javazapus weeksi
m1,6.8,5.3,66.0,63.4,-68.59,59.89,Ravenscrag,sandstone,terrestrial indet.,Baioconodon denverensis
M1,2.39,1.2,83.6,72.2,-71.37,58.79,Two Medicine,carbonate,terrestrial indet.,Filikomys primaevus
m2,22.4,15.1,2.58,0.0117,-101.55,35.23,unknown,claystone,fluvial-lacustrine indet.,Equus conversidens
M1,35.6,18.6,4.7,1.4,-115.28,36.84,Tecopa Lake Beds,mudstone,lacustrine indet.,Capricamelus gettyi
m2,1.8633,1.5967,29.5,18.5,-102.1,50.8,Peterson Creek Beds,unknown,terrestrial indet.,Paciculus montanus
m3,19.2667,12.6667,51.1,45.9,-92.12,47.29,Sheep Pass,limestone,lacustrine - small,Hyrachyus modestus
Palatal length (incisor–posterior border of P4),101.9,0.0,3.6,0.774,-62.8,9.96,Mesa,tar,terrestrial indet.,Xenosmilus venezuelensis
m2,3.71,3.44,56.0,51.1,-81.07,52.21,Willwood,unknown,terrestrial indet.,Cantius ralstoni
m3,4.55,2.76,45.9,39.7,-89.96,48.28,Bridger,claystone,terrestrial indet.,Hemiacodon engardae
m1,5.8,5.4,2.58,1.8,-81.93,29.34,unknown,unknown,terrestrial indet.,Erethizon kleini
Lower m2,2.1,1.7,13.8,11.0,-71.55,4.09,La Victoria,sandstone,fluvial indet.,Pithiculites chenche
Jaw length,160.0,0.0,11.63,7.246,-67.43,-17.99,Huaylas,sandstone,lacustrine indet.,Caraguatypotherium munozi
m1,0.85,1.6,9.4,4.7,-100.53,44.34,Snake Creek,unknown,terrestrial indet.,Pliogeomys russelli
Upper M3,0.0,0.0,7.246,5.333,-64.27,-23.39,Maimará,sandstone,fluvial indet.,Proscelidodon patrius
M1 or M2,2.17,3.13,21.0,17.5,-62.19,-42.83,Sarmiento,mudstone,paralic indet.,Eoviscaccia australis
M2,3.35,3.1,12.5,9.4,-94.92,45.57,Valentine,unknown,terrestrial indet.,Domninoides mimicus
m1,1.9,0.9,60.9,57.5,-74.95,51.73,Fort Union,unknown,terrestrial indet.,Microcosmodon conus
m1,1.17,0.96,56.0,51.1,-78.54,51.42,Wasatch,unknown,terrestrial indet.,Tinimomys graybulliensis
m4,2.35,1.55,72.2,66.0,-67.58,51.57,Laramie,sandstone,channel,Leptalestes cooki
m1,9.5,7.8,57.5,56.0,-81.76,50.15,Wasatch,claystone,terrestrial indet.,Arctocyon nexus
M1,2.06,2.32,72.2,66.0,-65.32,60.38,Frenchman,siltstone,floodplain,Nortedelphys jasoni
p2,5.5,0.0,39.7,37.0,-98.62,37.74,Santiago,sandstone,channel,Lycophocyon hutchisoni
M1,2.05,3.2,18.5,16.3,-93.54,47.05,Rosebud,conglomerate,coarse channel fill,Archaeolagus primigenius
M2,3.65,5.5,60.9,57.5,-74.95,51.73,Fort Union,unknown,terrestrial indet.,Plesiadapis churchilli
Cacaneum,11.4,0.0,13.8,11.0,-71.59,4.05,Villavieja,claystone,terrestrial indet.,Drytomomys aequatorialis
P4,15.7,8.0,9.4,4.7,-78.95,28.93,Peace River,sandstone,marginal marine indet.,Carpocyon limosus
m1,4.3,2.8,51.1,45.9,-87.38,49.45,Bridger,unknown,terrestrial indet.,Microsus cuspidatus
m1,12.0,9.1,45.9,39.7,-86.48,36.39,Colmena Tuff,unknown,terrestrial indet.,Plesiocolopirus hancocki
M2,1.255,1.035,1.4,0.21,-99.44,45.67,unknown,unknown,terrestrial indet.,Zapus sykesae
Distal phalanx IV,8.5,0.0,13.8,11.0,-71.57,4.04,Villavieja,claystone,terrestrial indet.,Prodolichotis pridiana
M2,1.9,4.5,45.9,39.7,-90.05,47.36,Uinta,unknown,terrestrial indet.,Mytonolagus petersoni
m1,1.725,1.2,12.5,9.4,-95.72,39.49,Laverne,unknown,terrestrial indet.,Honeymys mariae
M3,1.48,1.33,4.7,1.4,-115.73,34.46,San Timoteo,unknown,terrestrial indet.,Sigmodon minor
m1,3.8,3.75,45.9,39.7,-98.28,39.4,Sespe,unknown,terrestrial indet.,Eohaplomys serus
m1-3,4.73,0.0,8.0,5.0,-62.61,-36.4,Cerro Azul,siltstone,loess,Zygolestes tatei
Ramus between m2-m3,0.0,0.0,11.63,5.333,-55.13,-34.57,Camacho,mudstone,fluvial-deltaic indet.,Lestobradys sprechmanni
p4,9.875,7.75,4.7,1.4,-116.59,43.67,unknown,unknown,terrestrial indet.,Castor californicus
M2,9.8,12.2,37.0,33.9,-87.35,47.77,Chadron,siltstone,terrestrial indet.,Pseudoprotoceras longinaris
Upper P4; First lamina,11.8,2.7,11.63,7.246,-65.5,-9.7,Solimões,claystone,fluvial-lacustrine indet.,Neoepiblema horridula
m1,1.7,0.95,72.2,66.0,-70.23,62.29,St. Mary River,claystone,fluvial-deltaic indet.,Leptalestes krejcii
p4,2.0,1.6,39.7,37.0,-100.3,38.92,Sespe,unknown,terrestrial indet.,Presbymys lophatus
P4,3.61,4.11,33.9,31.8,-87.83,47.98,Brule,unknown,terrestrial indet.,Blacktops longinares
femur,0.0,21.0,56.0,51.1,-79.86,52.19,Willwood,unknown,terrestrial indet.,Pachyaena gracilis
m1,4.7,2.0,72.2,66.0,-65.92,53.69,Lance,shale,terrestrial indet.,Cimolomys gracilis
m2,1.49,0.83,8.0,5.0,-62.61,-36.4,Cerro Azul,siltstone,loess,Zygolestes tatei
Scute 10,24.0,0.0,15.98,11.63,-60.66,9.5,Santa Ines,unknown,terrestrial indet.,Boreostemma venezolensis
P3,16.6,9.9,23.04,15.98,-85.97,20.77,Balumtum Sandstone,conglomerate,terrestrial indet.,Paratoceras tedfordi
m2,10.8,6.0,17.5,16.3,-65.05,-17.94,Chucal,sandstone,floodplain,Altitypotherium chucalensis
Femur,101.0,0.0,13.8,11.0,-71.62,4.01,Villavieja,unknown,terrestrial indet.,Hondadelphys fieldsi
Lower M1-4,6.9,0.0,56.0,48.07,-28.6,-27.29,Itaboraí,marl,fissure fill,Monodelphopsis travassosi
m1,14.0,7.5,16.3,12.5,-111.93,42.13,unknown,unknown,terrestrial indet.,Brachypsalis pachycephalus
M2,1.02,1.61,4.7,1.4,-115.73,34.46,San Timoteo,unknown,terrestrial indet.,Thomomys gidleyi
P4,1.67,1.83,60.9,57.5,-76.17,64.52,Paskapoo,shale,fluvial-lacustrine indet.,Carpodaptes cygneus
m3,7.3,4.8,56.0,51.1,-82.05,44.29,San Jose,unknown,terrestrial indet.,Pelycodus jarrovii
M2,2.38,1.89,4.7,1.4,-120.61,38.49,Tassajara,unknown,terrestrial indet.,Repomys maxumi
m4,1.49,0.66,8.0,5.0,-62.61,-36.4,Cerro Azul,siltstone,loess,Zygolestes tatei
m2,13.5,10.0,11.63,7.246,-65.5,-9.7,Solimões,claystone,fluvial-lacustrine indet.,Neoepiblema acreensis
m2,7.4,4.7,72.2,66.0,-66.02,53.68,Lance,sandstone,terrestrial indet.,Meniscoessus robustus
Lower P1-3,14.6,0.0,56.0,48.07,-28.6,-27.29,Itaboraí,marl,fissure fill,Didelphopsis cabrerai
m1,1.45,1.35,9.4,4.7,-116.88,41.07,unknown,unknown,terrestrial indet.,Pronotolagus nevadensis
m1,16.0,13.3,9.4,4.7,-78.79,29.15,Bone Valley,sandstone,marginal marine indet.,Mylohyus elmorei
m1,18.2333,8.1667,18.5,16.3,-94.98,46.73,Runningwater,unknown,terrestrial indet.,Osbornodon scitulus
M2,8.3,5.1,66.0,63.4,-72.34,55.09,Fort Union,unknown,terrestrial indet.,Baioconodon nordicus
Lower p2,20.0,14.0,13.8,11.0,-71.57,4.04,Villavieja,claystone,terrestrial indet.,Huilatherium pluripicatum
M3,15.5,23.5,1.4,0.21,-74.83,40.33,unknown,unknown,cave,Megalonyx wheatleyi
Palate length,93.4,0.0,11.63,7.246,-67.43,-17.99,Huaylas,sandstone,lacustrine indet.,Caraguatypotherium munozi
m1,2.78,2.365,12.5,9.4,-94.78,41.74,Ogallala,sandstone,channel,Domninoides mimicus
m1,2.67,3.31,18.5,16.3,-112.96,46.54,unknown,unknown,terrestrial indet.,Megapeomys bobwilsoni
M1,27.6,29.7,51.1,45.9,-85.53,49.05,Bridger,unknown,terrestrial indet.,Palaeosyops robustus
m1,1.76,1.03,12.5,9.4,-111.49,46.16,Juntura,unknown,terrestrial indet.,Copemys esmeraldensis
M2,1.4,2.9,18.5,16.3,-93.54,47.05,Rosebud,conglomerate,coarse channel fill,Gripholagomys lavocati
p4,5.65,3.63,56.0,51.1,-79.64,51.58,Willwood,mudstone,terrestrial indet.,Ectocion parvus
m2,1.02,1.1,24.7,23.1,-95.79,54.96,Cypress Hills,unknown,terrestrial indet.,Trogomys ironcloudi
p4,23.9,13.2,9.4,4.7,-97.13,37.75,unknown,unknown,terrestrial indet.,Agriotherium schneideri
Ulna distal articulation surface,31.6,0.0,13.8,11.0,-71.59,4.07,unknown,claystone,terrestrial indet.,Magdalenabradys confusum
P4,1.08,1.2,33.9,31.8,-87.83,47.98,Brule,unknown,terrestrial indet.,Tenudomys basilaris
M1,0.97,1.32,16.3,12.5,-104.9,49.7,Madison Valley,sandstone,channel,Mookomys thrinax
P4,2.2,1.8,37.0,33.9,-94.83,53.3,unknown,unknown,terrestrial indet.,Micropternodus strophensis
m1,37.15,24.15,45.9,39.7,-86.48,36.39,Devil's Graveyard,unknown,terrestrial indet.,Metamynodon mckinneyi
m2,16.1333,11.5,57.5,56.0,-80.92,52.06,Wasatch,shale,terrestrial indet.,Probathyopsis praecursor
m1,2.0,1.1,51.1,45.9,-87.38,49.45,Bridger,unknown,terrestrial indet.,Herpetotherium innominatum
Calcaneum,22.2,0.0,13.8,11.0,-71.59,4.05,unknown,claystone,terrestrial indet.,Cebupithecia sarmientoi
m1,2.3,1.3,4.7,1.4,-96.83,38.18,unknown,unknown,terrestrial indet.,Cryptotis kansasensis
M2,1.92,2.235,16.3,12.5,-104.9,49.7,Madison Valley,sandstone,channel,Spermophilus jerae
Lower m2,4.09,3.8,13.8,11.0,-71.53,4.1,Villavieja,unknown,terrestrial indet.,Nuciruptor rubricae
m1,4.5,4.7,13.8,11.0,-71.59,4.05,Villavieja,claystone,terrestrial indet.,Scleromys colombianus
m2,2.55,2.35,51.1,45.9,-84.44,50.94,Aycross,unknown,terrestrial indet.,Strigorhysis bridgerensis
M2,2.13,2.54,29.5,18.5,-92.34,47.0,unknown,unknown,terrestrial indet.,Florentiamys loomisi
Tibia distal end,0.0,93.0,13.8,11.0,-71.59,4.06,La Victoria,claystone,terrestrial indet.,Magdalenabradys confusum
M1,1.7,3.3,29.5,18.5,-106.02,38.05,Tick Canyon,siltstone,fluvial indet.,Archaeolagus acaricolus
m2,2.2,1.8,56.0,51.1,-82.92,51.17,Wasatch,unknown,terrestrial indet.,Loveina wapitiensis
m2 posterior lobe,20.0,17.0,2.58,0.0117,-36.4,-8.52,unknown,unknown,terrestrial indet.,Macrauchenia patagonica
P4,2.74,2.97,24.7,23.1,-95.79,54.96,Cypress Hills,unknown,terrestrial indet.,Campestrallomys dawsonae
Lower m1 talonid,0.0,1.7,13.8,11.0,-71.58,4.05,Villavieja,sandstone,terrestrial indet.,Micoureus laventicus
M1,2.84,4.13,60.9,57.5,-77.78,49.27,Ohio Creek,sandstone,channel lag,Nannodectes simpsoni
m2,0.991,1.066,33.9,31.8,-91.61,49.36,unknown,siltstone,lacustrine - small,Metadjidaumo hendryi
m1,1.43,1.0,1.4,0.21,-99.0,40.43,Sappa,unknown,terrestrial indet.,Zapus sandersi
m2,1.87,1.58,56.0,51.1,-81.07,52.21,Willwood,unknown,terrestrial indet.,Teilhardina brandti
dp4,3.33,1.4,21.0,17.5,-62.19,-42.83,Sarmiento,mudstone,paralic indet.,Eoviscaccia australis
Jaw,0.0,0.0,13.8,11.0,-71.59,4.07,unknown,claystone,terrestrial indet.,Megadolodus molariformis
P4,2.83,3.04,18.5,16.3,-112.96,46.54,unknown,unknown,terrestrial indet.,Megapeomys bobwilsoni
M3,24.4,21.0,9.4,4.7,-85.14,32.17,unknown,unknown,marginal marine indet.,Synthetoceras davisorum
m1,2.79,1.29,1.4,0.21,-99.44,45.67,unknown,unknown,terrestrial indet.,Hibbardomys zakrzewskii
m2,2.0,2.02,39.7,37.0,-86.94,56.36,Cypress Hills,unknown,terrestrial indet.,Pseudocylindrodon lateriviae
diastema,6.12,0.0,21.0,17.5,-65.57,-45.09,Sarmiento,unknown,terrestrial indet.,Acaremys murinus
P4,2.02,1.78,57.5,56.0,-78.79,52.74,Willwood,unknown,terrestrial indet.,Carpolestes simpsoni
Lower m3,60.0,24.0,13.8,11.0,-71.62,4.01,Villavieja,sandstone,terrestrial indet.,Huilatherium pluripicatum
m2,1.45,1.95,23.1,18.5,-90.01,47.22,Harrison,unknown,terrestrial indet.,Entoptychus grandiplanus
m1,1.58,0.95,1.4,0.21,-99.92,37.44,Crooked Creek,ash,terrestrial indet.,Zapus sandersi
M1,6.0,7.0,23.1,18.5,-93.3,47.08,Harrison,unknown,terrestrial indet.,Leptomeryx obliquidens
Infraorbital foramen,0.0,3.0,13.8,11.0,-71.62,4.01,Villavieja,unknown,terrestrial indet.,Hondadelphys fieldsi
m3,1.92,1.67,9.4,4.7,-109.42,40.73,Sevier,siltstone,terrestrial indet.,Hypolagus vetus
m1,3.6,3.4,51.1,45.9,-87.38,49.45,Bridger,unknown,terrestrial indet.,Thisbemys corrugatus
M1,13.9,19.9,12.5,9.4,-95.57,45.5,Valentine,unknown,terrestrial indet.,Aelurodon stirtoni
Skull,0.0,0.0,11.63,7.246,-67.43,-17.99,Huaylas,sandstone,lacustrine indet.,Caraguatypotherium munozi
M1,1.63,1.03,16.3,12.5,-109.76,46.69,Deer Butte,unknown,terrestrial indet.,Copemys pagei
Lower M1-4,10.5,0.0,56.0,48.07,-28.6,-27.29,Itaboraí,marl,fissure fill,Guggenheimia brasiliensis
m1,1.2,0.9,4.7,1.4,-99.84,33.43,unknown,sandstone,fluvial indet.,Beckiasorex hibbardi
P4,6.205,5.65,12.5,9.4,-94.8,45.3,Ash Hollow,siliciclastic,channel,Dipoides tanneri
P3,6.1,5.3,17.5,16.3,-65.05,-17.94,Chucal,sandstone,floodplain,Altitypotherium chucalensis
m1,1.22,1.33,45.9,39.7,-85.58,35.54,Devil's Graveyard,unknown,terrestrial indet.,Microparamys minutus
p4,3.0,1.3,60.9,57.5,-75.47,53.42,Fort Union,unknown,terrestrial indet.,Amelotabes simpsoni
Lower m2,1.9,0.95,13.8,11.0,-71.6,4.07,Villavieja,mudstone,fluvial indet.,Thylamys colombianus
m1,1.28,1.08,39.7,37.0,-98.36,37.35,Pomerado,mudstone,terrestrial indet.,Nonomys gutzleri
Metatarsal IV,0.0,26.2,13.8,11.0,-71.53,4.1,Villavieja,sandstone,terrestrial indet.,Magdalenabradys confusum
m1,2.74,1.36,4.7,1.4,-96.97,43.06,Long Pine,siltstone,floodplain,Hibbardomys marthae
P4,1.65,2.02,45.9,37.0,-97.31,38.28,Santiago,unknown,terrestrial indet.,Sespedectes stocki
m1,5.63,2.49,1.4,0.21,-99.34,34.04,unknown,unknown,terrestrial indet.,Ondatra annectens
Lower m1,0.0,43.4,2.58,0.0117,-48.05,-19.73,unknown,claystone,alluvial fan,Eremotherium laurillardi
M3,3.55,3.5,56.0,51.1,-80.68,50.99,Wind River,unknown,terrestrial indet.,Paramys copei
p3,26.5333,16.0333,1.4,0.21,-101.54,33.94,unknown,unknown,terrestrial indet.,Equus conversidens
M3,2.1,2.54,72.2,66.0,-65.32,60.38,Frenchman,siltstone,floodplain,Nortedelphys jasoni
p4,1.22,1.09,39.7,37.0,-86.94,56.36,Cypress Hills,unknown,terrestrial indet.,Protadjidaumo pauli
Humerus head,0.0,0.0,13.8,11.0,-71.57,4.04,Villavieja,claystone,terrestrial indet.,Magdalenabradys confusum
Astragalus,0.0,0.0,13.8,11.0,-71.57,4.04,Villavieja,claystone,terrestrial indet.,Magdalenabradys confusum
Lower m3,0.0,1.23,13.8,11.0,-71.6,4.07,Villavieja,mudstone,fluvial indet.,Noctilio albiventris
M2,11.4,10.6,37.0,33.9,-86.47,46.45,White River,unknown,terrestrial indet.,Poebrotherium eximium
M2,1.42,1.25,9.4,4.7,-98.19,23.07,Rancho Viejo Beds,claystone,channel,Prosigmodon oroscoi
M2,5.8,7.1,56.0,51.1,-82.05,44.29,San Jose,unknown,terrestrial indet.,Pelycodus jarrovii
m1,4.48,2.11,72.2,66.0,-65.56,58.47,Hell Creek,mudstone,terrestrial indet.,Cimolodon nitidus
M1,1.955,2.23,37.0,33.9,-90.2,49.33,White River,unknown,terrestrial indet.,Zemiodontomys burkei
ulna,106.9,0.0,45.9,39.7,-89.34,47.29,Uinta,unknown,terrestrial indet.,Pseudotomus eugenei
M2,11.5667,10.3333,29.5,18.5,-106.02,38.05,Tick Canyon,siltstone,fluvial indet.,Merychyus calaminthus
m4,8.0,4.2,16.3,15.5,-68.67,-43.88,Río Frias,tuff,fluvial indet.,Cladosictis patagonica
m1,1.095,1.465,4.7,1.4,-115.73,34.46,San Timoteo,unknown,terrestrial indet.,Prodipodomys timoteoensis
M1,29.3,27.0,4.7,1.4,-105.74,35.87,Sierra Ladrones,unknown,terrestrial indet.,Equus (Asinus) cumminsi
M2,4.1,2.2,16.3,15.5,-68.67,-43.88,Río Frias,tuff,fluvial indet.,Abderites meridionalis
m1,2.05,1.35,63.4,60.9,-73.72,54.42,unknown,unknown,terrestrial indet.,Premnoides douglassi
m2,1.61,1.06,37.0,33.9,-89.29,44.9,Florissant,mudstone,channel,Oreotalpa florissantensis
m1,6.6,3.25,29.5,18.5,-71.63,31.26,unknown,claystone,fissure fill,Phlaocyon taylori
M2,102.5,81.1,2.58,0.0117,-95.26,39.29,unknown,sandstone,fluvial indet.,Mammut americanum
Pelvis Acetabulum,0.0,0.0,13.8,11.0,-71.57,4.04,Villavieja,claystone,terrestrial indet.,Prodolichotis pridiana
Lower m3,7.8,6.4,61.66,56.0,-54.58,2.97,Bogotá,sandstone,terrestrial indet.,Etayoa bacatensis
Plate,36.7,26.8,13.8,11.0,-71.58,4.07,La Victoria,claystone,terrestrial indet.,Boreostemma acostae
Upper M3; Maximal transverse diameter,0.0,14.6,11.63,7.246,-65.5,-9.7,Solimões,claystone,fluvial-lacustrine indet.,Neoepiblema horridula
m1,17.8,12.5,9.4,4.7,-98.33,38.58,Ogallala,unknown,terrestrial indet.,Pediomeryx hemphillensis
M3,7.6,9.3,51.1,45.9,-82.61,44.55,Huerfano,unknown,terrestrial indet.,Bunophorus sinclairi
m1,4.05,1.45,56.0,51.1,-80.09,51.71,Willwood,unknown,terrestrial indet.,Hapalodectes anthracinus
m1,2.71,2.51,56.0,51.1,-7.41,73.41,Margaret,unknown,deltaic indet.,Paramys hunti
M8,15.4,10.5,11.63,5.333,-55.19,-34.48,Camacho,sandstone,alluvial fan,Pseudoplohophorus absolutus
P4,14.0,17.5,12.5,9.4,-77.8,31.36,Alachua,unknown,marginal marine indet.,Yumaceras hamiltoni
M1,3.0,4.1,60.9,57.5,-75.5,53.44,Fort Union,siliciclastic,fluvial-lacustrine indet.,Aaptoryctes ivyi
M3,1.07,1.03,4.7,1.4,-99.15,37.91,Rexroad,unknown,terrestrial indet.,Symmetrodontomys simplicidens
m2,3.5,2.89,60.9,57.5,-77.78,49.27,Ohio Creek,sandstone,channel lag,Promioclaenus acolytus
i2,5.7,3.8,17.5,16.3,-65.05,-17.94,Chucal,sandstone,floodplain,Altitypotherium paucidens
upper dP2,4.38,4.88,13.8,11.0,-72.35,2.93,La Victoria,unknown,terrestrial indet.,Stirtonia victoriae
m3,35.05,15.15,23.04,20.45,-84.46,34.75,Fleming,conglomerate,coarse channel fill,Arretotherium acridens
m1,4.0,3.97,45.9,39.7,-85.58,35.54,Devil's Graveyard,unknown,terrestrial indet.,Thisbemys corrugatus
p4,9.85,4.6,16.3,12.5,-109.76,46.69,Butte Creek,volcaniclastic,terrestrial indet.,Hesperogaulus gazini
m5,1.5,1.0,16.3,15.5,-68.67,-43.88,Río Frias,tuff,fluvial indet.,Microbiotherium tehuelchum
m1,2.89,1.27,4.7,1.4,-96.97,43.06,Long Pine,siltstone,floodplain,Hibbardomys voorhiesi
p4,3.96,1.46,72.2,66.0,-67.58,51.57,Laramie,sandstone,channel,Parikimys carpenteri
M1,4.0,5.4,56.0,51.1,-80.94,52.67,Willwood,wackestone,wet floodplain,Cantius mckennai
m2,3.14,3.04,60.9,57.5,-78.5,46.09,unknown,shale,fissure fill,Nannodectes gidleyi
Lower m2,43.0,24.0,13.8,11.0,-71.59,4.05,unknown,claystone,terrestrial indet.,Huilatherium pluripicatum
m2,7.0,0.0,39.7,37.0,-98.62,37.74,Santiago,sandstone,channel,Lycophocyon hutchisoni
m2,2.8,2.45,56.0,51.1,-80.53,51.98,Willwood,unknown,fluvial-lacustrine indet.,Steinius annectens
m1,1.85,1.24,12.5,9.4,-95.72,39.49,Laverne,unknown,terrestrial indet.,Honeymys mariae
m3,50.2,15.7,29.0,21.0,-50.73,-34.69,Fray Bentos,sandstone,fluvial indet.,Scarrittia robusta
m1,2.2,2.25,37.0,33.9,-91.37,55.94,Cypress Hills,unknown,terrestrial indet.,Palaeolagus temnodon
Distance between lateral margins of external acoustic meatuses,0.0,67.4,11.63,7.246,-65.5,-9.7,Solimões,claystone,fluvial-lacustrine indet.,Neoepiblema horridula
Upper M3; First lamina,12.2,2.3,11.63,7.246,-65.5,-9.7,Solimões,claystone,fluvial-lacustrine indet.,Neoepiblema horridula
p4,2.29,1.96,37.0,33.9,-90.2,49.33,White River,unknown,terrestrial indet.,Yoderimys stewarti
M1,2.37,1.7,4.7,1.4,-115.73,34.46,San Timoteo,unknown,terrestrial indet.,Sigmodon minor
m3,47.5,42.2,4.7,1.4,-115.28,36.84,Tecopa Lake Beds,mudstone,lacustrine indet.,Capricamelus gettyi
M1,1.6,2.0,60.9,57.5,-78.5,46.09,unknown,shale,fissure fill,Navajovius kohlhaasae
DP4,2.53,1.9,21.0,17.5,-62.19,-42.83,Sarmiento,mudstone,paralic indet.,Eoviscaccia australis
m1,2.73,2.08,56.0,51.1,-78.54,51.42,Wasatch,unknown,terrestrial indet.,Haplomylus bozemanensis
m2,18.9,12.2,12.5,9.4,-96.15,37.71,unknown,unknown,terrestrial indet.,Cranioceras teres
m4,2.0,1.0,56.0,48.07,-28.6,-27.29,Itaboraí,marl,fissure fill,Gaylordia macrocynodonta
m1,108.6,65.2,4.7,1.4,-115.37,44.27,Glenns Ferry,unknown,terrestrial indet.,Stegomastodon mirificus
M3,1.25,1.36,24.7,23.1,-95.79,54.96,Cypress Hills,unknown,terrestrial indet.,Geringia gloveri
M2,4.1,6.0,60.9,57.5,-78.5,46.09,unknown,shale,fissure fill,Utemylus latomius
M1,8.0,9.9,56.0,51.1,-81.07,52.21,Willwood,unknown,terrestrial indet.,Cardiolophus radinskyi
m3,1.13,1.11,39.7,37.0,-98.36,37.35,Pomerado,mudstone,terrestrial indet.,Nonomys gutzleri
P4,4.7,0.0,13.8,11.0,-71.57,4.04,Villavieja,claystone,terrestrial indet.,Prodolichotis pridiana
M3,2.5,3.7,60.9,57.5,-79.81,51.07,Evanston,siliciclastic,terrestrial indet.,Promioclaenus acolytus
M1,3.5,4.15,23.1,18.5,-93.22,47.21,Harrison,unknown,terrestrial indet.,Migmacastor procumbodens
m1,12.6,15.0,9.4,4.7,-97.02,37.94,unknown,unknown,terrestrial indet.,Pliometanastes protistus
P4,3.2,2.954,18.5,16.3,-95.06,46.14,Runningwater,unknown,terrestrial indet.,Fanimus ultimus
m1,15.6,11.7,39.7,37.0,-88.5,36.09,Chambers Tuff,unknown,terrestrial indet.,Brachyhyops wyomingensis
M1,1.41,1.23,33.9,31.8,-87.47,46.32,Brule,unknown,terrestrial indet.,Nanodelphys huntii
m1,1.72,1.33,45.9,39.7,-85.96,49.88,Wagon Bed (Tepee Trail),unknown,terrestrial indet.,Apatemys bellus
M2,23.7,25.8,2.58,0.774,-81.8,30.02,unknown,unknown,terrestrial indet.,Tapirus (Helicotapirus) lundeliusi
P4,2.8,3.47,60.9,57.5,-77.78,49.27,Ohio Creek,sandstone,channel lag,Promioclaenus acolytus
Least length of base of zygomatic arch inferior view,30.0,0.0,2.58,0.0,-72.44,-10.88,unknown,conglomerate,fluvial indet.,Tayassu pecari
M1,12.4,13.9,23.04,15.98,-85.97,20.77,Balumtum Sandstone,conglomerate,terrestrial indet.,Paratoceras tedfordi
P4,6.3,7.3,17.5,16.3,-65.05,-17.94,Chucal,sandstone,floodplain,Altitypotherium chucalensis
P4,5.85,1.75,57.5,56.0,-78.79,52.74,unknown,unknown,terrestrial indet.,Prochetodon taxus
Upper M3; Second lamina,15.2,2.1,11.63,7.246,-65.5,-9.7,Solimões,claystone,fluvial-lacustrine indet.,Neoepiblema horridula
M2,6.0333,7.1,37.0,33.9,-87.35,47.77,Chadron,siltstone,terrestrial indet.,Bathygenys alpha
Metacarpal V,15.0,0.0,13.8,11.0,-71.57,4.04,Villavieja,claystone,terrestrial indet.,Prodolichotis pridiana
M1,1.57,2.5,37.0,33.9,-89.99,35.83,unknown,unknown,terrestrial indet.,Pseudocylindrodon neglectus
M2,1.63,1.81,16.3,12.5,-91.27,45.59,Valentine,conglomerate,fluvial indet.,Megasminthus tiheni
P4,1.69,1.51,51.1,45.9,-92.12,47.29,Sheep Pass,limestone,lacustrine - small,Apatemys bellus
p4,10.0,8.4,24.7,18.5,-73.53,30.81,unknown,claystone,terrestrial indet.,Archaeohippus mannulus
m2,0.86,1.11,16.3,12.5,-104.9,49.7,Madison Valley,sandstone,channel,Cupidinimus halli
m1,4.9,1.5,2.58,1.8,-99.15,37.91,Crooked Creek,siltstone,terrestrial indet.,Neogale frenata
m1,1.95,1.85,56.0,51.1,-7.41,73.41,Margaret,unknown,deltaic indet.,Strathcona minor
p3,22.9,19.3,29.0,21.0,-50.73,-34.69,Fray Bentos,sandstone,fluvial indet.,Scarrittia robusta
M1,5.32,2.44,66.0,63.4,-77.82,50.68,North Horn,unknown,floodplain,Stygimys kuszmauli
m2,24.1,18.1,2.58,0.774,-81.8,30.02,unknown,unknown,terrestrial indet.,Tapirus (Helicotapirus) lundeliusi
M3,3.3,3.2,9.4,4.7,-107.29,37.9,Bidahochi,unknown,terrestrial indet.,Dipoides williamsi
Median phalanx II,6.9,0.0,13.8,11.0,-71.57,4.04,Villavieja,claystone,terrestrial indet.,Prodolichotis pridiana
M2,15.0,18.2,16.3,12.5,-109.76,46.69,Butte Creek,volcaniclastic,terrestrial indet.,Bouromeryx americanus
Metatarsal III,0.0,44.3,13.8,11.0,-71.57,4.04,Villavieja,claystone,terrestrial indet.,Magdalenabradys confusum
m2,2.7775,3.225,9.4,4.7,-97.16,38.78,unknown,unknown,terrestrial indet.,Spermophilus dotti
P4,34.93,16.47,12.5,9.4,-77.8,31.36,Alachua,unknown,marginal marine indet.,Nimravides galiani
P3,1.5,2.54,18.5,16.3,-100.38,53.88,Cypress Hills,unknown,terrestrial indet.,Oreolagus nebrascensis
M3,9.2,9.9,16.3,12.5,-89.1,33.53,Fleming,unknown,terrestrial indet.,Longirostromeryx wellsi
m1,7.3,2.2667,1.4,0.21,-105.33,39.55,unknown,unknown,terrestrial indet.,Mustela nigripes
m2,1.234,0.988,16.3,12.5,-104.9,49.7,Madison Valley,sandstone,channel,Copemys lindsayi
femur,360.0,0.0,1.4,0.21,-81.72,29.97,unknown,unknown,terrestrial indet.,Xenosmilus hodsonae
m1,11.3,8.65,16.3,12.5,-111.81,38.82,Barstow,unknown,terrestrial indet.,Tedfordhyus occidentalis
skull,615.0,260.0,48.07,41.03,72.14,9.14,Domanda,shale,coastal indet.,Rodhocetus kasranii
m1,2.46,1.72,16.3,12.5,-109.76,46.69,Butte Creek,volcaniclastic,terrestrial indet.,Scapanoscapter simplicidens
M3,2.51,3.05,56.0,51.1,-81.69,48.47,Wasatch,unknown,terrestrial indet.,Arctodontomys wilsoni
m1,2.2,1.4,72.2,66.0,-74.19,48.42,unknown,unknown,terrestrial indet.,Gypsonictops lewisi
m2,2.35,1.9,60.9,57.5,-79.72,51.28,Wasatch,unknown,terrestrial indet.,Palaeoryctes cruoris
M3,1.87,0.94,1.4,0.21,-97.7,40.03,Sappa,unknown,terrestrial indet.,Microtus paroperarius
M1,7.4,11.4,39.7,37.0,-98.62,37.74,Santiago,sandstone,channel,Lycophocyon hutchisoni
M2,8.8,11.6,45.9,39.7,-85.58,35.54,Chisos,unknown,terrestrial indet.,Miocyon vallisrubrae
M1,1.81,1.56,39.7,37.0,-100.3,38.92,Sespe,unknown,terrestrial indet.,Simimys landeri
M3,2.64,2.54,51.1,45.9,-92.12,47.29,Sheep Pass,limestone,lacustrine - small,Reithroparamys huerfanensis
m1,2.37,1.35,72.2,66.0,-65.32,60.38,Frenchman,siltstone,floodplain,Alostera saskatchewanensis
M2,37.5,25.0,2.58,0.0117,-131.41,63.34,unknown,unknown,terrestrial indet.,Arctodus simus
Width of zygomatic arch measured from mid–tooth alveolar margin of upper M1 to o,0.0,18.0,2.58,0.0,-72.44,-10.88,unknown,conglomerate,fluvial indet.,Tayassu pecari
Mandible,0.0,53.5,13.8,11.0,-71.62,4.01,La Victoria,claystone,terrestrial indet.,Granastrapotherium snorki
M1,12.0,14.9,51.1,45.9,-88.55,48.71,Washakie,unknown,terrestrial indet.,Isectolophus latidens
P4,1.2,1.05,63.4,60.9,-74.71,61.93,Paskapoo,unknown,fluvial indet.,Picrodus calgariensis
P4,19.7,26.3,60.9,57.5,-81.5,49.76,Flagstaff,unknown,terrestrial indet.,Haplolambda simpsoni
m1,12.9,7.4,24.7,18.5,-93.3,47.08,Harrison,unknown,terrestrial indet.,Miotylopus leonardi
M3,2.9,3.7,56.0,51.1,-79.64,51.58,Willwood,mudstone,terrestrial indet.,Mimoperadectes labrus
M1,12.7,15.8,12.5,9.4,-110.34,46.52,Juntura,unknown,terrestrial indet.,Sthenictis junturensis
m1,1.5,1.7,12.5,9.4,-110.34,46.52,Juntura,unknown,terrestrial indet.,Ammospermophilus junturensis
p3,0.0,5.54,33.9,27.3,-63.44,-34.93,Abanico,volcaniclastic,terrestrial indet.,Kramadolops abanicoi
Lower p4 Talonid,0.0,18.0,2.58,0.0117,-69.21,9.93,unknown,claystone,terrestrial indet.,Mixotoxodon larensis
m1,2.15,1.74,60.9,57.5,-76.45,53.23,Fort Union,siltstone,terrestrial indet.,Mylanodon rosei
M2,0.98,0.85,4.7,1.4,-108.1,33.49,Gila Conglomerate,marl,lacustrine indet.,Reithrodontomys rexroadensis
m1,2.1,1.8,45.9,39.7,-96.6,38.2,Santiago,siliciclastic,terrestrial indet.,Dyseolemur pacificus
M2,24.0,22.0,9.4,4.7,-85.14,32.17,unknown,unknown,marginal marine indet.,Synthetoceras davisorum
i2,5.5,3.7,17.5,16.3,-65.05,-17.94,Chucal,sandstone,floodplain,Altitypotherium chucalensis
m1,24.5,15.5,16.3,12.5,-111.93,42.13,unknown,unknown,terrestrial indet.,Aepycamelus stocki
m1,1.52,0.96,1.4,0.21,-99.44,45.67,unknown,unknown,terrestrial indet.,Zapus sykesae
M1,21.3,23.3,18.5,16.3,-75.25,32.13,Alachua,sandstone,terrestrial indet.,Anchitherium clarencei
m1,11.45,8.7,23.1,18.5,-90.01,47.22,unknown,unknown,terrestrial indet.,Merychyus elegans
m1,1.07,1.36,9.4,4.7,-109.42,40.73,Sevier,siltstone,terrestrial indet.,Metaliomys sevierensis
P4,19.5,13.2,9.4,4.7,-97.13,37.75,unknown,unknown,terrestrial indet.,Plesiogulo marshalli
M1,22.0,27.7,23.1,18.5,-94.64,46.88,Marsland,unknown,terrestrial indet.,Adilophontes brachykolos
m1,3.8,2.8,66.0,63.4,-77.82,50.68,North Horn,unknown,terrestrial indet.,Haploconus elachistus
Lower m1,2.5,1.45,13.8,11.0,-71.53,4.1,Villavieja,unknown,terrestrial indet.,Notonycteris sucharadeus
m2,0.975,0.8975,29.5,24.7,-89.39,47.96,unknown,conglomerate,coarse channel fill,Leptodontomys douglassi
Fibula,0.0,61.8,13.8,11.0,-71.59,4.07,unknown,claystone,terrestrial indet.,Magdalenabradys confusum
p4,27.13,10.74,9.4,4.7,-96.77,39.04,Ogallala,unknown,terrestrial indet.,Machairodus catocopis
M1,12.5,10.3,12.5,9.4,-95.87,42.37,Ogallala,unknown,terrestrial indet.,Leptarctus mummorum
Phalanx V,16.2,0.0,13.8,11.0,-71.59,4.05,Villavieja,claystone,terrestrial indet.,Drytomomys aequatorialis
First tooth,6.6,3.7,15.98,11.63,-60.66,9.5,Santa Ines,unknown,terrestrial indet.,Boreostemma venezolensis
m3,4.1,3.7,51.1,45.9,-92.12,47.29,Sheep Pass,limestone,lacustrine - small,Hyopsodus paulus
M1,15.0,20.0,31.8,29.5,-87.22,48.58,Brule,sandstone,fluvial indet.,Miohippus gidleyi
m1,3.63,2.85,51.1,45.9,-87.37,48.83,Bridger,unknown,terrestrial indet.,Hyopsodus lepidus
coronoid to angular process,72.7,0.0,3.6,0.774,-62.8,9.96,Mesa,tar,terrestrial indet.,Xenosmilus venezuelensis
skull,298.0,0.0,20.45,15.98,-67.88,40.53,Calvert,siltstone,offshore,Kentriodon pernix
Outside width of tooth rows measured across upper M3s,0.0,50.0,2.58,0.0,-72.44,-10.88,unknown,conglomerate,fluvial indet.,Tayassu pecari
m1,2.69,2.58,60.9,57.5,-76.17,52.0,unknown,unknown,terrestrial indet.,Nannodectes simpsoni
P3,1.1,0.8,18.5,12.5,-103.52,50.69,Deep River,unknown,terrestrial indet.,Mesoscalops montanensis
Lower p4,29.0,23.0,13.8,11.0,-71.62,4.01,Villavieja,claystone,terrestrial indet.,Huilatherium pluripicatum
m1,5.85,2.4,4.7,1.4,-99.15,37.91,Rexroad,unknown,terrestrial indet.,Buisnictis schoffi
M2,40.0,52.0,18.5,16.3,-95.06,46.14,Runningwater,unknown,terrestrial indet.,Menoceras barbouri
m2,3.75,3.45,16.3,12.5,-109.76,46.69,Butte Creek,volcaniclastic,terrestrial indet.,Hesperogaulus gazini
m2,2.2,2.0,51.1,45.9,-87.38,49.45,Green River,unknown,terrestrial indet.,Omomys carteri
m2,3.8233,4.68,12.5,9.4,-94.8,45.3,Ash Hollow,siliciclastic,channel,Dipoides tanneri
m1,2.0,0.0,56.0,48.07,-28.6,-27.29,Itaboraí,marl,fissure fill,Monodelphopsis travassosi
M3,2.89,4.34,51.1,45.9,-87.37,48.83,Bridger,unknown,terrestrial indet.,Hyopsodus lepidus
m2,7.8,5.4,39.7,37.0,-88.5,36.09,Chambers Tuff,unknown,terrestrial indet.,Daphoenus lambei
M2,16.13,17.87,45.9,39.7,-88.55,48.71,Washakie,unknown,terrestrial indet.,Triplopus implicatus
Lower canine,0.0,0.0,13.8,11.0,-71.6,3.99,unknown,sandstone,terrestrial indet.,Granastrapotherium snorki
humerus,266.5,0.0,15.98,13.82,-69.4,40.17,Calvert,claystone,estuary/bay,Pelocetus calvertensis
Upper canine,0.0,0.0,13.8,11.0,-71.58,4.07,unknown,unknown,terrestrial indet.,Xenastrapotherium kraglievichi
m2,5.0,2.2,16.3,15.5,-68.67,-43.88,Río Frias,tuff,fluvial indet.,Abderites meridionalis
m1,1.6,1.7,12.5,9.4,-113.77,36.46,MR Caliente,unknown,terrestrial indet.,Ammospermophilus fossilis
m1,1.66,1.74,18.5,16.3,-111.27,37.93,Branch Canyon,unknown,terrestrial indet.,Harrymys magnus
m1,3.2,3.1,56.0,51.1,-84.08,50.15,Wasatch,unknown,terrestrial indet.,Paramys copei
P4,2.835,3.47,56.0,51.1,-82.05,44.29,San Jose,unknown,terrestrial indet.,Diacodon alticuspis
M2,1.59,1.81,39.7,37.0,-86.94,56.36,Cypress Hills,unknown,terrestrial indet.,Churcheria baroni
M1,2.0,2.45,72.2,66.0,-65.85,53.65,Lance,sandstone,terrestrial indet.,Pediomys elegans
P3,15.0,17.8,12.5,9.4,-96.58,45.94,unknown,unknown,terrestrial indet.,Pseudhipparion gratum
humerus,60.0,0.0,56.0,51.1,-79.86,52.19,Willwood,unknown,terrestrial indet.,Miacis petilus
m1,4.43,3.68,66.0,63.4,-67.64,57.54,Tullock,sandstone,coarse channel fill,Baioconodon engdahli
m2,23.5,12.7,18.5,16.3,-93.62,46.98,Batesland,unknown,terrestrial indet.,Arretotherium fricki
m2,3.8,2.7,60.9,57.5,-79.81,51.07,Evanston,siliciclastic,terrestrial indet.,Aphronorus orieli
m1,2.2,2.2,29.5,18.5,-92.48,48.02,unknown,unknown,terrestrial indet.,Florentiamys kingi
P1,1.99,1.6,60.9,57.5,-78.13,60.96,Paskapoo,siltstone,fluvial-lacustrine indet.,Ptilodus gnomus
p4 anterior lobe,19.0,0.0,2.58,0.0117,-36.4,-8.52,unknown,unknown,terrestrial indet.,Macrauchenia patagonica
M2,1.25,1.41,39.7,37.0,-98.36,37.35,Pomerado,mudstone,terrestrial indet.,Nonomys gutzleri
P4,2.0,3.3,37.0,33.9,-90.2,49.33,White River,unknown,terrestrial indet.,Palaeolagus primus
M1,1.04,1.68,4.7,1.4,-108.6,33.79,unknown,unknown,terrestrial indet.,Dipodomys gidleyi
m2,3.67,2.65,39.7,37.0,-87.58,35.26,Devil's Graveyard,unknown,terrestrial indet.,Mahgarita stevensi
M1,1.5,2.9,18.5,16.3,-95.42,44.85,Pawnee Creek,unknown,channel,Oreolagus wilsoni
Humerus,0.0,1.47,2.58,0.0,-56.37,-21.1,unknown,claystone,cave,Leopardus braccatus
m1,2.07,1.15,37.0,33.9,-91.37,55.94,Cypress Hills,unknown,terrestrial indet.,Herpetotherium valens
Lower m2,145.0,80.3,2.58,0.0117,-37.75,-10.31,unknown,unknown,terrestrial indet.,Notiomastodon platensis
Depth of ramus below lower P2,0.0,0.0,2.58,0.0,-72.52,-8.76,unknown,conglomerate,fluvial indet.,Tayassu pecari
m1-m4,10.3,0.0,8.0,5.0,-61.89,-36.93,Epecuén,siltstone,fluvial indet.,Thylatheridium hudsoni
m1,4.0,3.4,45.9,39.7,-89.82,47.22,Uinta,unknown,terrestrial indet.,Macrotarsius jepseni
M1,8.2,9.2,37.0,33.9,-89.99,35.83,Capote Mountain Tuff,unknown,terrestrial indet.,Stevenscamelus franki
p4,1.9,2.0,29.5,18.5,-92.34,47.0,unknown,unknown,terrestrial indet.,Sanctimus stouti
m3,2.2,1.4,18.5,12.5,-103.52,50.69,Deep River,unknown,terrestrial indet.,Mesoscalops montanensis
Lower p4,32.0,0.0,2.58,0.0117,-69.21,9.93,unknown,claystone,terrestrial indet.,Mixotoxodon larensis
m2,2.605,2.71,23.1,18.5,-90.01,47.22,Harrison,unknown,terrestrial indet.,Archaeolagus primigenius
M2,1.872,2.458,23.1,18.5,-90.01,47.22,Harrison,unknown,terrestrial indet.,Sanctimus stuartae
tibia,123.0,10.6,56.0,51.1,-80.91,52.72,Willwood,sandstone,channel,Sifrhippus grangeri
m3,2.2325,2.1675,16.3,12.5,-104.9,49.7,Madison Valley,sandstone,channel,Spermophilus jerae
M2,1.21,1.615,23.1,18.5,-90.01,47.22,Harrison,unknown,terrestrial indet.,Hitonkala macdonaldtau
p4,6.6,3.45,12.5,4.7,-96.15,44.75,Ash Hollow,unknown,terrestrial indet.,Protoprocyon savagei
M2,1.15,1.4,37.0,33.9,-90.2,49.33,White River,unknown,terrestrial indet.,Aulolithomys vexilliames
M3,6.1,8.75,66.0,63.4,-77.82,50.68,North Horn,unknown,terrestrial indet.,Desmatoclaenus hermaeus
P3,3.1,3.7,17.5,16.3,-65.05,-17.94,Chucal,sandstone,floodplain,Eotypotherium chico
Lower m2,69.8,37.9,13.8,11.0,-71.62,4.01,La Victoria,claystone,terrestrial indet.,Granastrapotherium snorki
p4,2.605,2.71,23.1,18.5,-90.01,47.22,Harrison,unknown,terrestrial indet.,Archaeolagus primigenius
Lower P1-3,1.8,0.0,56.0,48.07,-28.6,-27.29,Itaboraí,marl,fissure fill,Minusculodelphis minimus
P4,3.7,5.1,51.1,45.9,-82.61,44.55,Huerfano,unknown,terrestrial indet.,Smilodectes mcgrewi
P2,6.2,5.1,60.9,57.5,-76.38,61.88,Paskapoo,siltstone,lacustrine indet.,Presbytherium rhodorugatus
m1,2.7,3.41,16.3,12.5,-109.76,46.69,Butte Creek,volcaniclastic,terrestrial indet.,Monosaulax typicus
M2,0.73,0.82,37.0,33.9,-95.21,52.63,Renova,claystone,terrestrial indet.,Heliscomys ostranderi
m1,14.5,11.75,18.5,16.3,-75.25,32.13,Alachua,sandstone,terrestrial indet.,Parahippus leonensis
m1,0.0,13.8,3.6,0.774,-62.8,9.96,Mesa,tar,terrestrial indet.,Xenosmilus venezuelensis
m1,1.96,1.49,16.3,12.5,-91.27,45.59,Valentine,conglomerate,fluvial indet.,Megasminthus tiheni
P4,7.0,6.0,37.0,33.9,-91.42,49.47,White River,unknown,terrestrial indet.,Parictis personi
M1,6.5,8.1,45.9,39.7,-83.75,56.77,Cypress Hills,sandstone,fluvial indet.,Leptoreodon marshi
Upper C1,0.98,0.71,13.8,11.0,-71.6,4.07,Villavieja,mudstone,fluvial indet.,Thyroptera robusta
m1,6.0,2.35,1.4,0.21,-97.21,38.53,unknown,unknown,terrestrial indet.,Ondatra annectens
P3,1.52,3.52,4.7,0.21,-108.48,33.37,Gila Conglomerate,siltstone,fluvial indet.,Hypolagus arizonensis
m1,12.35,9.5,16.3,12.5,-111.81,38.82,Barstow,unknown,terrestrial indet.,Dyseohyus fricki
p4,17.8,14.0,29.0,21.0,-39.3,-23.86,unknown,shale,lacustrine indet.,Taubatherium paulacoutoi
M1,15.2,15.0,1.4,0.21,-78.33,39.84,unknown,unknown,cave,Platygonus vetus
m1,10.7,5.0,16.3,12.5,-93.86,46.54,Valentine,unknown,terrestrial indet.,Leptarctus primus
p3,1.0,0.7,63.4,60.9,-74.72,61.99,Paskapoo,siltstone,terrestrial indet.,Edworthia lerbekmoi
m1,4.1,2.8,66.0,63.4,-77.82,50.68,North Horn,unknown,floodplain,Conacodon kohlbergeri
M2,13.25,14.0,16.3,12.5,-110.98,38.47,Barstow,unknown,terrestrial indet.,Dyseohyus fricki
m2,9.6,6.8,56.0,51.1,-81.07,52.21,Willwood,unknown,terrestrial indet.,Cardiolophus radinskyi
m1,2.2,1.3,8.0,5.0,-61.89,-36.93,Epecuén,siltstone,fluvial indet.,Thylatheridium hudsoni
Lower m2,0.0,21.4,3.6,2.58,-73.78,-8.17,unknown,unknown,terrestrial indet.,Phoberomys gyulavarii
p3,23.7,18.35,16.3,12.5,-111.93,42.13,unknown,unknown,terrestrial indet.,Hypohippus affinis
ulna,267.0,0.0,7.246,5.333,-73.17,-15.2,Pisco,siltstone,foreshore,Piscobalaena nana
M2,1.5,1.6,51.1,45.9,-83.03,27.44,Guanjuato Red Conglomerate,unknown,terrestrial indet.,Floresomys guanajuatoensis
Upper M1-3,5.0,0.0,56.0,48.07,-28.6,-27.29,Itaboraí,marl,fissure fill,Gaylordia macrocynodonta
p4,23.0,11.0,2.58,0.0117,-89.46,37.95,unknown,gravel,cave,Panthera onca
p3,21.5,10.8,9.4,4.7,-97.13,37.75,unknown,unknown,terrestrial indet.,Neohipparion eurystyle
M3,1.62,2.4,72.2,66.0,-65.92,53.69,Lance,shale,terrestrial indet.,Leptalestes krejcii
M1,1.6075,1.075,16.3,12.5,-104.9,49.7,Madison Valley,sandstone,channel,Copemys lindsayi
m1,3.43,2.29,63.4,60.9,-77.16,46.7,Nacimiento,unknown,terrestrial indet.,Acmeodon secans
m1,1.96,1.25,24.7,23.1,-95.79,54.96,Cypress Hills,unknown,terrestrial indet.,Domnina dakotensis
m1,17.2,11.1,12.5,9.4,-93.37,31.18,Goliad,sandstone,terrestrial indet.,Protolabis coartatus
P4,1.23,1.43,24.7,23.1,-95.79,54.96,Cypress Hills,unknown,terrestrial indet.,Nototamias quadratus
m2,8.8,6.7,37.0,33.9,-87.35,47.77,Chadron,siltstone,terrestrial indet.,Pseudoprotoceras minor
m3,1.73,1.43,24.7,23.1,-95.79,54.96,Cypress Hills,unknown,terrestrial indet.,Paciculus nebraskensis
M3,22.9,35.2,51.1,45.9,-87.11,48.99,Bridger,unknown,terrestrial indet.,Trogosus gazini
m1,2.19,1.35,39.7,37.0,-86.94,56.36,Cypress Hills,unknown,terrestrial indet.,Centetodon magnus
P4,1.88,0.72,56.0,51.1,-78.54,51.42,Wind River,unknown,terrestrial indet.,Ectypodus tardus
M3,1.12,1.33,45.9,39.7,-85.58,35.54,Devil's Graveyard,unknown,terrestrial indet.,Pauromys texensis
Ulna,0.0,72.4,13.8,11.0,-71.53,4.1,Villavieja,sandstone,terrestrial indet.,Magdalenabradys confusum
M2,1.25,1.38,39.7,37.0,-100.3,38.92,Sespe,unknown,terrestrial indet.,Paradjidaumo (Macroadjidaumo) reynoldsi
Upper M3; Fourth lamina,10.4,4.5,11.63,7.246,-65.5,-9.7,Solimões,claystone,fluvial-lacustrine indet.,Neoepiblema horridula
M3,1.3,1.38,29.5,18.5,-102.1,50.8,Peterson Creek Beds,unknown,terrestrial indet.,Paciculus montanus
m1,7.8,6.5,66.0,63.4,-77.82,50.68,North Horn,unknown,terrestrial indet.,Desmatoclaenus hermaeus
p4,1.72,1.19,45.9,37.0,-97.31,38.28,Santiago,unknown,terrestrial indet.,Sespedectes stocki
Lower p3 Talonid,0.0,16.0,2.58,0.0117,-69.21,9.93,unknown,claystone,terrestrial indet.,Mixotoxodon larensis
humerus,60.0,0.0,12.5,9.4,-114.67,38.54,Monterey,sandstone,marine indet.,Delphinavus newhalli
Lower m2,160.0,80.3,2.58,0.0117,-37.75,-10.31,unknown,unknown,terrestrial indet.,Notiomastodon platensis
Lower p4,31.5,0.0,2.58,0.0117,-69.21,9.93,unknown,claystone,terrestrial indet.,Mixotoxodon larensis
Lower Mandibular height at M3,0.0,0.0,56.0,48.07,-28.6,-27.29,Itaboraí,marl,fissure fill,Derorhynchus singularis
Ulna,8.3,6.5,13.8,11.0,-71.59,4.05,Villavieja,claystone,terrestrial indet.,Drytomomys aequatorialis
m1,23.1,10.4,9.4,4.7,-115.46,46.26,Rattlesnake,siltstone,terrestrial indet.,Simocyon primigenius
M3,3.5,4.69,72.2,66.0,-65.92,53.69,Lance,shale,terrestrial indet.,Protolambda hatcheri
Tibia,265.8,0.0,13.8,11.0,-71.59,4.06,La Victoria,claystone,terrestrial indet.,Magdalenabradys confusum
Lower p3,2.93,3.49,13.8,11.0,-71.53,4.1,Villavieja,unknown,terrestrial indet.,Nuciruptor rubricae
ulna,53.5,0.0,12.8,11.63,25.11,43.49,unknown,marl,marine indet.,Kentriodon fuchsii
m1,2.08,1.52,37.0,33.9,-90.33,55.96,Cypress Hills,unknown,terrestrial indet.,Domnina gradata
M1,7.3,8.6,66.0,63.4,-77.82,50.68,North Horn,unknown,terrestrial indet.,Desmatoclaenus hermaeus
p3,0.0,4.77,33.9,27.3,-63.44,-34.93,Abanico,volcaniclastic,terrestrial indet.,Kramadolops abanicoi
m1,1.68,2.72,4.7,0.21,-108.48,33.37,Gila Conglomerate,siltstone,fluvial indet.,Cratogeomys sansimonensis
humerus,139.0,0.0,27.3,23.04,-105.22,40.13,Jewett,sandstone,marine indet.,Allodelphis pratti
m1,1.89,1.09,1.4,0.21,-81.46,27.21,Caloosahatchee,unknown,terrestrial indet.,Atopomys texensis
P4,1.8,3.3,29.5,18.5,-98.93,52.07,unknown,unknown,terrestrial indet.,Palaeolagus hypsodus
Upper canine,0.0,0.0,13.8,11.0,-71.57,4.03,Villavieja,sandstone,terrestrial indet.,Granastrapotherium snorki
Upper M1,1.38,1.71,13.8,11.0,-71.6,4.07,Villavieja,mudstone,fluvial indet.,Thyroptera robusta
m3,1.18,1.15,39.7,37.0,-98.36,37.35,Pomerado,mudstone,terrestrial indet.,Nonomys gutzleri
p4,3.33,1.21,72.2,66.0,-65.32,60.38,Frenchman,siltstone,floodplain,Mesodma formosa
M2,3.8,6.0,37.0,33.9,-89.99,35.83,unknown,unknown,terrestrial indet.,Gustafsonia cognita
M2,4.04,5.18,72.2,66.0,-66.02,53.68,Lance,sandstone,terrestrial indet.,Protolambda florencae
humerus,444.8,0.0,2.58,0.774,-108.66,34.8,unknown,gravel,lacustrine indet.,Paramylodon harlani
m2,11.0,6.0,11.63,5.333,-55.19,-34.48,Camacho,sandstone,alluvial fan,Pseudoplohophorus absolutus
m1,1.16,0.64,4.7,1.4,-113.45,43.46,Glenns Ferry,unknown,terrestrial indet.,Sorex meltoni
P4,8.8,9.5,16.3,12.5,-91.98,43.15,Valentine,unknown,terrestrial indet.,Leptarctus martini
P4,29.0,27.5,4.7,1.4,-116.95,36.95,unknown,unknown,terrestrial indet.,Plesippus simplicidens
m1,29.4,12.7,9.4,4.7,-98.52,41.18,unknown,unknown,terrestrial indet.,Amphimachairodus coloradensis
P4,1.19,1.18,39.7,37.0,-100.3,38.92,Sespe,unknown,terrestrial indet.,Paradjidaumo (Macroadjidaumo) reynoldsi
humerus,0.0,85.0,37.0,33.9,-85.06,49.44,Chadron,siliciclastic,fluvial-lacustrine indet.,Diploclonus tyleri
m1,2.1033,1.55,1.4,0.21,-99.34,34.04,Seymour,unknown,terrestrial indet.,Sigmodon curtisi
M1,2.1967,1.6433,29.5,18.5,-102.1,50.8,Peterson Creek Beds,unknown,terrestrial indet.,Paciculus montanus
dp4,3.53,1.5,21.0,17.5,-62.19,-42.83,Sarmiento,mudstone,paralic indet.,Eoviscaccia australis
Astragalus,0.0,0.0,13.8,11.0,-71.57,4.04,Villavieja,claystone,terrestrial indet.,Magdalenabradys confusum
M3,24.0,18.0,9.4,4.7,-98.16,22.95,Rancho Viejo Beds,claystone,fluvial indet.,Desmathyus brachydontus
m1,1.75,1.35,56.0,51.1,-81.07,52.21,Willwood,unknown,terrestrial indet.,Nyctitherium curtidens
Metatarsal II,29.3,0.0,13.8,11.0,-71.57,4.04,Villavieja,claystone,terrestrial indet.,Prodolichotis pridiana
M1,2.97,3.61,56.0,51.1,-81.07,52.21,Willwood,unknown,terrestrial indet.,Arctodontomys wilsoni
P3,8.8,5.8,16.3,12.5,-94.51,43.26,unknown,unknown,terrestrial indet.,Brachypsalis hyaenoides
m2,2.38,1.72,9.4,4.7,-98.19,23.07,Rancho Viejo Beds,claystone,channel,Neotoma (Paraneotoma) sawrockensis
M3,1.8,1.9,12.5,9.4,-113.77,36.46,MR Caliente,unknown,terrestrial indet.,Ammospermophilus fossilis
M1,46.2,54.8,29.5,24.7,-88.74,48.37,Sharps,unknown,terrestrial indet.,Diceratherium radtkei
M3,1.17,1.0,9.4,4.7,-107.91,34.61,Quiburis,unknown,terrestrial indet.,Galushamys redingtonensis
m1,21.5,16.5,16.3,12.5,-111.06,45.81,unknown,unknown,terrestrial indet.,Hypohippus osborni
dp4,6.1,3.5,13.8,11.0,-71.59,4.05,Villavieja,claystone,terrestrial indet.,Scleromys colombianus
m3,6.5,3.8,56.0,51.1,-82.05,44.29,San Jose,unknown,terrestrial indet.,Simpsonodus chacensis
Molariform 3,9.8,9.2,17.5,16.3,-69.44,-51.54,Palomares,tuff,terrestrial indet.,Nematherium birdi
M2,1.389,1.542,33.9,31.8,-91.61,49.36,unknown,siltstone,lacustrine - small,Paradjidaumo trilophus
M1,1.5267,1.6733,9.4,4.7,-97.02,37.94,unknown,sandstone,fluvial indet.,Pliosaccomys higginsensis
p3,23.3,13.2,9.4,4.7,-97.22,42.35,Ash Hollow,unknown,terrestrial indet.,Protohippus gidleyi
m1,11.9,7.5,23.1,18.5,-94.48,33.9,Delaho,unknown,terrestrial indet.,Delahomeryx browni
P4,2.05,2.2,23.1,18.5,-102.69,50.37,Blacktail Deer Creek,claystone,terrestrial indet.,Entoptychus montanensis
p3,18.95,10.6,12.5,9.4,-113.02,37.67,Santa Margarita,unknown,terrestrial indet.,Hipparion tehonense
p4,16.8,10.1,16.3,12.5,-105.84,49.71,Sixmile Creek,siltstone,fluvial indet.,Aelurodon montanensis
M2,44.6,40.15,29.5,24.7,-88.74,48.37,Sharps,unknown,terrestrial indet.,Diceratherium marriottae
m1,2.99,1.19,4.7,1.4,-96.97,43.06,Long Pine,siltstone,floodplain,Guildayomys hibbardi
M1,2.54,1.29,1.4,0.21,-99.44,45.67,unknown,unknown,terrestrial indet.,Mictomys kansasensis
scapula,4.0,2.6,12.5,9.4,-94.92,45.57,Valentine,unknown,terrestrial indet.,Domninoides mimicus
m1 or m2,2.15,1.53,15.5,13.8,-67.65,-39.73,Collón Cura,tuff,terrestrial indet.,Galileomys colloncurensis
M3,20.0,14.0,9.4,4.7,-115.46,46.26,Rattlesnake,siltstone,terrestrial indet.,Platygonus oregonensis
p4,1.006,0.848,16.3,12.5,-109.76,46.69,Deer Butte,unknown,terrestrial indet.,Pseudotheridomys pagei
m1,9.5,5.0,9.4,4.7,-115.06,43.35,Thousand Creek,unknown,terrestrial indet.,Pliotaxidea nevadensis
M3,9.8,5.8,17.5,16.3,-65.05,-17.94,Chucal,sandstone,floodplain,Eotypotherium chico
m2,4.2,4.3,13.8,11.0,-71.62,4.01,Villavieja,unknown,terrestrial indet.,Neoreomys huilensis
m2,3.8,2.9,45.9,39.7,-89.36,47.28,Uinta,unknown,terrestrial indet.,Zionodon walshi
Upper M4,14.8,16.0,13.8,11.0,-71.53,4.1,Villavieja,sandstone,terrestrial indet.,Magdalenabradys confusum
P4,6.2,3.9,1.4,0.21,-78.33,39.84,unknown,unknown,cave,Brachyprotoma obtusata
m1,14.0,5.7,9.4,4.7,-115.06,43.35,Thousand Creek,unknown,terrestrial indet.,Lutravus halli
M2,2.8,2.9,83.6,72.2,-64.92,59.88,Dinosaur Park,unknown,terrestrial indet.,Turgidodon russelli
P4,3.25,3.22,16.3,12.5,-104.9,49.7,Madison Valley,sandstone,channel,Euroxenomys inconnexus
m1,1.6,1.275,60.9,57.5,-76.63,51.13,unknown,unknown,terrestrial indet.,Pararyctes pattersoni
M1,1.51,1.83,23.1,18.5,-90.01,47.22,Harrison,unknown,terrestrial indet.,Nototamias quadratus
m1,3.0,1.8,60.9,57.5,-75.47,53.42,Fort Union,unknown,terrestrial indet.,Amelotabes simpsoni
p4,6.62,2.285,60.9,57.5,-77.86,50.78,Fort Union,unknown,terrestrial indet.,Ptilodus kummae
P3,23.6,30.1,51.1,45.9,-87.37,48.83,Bridger,unknown,terrestrial indet.,Uintatherium anceps
Lower m1 or m2,0.0,0.9,13.8,11.0,-71.6,4.07,Villavieja,mudstone,fluvial indet.,Thyroptera lavali
m3,7.3,3.4,17.5,16.3,-65.05,-17.94,Chucal,sandstone,floodplain,Eotypotherium chico
mandible at m3,0.0,2.4,8.0,5.0,-61.89,-36.93,Epecuén,siltstone,fluvial indet.,Thylatheridium hudsoni
m4,1.74,0.66,8.0,5.0,-62.61,-36.4,Cerro Azul,siltstone,loess,Thylamys pinei
m1,4.37,1.89,4.7,1.4,-116.59,43.67,unknown,unknown,terrestrial indet.,Ondatra idahoensis
femur,62.3,0.0,9.4,4.7,-117.07,39.37,Mehrten,mudstone,terrestrial indet.,Pliotaxidea garberi
tibia,219.4,0.0,2.58,0.774,-108.66,34.8,unknown,gravel,lacustrine indet.,Paramylodon harlani
M2,11.2,12.9,39.7,37.0,-84.14,51.5,Slim Buttes,siliciclastic,fluvial indet.,Duchesnehippus intermedius
M3,2.2,3.55,33.9,31.8,-87.83,47.98,Brule,unknown,terrestrial indet.,Blacktops latidens
P4,1.41,1.33,12.5,9.4,-94.8,45.3,Ash Hollow,siliciclastic,channel,Cupidinimus prattensis
m1,1.838,1.743,33.9,31.8,-91.61,49.36,unknown,siltstone,lacustrine - small,Palaeolagus burkei
m1,1.24,1.2,39.7,37.0,-100.3,38.92,Sespe,unknown,terrestrial indet.,Paradjidaumo (Macroadjidaumo) reynoldsi
M3,1.74,1.66,4.7,1.4,-108.1,33.49,Gila Conglomerate,marl,lacustrine indet.,Neotoma fossilis
Bullae,19.2,14.6,13.8,11.0,-71.59,4.05,Villavieja,claystone,terrestrial indet.,Drytomomys aequatorialis
p4,4.2,3.2,51.1,45.9,-82.61,44.55,Huerfano,unknown,terrestrial indet.,Smilodectes mcgrewi
M3,14.2,13.6,16.3,12.5,-110.98,38.47,Barstow,unknown,terrestrial indet.,Dyseohyus fricki
m1,12.0,5.0,45.9,39.7,-90.0,47.38,Uinta,unknown,terrestrial indet.,Apataelurus kayi
Lower p3,1.94,2.02,13.8,11.0,-71.53,4.09,La Victoria,unknown,terrestrial indet.,Patasola magdalenae
skull,1143.0,350.0,27.3,23.04,-105.22,40.13,Jewett,sandstone,marine indet.,Macrodelphinus kelloggi
m3,2.62,1.97,24.7,23.1,-95.79,54.96,Cypress Hills,unknown,terrestrial indet.,Downsimus chadwicki
Lower p4 Trigonid,13.5,15.0,2.58,0.0117,-69.21,9.93,unknown,claystone,terrestrial indet.,Mixotoxodon larensis
Lower m1,35.0,21.0,13.8,11.0,-71.62,4.01,Villavieja,sandstone,terrestrial indet.,Huilatherium pluripicatum
m1,2.26,1.64,56.0,51.1,-81.07,52.21,Willwood,unknown,terrestrial indet.,Apheliscus chydaeus
m1,7.4,6.5,57.5,56.0,-78.79,52.74,unknown,unknown,terrestrial indet.,Azygonyx xenicus
P4,2.4,2.9,45.9,39.7,-90.05,47.36,Uinta,unknown,terrestrial indet.,Mytonolagus petersoni
P4,27.6,16.4,23.1,18.5,-93.8,46.72,Marsland,unknown,terrestrial indet.,Ysengrinia americana
m1,1.2,1.03,51.1,45.9,-85.65,49.81,Bridger,unknown,terrestrial indet.,Uintasorex parvulus
M1,1.26,2.64,4.7,0.21,-108.48,33.37,Gila Conglomerate,siltstone,fluvial indet.,Cratogeomys sansimonensis
M3,30.7,39.1,37.0,33.9,-85.14,48.82,Chadron,unknown,terrestrial indet.,Subhyracodon occidentalis
MetacarpalV,20.5,0.0,13.8,11.0,-71.57,4.04,Villavieja,claystone,terrestrial indet.,Prodolichotis pridiana
M3,19.0,15.0,9.4,4.7,-115.46,46.26,Rattlesnake,siltstone,terrestrial indet.,Platygonus oregonensis
M1,9.5,7.7,9.4,4.7,-115.41,36.19,Peace Valley Beds,sandstone,fluvial indet.,Ottoceros peacevalleyensis
M2,5.86,7.55,63.4,60.9,-74.08,51.29,Fort Union,unknown,terrestrial indet.,Tricentes subtrigonus
M1,15.6,18.6,16.3,12.5,-105.84,49.71,Sixmile Creek,siltstone,fluvial indet.,Aelurodon montanensis
m1,2.04,1.5,9.4,4.7,-105.37,30.85,unknown,unknown,terrestrial indet.,Prosigmodon chihuahuensis
M1,2.11,1.55,4.7,1.4,-115.73,34.46,San Timoteo,unknown,terrestrial indet.,Sigmodon minor
m3,1.035,0.89,4.7,1.4,-111.51,35.31,Verde,unknown,terrestrial indet.,Calomys (Bensonomys) arizonae
M3,0.853,0.87,9.4,4.7,-107.91,34.61,Quiburis,unknown,terrestrial indet.,Paronychomys lemredfieldi
p4,10.38,8.325,12.5,9.4,-94.8,45.3,Ash Hollow,siliciclastic,channel,Hystricops venustus
Scute 13,35.0,0.0,15.98,11.63,-60.66,9.5,Santa Ines,unknown,terrestrial indet.,Boreostemma venezolensis
P1,2.8,1.9,37.0,33.9,-91.42,49.47,White River,unknown,terrestrial indet.,Parictis personi
M3,2.27,3.2,72.2,66.0,-65.92,53.69,Lance,shale,terrestrial indet.,Leptalestes cooki
M2,2.27,2.795,51.1,45.9,-92.12,47.29,Sheep Pass,limestone,lacustrine - small,Reithroparamys huerfanensis
P4,15.6,24.6,39.7,37.0,-84.14,51.5,Slim Buttes,siliciclastic,fluvial indet.,Colodon cingulatus
p3,17.5,13.4,39.7,37.0,-84.14,51.5,Slim Buttes,siliciclastic,fluvial indet.,Amynodontopsis bodei
m3,3.8,3.4,15.5,13.8,-67.65,-39.73,Collón Cura,tuff,terrestrial indet.,Maruchito trilofodonte
M3,0.0,7.3,17.5,16.3,-65.05,-17.94,Chucal,sandstone,floodplain,Altitypotherium chucalensis
Femur,480.0,0.0,13.8,11.0,-71.57,4.04,Villavieja,claystone,terrestrial indet.,Magdalenabradys confusum
M2,25.5,19.5,23.1,18.5,-93.3,47.08,Marsland,unknown,terrestrial indet.,Michenia agatensis
P4,27.4,17.6,23.1,18.5,-94.64,46.88,Marsland,unknown,terrestrial indet.,Adilophontes brachykolos
m3,15.4,7.6,23.1,18.5,-72.16,33.14,unknown,unknown,terrestrial indet.,Nothokemas waldropi
m1,4.14,3.05,60.9,57.5,-75.51,53.47,Fort Union,siliciclastic,fluvial-lacustrine indet.,Protictis paralus
m2,24.4,14.7,23.04,5.333,-115.2,40.73,unknown,unknown,terrestrial indet.,Yumaceras ruminalis
p3,0.0,2.75,12.5,4.7,-96.15,44.75,Ash Hollow,unknown,terrestrial indet.,Protoprocyon savagei
P4,6.8,4.3,37.0,33.9,-89.99,35.83,unknown,unknown,terrestrial indet.,Gustafsonia cognita
m1,2.07,1.07,16.3,12.5,-109.76,46.69,Butte Creek,volcaniclastic,terrestrial indet.,Paradomnina relictus
m1,6.7,7.8,4.7,1.4,-101.2,42.13,unknown,unknown,terrestrial indet.,Paenemarmota barbouri
m1,30.8,14.1,23.1,18.5,-93.3,47.08,Marsland,unknown,terrestrial indet.,Daphoenodon falkenbachi
M2,1.68,1.42,9.4,4.7,-109.42,40.73,Sevier,siltstone,terrestrial indet.,Basirepomys robertsi
m1,1.235,1.65,23.04,5.333,-101.62,39.88,Tesuque,unknown,terrestrial indet.,Mojavemys galushai
Length M1-M4,5.98,0.0,29.0,21.0,-60.44,-16.79,Salla Beds,tuff,terrestrial indet.,Evolestes hadrommatos
M1,3.82,5.11,56.0,51.1,-79.51,45.15,Huerfano,unknown,terrestrial indet.,Notoparamys costilloi
p4,11.6,7.55,12.5,9.4,-77.8,31.36,Alachua,unknown,marginal marine indet.,Arctonasua floridana
m1,27.0,19.8,39.7,37.0,-87.58,35.26,unknown,unknown,terrestrial indet.,Amynodontopsis bodei
P3,1.91,2.9,37.0,33.9,-91.37,55.94,Cypress Hills,unknown,terrestrial indet.,Palaeolagus temnodon
Lower p3,25.0,21.0,13.8,11.0,-71.62,4.01,Villavieja,sandstone,terrestrial indet.,Huilatherium pluripicatum
m3,13.7,9.35,16.3,12.5,-111.81,38.82,Barstow,unknown,terrestrial indet.,Tedfordhyus occidentalis
Upper M2; Second lamina,14.6,2.3,11.63,7.246,-65.5,-9.7,Solimões,claystone,fluvial-lacustrine indet.,Neoepiblema horridula
p3,0.7,0.5,18.5,12.5,-103.52,50.69,Deep River,unknown,terrestrial indet.,Mesoscalops montanensis
m1,14.75,9.8,39.7,37.0,-88.5,36.09,unknown,unknown,terrestrial indet.,Hyracodon medius
M2,1.51,1.83,23.1,18.5,-90.01,47.22,Harrison,unknown,terrestrial indet.,Nototamias quadratus
Scute 21,24.0,0.0,15.98,11.63,-60.66,9.5,Santa Ines,unknown,terrestrial indet.,Boreostemma venezolensis
M1,26.7,31.5,16.3,12.5,-111.93,42.13,unknown,unknown,terrestrial indet.,Hypohippus affinis
M2,3.7667,5.1667,29.5,18.5,-71.63,31.26,unknown,claystone,fissure fill,Phlaocyon taylori
Upper M1-4,4.9,0.0,56.0,48.07,-28.6,-27.29,Itaboraí,marl,fissure fill,Marmosopsis juradoi
p2,10.5,6.0,2.58,0.0,-72.52,-8.76,unknown,conglomerate,fluvial indet.,Tayassu pecari
Dentary,103.0,0.0,13.8,11.0,-71.62,4.01,Villavieja,unknown,terrestrial indet.,Hondadelphys fieldsi
M1,5.21,4.6,51.1,45.9,-84.53,51.57,unknown,unknown,terrestrial indet.,Microsyops annectens
skull,105.3,0.0,39.7,37.0,-98.62,37.74,Santiago,sandstone,channel,Lycophocyon hutchisoni
m1,11.7,12.0,59.24,56.0,-48.28,39.4,Aquia,unknown,terrestrial indet.,Ectoganus gliriformis
M1,6.8,4.8,66.0,63.4,-72.34,55.09,Fort Union,unknown,terrestrial indet.,Baioconodon nordicus
Lumbar vertebra,75.0,0.0,2.58,0.0117,-36.4,-8.52,unknown,unknown,terrestrial indet.,Macrauchenia patagonica
P3,16.4,16.6,16.3,12.5,-89.33,33.57,Fleming,unknown,terrestrial indet.,Calippus proplacidus
M3,34.7,22.2,16.3,12.5,-112.28,36.9,Caliente,unknown,terrestrial indet.,Paramiolabis taylori
P4,7.7,4.3,12.5,9.4,-110.34,46.52,Juntura,unknown,terrestrial indet.,Sthenictis junturensis
P3,27.1,31.15,16.3,12.5,-111.93,42.13,unknown,unknown,terrestrial indet.,Hypohippus affinis
M1,3.9,3.5,33.9,31.8,-87.47,46.32,Brule,unknown,terrestrial indet.,Sinclairella dakotensis
skull,1074.0,274.0,15.98,11.63,6.76,48.69,Berchem,sandstone,open shallow subtidal,Eurhinodelphis cocheteuxi
M2,7.6,11.7,63.4,60.9,-76.11,45.82,Nacimiento,unknown,terrestrial indet.,Conoryctes comma
p3,8.0,5.0,1.4,0.21,-101.99,22.04,Tacubaya,unknown,terrestrial indet.,Arctodus pristinus
m2,2.67,2.13,23.1,18.5,-90.01,47.22,Harrison,unknown,terrestrial indet.,Proscalops secundus
M3,13.3,15.0,37.0,33.9,-90.2,49.33,White River,unknown,terrestrial indet.,Pseudoprotoceras taylori
Humerus head,0.0,0.0,13.8,11.0,-71.53,4.1,Villavieja,sandstone,terrestrial indet.,Magdalenabradys confusum
Lower m3,0.0,0.0,2.58,0.0117,-69.21,9.93,unknown,claystone,terrestrial indet.,Mixotoxodon larensis
M3,15.5,15.5,12.5,9.4,-96.17,37.73,Clarendon Beds,claystone,floodplain,Pseudhipparion hessei
m2,1.71,2.04,24.7,23.1,-95.79,54.96,Cypress Hills,unknown,terrestrial indet.,Florentiamys tiptoni
Calcaneum,0.0,4.3,13.8,11.0,-71.57,4.04,Villavieja,claystone,terrestrial indet.,Prodolichotis pridiana
P4,17.5,17.9,16.3,12.5,-93.24,45.91,Valentine,unknown,terrestrial indet.,Calippus proplacidus
m2,5.6,3.5,72.2,66.0,-62.43,54.22,Fox Hills,unknown,terrestrial indet.,Meniscoessus robustus
m1,2.71,1.75,83.6,72.2,-66.34,53.81,Mesaverde,sandstone,estuary/bay,Alostera saskatchewanensis
P4,13.92,16.12,33.9,31.8,-88.37,47.64,Brule,unknown,terrestrial indet.,Miohippus obliquidens
M2,6.8,8.8,45.9,39.7,-98.28,39.4,Sespe,unknown,terrestrial indet.,Leptoreodon (Hesperomeryx) edwardsi
P4,11.7,9.3,45.9,39.7,-85.58,35.54,Chisos,unknown,terrestrial indet.,Miocyon vallisrubrae
P3,21.4,26.3,18.5,16.3,-75.25,32.13,Alachua,sandstone,terrestrial indet.,Anchitherium clarencei
m1,30.0,18.5,1.4,0.21,-101.99,22.04,Tacubaya,unknown,terrestrial indet.,Camelops hesternus
Lower dp4 hypostriid,0.7,0.0,13.8,11.0,-71.53,4.1,Villavieja,unknown,terrestrial indet.,Microsteiromys jacobsi
M1,28.4,29.1,12.5,9.4,-114.35,42.83,Truckee,unknown,terrestrial indet.,Aepycamelus bradyi
m3,2.2,2.0,45.9,39.7,-89.34,47.17,Uinta,unknown,terrestrial indet.,Procynodictis vulpiceps
P4,1.432,1.405,33.9,31.8,-91.61,49.36,unknown,siltstone,lacustrine - small,Paradjidaumo trilophus
m1,6.454,5.485,66.0,63.4,-71.4,52.31,Ferris,unknown,terrestrial indet.,Baioconodon denverensis
p4,1.74,1.37,60.9,57.5,-76.45,53.23,Fort Union,siltstone,terrestrial indet.,Mylanodon rosei
Astragalus,59.0,0.0,13.8,11.0,-71.57,4.04,Villavieja,claystone,terrestrial indet.,Magdalenabradys confusum
M2,7.77,9.53,4.7,1.4,-99.15,37.91,Rexroad,unknown,terrestrial indet.,Procyon rexroadensis
M3,25.575,25.425,18.5,16.3,-93.62,46.98,Batesland,unknown,terrestrial indet.,Arretotherium fricki
M2,17.0,14.0,9.4,4.7,-115.46,46.26,Rattlesnake,siltstone,terrestrial indet.,Platygonus oregonensis
m4,1.9,1.2,16.3,15.5,-68.67,-43.88,Río Frias,tuff,fluvial indet.,Microbiotherium tehuelchum
Distance between left and right upper M1 between postero-lingual margin of firs,0.0,25.0,11.63,7.246,-65.5,-9.7,Solimões,claystone,fluvial-lacustrine indet.,Neoepiblema horridula
m3,1.35,0.85,37.0,33.9,-89.29,44.9,Florissant,mudstone,channel,Oreotalpa florissantensis
m1,1.9,1.4,56.0,45.9,-85.48,49.74,Wasatch,unknown,terrestrial indet.,Anemorhysis wortmani
m1,1.98,1.06,83.6,72.2,-65.87,57.74,Judith River,claystone,fine channel fill,Alphadon halleyi
M3,37.8,20.0,18.5,16.3,-99.21,47.39,Arikaree,unknown,eolian indet.,Protolabis heterodontus
M3,23.6333,26.7667,23.04,20.45,-84.46,34.75,Fleming,conglomerate,coarse channel fill,Nexuotapirus marslandensis
m1,2.4,2.7,4.7,1.4,-99.82,21.75,Rancho Viejo Beds,claystone,floodplain,Pewelagus mexicanus
m2,7.8,0.0,13.8,11.0,-71.62,4.01,Villavieja,unknown,terrestrial indet.,Hondadelphys fieldsi
diastema c1–p3,21.8,0.0,3.6,0.774,-62.8,9.96,Mesa,tar,terrestrial indet.,Xenosmilus venezuelensis
m3,1.58,0.91,8.0,5.0,-62.61,-36.4,Cerro Azul,siltstone,loess,Zygolestes tatei
M2,2.4,1.8,9.4,4.7,-113.57,35.37,Mt. Eden,unknown,terrestrial indet.,Repomys maxumi
Lower m1,35.0,21.0,13.8,11.0,-71.62,4.01,Villavieja,sandstone,terrestrial indet.,Huilatherium pluripicatum
m1,1.9,1.6,56.0,51.1,-80.45,52.02,Willwood,unknown,fluvial-lacustrine indet.,Tatmanius szalayi
m3,1.01,0.87,57.5,56.0,-79.47,50.38,Fort Union,mudstone,floodplain,Alagomys russelli
M1,7.4,4.2,72.2,66.0,-62.43,54.22,Fox Hills,unknown,terrestrial indet.,Meniscoessus robustus
M2,14.3,21.6,23.1,18.5,-92.34,47.0,unknown,unknown,terrestrial indet.,Daphoenodon falkenbachi
M1,0.99,1.26,24.7,23.1,-95.79,54.96,Cypress Hills,unknown,terrestrial indet.,Trogomys ironcloudi
M1,5.0,6.0,51.1,45.9,-82.61,44.55,Huerfano,unknown,terrestrial indet.,Smilodectes mcgrewi
p3,10.6,7.9,18.5,16.3,-75.25,32.13,Alachua,sandstone,terrestrial indet.,Archaeohippus blackbergi
p4,1.7,1.0,63.4,60.9,-73.72,54.42,unknown,unknown,terrestrial indet.,Unuchinia diaphanes
radius,262.0,0.0,7.246,5.333,-73.17,-15.2,Pisco,siltstone,foreshore,Piscobalaena nana
M3,23.0,18.3,23.1,18.5,-93.95,47.74,unknown,unknown,terrestrial indet.,Hypsiops brachymelis
m1,3.88,1.76,60.9,57.5,-66.51,56.07,Ravenscrag,sandstone,alluvial fan,Prochetodon foxi
Second tooth,9.2,4.1,15.98,11.63,-60.66,9.5,Santa Ines,unknown,terrestrial indet.,Boreostemma venezolensis
M2,2.9325,3.01,16.3,12.5,-109.76,46.69,Butte Creek,volcaniclastic,terrestrial indet.,Monosaulax typicus
M2,0.72,0.865,33.9,31.8,-87.47,46.32,Brule,unknown,terrestrial indet.,Heliscomys vetus
M1,8.2,9.4,63.4,60.9,-73.65,56.02,Fort Union,unknown,terrestrial indet.,Arctocyon corrugatus
Lower p2,19.0,18.0,13.8,11.0,-71.57,4.03,Villavieja,sandstone,terrestrial indet.,Huilatherium pluripicatum
M2,3.83,4.075,37.0,33.9,-89.99,35.83,unknown,unknown,terrestrial indet.,Eutypomys inexpectatus
m3,15.9,7.9,17.5,16.3,-65.05,-17.94,Chucal,sandstone,floodplain,Altitypotherium paucidens
p4 a-p diameter at center of tooth,0.0,0.0,11.63,2.58,-65.98,-7.53,unknown,unknown,terrestrial indet.,Phoberomys bordasi
Astragalus,0.0,0.0,13.8,11.0,-71.57,4.04,Villavieja,claystone,terrestrial indet.,Magdalenabradys confusum
m1,3.6,3.5,51.1,45.9,-87.38,49.45,Bridger,unknown,terrestrial indet.,Paramys delicatior
Upper M3,64.5,0.0,23.04,15.98,-69.22,4.57,Barzalosa,breccia,terrestrial indet.,Xenastrapotherium chaparralensis
M2,27.0,19.0,60.9,57.5,-67.79,55.65,Sentinel Butte,unknown,terrestrial indet.,Titanoides primaevus
m2,2.35,2.09,57.5,56.0,-78.79,52.74,Willwood,unknown,terrestrial indet.,Dillerlemur pagei
radius,397.0,0.0,15.98,13.82,-69.4,40.17,Calvert,claystone,estuary/bay,Pelocetus calvertensis
M2,1.6,1.84,9.4,4.7,-98.19,23.07,Rancho Viejo Beds,claystone,channel,Prosigmodon chihuahuensis
Tibia,260.0,0.0,11.63,5.333,-67.66,11.59,Urumaco,unknown,terrestrial indet.,Bolivartherium urumaquensis
M1,22.5,15.5,60.9,57.5,-67.79,55.65,Sentinel Butte,unknown,terrestrial indet.,Titanoides primaevus
M1,14.7,18.1,9.4,4.7,-97.13,37.75,unknown,unknown,terrestrial indet.,Plesiogulo marshalli
m1,23.825,13.0875,9.4,4.7,-97.13,37.75,unknown,unknown,terrestrial indet.,Dinohippus interpolatus
m2,1.1,1.021,9.4,4.7,-107.29,37.9,Bidahochi,unknown,terrestrial indet.,Calomys (Bensonomys) gidleyi
m1,34.5,19.3,4.7,1.4,-117.69,46.97,Ringold,unknown,terrestrial indet.,Megatylopus cochrani
M1,16.775,21.875,23.04,20.45,-84.46,34.75,Fleming,conglomerate,coarse channel fill,Desmatippus texanus
Femur Neck,0.0,0.0,13.8,11.0,-71.59,4.05,Villavieja,claystone,terrestrial indet.,Drytomomys aequatorialis
M2,1.5,1.9,33.9,31.8,-95.92,53.11,unknown,unknown,terrestrial indet.,Paradjidaumo (Paradjidaumo) spokanensis
M1,7.69,9.64,63.4,60.9,-73.72,54.42,unknown,unknown,terrestrial indet.,Tetraclaenodon puercensis
m1,1.4,0.8,1.4,0.21,-99.92,37.44,Crooked Creek,ash,terrestrial indet.,Reithrodontomys moorei
Tibia Proximal end,0.0,0.0,13.8,11.0,-71.62,4.01,Villavieja,claystone,terrestrial indet.,Magdalenabradys confusum
P4,19.6,20.7,16.3,12.5,-87.19,33.93,Fleming,unknown,terrestrial indet.,Cormohipparion goorisi
M2,12.9,13.0,16.3,12.5,-111.81,38.82,Barstow,unknown,terrestrial indet.,Tedfordhyus occidentalis
M1,1.91,3.31,29.5,18.5,-71.63,31.26,unknown,claystone,fissure fill,Megalagus abaconis
m2,2.44,1.98,72.2,66.0,-65.32,60.38,Frenchman,siltstone,floodplain,Gypsonictops illuminatus
Ramus between m1-m2,0.0,0.0,11.63,5.333,-55.13,-34.57,Camacho,mudstone,fluvial-deltaic indet.,Lestobradys sprechmanni
p4,4.325,2.65,66.0,63.4,-70.31,49.63,Denver,shale,terrestrial indet.,Catopsalis alexanderi
M1,2.3,1.6,9.4,1.4,-83.09,41.51,unknown,unknown,terrestrial indet.,Pliophenacomys koenigswaldi
M2,1.0667,1.4,12.5,9.4,-112.99,38.09,Avawatz,unknown,terrestrial indet.,Cupidinimus avawatzensis
m1,1.96,1.89,37.0,33.9,-89.99,35.83,unknown,unknown,terrestrial indet.,Aulolithomys bounites
M1,2.33,1.77,9.4,4.7,-109.42,40.73,Sevier,siltstone,terrestrial indet.,Basirepomys robertsi
M1,7.2,8.6,63.4,60.9,-77.16,46.7,Nacimiento,unknown,terrestrial indet.,Conoryctella pattersoni
P3,9.3,6.5,16.3,12.5,-111.93,42.13,unknown,unknown,terrestrial indet.,Brachypsalis pachycephalus
p4,7.3,4.2,9.4,4.7,-118.55,39.75,Pinole Tuff,unknown,terrestrial indet.,Cernictis hesperus
M1,17.1,16.1,9.4,4.7,-78.95,28.93,Peace River,sandstone,marginal marine indet.,Mylohyus elmorei
m1,6.8,3.7,51.1,45.9,-87.38,49.45,Bridger,unknown,terrestrial indet.,Sinopa rapax
p4,1.1,0.7,51.1,45.9,-92.12,47.29,Sheep Pass,limestone,lacustrine - small,Apatemys bellus
p4,3.2,2.2,16.3,12.5,-112.26,45.14,Virgin Valley,unknown,terrestrial indet.,Liodontia alexandrae
M1,1.99,2.98,29.5,18.5,-102.1,50.8,Peterson Creek Beds,unknown,terrestrial indet.,Niglarodon yeariani
m1,1.3,1.1,37.0,33.9,-96.82,56.04,Kishenehn,unknown,terrestrial indet.,Paradjidaumo (Macroadjidaumo) alberti
p3,1.6,1.2,56.0,51.1,-82.92,51.17,Wasatch,unknown,terrestrial indet.,Loveina sheai
M2,7.35,11.0,66.0,63.4,-77.82,50.68,North Horn,unknown,terrestrial indet.,Desmatoclaenus hermaeus
Occiput width at level of dorsal portion of external acoustic meatuses,0.0,67.8,11.63,7.246,-65.5,-9.7,Solimões,claystone,fluvial-lacustrine indet.,Neoepiblema horridula
P3,6.8,3.8,16.3,12.5,-96.7,44.18,Pawnee Creek Beds,unknown,terrestrial indet.,Pseudaelurus stouti
p4,7.2,4.3,17.5,16.3,-65.05,-17.94,Chucal,sandstone,floodplain,Altitypotherium chucalensis
m2,14.9,10.4,51.1,45.9,-85.19,49.68,Wasatch,shale,fluvial-lacustrine indet.,Eotitanops gregoryi
P2,19.8,22.9,2.58,0.774,-81.8,30.02,unknown,unknown,terrestrial indet.,Tapirus (Helicotapirus) lundeliusi
P4,2.025,1.975,16.3,12.5,-94.07,46.05,Valentine,unknown,terrestrial indet.,Mioheteromys amplissimus
Upper dentition,53.4,0.0,13.8,11.0,-71.57,4.04,Villavieja,claystone,terrestrial indet.,Prodolichotis pridiana
P4,1.29,1.16,39.7,37.0,-86.94,56.36,Cypress Hills,unknown,terrestrial indet.,Microeutypomys tilliei
Glenoid fossa,0.0,0.0,13.8,11.0,-71.59,4.05,Villavieja,claystone,terrestrial indet.,Drytomomys aequatorialis
m1,26.1,11.8,4.7,1.4,-100.53,35.6,unknown,sandstone,channel,Chasmaporthetes ossifragus
P3,1.4,2.7,16.3,12.5,-111.06,45.81,unknown,unknown,terrestrial indet.,Oreolagus wallacei
M1,2.8,4.13,60.9,57.5,-76.17,52.0,unknown,unknown,terrestrial indet.,Nannodectes simpsoni
m1,2.05,1.7,39.7,37.0,-100.3,38.92,Sespe,unknown,terrestrial indet.,Presbymys lophatus
M2,4.5,6.5,45.9,39.7,-87.9,47.5,Washakie,unknown,terrestrial indet.,Hyopsodus paulus
Lower p4,3.1,3.43,13.8,11.0,-71.53,4.1,Villavieja,unknown,terrestrial indet.,Nuciruptor rubricae
m3,1.68,1.25,18.5,16.3,-100.38,53.88,Cypress Hills,unknown,terrestrial indet.,Sciurion campestre
Tibia,261.5,0.0,13.8,11.0,-71.59,4.07,unknown,claystone,terrestrial indet.,Magdalenabradys confusum
m2,2.5,2.6,60.9,57.5,-75.5,53.44,Fort Union,siliciclastic,fluvial-lacustrine indet.,Aaptoryctes ivyi
m3,18.0,10.9,2.58,0.0,-72.44,-10.88,unknown,conglomerate,fluvial indet.,Pecari tajacu
m1,5.6,3.9,56.0,51.1,-79.64,51.58,Willwood,mudstone,terrestrial indet.,Princetonia yalensis
M1,16.3,16.1,16.3,12.5,-93.24,45.91,Valentine,unknown,terrestrial indet.,Calippus proplacidus
P4,11.5,14.0,23.04,15.98,-85.97,20.77,Balumtum Sandstone,conglomerate,terrestrial indet.,Paratoceras tedfordi
m1,1.35,1.2,39.7,37.0,-86.94,56.36,Cypress Hills,unknown,terrestrial indet.,Microeutypomys tilliei
m3,4.0,2.2,33.9,27.3,-63.44,-34.93,Abanico,volcaniclastic,terrestrial indet.,Kramadolops abanicoi
m1,10.4,6.3,17.5,16.3,-65.05,-17.94,Chucal,sandstone,floodplain,Altitypotherium chucalensis
P4,4.1,3.5,56.0,51.1,-81.07,52.21,Willwood,unknown,terrestrial indet.,Prolimnocyon eerius
Mandible,0.0,0.0,13.8,11.0,-71.59,4.05,Villavieja,claystone,terrestrial indet.,Drytomomys aequatorialis
M2,1.61,2.04,18.5,16.3,-93.54,47.05,Rosebud,conglomerate,coarse channel fill,Hibbarderix obfuscatus
M3,23.8,27.0,51.1,45.9,-86.38,50.22,Bridger,unknown,terrestrial indet.,Hyrachyus eximius
M1,2.78,3.38,56.0,51.1,-81.69,48.47,Wasatch,unknown,terrestrial indet.,Arctodontomys wilsoni
P4,8.46,9.405,12.5,9.4,-94.8,45.3,Ash Hollow,siliciclastic,channel,Hystricops venustus
m1,2.82,1.23,1.4,0.21,-99.44,45.67,unknown,unknown,terrestrial indet.,Mictomys kansasensis
m3,10.05,9.0,4.7,1.4,-99.15,37.91,Rexroad,unknown,terrestrial indet.,Paenemarmota barbouri
P4,33.7,26.8,1.4,0.21,-101.99,22.04,Tacubaya,unknown,terrestrial indet.,Camelops hesternus
P3,31.84,29.76,4.7,1.4,-117.11,35.97,Tulare,unknown,terrestrial indet.,Equus mexicanus
p4-m3 Occlusal,32.8,0.0,13.8,11.0,-71.59,4.05,Villavieja,claystone,terrestrial indet.,Drytomomys aequatorialis
P3,5.5,5.8,17.5,16.3,-65.05,-17.94,Chucal,sandstone,floodplain,Altitypotherium chucalensis
M3,2.23,2.81,39.7,37.0,-86.94,56.36,Cypress Hills,unknown,terrestrial indet.,Herpetotherium marsupium
Lower m2,44.0,20.0,13.8,11.0,-71.62,4.01,Villavieja,unknown,terrestrial indet.,Huilatherium pluripicatum
m1,1.7,1.1,60.9,57.5,-78.5,46.09,unknown,shale,fissure fill,Labidolemur soricoides
M3,5.35,6.8,39.7,37.0,-88.4,49.59,Wagon Bed (Tepee Trail),unknown,terrestrial indet.,Hendryomeryx wilsoni
M3,1.16,1.14,9.4,4.7,-98.19,23.07,Rancho Viejo Beds,claystone,channel,Prosigmodon oroscoi
P4,2.34,2.08,23.1,18.5,-90.01,47.22,Harrison,unknown,terrestrial indet.,Entoptychus grandiplanus
M1,2.28,3.41,60.9,57.5,-79.72,51.28,Wasatch,unknown,terrestrial indet.,Palaeoryctes cruoris
M2,22.2,15.7,2.58,1.8,-81.93,29.34,unknown,unknown,terrestrial indet.,Hemiauchenia gracilis
P4,2.17,2.39,37.0,33.9,-90.2,49.33,White River,unknown,terrestrial indet.,Yoderimys stewarti
m1,10.05,6.65,20.45,15.98,-66.85,40.97,Calvert,sandstone,estuary/bay,Archaeohippus blackbergi
p4,3.88,3.52,16.3,12.5,-109.76,46.69,Butte Creek,volcaniclastic,terrestrial indet.,Monosaulax typicus
m2,1.1,1.8,4.7,1.4,-115.73,34.46,San Timoteo,unknown,terrestrial indet.,Thomomys gidleyi
Lower P1-3,5.8,0.0,56.0,48.07,-28.6,-27.29,Itaboraí,marl,fissure fill,Mirandatherium alipioi
m2,12.9,17.2,1.4,0.21,-98.69,36.67,unknown,sandstone,fluvial indet.,Nothrotherium texanum
M3,2.1,3.9,51.1,45.9,-85.65,49.81,Bridger,unknown,terrestrial indet.,Washakius insignis
m1,38.8,27.2,12.5,9.4,-96.23,39.14,unknown,unknown,terrestrial indet.,Peraceras superciliosum
M2,10.6,3.05,13.8,11.0,-62.62,-21.44,unknown,claystone,fluvial indet.,Acyon myctoderos
Scute 30,19.0,0.0,15.98,11.63,-60.66,9.5,Santa Ines,unknown,terrestrial indet.,Boreostemma venezolensis
m1,1.92,2.13,24.7,23.1,-95.79,54.96,Cypress Hills,unknown,terrestrial indet.,Schizodontomys harkseni
Proximal phalanx III,9.2,0.0,13.8,11.0,-71.57,4.04,Villavieja,claystone,terrestrial indet.,Prodolichotis pridiana
Lower p4,4.94,1.94,13.8,11.0,-71.53,4.1,Villavieja,unknown,terrestrial indet.,Rhodanodolichotis vucetichae
m1,2.9,1.6,72.2,66.0,-74.19,48.42,unknown,unknown,terrestrial indet.,Aquiladelphis minor
Lower m3,0.0,1.1,13.8,11.0,-71.6,4.07,Villavieja,mudstone,fluvial indet.,Pachybiotherium minor
scapula,690.0,0.0,37.0,33.9,-85.06,49.44,Chadron,siliciclastic,fluvial-lacustrine indet.,Diploclonus tyleri
M1,40.0,62.0,12.5,9.4,-96.15,37.71,unknown,unknown,terrestrial indet.,Teleoceras major
M1,4.05,5.2,45.9,39.7,-87.9,47.5,Washakie,unknown,terrestrial indet.,Hyopsodus paulus
M2,8.27,9.6,63.4,60.9,-76.78,46.9,Nacimiento,siltstone,terrestrial indet.,Tetraclaenodon puercensis
i1,6.9,4.6,17.5,16.3,-65.05,-17.94,Chucal,sandstone,floodplain,Altitypotherium chucalensis
P4,8.5,9.2,4.7,1.4,-116.59,43.67,unknown,unknown,terrestrial indet.,Castor californicus
m3,51.7,17.2,1.4,0.21,-101.99,22.04,Tacubaya,unknown,terrestrial indet.,Camelops hesternus
m1,15.0,9.3,12.5,9.4,-95.57,45.5,Ash Hollow,unknown,terrestrial indet.,Calippus placidus
m1,1.5,1.1,16.3,12.5,-93.24,45.91,Valentine,unknown,terrestrial indet.,Schaubeumys cartomylos
p4,1.25,1.25,51.1,45.9,-85.53,49.05,Bridger,unknown,terrestrial indet.,Trogolemur myodes
p3,16.7,9.3,16.3,12.5,-89.33,33.57,Fleming,unknown,terrestrial indet.,Calippus proplacidus
P4,2.11,2.12,16.3,12.5,-104.9,49.7,Madison Valley,sandstone,channel,Peridiomys halis
p4,0.93,0.84,45.9,37.0,-97.31,38.28,Santiago,unknown,terrestrial indet.,Metanoiamys marinus
M2,3.12,3.78,56.0,51.1,-80.68,50.99,Wind River,unknown,terrestrial indet.,Paramys copei
m1,3.1,2.9,60.9,57.5,-76.47,54.83,Melville,unknown,terrestrial indet.,Plesiadapis anceps
M3,7.3,9.4,51.1,45.9,-87.38,49.45,Bridger,unknown,terrestrial indet.,Orohippus pumilus
P3,11.8,11.6,2.58,0.0,-72.44,-10.88,unknown,conglomerate,fluvial indet.,Tayassu pecari
M1,15.0,12.5,9.4,4.7,-115.46,46.26,Rattlesnake,siltstone,terrestrial indet.,Platygonus oregonensis
Femur Neck,0.0,0.0,13.8,11.0,-71.57,4.04,Villavieja,claystone,terrestrial indet.,Prodolichotis pridiana
p4,6.1,0.0,9.4,4.7,-117.07,39.37,Mehrten,mudstone,terrestrial indet.,Pliotaxidea garberi
m3,1.66,1.08,8.0,5.0,-62.61,-36.4,Cerro Azul,siltstone,loess,Thylamys pinei
m2,7.9,6.79,63.4,60.9,-73.72,54.42,unknown,unknown,terrestrial indet.,Tetraclaenodon puercensis
m1,13.2,9.1,16.3,12.5,-89.46,33.71,Fleming,unknown,terrestrial indet.,Floridatragulus texanus
m3,6.1,4.2,51.1,45.9,-82.61,44.55,Huerfano,unknown,terrestrial indet.,Smilodectes mcgrewi
M1,17.8,13.4,1.4,0.21,-78.33,39.84,unknown,unknown,cave,Ursus americanus
m7,18.5,10.0,11.63,5.333,-55.19,-34.48,Camacho,sandstone,alluvial fan,Pseudoplohophorus absolutus
Distal upper incisor,0.0,0.0,2.58,0.0117,-37.75,-10.31,unknown,unknown,terrestrial indet.,Notiomastodon platensis
M2,0.0,8.8,17.5,16.3,-65.05,-17.94,Chucal,sandstone,floodplain,Altitypotherium chucalensis
p4,3.55,1.07,72.2,66.0,-67.37,51.51,Laramie,sandstone,channel,Mesodma formosa
P3,14.57,17.25,12.5,9.4,-77.8,31.36,Alachua,unknown,marginal marine indet.,Yumaceras hamiltoni
m1,1.24,0.72,16.3,12.5,-109.76,46.69,Deer Butte,unknown,terrestrial indet.,Alluvisorex arcadentes
m1,1.9,1.0,9.4,4.7,-115.06,43.35,Thousand Creek,unknown,terrestrial indet.,Peromyscus antiquus
skull,50.0,0.0,33.9,27.3,31.83,20.62,Jebel Qatrani,mudstone,lacustrine indet.,Catopithecus browni
c,21.3,20.2,11.63,5.333,-55.13,-34.57,Camacho,mudstone,fluvial-deltaic indet.,Lestobradys sprechmanni
M1,8.0,0.0,39.7,37.0,-98.62,37.74,Santiago,sandstone,channel,Lycophocyon hutchisoni
p4,11.6,5.9,9.4,4.7,-78.95,28.93,Peace River,sandstone,marginal marine indet.,Enhydritherium terraenovae
Lower p4 Trigonid,13.0,18.0,2.58,0.0117,-69.21,9.93,unknown,claystone,terrestrial indet.,Mixotoxodon larensis
p4,22.8,14.3,4.7,1.4,-113.5,43.48,Glenns Ferry,sandstone,terrestrial indet.,Agriotherium schneideri
m1,9.7,6.7,23.1,18.5,-72.16,33.14,unknown,unknown,terrestrial indet.,Nothokemas waldropi
p4,1.4,0.8,56.0,51.1,-82.05,44.29,San Jose,unknown,terrestrial indet.,Leptacodon catulus
p4,4.15,3.1,29.5,18.5,-100.95,52.12,Renova,unknown,terrestrial indet.,Eutypomys montanensis
M1,23.4,29.3,18.5,16.3,-94.98,46.73,Runningwater,unknown,terrestrial indet.,Amphicyon galushai
P4,20.9,14.3,9.4,4.7,-98.33,38.58,Ogallala,unknown,terrestrial indet.,Plesiogulo marshalli
m1,1.175,0.8,60.9,57.5,-76.38,61.88,Paskapoo,siltstone,lacustrine indet.,Foxomomys fremdi
m1,0.998,0.964,16.3,12.5,-109.76,46.69,Deer Butte,unknown,terrestrial indet.,Pseudotheridomys pagei
M2,17.6,23.4,23.04,20.45,-84.46,34.75,Fleming,conglomerate,coarse channel fill,Desmatippus texanus
M3,2.1,3.0,63.4,60.9,-73.65,56.02,Fort Union,unknown,terrestrial indet.,Pronothodectes matthewi
m1,9.0,4.4,31.8,29.5,-88.94,47.11,Brule,unknown,terrestrial indet.,Paradaphoenus tooheyi
P4,20.9,24.8,18.5,16.3,-75.25,32.13,Alachua,sandstone,terrestrial indet.,Anchitherium clarencei
Mandible,0.0,0.0,2.58,0.0,-56.38,-21.11,unknown,claystone,cave,Pteronura brasiliensis
m1,17.0,8.0,18.5,16.3,-75.25,32.13,Alachua,sandstone,terrestrial indet.,Oligobunis floridanus
m2,1.58,1.61,39.7,37.0,-86.94,56.36,Cypress Hills,unknown,terrestrial indet.,Churcheria baroni
m2,1.7,1.4,63.4,60.9,-74.72,61.99,Paskapoo,siltstone,terrestrial indet.,Edworthia lerbekmoi
M2,0.81,1.07,16.3,12.5,-104.9,49.7,Madison Valley,sandstone,channel,Cupidinimus halli
m1,26.6,28.9,2.58,0.774,-108.66,34.8,unknown,gravel,lacustrine indet.,Paramylodon harlani
m1,1.25,1.99,23.1,18.5,-94.48,33.9,Delaho,unknown,terrestrial indet.,Gregorymys riograndensis
M2,1.6,1.7,60.9,57.5,-78.5,46.09,unknown,shale,fissure fill,Peradectes elegans
m1,1.67,0.93,4.7,1.4,-99.78,42.71,unknown,unknown,terrestrial indet.,Planisorex dixonensis
m3,7.8,0.0,13.8,11.0,-71.62,4.01,Villavieja,unknown,terrestrial indet.,Hondadelphys fieldsi
M1,19.5,19.4,16.3,12.5,-112.28,36.9,Caliente,unknown,terrestrial indet.,Paramiolabis taylori
occipitalcondyles,0.0,95.0,27.3,23.04,127.7,35.06,Jinnobaru,sandstone,marine indet.,Yamatocetus canaliculatus
skull,575.0,440.0,48.07,41.03,71.39,8.66,Habib Rahi,shale,coastal indet.,Artiocetus clavis
P3,1.9,3.5,18.5,16.3,-93.54,47.05,Rosebud,conglomerate,coarse channel fill,Archaeolagus macrocephalus
m2,1.4,1.39,39.7,37.0,-86.94,56.36,Cypress Hills,unknown,terrestrial indet.,Microparamys nimius
m2,1.88,1.45,9.4,4.7,-109.42,40.73,Sevier,siltstone,terrestrial indet.,Basirepomys robertsi
P4,1.555,1.72,23.04,5.333,-101.62,39.88,Tesuque,unknown,terrestrial indet.,Mojavemys galushai
Lower m1,1.2,0.75,13.8,11.0,-71.6,4.07,Villavieja,mudstone,fluvial indet.,Thyroptera lavali
M2,22.9,21.3,9.4,4.7,-85.14,32.17,unknown,unknown,marginal marine indet.,Synthetoceras davisorum
P3,11.6,8.0,9.4,4.7,-98.33,38.58,Ogallala,unknown,terrestrial indet.,Plesiogulo marshalli
m1,1.37,0.97,16.3,12.5,-94.07,46.05,Valentine,unknown,terrestrial indet.,Limnoecus niobrarensis
i,0.8,0.6,56.0,51.1,-7.41,73.41,Margaret,unknown,deltaic indet.,Arcticanodon dawsonae
M3,2.3,1.8,18.5,12.5,-103.52,50.69,Deep River,unknown,terrestrial indet.,Mesoscalops montanensis
Lower M1-4/P1-3,1.2,0.0,56.0,48.07,-28.6,-27.29,Itaboraí,marl,fissure fill,Didelphopsis cabrerai
m1,3.7,3.5,45.9,39.7,-86.48,36.39,Devil's Graveyard,unknown,terrestrial indet.,Ourayia hopsoni
Astragalus,0.0,0.0,13.8,11.0,-71.59,4.05,unknown,claystone,terrestrial indet.,Scleromys colombianus
P2,9.5,9.3,2.58,0.0,-72.44,-10.88,unknown,conglomerate,fluvial indet.,Tayassu pecari
m1,9.8,5.3,4.7,1.4,-117.44,47.85,Ringold,unknown,terrestrial indet.,Capromeryx tauntonensis
m1,2.09,1.7,23.1,18.5,-90.01,47.22,Harrison,unknown,terrestrial indet.,Promylagaulus riggsi
P4,33.25,34.05,1.4,0.21,-116.58,34.09,San Timoteo,unknown,terrestrial indet.,Plesippus simplicidens
M3,4.025,6.325,39.7,37.0,-93.02,53.01,Climbing Arrow,unknown,terrestrial indet.,Hyopsodus sholemi
m3,16.1,6.3,17.5,16.3,-65.05,-17.94,Chucal,sandstone,floodplain,Altitypotherium paucidens
M1,1.24,1.22,45.9,39.7,-82.01,33.29,Laredo,sandstone,estuary/bay,Pauromys simplex
m2,3.5,3.8,15.5,13.8,-67.65,-39.73,Collón Cura,tuff,terrestrial indet.,Maruchito trilofodonte
m2,1.4,1.69,16.3,12.5,-94.07,46.05,Valentine,unknown,terrestrial indet.,Mioheteromys amplissimus
m1,7.9,7.3,60.9,57.5,-74.56,38.89,Black Peaks,unknown,terrestrial indet.,Phenacodus bisonensis
m1,30.8,14.0,4.7,1.4,-100.53,35.6,unknown,sandstone,channel,Homotherium johnstoni
M1,21.6,26.1,2.58,0.774,-81.8,30.02,unknown,unknown,terrestrial indet.,Tapirus (Helicotapirus) lundeliusi
m1,7.2,5.5,37.0,33.9,-87.35,47.77,Chadron,siltstone,terrestrial indet.,Leptomeryx yoderi
M2,7.8,10.7,18.5,16.3,-94.98,46.73,Runningwater,unknown,terrestrial indet.,Osbornodon scitulus
M2,2.05,2.0,12.5,9.4,-95.72,39.49,Laverne,unknown,terrestrial indet.,Domninoides knoxjonesi
Lower M1-4/P1-3,1.77,0.0,56.0,48.07,-28.6,-27.29,Itaboraí,marl,fissure fill,Mirandatherium alipioi
M1,15.1,15.0,2.58,0.0,-72.44,-10.88,unknown,conglomerate,fluvial indet.,Tayassu pecari
m3,45.3,25.7,11.63,5.333,-55.13,-34.57,Camacho,mudstone,fluvial-deltaic indet.,Lestobradys sprechmanni
Lower m3,5.2,3.83,13.8,11.0,-71.53,4.1,Villavieja,unknown,terrestrial indet.,Rhodanodolichotis vucetichae
M2,0.91,0.86,51.1,45.9,-92.12,47.29,Sheep Pass,limestone,lacustrine - small,Elymys complexus
P4,59.5,70.9,9.4,4.7,-97.13,37.75,unknown,unknown,terrestrial indet.,Aphelops mutilus
Greatest width of the muzzle at orbits,0.0,76.3,3.6,0.774,-62.8,9.96,Mesa,tar,terrestrial indet.,Xenosmilus venezuelensis
P1,18.5,17.4,2.58,0.774,-81.8,30.02,unknown,unknown,terrestrial indet.,Tapirus (Helicotapirus) lundeliusi
Right mandible M1,2.85,0.0,2.58,0.0,-56.37,-21.1,unknown,claystone,cave,Smilodon populator
M2,16.4667,16.0667,57.5,56.0,-80.92,52.06,Wasatch,shale,terrestrial indet.,Probathyopsis praecursor
M2,1.72,2.3,24.7,23.1,-95.79,54.96,Cypress Hills,unknown,terrestrial indet.,Florentiamys tiptoni
M1,11.8,11.8,16.3,12.5,-110.98,38.47,Barstow,unknown,terrestrial indet.,Dyseohyus fricki
m1,9.7,6.0,17.5,16.3,-65.05,-17.94,Chucal,sandstone,floodplain,Altitypotherium chucalensis
m2,1.9,1.3,16.3,15.5,-68.67,-43.88,Río Frias,tuff,fluvial indet.,Microbiotherium tehuelchum
m1,14.1,11.6,18.5,16.3,-75.25,32.13,Alachua,sandstone,terrestrial indet.,Parahippus leonensis
m1,1.02,1.1,24.7,23.1,-95.79,54.96,Cypress Hills,unknown,terrestrial indet.,Trogomys ironcloudi
M3,1.38,1.675,24.7,23.1,-95.79,54.96,Cypress Hills,unknown,terrestrial indet.,Downsimus chadwicki
P4,0.739,0.807,33.9,31.8,-91.61,49.36,unknown,siltstone,lacustrine - small,Heliscomys vetus
M1,1.95,2.85,60.9,57.5,-74.95,51.73,Fort Union,unknown,terrestrial indet.,Ignacius frugivorus
M3,1.25,1.8,56.0,51.1,-81.07,52.21,Willwood,unknown,terrestrial indet.,Macrocranion junnei
m1,99.0,71.0,4.7,1.4,-116.95,36.95,unknown,unknown,terrestrial indet.,Mammut cosoensis
humerus,265.0,0.0,13.82,11.63,-71.5,39.51,Calvert,conglomerate,estuary/bay,Eobalaenoptera harrisoni
M1,13.0,17.0,16.3,12.5,-109.76,46.69,Butte Creek,volcaniclastic,terrestrial indet.,Bouromeryx americanus
m1,9.6,7.35,60.9,57.5,-76.47,54.83,unknown,unknown,terrestrial indet.,Phenacodus bisonensis
p4,2.2,1.35,63.4,60.9,-74.08,51.29,Fort Union,unknown,terrestrial indet.,Plesiolestes problematicus
m2,2.08,1.68,60.9,57.5,-66.51,56.07,Ravenscrag,sandstone,alluvial fan,Ignacius frugivorus
m1,2.0,1.15,60.9,57.5,-76.01,53.76,Fort Union,unknown,terrestrial indet.,Propalaeanodon schaffi
M2,3.09,3.6,12.5,9.4,-94.8,45.3,Ash Hollow,siliciclastic,channel,Nothodipoides planus
radius,152.0,0.0,27.3,23.04,-105.22,40.13,Jewett,sandstone,marine indet.,Macrodelphinus kelloggi
m1,3.07,2.95,60.9,57.5,-75.51,53.47,Fort Union,siliciclastic,fluvial-lacustrine indet.,Plesiadapis rex
Lower m1,2.39,2.5,13.8,11.0,-70.96,4.43,La Victoria,unknown,terrestrial indet.,Lagonimico conclucatus
M2,15.6,14.9,23.1,18.5,-91.74,47.87,Rosebud,unknown,terrestrial indet.,Merychyus minimus
m1,13.8,11.3,23.1,18.5,-94.48,33.9,Delaho,unknown,terrestrial indet.,Ustatochoerus leptoscelos
P4,2.15,1.0,83.6,72.2,-71.37,58.79,Two Medicine,carbonate,terrestrial indet.,Filikomys primaevus
P2,0.78,0.68,45.9,39.7,-86.48,36.39,Devil's Graveyard,unknown,terrestrial indet.,Mescalerolemur horneri
m1,3.26,2.56,63.4,60.9,-73.65,56.02,Fort Union,unknown,terrestrial indet.,Eudaemonema cuspidata
m1,7.0,3.4,29.5,18.5,-71.63,31.26,unknown,claystone,fissure fill,Phlaocyon taylori
Upper M1; Third lamina,11.5,4.0,11.63,7.246,-65.5,-9.7,Solimões,claystone,fluvial-lacustrine indet.,Neoepiblema horridula
m3,36.7,17.0,23.04,5.333,-115.2,40.73,unknown,unknown,terrestrial indet.,Yumaceras ruminalis
m1,1.8,1.5,56.0,51.1,-80.09,51.71,Willwood,unknown,terrestrial indet.,Arapahovius advena
M3,29.6,23.15,16.3,12.5,-112.28,36.9,Caliente,unknown,terrestrial indet.,Cuyamacamelus jamesi
m1,1.1,1.1,39.7,37.0,-92.32,47.03,Duchesne River,unknown,terrestrial indet.,Protadjidaumo typus
m1,2.42,1.18,63.4,60.9,-73.27,53.83,Fort Union,unknown,terrestrial indet.,Picrodus calgariensis
m2,22.4,17.4,9.4,4.7,-79.53,30.67,Alachua,unknown,terrestrial indet.,Yumaceras hamiltoni
m1,8.525,4.775,1.4,0.21,-99.92,37.44,Kingsdown,unknown,terrestrial indet.,Capromeryx furcifer
m2,8.8,5.8,5.333,3.6,-76.06,79.16,unknown,peat,pond,Boreameryx braskerudi
M3,36.5,37.9,51.1,45.9,-85.53,49.05,Bridger,unknown,terrestrial indet.,Palaeosyops robustus
upper dP3,4.63,5.88,13.8,11.0,-72.35,2.93,La Victoria,unknown,terrestrial indet.,Stirtonia victoriae
Ulna shaft,0.0,47.0,13.8,11.0,-71.59,4.07,unknown,claystone,terrestrial indet.,Magdalenabradys confusum
P4,1.4,2.6,18.5,16.3,-93.54,47.05,Rosebud,conglomerate,coarse channel fill,Gripholagomys lavocati
m1,2.275,1.545,29.5,24.7,-88.74,48.37,Sharps,unknown,terrestrial indet.,Quadrodens wilsoni
m1,24.0,8.6,9.4,4.7,-98.33,38.58,Ogallala,unknown,terrestrial indet.,Plesiogulo marshalli
m3,1.05,0.84,9.4,4.7,-107.29,37.9,Bidahochi,unknown,terrestrial indet.,Paronychomys alticuspis
m2,1.35,1.29,39.7,37.0,-98.36,37.35,Pomerado,mudstone,terrestrial indet.,Nonomys gutzleri
C1,4.6,0.0,9.4,4.7,-117.07,39.37,Mehrten,mudstone,terrestrial indet.,Pliotaxidea garberi
P4,0.95,1.01,16.3,12.5,-104.9,49.7,Madison Valley,sandstone,channel,Perognathus ancenensis
m2,1.03,0.9,56.0,51.1,-78.54,51.42,Wind River,unknown,terrestrial indet.,Ectypodus tardus
m2,1.85,1.13,72.2,66.0,-65.32,60.38,Frenchman,siltstone,floodplain,Pediomys elegans
M1,8.1,11.0,39.7,37.0,-88.5,36.09,unknown,unknown,terrestrial indet.,Heteromeryx dispar
mandible at m3,0.0,3.2,7.246,5.333,-61.88,-37.45,Cerro Azul,siltstone,loess,Thylatheridium dolgopolae
m1,8.1,4.5,18.5,16.3,-75.91,31.78,unknown,unknown,terrestrial indet.,Bassaricyonoides phyllismillerae
p2,11.4,3.9,37.0,33.9,-95.74,52.24,Chadron,tuff,wet floodplain,Montanatylopus matthewi
p4,1.72,1.82,18.5,16.3,-100.39,47.45,Arikaree,unknown,eolian indet.,Harrymys irvini
Lower p4,26.0,22.0,13.8,11.0,-71.62,4.01,Villavieja,sandstone,terrestrial indet.,Huilatherium pluripicatum
M1,2.4,3.1,60.9,57.5,-76.47,54.83,unknown,unknown,terrestrial indet.,Bisonalveus browni
M2,0.76,0.93,16.3,12.5,-109.76,46.69,Deer Butte,unknown,terrestrial indet.,Pseudotheridomys pagei
Upper M3,1.33,0.0,13.8,11.0,-70.96,4.43,La Victoria,unknown,terrestrial indet.,Potamops mascahehenes
m3,3.13,2.79,1.4,0.21,-110.48,31.97,unknown,unknown,terrestrial indet.,Sciurus aberti
m1,26.0,17.8,1.4,0.21,-78.33,39.84,unknown,unknown,cave,Euceratherium collinum
Lumbar vertebra spinal canal,0.0,0.0,2.58,0.0117,-36.4,-8.52,unknown,unknown,terrestrial indet.,Macrauchenia patagonica
P4,6.95,4.25,27.3,23.04,-73.13,32.48,Crystal River,claystone,sinkhole,Phlaocyon achoros
m3,1.7,1.0,60.9,57.5,-78.5,46.09,unknown,shale,fissure fill,Peradectes elegans
P3,0.0,7.2,3.6,0.774,-62.8,9.96,Mesa,tar,terrestrial indet.,Xenosmilus venezuelensis
p3,21.5,17.2,2.58,0.774,-81.8,30.02,unknown,unknown,terrestrial indet.,Tapirus (Helicotapirus) lundeliusi
m2,1.88,1.07,51.1,45.9,-87.05,47.75,Green River,sandstone,channel lag,Herpetotherium innominatum
m1,10.3,8.7,63.4,60.9,-79.23,50.21,North Horn,unknown,terrestrial indet.,Periptychus carinidens
m1,2.3,2.5,45.9,39.7,-90.05,47.36,Uinta,unknown,terrestrial indet.,Mytonolagus petersoni
m1,6.8333,3.5,37.0,33.9,-91.37,55.94,Cypress Hills,unknown,terrestrial indet.,Parictis parvus
Coronoid,0.0,0.0,2.58,0.774,-62.02,10.28,unknown,unknown,terrestrial indet.,Desmodus draculae
M1,14.8,17.1,39.7,37.0,-88.5,36.09,unknown,unknown,terrestrial indet.,Hyracodon primus
m3,28.0,16.0,2.58,0.0117,-77.03,40.9,unknown,gravel,terrestrial indet.,Platygonus vetus
m1,3.17,2.47,56.0,51.1,-82.05,44.29,San Jose,unknown,terrestrial indet.,Microsyops angustidens
m1,2.53,1.33,9.4,1.4,-83.09,41.51,unknown,unknown,terrestrial indet.,Ogmodontomys pipecreekensis
P4,21.6,28.3,17.5,16.3,-65.05,-17.94,Chucal,sandstone,floodplain,Nesodon imbricatus
m2,2.01,1.27,24.7,23.1,-95.79,54.96,Cypress Hills,unknown,terrestrial indet.,Herpetotherium youngi
m1,1.31,0.875,12.5,9.4,-113.77,36.46,MR Caliente,unknown,terrestrial indet.,Limnoecus tricuspis
M3,0.85,0.87,4.7,1.4,-110.85,35.58,Verde,mudstone,terrestrial indet.,Calomys (Bensonomys) arizonae
P3,4.2,4.8,17.5,16.3,-65.05,-17.94,Chucal,sandstone,floodplain,Eotypotherium chico
M1,1.18,1.26,45.9,39.7,-85.58,35.54,Devil's Graveyard,unknown,terrestrial indet.,Pauromys texensis
M3,22.25,12.4,1.4,0.21,-101.54,33.94,unknown,unknown,terrestrial indet.,Tetrameryx shuleri
Femur,0.0,5.27,2.58,0.0,-56.37,-21.1,unknown,claystone,cave,Panthera onca
M2,3.34,4.28,72.2,66.0,-66.02,53.68,Lance,sandstone,terrestrial indet.,Protolambda hatcheri
m3,3.6,2.16,60.9,57.5,-76.63,51.13,unknown,unknown,terrestrial indet.,Nannodectes gazini
Humerus,0.0,13.3,13.8,11.0,-71.57,4.04,Villavieja,claystone,terrestrial indet.,Prodolichotis pridiana
m2,13.0,8.4,12.5,9.4,-77.8,31.36,Alachua,unknown,marginal marine indet.,Arctonasua floridana
Lower p2,5.7,0.0,13.8,11.0,-71.6,4.07,Villavieja,mudstone,fluvial indet.,Hondadelphys fieldsi
Interorbital width between anterior margin of postorbital processes,0.0,70.0,11.63,7.246,-65.5,-9.7,Solimões,claystone,fluvial-lacustrine indet.,Neoepiblema horridula
Palatal at C,0.0,66.4,11.63,5.333,-55.13,-34.57,Camacho,mudstone,fluvial-deltaic indet.,Lestobradys sprechmanni
m2,19.7,12.1,1.4,0.21,-78.33,39.84,unknown,unknown,cave,Ursus americanus
P4,20.1,20.7,16.3,12.5,-97.23,45.6,Olcott,unknown,terrestrial indet.,Merychippus insignis
m1,7.5,4.3,51.1,45.9,-87.38,49.45,Bridger,unknown,terrestrial indet.,Sinopa rapax
M1,17.8,12.7,2.58,1.8,-81.93,29.34,unknown,unknown,terrestrial indet.,Hemiauchenia gracilis
p4,2.74,3.05,24.7,23.1,-95.79,54.96,Cypress Hills,unknown,terrestrial indet.,Archaeolagus macrocephalus
p2,1.2,1.1,39.7,37.0,-87.58,35.26,Devil's Graveyard,unknown,terrestrial indet.,Mahgarita stevensi
m1,1.12,0.97,56.0,51.1,-78.54,51.42,unknown,unknown,terrestrial indet.,Tinimomys graybulliensis
m2,10.8,7.45,23.1,18.5,-72.16,33.14,unknown,unknown,terrestrial indet.,Nothokemas waldropi
Occipital condyle,43.5,37.5,13.8,11.0,-71.53,4.1,Villavieja,sandstone,terrestrial indet.,Magdalenabradys confusum
M1,5.4667,6.3667,37.0,33.9,-87.35,47.77,Chadron,siltstone,terrestrial indet.,Bathygenys alpha
Humerus,0.0,0.0,13.8,11.0,-71.62,4.01,La Victoria,claystone,terrestrial indet.,Granastrapotherium snorki
skull,1030.0,0.0,11.63,7.246,-73.66,-13.74,Pisco,unknown,coastal indet.,Messapicetus gregarius
m3,0.0,3.4,13.8,11.0,-71.57,4.04,Villavieja,claystone,terrestrial indet.,Prodolichotis pridiana
m1,14.3167,7.5333,16.3,12.5,-93.26,45.99,Valentine,sandstone,channel,Brachypsalis modicus
m1,4.5667,4.2,51.1,45.9,-85.53,49.05,Bridger,unknown,terrestrial indet.,Quadratomus grandis
P1,5.6,3.8,60.9,57.5,-76.38,61.88,Paskapoo,siltstone,lacustrine indet.,Presbytherium rhodorugatus
M1,15.4,13.85,16.3,12.5,-78.79,29.15,Peace River,unknown,terrestrial indet.,Calippus proplacidus
Lower p4,32.5,0.0,2.58,0.0117,-69.21,9.93,unknown,claystone,terrestrial indet.,Mixotoxodon larensis
m1,1.6,1.3,51.1,45.9,-87.38,49.45,Bridger,unknown,terrestrial indet.,Nyctitherium curtidens
M2,1.29,1.55,24.7,23.1,-95.79,54.96,Cypress Hills,unknown,terrestrial indet.,Nototamias quadratus
m5,1.4,0.9,16.3,15.5,-68.67,-43.88,Río Frias,tuff,fluvial indet.,Microbiotherium tehuelchum
Bizygomatic,0.0,430.0,13.8,11.0,-71.57,4.03,Villavieja,sandstone,terrestrial indet.,Granastrapotherium snorki
m2,5.8,5.3,51.1,45.9,-86.97,49.35,Bridger,tuff,fluvial indet.,Notharctus robinsoni
p2,21.9,14.9,2.58,0.774,-81.8,30.02,unknown,unknown,terrestrial indet.,Tapirus (Helicotapirus) lundeliusi
P1,18.1,16.2,2.58,0.774,-81.8,30.02,unknown,unknown,terrestrial indet.,Tapirus (Helicotapirus) lundeliusi
tibia,680.0,127.0,2.58,0.0117,-101.41,37.81,unknown,claystone,fluvial indet.,Mammut americanum
m2,17.4,23.8,11.63,5.333,-55.13,-34.57,Camacho,mudstone,fluvial-deltaic indet.,Lestobradys sprechmanni
M3,10.0,14.5,51.1,45.9,-85.53,49.05,Bridger,unknown,terrestrial indet.,Helohyus milleri
P4,4.4,2.1,72.2,66.0,-65.92,53.69,Lance,shale,terrestrial indet.,Cimolodon nitidus
m1,1.54,1.08,37.0,33.9,-89.29,44.9,Florissant,mudstone,channel,Oreotalpa florissantensis
Humerus,0.0,2.31,2.58,0.0,-56.37,-21.1,unknown,claystone,cave,Protocyon troglodytes
p4,6.9,5.0,13.8,11.0,-71.59,4.05,Villavieja,claystone,terrestrial indet.,Drytomomys aequatorialis
m3,57.7,24.7,9.4,4.7,-97.13,37.75,unknown,unknown,terrestrial indet.,Megatylopus matthewi
M1,4.18,5.29,51.1,45.9,-87.37,48.83,Bridger,unknown,terrestrial indet.,Hyopsodus paulus
M1,21.7,31.5,4.7,1.4,-104.18,32.26,Camp Rice,unknown,terrestrial indet.,Tapirus (Helicotapirus) haysii
P4,3.64,4.01,12.5,9.4,-94.8,45.3,Ash Hollow,siliciclastic,channel,Nothodipoides planus
m1,1.32,0.68,39.7,37.0,-86.94,56.36,Cypress Hills,unknown,terrestrial indet.,Peradectes californicus
M3,179.0,80.0,9.4,4.7,-116.57,41.27,unknown,unknown,terrestrial indet.,Mammut matthewi
Lumbar vertebra centrum,61.0,0.0,2.58,0.0117,-36.4,-8.52,unknown,unknown,terrestrial indet.,Macrauchenia patagonica
Depth of ramus below lower P2,0.0,0.0,2.58,0.0,-72.44,-10.88,unknown,conglomerate,fluvial indet.,Pecari tajacu
M2,17.8,15.1,16.3,12.5,-109.76,46.69,Sucker Creek,unknown,terrestrial indet.,Ticholeptus zygomaticus
M2,21.95,8.825,18.5,16.3,-99.92,39.9,Zia Sand,unknown,terrestrial indet.,Stenomylus taylori
P4,11.2,7.6,39.7,37.0,-88.5,36.09,Chambers Tuff,unknown,terrestrial indet.,Daphoenus lambei
M2,15.3,11.3,4.7,1.4,-113.29,38.63,Panaca,siltstone,fluvial-lacustrine indet.,Sinocapra willdownsi
m1,7.9,8.0,4.7,1.4,-100.21,20.42,Goleta,unknown,terrestrial indet.,Paenemarmota barbouri
m1,1.4,1.5,60.9,57.5,-78.5,46.09,unknown,shale,fissure fill,Carpodaptes aulacodon
Lower m2,2.43,1.5,13.8,11.0,-71.6,4.07,Villavieja,mudstone,fluvial indet.,Noctilio albiventris
Lower M1-4/P1-3,1.7,0.0,56.0,48.07,-28.6,-27.29,Itaboraí,marl,fissure fill,Minusculodelphis minimus
M1,8.1,11.1,63.4,60.9,-79.23,50.21,North Horn,unknown,terrestrial indet.,Conoryctella dragonensis
M3,2.3,3.2,63.4,60.9,-73.72,54.42,unknown,unknown,terrestrial indet.,Pronothodectes jepi
M2,19.0,20.74,51.1,45.9,-92.12,47.29,Sheep Pass,limestone,lacustrine - small,Hyrachyus modestus
m3,15.6,8.9,63.4,60.9,-76.11,45.82,Nacimiento,unknown,terrestrial indet.,Dissacus saurognathus
m1,18.85,11.25,12.5,9.4,-116.32,40.4,unknown,siliciclastic,terrestrial indet.,Neohipparion trampasense
m2,2.97,2.89,60.9,57.5,-76.17,52.0,unknown,unknown,terrestrial indet.,Nannodectes simpsoni
M2,2.49,3.27,33.9,31.8,-91.61,49.36,unknown,siltstone,lacustrine - small,Pelycomys placidus
Femur inner condyle,80.0,0.0,13.8,11.0,-71.57,4.04,Villavieja,claystone,terrestrial indet.,Magdalenabradys confusum
Mandible,0.0,12.0,61.66,56.0,-54.58,2.97,Bogotá,sandstone,terrestrial indet.,Etayoa bacatensis
M3,1.19,1.2,18.5,16.3,-75.25,32.13,Alachua,sandstone,terrestrial indet.,Nototamias hulberti
m1,1.95,1.7,60.9,57.5,-74.95,51.73,Fort Union,unknown,terrestrial indet.,Ignacius frugivorus
P4,1.8,1.8,39.7,37.0,-100.3,38.92,Sespe,unknown,terrestrial indet.,Presbymys lophatus
m1,1.65,1.05,4.7,1.4,-115.73,34.46,San Timoteo,unknown,terrestrial indet.,Peromyscus hagermanensis
M1,17.0,17.0,23.1,18.5,-93.3,47.08,Marsland,unknown,terrestrial indet.,Michenia agatensis
M1,1.18,1.68,60.9,57.5,-76.17,64.52,Paskapoo,shale,fluvial-lacustrine indet.,Carpodaptes cygneus
M3,0.965,1.005,9.4,1.4,-83.09,41.51,unknown,unknown,terrestrial indet.,Symmetrodontomys daamsi
M1,1.872,2.458,23.1,18.5,-90.01,47.22,Harrison,unknown,terrestrial indet.,Sanctimus stuartae
m1,2.332,1.21,83.6,72.2,-66.34,53.81,Mesaverde,sandstone,estuary/bay,Alphadon sahnii
m1,2.51,1.15,72.2,66.0,-67.58,51.57,Laramie,sandstone,channel,Parikimys carpenteri
M2,1.28,1.114,9.4,4.7,-107.91,34.61,Quiburis,unknown,terrestrial indet.,Paronychomys lemredfieldi
m1,7.9,5.4,37.0,33.9,-91.37,55.94,Cypress Hills,unknown,terrestrial indet.,Leptomeryx speciosus
p4,2.2,2.25,51.1,45.9,-84.44,50.94,Aycross,unknown,terrestrial indet.,Strigorhysis bridgerensis
M1,1.55,2.813,33.9,31.8,-91.61,49.36,unknown,siltstone,lacustrine - small,Palaeolagus burkei
m1,46.6,33.9,12.5,9.4,-92.69,44.87,Ash Hollow,unknown,terrestrial indet.,Teleoceras major
P2,6.4,0.0,39.7,37.0,-98.62,37.74,Santiago,sandstone,channel,Lycophocyon hutchisoni
M2,3.055,4.14,56.0,51.1,-82.05,44.29,San Jose,unknown,terrestrial indet.,Diacodon alticuspis
M1,1.39,1.77,51.1,45.9,-87.05,47.75,Green River,sandstone,channel lag,Nyctitherium serotinum
Lower m3,61.0,19.0,13.8,11.0,-71.57,4.03,Villavieja,sandstone,terrestrial indet.,Huilatherium pluripicatum
M3,10.8667,12.6,37.0,33.9,-85.0,49.11,Chadron,unknown,terrestrial indet.,Pseudoprotoceras longinaris
P4,7.5,5.9,37.0,33.9,-89.99,35.83,Capote Mountain Tuff,unknown,terrestrial indet.,Hyaenodon raineyi
M1,13.2,17.0,12.5,9.4,-96.58,45.94,unknown,unknown,terrestrial indet.,Pseudhipparion gratum
m1,4.2,3.05,60.9,57.5,-76.32,61.74,Paskapoo,siltstone,terrestrial indet.,Eudaemonema webbi
Upper P4; Antero-posterior diameter,16.0,0.0,11.63,7.246,-65.5,-9.7,Solimões,claystone,fluvial-lacustrine indet.,Neoepiblema horridula
m1,5.0,2.3,2.58,1.8,-99.15,37.91,Crooked Creek,siltstone,terrestrial indet.,Ondatra idahoensis
Metacarpal IV Proximal end,0.0,39.6,13.8,11.0,-71.62,4.01,Villavieja,claystone,terrestrial indet.,Magdalenabradys confusum
P4,9.1,5.7,37.0,33.9,-89.99,35.83,Capote Mountain Tuff,unknown,terrestrial indet.,Prohesperocyon wilsoni
Upper M1,36.0,37.0,13.8,11.0,-71.57,4.03,Villavieja,sandstone,terrestrial indet.,Huilatherium pluripicatum
M2,1.1667,1.2,57.5,56.0,-78.79,52.74,unknown,unknown,terrestrial indet.,Ectypodus powelli
M1,1.09,1.48,16.3,12.5,-100.42,39.05,Tesuque,unknown,terrestrial indet.,Phelosaccomys neomexicanus
M1,7.3,8.1,4.7,1.4,-100.21,20.42,Goleta,unknown,terrestrial indet.,Paenemarmota barbouri
p4,8.37,3.9,12.5,9.4,-77.8,31.36,Alachua,unknown,marginal marine indet.,Mylagaulus elassos
Scapula neck,0.0,0.0,13.8,11.0,-71.59,4.05,Villavieja,claystone,terrestrial indet.,Drytomomys aequatorialis
M2,53.3,33.2,1.4,0.21,-101.99,22.04,Tacubaya,unknown,terrestrial indet.,Camelops hesternus
M1,1.82,1.02,2.58,0.774,-136.88,63.38,unknown,siliciclastic,loess,Phenacomys intermedius
m1,3.1,2.8,51.1,45.9,-92.12,47.29,Sheep Pass,limestone,lacustrine - small,Antiacodon pygmaeus
P4,1.98,1.99,33.9,31.8,-91.61,49.36,unknown,siltstone,lacustrine - small,Domnina gradata
m1,18.1,10.3,9.4,4.7,-79.27,30.06,unknown,claystone,pond,Enhydritherium terraenovae
M1,16.5,21.0,31.8,29.5,-87.22,48.58,Brule,sandstone,fluvial indet.,Miohippus gidleyi
Greatest paraoccipital process width,0.0,95.1,3.6,0.774,-62.8,9.96,Mesa,tar,terrestrial indet.,Xenosmilus venezuelensis
Upper M3 alveoli,2.2,1.2,13.8,11.0,-71.59,4.05,unknown,claystone,terrestrial indet.,Cebupithecia sarmientoi
m2,24.0,18.2,2.58,0.774,-81.8,30.02,unknown,unknown,terrestrial indet.,Tapirus (Helicotapirus) lundeliusi
Scute 28,21.0,0.0,15.98,11.63,-60.66,9.5,Santa Ines,unknown,terrestrial indet.,Boreostemma venezolensis
M1,1.9,2.68,33.9,31.8,-86.18,51.86,Brule,unknown,terrestrial indet.,Altasciurus albiclivus
skull,605.0,212.0,5.333,3.6,78.72,-69.26,Sorsdal,siltstone,marine indet.,Australodelphis mirus
M3,3.4,4.96,51.1,45.9,-87.37,48.83,Bridger,unknown,terrestrial indet.,Hyopsodus paulus
m2,8.9,4.7,17.5,16.3,-65.05,-17.94,Chucal,sandstone,floodplain,Eotypotherium chico
M2,1.11,0.99,12.5,9.4,-94.8,45.3,Ash Hollow,siliciclastic,channel,Antecalomys phthanus
Femur,0.0,21.1,11.63,5.333,-67.66,11.59,Urumaco,unknown,terrestrial indet.,Pseudoprepotherium urumaquensis
Lower p2 Talonid,0.0,11.0,2.58,0.0117,-69.21,9.93,unknown,claystone,terrestrial indet.,Mixotoxodon larensis
M1,0.0,4.3,13.8,11.0,-71.57,4.04,Villavieja,claystone,terrestrial indet.,Prodolichotis pridiana
m1,6.6,7.8,4.7,1.4,-99.15,37.91,Rexroad,unknown,terrestrial indet.,Paenemarmota barbouri
M1,1.87,1.29,9.4,4.7,-98.19,23.07,Rancho Viejo Beds,claystone,channel,Prosigmodon oroscoi
m1,12.4,8.7,37.0,33.9,-89.99,35.83,unknown,unknown,terrestrial indet.,Colodon stovalli
M2,1.93,1.19,4.7,1.4,-96.97,43.06,Long Pine,siltstone,floodplain,Guildayomys hibbardi
M1,7.0,8.3,60.9,57.5,-79.81,51.07,Evanston,siliciclastic,terrestrial indet.,Chriacus pelvidens
m1,5.3,4.0,63.4,60.9,-79.23,50.21,North Horn,unknown,terrestrial indet.,Protoselene griphus
m2,3.0233,3.1367,16.3,12.5,-109.76,46.69,Butte Creek,volcaniclastic,terrestrial indet.,Monosaulax typicus
m1,13.9,10.1,16.3,12.5,-89.33,33.57,Fleming,unknown,terrestrial indet.,Merychippus gunteri
m1,8.41,7.04,56.0,51.1,-80.09,51.71,Willwood,unknown,terrestrial indet.,Phenacodus vortmani
m2,15.58,10.13,45.9,39.7,-88.55,48.71,Washakie,unknown,terrestrial indet.,Triplopus implicatus
m1,4.49,1.94,4.7,1.4,-116.59,43.67,unknown,unknown,terrestrial indet.,Ondatra idahoensis
Rostrum,0.0,9.2,2.58,0.774,-62.02,10.28,unknown,unknown,terrestrial indet.,Desmodus draculae
m2,17.7,14.5,1.4,0.21,-99.14,33.99,Seymour,unknown,terrestrial indet.,Platygonus vetus
p4,4.31,2.03,63.4,60.9,-73.65,56.02,Fort Union,unknown,terrestrial indet.,Bryanictis microlestes
M1,46.0,58.0,39.7,37.0,-88.5,36.09,Chambers Tuff,unknown,terrestrial indet.,Duchesneodus uintensis
Humerus distal end,0.0,198.8,13.8,11.0,-71.57,4.04,Villavieja,claystone,terrestrial indet.,Magdalenabradys confusum
p3,15.5,11.3,18.5,16.3,-95.78,46.38,Sheep Creek,unknown,terrestrial indet.,Merychippus primus
m1,1.95,1.83,59.24,56.0,-77.04,53.09,Fort Union,siliciclastic,fluvial-lacustrine indet.,Carpodaptes jepseni
M1,0.859,1.046,33.9,31.8,-91.61,49.36,unknown,siltstone,lacustrine - small,Heliscomys vetus
M1,2.21,2.4,16.3,12.5,-104.9,49.7,Madison Valley,sandstone,channel,Galbreathia bettae
P4,15.4,10.6,16.3,12.5,-111.93,42.13,unknown,unknown,terrestrial indet.,Brachypsalis pachycephalus
m1,15.7,8.9,60.9,57.5,-77.42,52.51,Fort Union,unknown,terrestrial indet.,Catopsalis calgariensis
M3,19.0,15.6,23.1,18.5,-91.74,47.87,Rosebud,unknown,terrestrial indet.,Merychyus minimus
Lower m2,48.0,24.0,13.8,11.0,-71.57,4.04,Villavieja,claystone,terrestrial indet.,Huilatherium pluripicatum
M1,7.0,9.2,16.3,12.5,-89.46,33.71,Fleming,unknown,terrestrial indet.,Edaphocyon pointblankensis
p4,2.7,2.65,18.5,16.3,-93.54,47.05,Rosebud,conglomerate,coarse channel fill,Archaeolagus primigenius
m1,3.64,2.76,66.0,63.4,-67.99,57.65,Hell Creek,sandstone,coarse channel fill,Mimatuta morgoth
p4,2.06,1.52,4.7,1.4,-115.73,34.46,San Timoteo,unknown,terrestrial indet.,Thomomys gidleyi
i1,6.8,4.3,17.5,16.3,-65.05,-17.94,Chucal,sandstone,floodplain,Altitypotherium chucalensis
p4,2.27,1.325,60.9,57.5,-78.13,60.96,Paskapoo,siltstone,fluvial-lacustrine indet.,Elphidotarsius russelli
m2,0.82,1.23,9.4,4.7,-109.42,40.73,Sevier,siltstone,terrestrial indet.,Metaliomys sevierensis
M1,22.0,25.8,2.58,0.774,-81.8,30.02,unknown,unknown,terrestrial indet.,Tapirus (Helicotapirus) lundeliusi
m1,5.25,4.7,63.4,60.9,-74.08,51.29,Fort Union,unknown,terrestrial indet.,Loxolophus criswelli
M1,2.41,1.66,9.4,4.7,-114.73,37.06,Horned Toad,unknown,terrestrial indet.,Repomys gustelyi
M3,5.07,4.72,51.1,45.9,-84.53,51.57,unknown,unknown,terrestrial indet.,Microsyops annectens
P4,3.4,3.3,15.5,13.8,-67.65,-39.73,Collón Cura,tuff,terrestrial indet.,Maruchito trilofodonte
m2,3.33,2.65,63.4,60.9,-73.65,56.02,Fort Union,unknown,terrestrial indet.,Eudaemonema cuspidata
M1,2.57,3.54,39.7,37.0,-88.5,36.09,Chambers Tuff,unknown,terrestrial indet.,Apternodus iliffensis
mandibular rami at m2,0.0,39.0,29.0,21.0,-50.73,-34.69,Fray Bentos,sandstone,fluvial indet.,Scarrittia robusta
Lower m2,43.0,20.0,13.8,11.0,-71.62,4.01,Villavieja,sandstone,terrestrial indet.,Huilatherium pluripicatum
Tibia,0.0,16.6,13.8,11.0,-71.59,4.05,Villavieja,claystone,terrestrial indet.,Drytomomys aequatorialis
P3,1.75,0.62,29.0,21.0,-60.44,-16.79,Salla Beds,tuff,terrestrial indet.,Evolestes hadrommatos
M3,2.84,3.2,33.9,31.8,-87.83,47.98,Brule,unknown,terrestrial indet.,Pelycomys brulanus
M2,23.61,24.34,12.5,9.4,-77.8,31.36,Alachua,unknown,marginal marine indet.,Yumaceras hamiltoni
m2,13.87,10.27,57.5,56.0,-78.79,52.74,unknown,unknown,terrestrial indet.,Palaeonictis peloria
P3,10.04,4.3,13.8,11.0,-62.62,-21.44,unknown,claystone,fluvial indet.,Acyon myctoderos
M2,4.4,6.26,56.0,51.1,-82.33,43.51,San Jose,unknown,terrestrial indet.,Cantius frugivorus
m1,1.281,0.841,9.4,4.7,-107.29,37.9,Bidahochi,unknown,terrestrial indet.,Calomys (Bensonomys) yazhi
m1,8.45,6.1,12.5,9.4,-112.99,38.09,Avawatz,unknown,terrestrial indet.,Cosoryx (Subcosoryx) cerroensis
M2,2.46,3.01,18.5,16.3,-112.96,46.54,unknown,unknown,terrestrial indet.,Megapeomys bobwilsoni
m1,2.6,1.97,56.0,51.1,-78.54,51.42,unknown,unknown,terrestrial indet.,Haplomylus bozemanensis
M3,1.31,1.43,39.7,37.0,-86.94,56.36,Cypress Hills,unknown,terrestrial indet.,Microparamys nimius
m1,1.4,1.39,39.7,37.0,-86.94,56.36,Cypress Hills,unknown,terrestrial indet.,Microparamys nimius
Femur,504.0,0.0,13.8,11.0,-71.57,4.04,Villavieja,claystone,terrestrial indet.,Magdalenabradys confusum
M3,14.6,7.7,4.7,1.4,-117.44,47.85,Ringold,unknown,terrestrial indet.,Capromeryx tauntonensis
p4,7.2455,2.3091,60.9,57.5,-76.01,53.78,Fort Union,unknown,terrestrial indet.,Prochetodon cavus
m1,1.352,1.415,33.9,31.8,-91.61,49.36,unknown,siltstone,lacustrine - small,Paradjidaumo trilophus
M1,8.3,3.9,17.5,16.3,-65.05,-17.94,Chucal,sandstone,floodplain,Eotypotherium chico
m1,1.61,0.95,9.4,1.4,-83.09,41.51,unknown,unknown,terrestrial indet.,Bensonomys hershkovitzi
m1,0.75,0.54,56.0,51.1,-79.86,52.19,Willwood,unknown,terrestrial indet.,Batodonoides vanhouteni
m3,1.595,1.48,4.7,1.4,-111.51,35.31,Verde,unknown,terrestrial indet.,Sigmodon minor
m2,12.0,6.5,17.5,16.3,-65.05,-17.94,Chucal,sandstone,floodplain,Altitypotherium paucidens
p3,22.5333,12.5,11.63,7.246,-111.61,38.23,Chanac,unknown,terrestrial indet.,Hipparion forcei
m2,9.1,8.025,37.0,33.9,-87.35,47.77,Chadron,siltstone,terrestrial indet.,Pseudoprotoceras longinaris
Calcaneum,26.8,0.0,13.8,11.0,-71.59,4.05,Villavieja,claystone,terrestrial indet.,Drytomomys aequatorialis
Astragalus,0.0,0.0,13.8,11.0,-71.59,4.05,unknown,claystone,terrestrial indet.,Scleromys colombianus
p4,12.57,9.06,56.0,51.1,-79.8,51.57,Willwood,unknown,terrestrial indet.,Palaeonictis wingi
p3,10.3,4.2,9.4,4.7,-78.95,28.93,Peace River,sandstone,marginal marine indet.,Enhydritherium terraenovae
M1,2.81,3.31,72.2,66.0,-65.92,53.69,Lance,shale,terrestrial indet.,Protolambda hatcheri
c,20.5,0.0,11.63,5.333,-55.13,-34.57,Camacho,mudstone,fluvial-deltaic indet.,Lestobradys sprechmanni
C1–C1,0.0,72.8,3.6,0.774,-62.8,9.96,Mesa,tar,terrestrial indet.,Xenosmilus venezuelensis
M1,2.225,1.77,4.7,1.4,-115.73,34.46,San Timoteo,unknown,terrestrial indet.,Sigmodon minor
M1,2.27,1.72,24.7,23.1,-95.79,54.96,Cypress Hills,unknown,terrestrial indet.,Paciculus nebraskensis
humerus,95.7,0.0,45.9,39.7,-89.34,47.29,Uinta,unknown,terrestrial indet.,Pseudotomus eugenei
M2,0.64,0.94,57.5,56.0,-79.47,50.38,Fort Union,mudstone,floodplain,Alagomys russelli
M1,3.855,4.865,12.5,9.4,-94.8,45.3,Ash Hollow,siliciclastic,channel,Dipoides tanneri
Tibia,72.7,0.0,13.8,11.0,-71.59,4.06,La Victoria,claystone,terrestrial indet.,Magdalenabradys confusum
Astragalus,100.0,0.0,13.8,11.0,-71.62,4.01,La Victoria,claystone,terrestrial indet.,Granastrapotherium snorki
p1,1.7,0.9,60.9,57.5,-75.47,53.42,Fort Union,unknown,terrestrial indet.,Amelotabes simpsoni
M2,2.4,2.0,29.5,18.5,-92.48,48.02,Gering,unknown,terrestrial indet.,Florentiamys kingi
p3,6.7,2.7,13.8,11.0,-71.62,4.01,Villavieja,unknown,terrestrial indet.,Hondadelphys fieldsi
m1,9.1,4.6,9.4,4.7,-114.16,44.25,unknown,unknown,terrestrial indet.,Pliotaxidea nevadensis
M2,3.1,4.85,60.9,57.5,-77.27,55.0,Fort Union,unknown,terrestrial indet.,Aphronorus orieli
M1,20.0,19.9,9.4,4.7,-85.14,32.17,unknown,unknown,marginal marine indet.,Synthetoceras davisorum
m1,5.27,2.56,9.4,4.7,-98.52,41.18,unknown,unknown,terrestrial indet.,Martinogale alveodens
m2,3.4,2.7,23.1,18.5,-93.95,47.74,unknown,unknown,terrestrial indet.,Amphechinus ellicottae
m3,7.0,4.5,37.0,33.9,-86.26,48.45,Chadron,siltstone,terrestrial indet.,Hypertragulus chadronensis
m3,15.0,7.9,39.7,37.0,-88.5,36.09,unknown,unknown,terrestrial indet.,Heteromeryx dispar
P4,5.8,7.9,63.4,60.9,-77.16,46.7,Nacimiento,unknown,terrestrial indet.,Conoryctella pattersoni
P3,19.4,24.1,2.58,0.0117,-84.02,35.71,unknown,claystone,fissure fill,Tapirus (Helicotapirus) veroensis
M2,5.8,7.2,60.9,57.5,-79.81,51.07,Evanston,siliciclastic,terrestrial indet.,Tricentes subtrigonus
m3,10.4,5.8,45.9,39.7,-98.28,39.4,Sespe,unknown,terrestrial indet.,Leptoreodon (Hesperomeryx) edwardsi
m2,8.5,8.2,57.5,56.0,-78.79,52.74,unknown,unknown,terrestrial indet.,Azygonyx ancylion
m1,2.71,1.75,83.6,72.2,-66.36,53.83,Mesaverde,sandstone,channel,Alostera saskatchewanensis
m1 anterior lobe,18.0,18.0,2.58,0.0117,-36.4,-8.52,unknown,unknown,terrestrial indet.,Macrauchenia patagonica
Lower m3 talonid,0.0,4.0,13.8,11.0,-71.62,4.01,Villavieja,unknown,terrestrial indet.,Hondadelphys fieldsi
M2,4.9,2.4,45.9,39.7,-98.28,39.4,Sespe,unknown,terrestrial indet.,Procynodictis progressus
m1,1.55,1.8,12.5,9.4,-110.34,46.52,Juntura,unknown,terrestrial indet.,Ammospermophilus junturensis
P3,20.3,18.9,12.5,9.4,-77.8,31.36,Alachua,unknown,marginal marine indet.,Neohipparion trampasense
m1,1.3,1.4,12.5,9.4,-113.77,36.46,MR Caliente,unknown,terrestrial indet.,Tamias ateles
Femur,0.0,14.5,13.8,11.0,-71.57,4.04,Villavieja,claystone,terrestrial indet.,Magdalenabradys confusum
m1,8.0,6.2,45.9,39.7,-86.48,36.39,Colmena Tuff,unknown,terrestrial indet.,Toromeryx marginensis
M1,4.5,1.95,60.9,57.5,-77.86,50.78,Fort Union,unknown,terrestrial indet.,Ptilodus kummae
Metatarsal V,7.0,0.0,13.8,11.0,-71.57,4.04,Villavieja,claystone,terrestrial indet.,Prodolichotis pridiana
m1,2.03,1.59,60.9,57.5,-66.51,56.07,Ravenscrag,sandstone,alluvial fan,Ignacius frugivorus
m1,1.3,1.2,60.9,57.5,-75.51,53.47,Fort Union,siliciclastic,fluvial-lacustrine indet.,Leptacodon tener
m3,20.4,14.4,2.58,0.0,-72.44,-10.88,unknown,conglomerate,fluvial indet.,Tayassu pecari
M1,2.45,1.77,23.1,18.5,-90.01,47.22,Harrison,unknown,terrestrial indet.,Paciculus nebraskensis
m1,3.0,3.0,18.5,16.3,-93.54,47.05,Rosebud,conglomerate,coarse channel fill,Archaeolagus primigenius
P3,19.4,23.7,2.58,0.774,-81.8,30.02,unknown,unknown,terrestrial indet.,Tapirus (Helicotapirus) lundeliusi
M2,2.8,3.8,39.7,37.0,-100.3,38.92,Sespe,unknown,terrestrial indet.,Proterixoides davisi
M3,2.74,3.085,23.04,5.333,-94.81,39.87,Ogallala,unknown,terrestrial indet.,Spermophilus dotti
M1,1.68,1.36,39.7,37.0,-98.36,37.35,Pomerado,mudstone,terrestrial indet.,Nonomys gutzleri
skull,206.0,0.0,37.0,33.9,-85.14,48.82,Chadron,unknown,terrestrial indet.,Hoplophoneus oharrai
p4,17.9,17.0,23.04,20.45,-84.46,34.75,Fleming,conglomerate,coarse channel fill,Desmatippus texanus
tibia,83.3,0.0,51.1,45.9,-86.55,48.87,Bridger,mudstone,terrestrial indet.,Dawsonicyon isami
P2,2.975,1.875,18.5,16.3,-99.92,39.9,Zia Sand,unknown,terrestrial indet.,Stenomylus taylori
m1,13.7,10.0,39.7,37.0,-88.5,36.09,unknown,unknown,terrestrial indet.,Hyracodon primus
I1,6.5,4.5,48.07,41.03,74.19,11.51,Kuldana,conglomerate,fluvial indet.,Pakicetus inachus
DP4,5.7,3.6,13.8,11.0,-71.59,4.05,Villavieja,claystone,terrestrial indet.,Scleromys colombianus
Upper M2,16.5,14.7,13.8,11.0,-71.53,4.1,Villavieja,sandstone,terrestrial indet.,Magdalenabradys confusum
M2,1.2,4.1,29.5,18.5,-71.63,31.26,unknown,claystone,fissure fill,Arikarictis chapini
M1,3.4,4.79,60.9,57.5,-66.51,56.07,Ravenscrag,sandstone,alluvial fan,Plesiadapis churchilli
m1,3.7,1.5,1.4,0.21,-161.94,66.88,Cape Deceit,unknown,terrestrial indet.,Lasiopodomys deceitensis
P3,3.23,3.1,39.7,37.0,-87.58,35.26,Devil's Graveyard,unknown,terrestrial indet.,Mahgarita stevensi
p4,2.5,2.3,18.5,16.3,-95.06,46.14,Runningwater,unknown,terrestrial indet.,Fanimus ultimus
m1,16.9,6.5,9.4,4.7,-98.52,41.18,unknown,unknown,terrestrial indet.,Eucyon davisi
m1,1.56,0.89,72.2,66.0,-75.95,51.72,North Horn,unknown,terrestrial indet.,Alphadon eatoni
M2,0.83,1.075,16.3,12.5,-104.9,49.7,Madison Valley,sandstone,channel,Perognathus ancenensis
M1,3.6,2.75,33.9,31.8,-87.83,47.98,Brule,unknown,terrestrial indet.,Diplolophus insolens
m3,2.0,2.0,12.5,9.4,-113.77,36.46,MR Caliente,unknown,terrestrial indet.,Ammospermophilus fossilis
M2,2.9,4.8,37.0,33.9,-89.99,35.83,Capote Mountain Tuff,unknown,terrestrial indet.,Prohesperocyon wilsoni
M1,3.35,4.5,60.9,57.5,-74.95,51.73,Fort Union,unknown,terrestrial indet.,Plesiadapis churchilli
Lower m1,48.0,0.0,2.58,0.0117,-69.21,9.93,unknown,claystone,marine indet.,Mixotoxodon larensis
m1,6.9,8.1,9.4,4.7,-105.37,30.85,unknown,unknown,terrestrial indet.,Paenemarmota mexicana
P2,6.0,2.6,39.7,37.0,-98.62,37.74,Santiago,sandstone,channel,Lycophocyon hutchisoni
m1,4.135,3.71,56.0,51.1,-79.51,45.15,Huerfano,unknown,terrestrial indet.,Notoparamys costilloi
m1,8.51,7.04,56.0,51.1,-80.09,51.71,Willwood,unknown,terrestrial indet.,Phenacodus vortmani
m1,16.5,8.7,57.5,56.0,-78.79,52.74,unknown,unknown,terrestrial indet.,Palaeonictis peloria
m1,2.5,1.25,4.7,1.4,-113.45,43.46,unknown,unknown,terrestrial indet.,Ophiomys taylori
p4,3.14,2.46,56.0,51.1,-81.07,52.21,Willwood,unknown,terrestrial indet.,Cantius ralstoni
m2,1.6,1.55,51.1,45.9,-85.53,49.05,Bridger,unknown,terrestrial indet.,Trogolemur myodes
Femur,0.0,2.42,2.58,0.0,-56.37,-21.1,unknown,claystone,cave,Panthera onca
M1,3.0,4.1,63.4,60.9,-74.71,38.65,Black Peaks,unknown,terrestrial indet.,Nannodectes gidleyi
M2,16.8,18.7,51.1,45.9,-85.19,49.68,Wasatch,shale,fluvial-lacustrine indet.,Eotitanops gregoryi
P4,2.31,1.07,60.9,57.5,-78.13,60.96,Paskapoo,siltstone,fluvial-lacustrine indet.,Baiotomeus russelli
M1,10.8333,11.0667,57.5,56.0,-80.92,52.06,Wasatch,shale,terrestrial indet.,Probathyopsis praecursor
M1,8.475,10.975,33.9,31.8,-86.23,50.95,unknown,unknown,terrestrial indet.,Manitsha tanka
m1,1.7,1.5,63.4,60.9,-73.65,56.02,Fort Union,unknown,terrestrial indet.,Jepsenella praepropera
m3,5.0,2.0,31.8,29.5,-88.89,47.28,Brule,unknown,terrestrial indet.,Hypisodus ironsi
m1,1.265,1.5,9.4,4.7,-107.29,37.9,Bidahochi,unknown,terrestrial indet.,Cupidinimus bidahochiensis
M1,3.8,5.7,1.4,0.21,-92.81,36.21,unknown,unknown,terrestrial indet.,Brachyprotoma obtusata
Scute 11,24.0,0.0,15.98,11.63,-60.66,9.5,Santa Ines,unknown,terrestrial indet.,Boreostemma venezolensis
m1,8.7,7.1,29.5,18.5,-98.93,52.07,unknown,unknown,terrestrial indet.,Pronodens silberlingi
m1,1.31,1.12,39.7,37.0,-98.36,37.35,Pomerado,mudstone,terrestrial indet.,Nonomys gutzleri
M3,38.0,47.0,18.5,16.3,-95.06,46.14,Runningwater,unknown,terrestrial indet.,Menoceras barbouri
p4-m3 alveolar,20.2,0.0,13.8,11.0,-71.57,4.04,Villavieja,claystone,terrestrial indet.,Prodolichotis pridiana
m1,13.9,5.5,9.4,4.7,-98.33,38.58,Ogallala,unknown,terrestrial indet.,Vulpes stenognathus
m1,1.7,1.7,45.9,39.7,-89.82,47.22,Uinta,unknown,terrestrial indet.,Pareumys grangeri
M1,2.43,3.47,63.4,60.9,-73.72,54.42,unknown,unknown,terrestrial indet.,Plesiolestes problematicus
p4,6.0,4.1,16.3,12.5,-96.7,44.18,Pawnee Creek Beds,unknown,terrestrial indet.,Leptarctus primus
M3,20.6,17.0,1.4,0.21,-78.33,39.84,unknown,unknown,cave,Platygonus vetus
M1,1.45,1.55,39.7,37.0,-88.5,36.09,unknown,unknown,terrestrial indet.,Microparamys perfossus
C1–P4,84.4,0.0,3.6,0.774,-62.8,9.96,Mesa,tar,terrestrial indet.,Xenosmilus venezuelensis
M1,1.56,1.905,18.5,16.3,-100.38,53.88,Cypress Hills,unknown,terrestrial indet.,Miospermophilus wyomingensis
p1,1.25,0.35,5.0,3.8,-60.78,-38.8,Monte Hermoso,unknown,terrestrial indet.,Marmosa contrerasi
P4,27.1,18.8,23.1,18.5,-93.8,46.72,unknown,unknown,terrestrial indet.,Daphoenodon falkenbachi
M1,7.8,9.7,60.9,57.5,-76.38,61.88,Paskapoo,siltstone,lacustrine indet.,Presbytherium rhodorugatus
m2,2.175,1.32,39.7,37.0,-86.94,56.36,Cypress Hills,unknown,terrestrial indet.,Centetodon magnus
m1,0.9,1.15,16.3,12.5,-92.91,45.99,Valentine,unknown,terrestrial indet.,Cupidinimus nebraskensis
M1,2.9,1.7,12.5,9.4,-95.72,39.49,Laverne,unknown,terrestrial indet.,Domninoides knoxjonesi
M1,3.2,1.2,1.4,0.21,-99.92,37.44,Crooked Creek,ash,terrestrial indet.,Mustela erminea
overall length of the preserved part of the carapace,520.0,0.0,15.98,11.63,-60.66,9.5,Santa Ines,unknown,terrestrial indet.,Boreostemma venezolensis
M1,1.29,1.39,39.7,37.0,-86.94,56.36,Cypress Hills,unknown,terrestrial indet.,Microeutypomys tilliei
m1,4.58,3.86,39.7,37.0,-88.5,36.09,unknown,unknown,terrestrial indet.,Leptictis douglassi
m1,2.4,1.8,51.1,45.9,-84.44,50.94,Aycross,unknown,terrestrial indet.,Elwynella oreas
m1,2.18,1.34,39.7,37.0,-86.94,56.36,Cypress Hills,unknown,terrestrial indet.,Domnina gradata
m1,1.28,1.45,9.4,4.7,-115.43,47.6,Alkali Canyon,sandstone,terrestrial indet.,Oregonomys pebblespringsensis
P4,2.19,2.42,23.1,18.5,-90.01,47.22,Harrison,unknown,terrestrial indet.,Sanctimus stuartae
m1,7.2,4.8,37.0,33.9,-90.13,55.84,unknown,unknown,terrestrial indet.,Leptomeryx yoderi
Lower m2,46.0,0.0,2.58,0.0117,-69.21,9.93,unknown,claystone,marine indet.,Mixotoxodon larensis
p4,1.17,1.09,23.1,18.5,-90.01,47.22,Harrison,unknown,terrestrial indet.,Hitonkala macdonaldtau
Lumbar vertebra posterior end,0.0,0.0,2.58,0.0117,-36.4,-8.52,unknown,unknown,terrestrial indet.,Macrauchenia patagonica
P4,19.9,10.0,37.0,33.9,-85.39,49.21,Chadron,unknown,terrestrial indet.,Hoplophoneus primaevus
m1,1.61,1.28,60.9,57.5,-76.34,55.23,Melville,unknown,terrestrial indet.,Elphidotarsius russelli
humerus,152.3,20.4,37.0,33.9,-95.74,52.24,Chadron,tuff,wet floodplain,Montanatylopus matthewi
Lower m3 hypostriid,0.86,0.0,13.8,11.0,-71.53,4.1,Villavieja,unknown,terrestrial indet.,Microsteiromys jacobsi
P3,2.5,4.45,24.7,23.1,-95.79,54.96,Cypress Hills,unknown,terrestrial indet.,Archaeolagus macrocephalus
m1,5.7,2.5,1.4,0.21,-99.44,45.67,unknown,unknown,terrestrial indet.,Ondatra annectens
p4,22.5667,14.3667,16.3,12.5,-111.93,42.13,unknown,unknown,terrestrial indet.,Merychippus calamarius
Fémures,540.0,0.0,2.58,0.0117,-73.0,-38.64,unknown,unknown,terrestrial indet.,Mastotherium hyodon
m1,4.4,3.68,45.9,39.7,-90.0,47.38,Uinta,unknown,terrestrial indet.,Mytonomys mytonensis
Lower Mandibular height at P4,0.0,0.0,56.0,48.07,-28.6,-27.29,Itaboraí,marl,fissure fill,Derorhynchus singularis
m1,7.1,8.48,37.0,33.9,-89.99,35.83,unknown,unknown,terrestrial indet.,Pseudotomus johanniculi
P4,22.0,29.0,2.58,0.0117,-97.56,35.28,unknown,gravel,terrestrial indet.,Tapirus (Helicotapirus) haysii
p4,3.33,2.11,39.7,37.0,-87.58,35.26,Devil's Graveyard,unknown,terrestrial indet.,Mahgarita stevensi
M2,0.0,14.3,48.07,41.03,74.19,11.51,Kuldana,conglomerate,fluvial indet.,Pakicetus inachus
m2,11.7,5.9,17.5,16.3,-65.05,-17.94,Chucal,sandstone,floodplain,Altitypotherium chucalensis
i2,5.2,3.4,17.5,16.3,-65.05,-17.94,Chucal,sandstone,floodplain,Altitypotherium chucalensis
m1,1.2,0.84,63.4,60.9,-74.71,38.65,Black Peaks,unknown,terrestrial indet.,Navajovius kohlhaasae
m2,3.1667,3.1333,63.4,60.9,-74.71,38.65,Black Peaks,unknown,terrestrial indet.,Nannodectes gidleyi
P4,2.35,2.72,59.24,56.0,-77.04,53.09,Fort Union,siliciclastic,fluvial-lacustrine indet.,Carpodaptes jepseni
m1,25.4,13.8,4.7,1.4,-104.18,32.26,Camp Rice,unknown,terrestrial indet.,Equus (Asinus) cumminsi
Femur,0.0,92.5,13.8,11.0,-71.59,4.06,La Victoria,claystone,terrestrial indet.,Magdalenabradys confusum
p4-m3 Occlusal,17.4,0.0,13.8,11.0,-71.62,4.01,Villavieja,unknown,terrestrial indet.,Neoreomys huilensis
m1,7.2,7.5,39.7,37.0,-88.5,36.09,unknown,unknown,terrestrial indet.,Quadratomus gigans
m3,13.8,7.0,37.0,33.9,-86.47,46.45,White River,unknown,terrestrial indet.,Poebrotherium eximium
M2,2.5,3.26,33.9,31.8,-87.83,47.98,Brule,unknown,terrestrial indet.,Pelycomys brulanus
Upper P4,1.37,2.22,13.8,11.0,-71.6,4.07,Villavieja,mudstone,fluvial indet.,Noctilio albiventris
M2,3.1,4.7,60.9,57.5,-77.81,49.25,Ohio Creek,sandstone,channel lag,Promioclaenus acolytus
M3,27.3667,26.5,23.04,20.45,-84.46,34.75,Fleming,conglomerate,coarse channel fill,Arretotherium acridens
skull,129.1,85.7,12.5,9.4,-95.87,42.37,Ogallala,unknown,terrestrial indet.,Leptarctus mummorum
p4,2.7,1.2,63.4,60.9,-76.53,46.43,Nacimiento,unknown,terrestrial indet.,Escavadodon zygus
m2,2.3,1.2,16.3,15.5,-68.67,-43.88,Río Frias,tuff,fluvial indet.,Palaeothentes minutus
m1,1.3,1.32,18.5,16.3,-100.38,53.88,Cypress Hills,unknown,terrestrial indet.,Sciurion campestre
M1,1.97,2.04,39.7,37.0,-86.94,56.36,Cypress Hills,unknown,terrestrial indet.,Eutypomys acares
m3,17.8,8.9,48.07,41.03,74.19,11.51,Kuldana,conglomerate,fluvial indet.,Pakicetus inachus
Upper M1; First lamina,13.1,2.7,11.63,7.246,-65.5,-9.7,Solimões,claystone,fluvial-lacustrine indet.,Neoepiblema horridula
Upper M3,0.0,0.0,7.246,5.333,-64.27,-23.39,Maimará,sandstone,fluvial indet.,Proscelidodon patrius
p3,6.4,4.6,60.9,57.5,-76.38,61.88,Paskapoo,siltstone,lacustrine indet.,Presbytherium rhodorugatus
m1,1.8,1.6,57.5,56.0,-78.79,52.74,Fort Union,unknown,terrestrial indet.,Leipsanolestes siegfriedti
m1,2.39,1.36,66.0,63.4,-67.64,57.54,Fort Union,sandstone,coarse channel fill,Thylacodon montanensis
p1,2.8,1.7,17.5,16.3,-65.05,-17.94,Chucal,sandstone,floodplain,Hegetotherium mirabile
M2,3.05,4.55,60.9,57.5,-78.13,60.96,Paskapoo,siltstone,fluvial-lacustrine indet.,Pararyctes rutherfordi
P4,13.5,11.4,9.4,4.7,-85.14,32.17,unknown,unknown,marginal marine indet.,Synthetoceras davisorum
Upper M1,0.0,0.0,7.246,5.333,-64.27,-23.39,Maimará,sandstone,fluvial indet.,Proscelidodon patrius
m1,2.3,1.71,24.7,23.1,-95.79,54.96,Cypress Hills,unknown,terrestrial indet.,Trilaccogaulus ovatus
P4,6.0,8.0,37.0,33.9,-86.26,48.45,Chadron,siltstone,terrestrial indet.,Pseudoprotoceras longinaris
Caudal armor,443.0,0.0,13.8,11.0,-71.6,3.99,La Victoria,claystone,terrestrial indet.,Boreostemma acostae
P4,26.9,16.65,23.1,18.5,-92.58,46.82,unknown,unknown,terrestrial indet.,Ysengrinia americana
M3,2.55,2.5,56.0,51.1,-81.07,52.21,Willwood,unknown,terrestrial indet.,Ignacius graybullianus
P4,3.4,4.1,66.0,63.4,-76.0,47.4,Nacimiento,unknown,terrestrial indet.,Puercolestes simpsoni
p3,1.7,1.3,56.0,51.1,-81.07,52.21,Willwood,unknown,terrestrial indet.,Loveina wapitiensis
M2,0.85,0.74,4.7,1.4,-109.31,32.77,St. David,unknown,lacustrine indet.,Peromyscus minimus
p4,1.465,1.535,23.04,5.333,-101.62,39.88,Tesuque,unknown,terrestrial indet.,Mojavemys galushai
m1,1.58,1.61,39.7,37.0,-86.94,56.36,Cypress Hills,unknown,terrestrial indet.,Churcheria baroni
m2,0.0,1.2,16.3,15.5,-68.67,-43.88,Río Frias,tuff,fluvial indet.,Palaeothentes minutus
P4,3.7325,3.505,16.3,12.5,-109.76,46.69,Butte Creek,volcaniclastic,terrestrial indet.,Monosaulax typicus
m3,75.0,22.0,17.5,16.3,-65.05,-17.94,Chucal,sandstone,floodplain,Nesodon imbricatus
M2,1.065,1.12,33.9,31.8,-91.61,49.36,unknown,siltstone,lacustrine - small,Metadjidaumo hendryi
Palatal at M3,0.0,24.8,11.63,5.333,-55.13,-34.57,Camacho,mudstone,fluvial-deltaic indet.,Lestobradys sprechmanni
Upper M1,2.2,3.1,13.8,11.0,-71.6,3.99,unknown,unknown,terrestrial indet.,Kiotomops lopezi
p3,10.9,7.4,9.4,4.7,-110.72,36.87,Big Sandy,unknown,terrestrial indet.,Plesiogulo lindsayi
M1,2.07,1.38,4.7,1.4,-111.51,35.31,Verde,unknown,terrestrial indet.,Repomys panacaensis
m1,1.4,0.9,1.4,0.21,-100.12,37.04,unknown,unknown,terrestrial indet.,Peromyscus berendsensis
m3,3.42,2.05,45.9,39.7,-86.48,36.39,Devil's Graveyard,unknown,terrestrial indet.,Mescalerolemur horneri
Femur inner condyle,0.0,64.3,13.8,11.0,-71.53,4.1,Villavieja,sandstone,terrestrial indet.,Magdalenabradys confusum
m1,7.4,6.2,56.0,51.1,-80.68,50.99,Wind River,unknown,terrestrial indet.,Esthonyx bisulcatus
Scute 19,24.0,0.0,15.98,11.63,-60.66,9.5,Santa Ines,unknown,terrestrial indet.,Boreostemma venezolensis
Lower P1-3,7.2,0.0,56.0,48.07,-28.6,-27.29,Itaboraí,marl,fissure fill,Derorhynchus singularis
m1,2.3,1.7,51.1,45.9,-84.53,51.57,Aycross,unknown,terrestrial indet.,Washakius insignis
m1,3.4,2.9,51.1,45.9,-85.53,49.05,Bridger,unknown,terrestrial indet.,Leptotomus parvus
m1,2.46,2.53,33.9,31.8,-87.83,47.98,Brule,unknown,terrestrial indet.,Pelycomys brulanus
m1,15.0,7.3,4.7,1.4,-116.59,43.67,unknown,unknown,terrestrial indet.,Puma lacustris
i1,0.0,0.0,13.8,11.0,-71.59,4.05,Villavieja,claystone,terrestrial indet.,Drytomomys aequatorialis
m3,0.0,5.2,13.8,11.0,-71.57,4.03,Villavieja,sandstone,terrestrial indet.,Neodolodus colombianus
M3,3.77,5.58,66.0,63.4,-68.59,59.89,Ravenscrag,sandstone,terrestrial indet.,Oxyclaenus corax
m2,1.28,1.01,9.4,4.7,-107.29,37.9,Bidahochi,unknown,terrestrial indet.,Paronychomys alticuspis
m1,1.2,1.1,56.0,51.1,-80.09,51.71,Willwood,unknown,terrestrial indet.,Tinimomys graybulliensis
m2,3.54,3.33,45.9,39.7,-86.48,36.39,Devil's Graveyard,unknown,terrestrial indet.,Ourayia hopsoni
p4,2.73,2.44,24.7,23.1,-95.79,54.96,Cypress Hills,unknown,terrestrial indet.,Campestrallomys dawsonae
m2,7.0,7.42,12.5,9.4,-94.8,45.3,Ash Hollow,siliciclastic,channel,Hystricops venustus
m1,1.95,0.98,72.2,66.0,-65.92,53.69,Lance,shale,terrestrial indet.,Mesodma hensleighi
p3,24.15,15.4,51.1,45.9,-85.53,49.05,Bridger,unknown,terrestrial indet.,Uintatherium anceps
Scute 7,23.0,0.0,15.98,11.63,-60.66,9.5,Santa Ines,unknown,terrestrial indet.,Boreostemma venezolensis
M1,3.7,4.9,60.9,57.5,-76.45,53.23,unknown,unknown,terrestrial indet.,Arctostylops steini
m3,0.82,0.75,1.4,0.21,-99.44,45.67,unknown,unknown,terrestrial indet.,Zapus sykesae
m1,24.8,9.9,12.5,9.4,-96.15,37.71,unknown,unknown,terrestrial indet.,Neohipparion affine
Scute 6,22.0,0.0,15.98,11.63,-60.66,9.5,Santa Ines,unknown,terrestrial indet.,Boreostemma venezolensis
P4,1.35,0.9,60.9,57.5,-76.38,61.88,Paskapoo,siltstone,lacustrine indet.,Picrodus lepidus
M3,0.8,0.84,9.4,4.7,-113.61,45.35,Chalk Butte,unknown,terrestrial indet.,Postcopemys valensis
M3,1.8,1.3,9.4,4.7,-118.42,39.63,Garrity,unknown,terrestrial indet.,Pliotomodon primitivus
M3,25.3,28.2,2.58,0.774,-81.8,30.02,unknown,unknown,terrestrial indet.,Tapirus (Helicotapirus) lundeliusi
M1,13.6,14.5,1.4,0.21,-99.14,33.99,Seymour,unknown,terrestrial indet.,Platygonus vetus
M2,6.4,9.5,45.9,39.7,-82.01,33.29,Laredo,sandstone,estuary/bay,Leptoreodon leptolophus
m2,3.12,2.2,18.5,16.3,-94.98,46.73,Runningwater,unknown,terrestrial indet.,Brachyerix richi
m3,32.3,16.8,51.1,45.9,-87.11,48.99,Bridger,unknown,terrestrial indet.,Trogosus gazini
m1,2.25,1.1,66.0,63.4,-68.59,59.89,Ravenscrag,sandstone,terrestrial indet.,Microcosmodon arcuatus
M1,33.3,36.2,31.8,18.5,-106.6,37.84,Sespe,claystone,terrestrial indet.,Subhyracodon kewi
p4,8.7,6.4,39.7,37.0,-84.14,51.5,Slim Buttes,siliciclastic,fluvial indet.,Duchesnehippus intermedius
M1,14.6,20.6,9.4,4.7,-110.72,36.87,Big Sandy,unknown,terrestrial indet.,Plesiogulo lindsayi
M1,1.27,1.34,45.9,39.7,-97.49,39.93,Sespe,sandstone,fluvial-lacustrine indet.,Metanoiamys fantasma
M1,4.0,2.3,72.2,66.0,-66.02,53.68,Lance,sandstone,terrestrial indet.,Cimolodon nitidus
P4,1.65,1.87,60.9,57.5,-66.51,56.07,Ravenscrag,sandstone,alluvial fan,Carpodaptes stonleyi
Upper M1,14.6,20.6,13.8,11.0,-71.62,4.01,La Victoria,claystone,terrestrial indet.,Villarroelia totoyoi
Ramus at c level,0.0,0.0,11.63,5.333,-55.13,-34.57,Camacho,mudstone,fluvial-deltaic indet.,Lestobradys sprechmanni
P2,1.7,0.6,5.0,3.8,-60.78,-38.8,Monte Hermoso,unknown,terrestrial indet.,Marmosa contrerasi
m1,30.76,12.52,9.4,4.7,-96.77,39.04,Ogallala,unknown,terrestrial indet.,Machairodus catocopis
Metacarpal III,23.6,0.0,13.8,11.0,-71.57,4.04,Villavieja,claystone,terrestrial indet.,Prodolichotis pridiana
m3,8.0,4.4,37.0,33.9,-87.35,47.77,Chadron,siltstone,terrestrial indet.,Bathygenys alpha
P1,16.8,20.0,48.07,41.03,74.19,11.51,Kuldana,conglomerate,fluvial indet.,Pakicetus inachus
Mandibular M1-3/M1-4,11.0,0.0,56.0,48.07,-28.6,-27.29,Itaboraí,marl,fissure fill,Procaroloameghinia pricei
M2,1.21,1.56,9.4,4.7,-115.43,47.6,Alkali Canyon,sandstone,terrestrial indet.,Neotamias malloryi
m2,4.81,3.79,45.9,39.7,-85.58,35.54,Devil's Graveyard,unknown,terrestrial indet.,Ourayia uintensis
Lower p4,15.3,0.0,13.8,11.0,-71.59,4.07,unknown,claystone,terrestrial indet.,Megadolodus molariformis
M3,13.3,7.7,17.5,16.3,-65.05,-17.94,Chucal,sandstone,floodplain,Altitypotherium chucalensis
m1,4.47,3.52,51.1,45.9,-85.19,49.68,Wasatch,shale,fluvial-lacustrine indet.,Smilodectes sororis
m3,38.6,19.1,9.4,4.7,-97.02,37.94,unknown,sandstone,fluvial indet.,Yumaceras figginsi
M3,1.19,1.71,29.0,21.0,-60.44,-16.79,Salla Beds,tuff,terrestrial indet.,Evolestes hadrommatos
M2,26.0,34.5,2.58,0.774,-108.66,34.8,unknown,gravel,lacustrine indet.,Paramylodon harlani
p3,9.5,6.5,9.4,4.7,-98.33,38.58,Ogallala,unknown,terrestrial indet.,Plesiogulo marshalli
m1,4.8,1.8,16.3,12.5,-93.26,45.99,Valentine,sandstone,channel,Miomustela madisonae
m1,2.315,1.62,24.7,23.1,-95.79,54.96,Cypress Hills,unknown,terrestrial indet.,Promylagaulus riggsi
radius,82.8,0.0,45.9,39.7,-89.34,47.29,Uinta,unknown,terrestrial indet.,Pseudotomus eugenei
M1,1.82,2.63,24.7,23.1,-95.79,54.96,Cypress Hills,unknown,terrestrial indet.,Downsimus chadwicki
m1,8.775,4.9375,66.0,63.4,-70.31,49.63,Denver,shale,terrestrial indet.,Catopsalis alexanderi
m3,1.4,1.3,51.1,45.9,-83.03,27.44,Guanjuato Red Conglomerate,unknown,terrestrial indet.,Floresomys guanajuatoensis
P3,6.2,3.0,31.8,18.5,-106.6,37.84,Sespe,claystone,terrestrial indet.,Hoplophoneus cerebralis
m1,1.4,0.9,1.4,0.21,-97.21,38.53,McPherson,unknown,terrestrial indet.,Reithrodontomys montanus
P4,2.4,2.62,33.9,31.8,-86.18,51.86,Brule,unknown,terrestrial indet.,Altasciurus albiclivus
Humerus greater tuberosity-deltoid crest,214.5,0.0,13.8,11.0,-71.57,4.04,Villavieja,claystone,terrestrial indet.,Magdalenabradys confusum
M2,1.06,1.045,60.9,57.5,-77.86,50.78,Fort Union,unknown,terrestrial indet.,Mesodma pygmaea
m3,13.6,7.5,56.0,51.1,-81.07,52.21,Willwood,unknown,terrestrial indet.,Cardiolophus radinskyi
m1,8.65,8.025,66.0,63.4,-78.69,50.98,North Horn,unknown,terrestrial indet.,Ectoconus symbolus
m1,1.2,1.2,60.9,57.5,-76.17,52.0,unknown,unknown,terrestrial indet.,Carpodaptes rosei
p4,8.0,4.3,4.7,1.4,-99.15,37.91,Rexroad,unknown,terrestrial indet.,Trigonictis macrodon
m1,0.85,0.89,16.3,12.5,-111.81,38.82,Barstow,unknown,terrestrial indet.,Mookomys subtilis
p2,23.4,14.6,2.58,0.774,-81.8,30.02,unknown,unknown,terrestrial indet.,Tapirus (Helicotapirus) lundeliusi
m1,6.6,2.6,1.4,0.21,-97.21,38.53,McPherson,unknown,terrestrial indet.,Ondatra zibethicus
M1,2.66,3.05,18.5,16.3,-75.25,32.13,Alachua,sandstone,terrestrial indet.,Petauristodon pattersoni
m1,1.4,1.7,16.3,12.5,-104.57,47.65,Colter,unknown,terrestrial indet.,Tamias ateles
Lower p1,5.0,0.0,13.8,11.0,-71.6,4.07,Villavieja,mudstone,fluvial indet.,Hondadelphys fieldsi
Skull,323.0,0.0,7.246,3.6,-68.7,11.48,Codore,claystone,floodplain,Bolivartherium codorensis
p3,3.04,2.15,24.7,23.1,-95.79,54.96,Cypress Hills,unknown,terrestrial indet.,Archaeolagus macrocephalus
m3,4.66,2.9,60.9,57.5,-78.5,46.09,unknown,shale,fissure fill,Nannodectes gidleyi
m1,16.0,8.0,66.0,63.4,-65.82,55.65,Ludlow,unknown,terrestrial indet.,Taeniolabis lamberti
M1,6.2,7.0,51.1,45.9,-86.38,50.22,Bridger,unknown,terrestrial indet.,Quadratomus grossus
Lower m4,6.8,0.0,13.8,11.0,-71.6,4.07,Villavieja,mudstone,fluvial indet.,Hondadelphys fieldsi
M1 or M2,2.6,2.93,21.0,17.5,-62.19,-42.83,Sarmiento,mudstone,paralic indet.,Eoviscaccia australis
m1,1.59,1.19,56.0,51.1,-79.64,51.58,Willwood,mudstone,terrestrial indet.,Macrocranion junnei
M2,13.5,11.9,29.5,18.5,-106.02,38.05,Tick Canyon,siltstone,fluvial indet.,Merychyus calaminthus
P4,15.1,16.1,33.9,31.8,-88.37,47.64,Brule,unknown,terrestrial indet.,Miohippus obliquidens
M1,9.2,0.0,9.4,4.7,-117.07,39.37,Mehrten,mudstone,terrestrial indet.,Pliotaxidea garberi
M3,25.0,18.4,18.5,16.3,-97.3,45.37,middle Miocene,unknown,terrestrial indet.,Miolabis fissidens
p4,36.0,0.0,2.58,0.0117,-36.4,-8.52,unknown,unknown,terrestrial indet.,Macrauchenia patagonica
m1,26.9,15.7,9.4,4.7,-98.52,41.18,unknown,unknown,terrestrial indet.,Alforjas taylori
m1,2.25,1.75,51.1,45.9,-84.44,50.94,Aycross,unknown,terrestrial indet.,Shoshonius bowni
P3,9.0,6.0,37.0,33.9,-86.26,48.45,Chadron,siltstone,terrestrial indet.,Pseudoprotoceras longinaris
m1,1.25,0.8,9.4,4.7,-105.37,30.85,unknown,unknown,terrestrial indet.,Calomys (Bensonomys) elachys
M1,2.75,3.33,1.4,0.21,-110.48,31.97,unknown,unknown,terrestrial indet.,Sciurus aberti
upper dC,4.38,3.25,13.8,11.0,-72.35,2.93,La Victoria,unknown,terrestrial indet.,Stirtonia victoriae
m3,3.5,2.5,16.3,15.5,-68.67,-43.88,Río Frias,tuff,fluvial indet.,Abderites meridionalis
P3,20.5,20.7,16.3,12.5,-97.23,45.6,Olcott,unknown,terrestrial indet.,Merychippus insignis
m1,6.7,4.3,51.1,45.9,-85.53,49.05,Bridger,unknown,terrestrial indet.,Vulpavus palustris
skull,267.0,0.0,56.0,51.1,-80.12,52.15,Willwood,unknown,terrestrial indet.,Palaeonictis occidentalis
Upper I1,2.44,1.5,13.8,11.0,-70.96,4.43,La Victoria,unknown,terrestrial indet.,Lagonimico conclucatus
Mandible,0.0,0.0,13.8,11.0,-71.6,3.99,La Victoria,claystone,terrestrial indet.,Boreostemma acostae
p4,20.7,10.8,23.1,18.5,-94.64,46.88,Marsland,unknown,terrestrial indet.,Adilophontes brachykolos
m1,5.83,5.1,66.0,63.4,-71.41,52.31,Ferris,unknown,terrestrial indet.,Loxolophus priscus
M2,14.3333,13.2667,16.3,12.5,-97.28,45.82,Olcott,unknown,terrestrial indet.,Stirtonhyus xiphodonticus
Upper M4,0.9,2.15,13.8,11.0,-71.6,4.07,Villavieja,mudstone,fluvial indet.,Thylamys colombianus
M1,2.48,4.29,9.4,4.7,-115.06,43.35,Thousand Creek,unknown,terrestrial indet.,Hypolagus vetus
m3,16.2,7.2,11.63,5.333,-55.19,-34.48,Camacho,sandstone,alluvial fan,Pseudoplohophorus absolutus
m1,7.3,3.9,17.5,16.3,-65.05,-17.94,Chucal,sandstone,floodplain,Hegetotherium mirabile
M1,2.2,2.6,21.0,17.5,-62.19,-42.83,Sarmiento,mudstone,paralic indet.,Eoviscaccia australis
P3,2.0,3.4,29.5,18.5,-71.63,31.26,unknown,claystone,fissure fill,Megalagus abaconis
m2,1.72,1.45,45.9,37.0,-97.31,38.28,Santiago,unknown,terrestrial indet.,Sespedectes stocki
P4,15.5,19.4,18.5,16.3,-95.78,46.38,Sheep Creek,unknown,terrestrial indet.,Merychippus primus
Lower m2,0.0,2.61,13.8,11.0,-71.59,4.05,unknown,sandstone,terrestrial indet.,Neosaimiri fieldsi
m1,5.36,6.0,51.1,45.9,-85.53,49.05,Bridger,unknown,terrestrial indet.,Pseudotomus robustus
m2,2.6,1.9,60.9,57.5,-75.47,53.42,Fort Union,unknown,terrestrial indet.,Amelotabes simpsoni
m1,7.5,2.3,1.4,0.21,-105.33,39.55,unknown,unknown,terrestrial indet.,Mustela nigripes
Femur,0.0,0.0,13.8,11.0,-71.59,4.05,Villavieja,claystone,terrestrial indet.,Drytomomys aequatorialis
M2,25.25,26.6,23.1,18.5,-102.69,50.37,Blacktail Deer Creek,claystone,terrestrial indet.,Arretotherium acridens
p3,1.0,0.6,16.3,15.5,-68.67,-43.88,Río Frias,tuff,fluvial indet.,Pichipilus halleuxi
m1,6.0,4.9,66.0,63.4,-76.0,47.4,Nacimiento,unknown,terrestrial indet.,Desmatoclaenus dianae
m2,9.8,6.65,37.0,33.9,-89.99,35.83,unknown,unknown,terrestrial indet.,Brachyrhynchocyon dodgei
M3,19.0,14.4,9.4,4.7,-97.13,37.75,unknown,unknown,terrestrial indet.,Prosthennops serus
femur,0.0,56.0,56.0,51.1,-79.86,52.19,Willwood,unknown,terrestrial indet.,Pachyaena ossifraga
M3,2.4,2.27,21.0,17.5,-62.19,-42.83,Sarmiento,mudstone,paralic indet.,Eoviscaccia australis
P4,16.9,10.1,18.5,16.3,-94.98,46.73,Runningwater,unknown,terrestrial indet.,Osbornodon scitulus
m1,3.85,3.18,51.1,45.9,-87.37,48.83,Bridger,unknown,terrestrial indet.,Hyopsodus paulus
skull,452.0,268.0,27.3,23.04,151.75,-51.04,Jan Juc,unknown,coastal indet.,Mammalodon colliveri
m2,1.81,2.23,18.5,16.3,-100.39,47.45,Arikaree,unknown,eolian indet.,Harrymys irvini
M1,1.46,1.71,39.7,37.0,-86.94,56.36,Cypress Hills,unknown,terrestrial indet.,Herpetotherium innominatum
m1,30.4667,12.5,1.4,0.21,-78.33,39.84,unknown,unknown,cave,Canis armbrusteri
P1,2.33,1.1,33.9,31.8,-87.83,47.98,Brule,unknown,terrestrial indet.,Blacktops latidens
M1,1.3,2.3,23.1,18.5,-102.69,50.37,Blacktail Deer Creek,claystone,terrestrial indet.,Entoptychus montanensis
M1,2.4,3.7,60.9,57.5,-77.27,55.0,Fort Union,unknown,terrestrial indet.,Nannodectes intermedius
P4,1.01,1.138,9.4,4.7,-107.91,34.61,Quiburis,unknown,terrestrial indet.,Perognathus mclaughlini
Radius,236.9,0.0,13.8,11.0,-71.59,4.06,La Victoria,claystone,terrestrial indet.,Magdalenabradys confusum
m1,0.75,0.8,16.3,12.5,-93.28,46.01,Valentine,unknown,terrestrial indet.,Perognathus trojectioansrum
P4,30.0,13.0,9.4,4.7,-98.52,41.18,unknown,unknown,terrestrial indet.,Plesiogulo marshalli
P4,31.4,29.85,1.4,0.21,-99.14,33.99,Seymour,unknown,terrestrial indet.,Equus mexicanus
m2,30.2,21.9,9.4,4.7,-97.13,37.75,unknown,unknown,terrestrial indet.,Agriotherium schneideri
Humerus shaft,0.0,2.1,1.4,0.21,-81.72,29.97,unknown,unknown,terrestrial indet.,Desmodus archaeodaptes
p2,8.4,4.6,9.4,4.7,-98.33,38.58,Ogallala,unknown,terrestrial indet.,Pediomeryx hemphillensis
Incisor,1.44,1.44,13.8,11.0,-71.53,4.1,Villavieja,unknown,terrestrial indet.,Ricardomys longidens
Tibia,0.0,0.0,13.8,11.0,-71.59,4.05,unknown,claystone,terrestrial indet.,Scleromys colombianus
M1,13.5,18.0,31.8,29.5,-87.22,48.58,Brule,sandstone,fluvial indet.,Miohippus intermedius
Lower i1,1.85,3.19,13.8,11.0,-71.53,4.1,Villavieja,unknown,terrestrial indet.,Nuciruptor rubricae
Femur neck,0.0,0.0,13.8,11.0,-71.57,4.04,Villavieja,claystone,terrestrial indet.,Prodolichotis pridiana
m1,49.25,31.45,9.4,4.7,-98.16,22.95,Rancho Viejo Beds,claystone,fluvial indet.,Teleoceras hicksi
m1,1.8333,1.5833,56.0,51.1,-80.09,51.71,Willwood,unknown,terrestrial indet.,Arapahovius advena
Lower m1,0.0,2.0,13.8,11.0,-71.6,4.07,Villavieja,mudstone,fluvial indet.,Notonycteris magdalenensis
m1,2.91,1.88,4.7,1.4,-108.1,33.49,Gila Conglomerate,marl,lacustrine indet.,Neotoma fossilis
m1,5.7,2.3,1.4,0.21,-99.92,37.44,Crooked Creek,ash,terrestrial indet.,Ondatra annectens
M1,1.25,1.38,39.7,37.0,-100.3,38.92,Sespe,unknown,terrestrial indet.,Paradjidaumo (Macroadjidaumo) reynoldsi
p4,1.4857,0.9429,51.1,45.9,-87.05,47.75,Green River,sandstone,channel lag,Nyctitherium serotinum
M2,19.7,30.8,11.63,5.333,-97.79,36.86,unknown,sandstone,fluvial indet.,Ischyrocyon gidleyi
P3,6.4,3.5,13.8,11.0,-71.62,4.01,Villavieja,unknown,terrestrial indet.,Hondadelphys fieldsi
M1,7.2745,4.2575,66.0,63.4,-71.42,52.32,Ferris,unknown,terrestrial indet.,Alveugena carbonensis
m1,3.0125,1.1875,1.4,0.21,-97.21,38.53,unknown,unknown,terrestrial indet.,Allophaiomys pliocaenicus
M1,3.05,4.13,37.0,33.9,-89.99,35.83,unknown,unknown,terrestrial indet.,Leptictis wilsoni
p4,1.631,1.638,33.9,31.8,-91.61,49.36,unknown,siltstone,lacustrine - small,Altasciurus relictus
Snout,0.0,0.0,11.63,7.246,-67.43,-17.99,Huaylas,sandstone,lacustrine indet.,Caraguatypotherium munozi
M2,1.74,1.3,4.7,1.4,-111.51,35.31,Verde,unknown,terrestrial indet.,Repomys panacaensis
Upper M1 or M2,1.1,0.0,13.8,11.0,-71.6,4.07,Villavieja,mudstone,fluvial indet.,Thyroptera lavali
m1,4.166,3.106,66.0,63.4,-71.43,52.32,Ferris,unknown,terrestrial indet.,Protungulatum donnae
m2,9.0,5.9,12.5,9.4,-93.37,31.18,Goliad,unknown,terrestrial indet.,Pseudoceras skinneri
Lower m2,0.0,0.0,3.6,2.58,-73.78,-8.17,unknown,unknown,terrestrial indet.,Phoberomys gyulavarii
m2,11.4,5.7,9.4,4.7,-115.41,36.19,Peace Valley Beds,sandstone,fluvial indet.,Ottoceros peacevalleyensis
Jaw,88.0,0.0,13.8,11.0,-71.57,4.04,Villavieja,claystone,terrestrial indet.,Magdalenabradys confusum
M3,28.56,15.62,12.5,9.4,-107.51,38.12,Milk Creek,unknown,terrestrial indet.,Protolabis yavapaiensis
P4,0.0,14.2,3.6,0.774,-62.8,9.96,Mesa,tar,terrestrial indet.,Xenosmilus venezuelensis
m1,1.3,0.8,51.1,45.9,-85.53,49.05,Bridger,unknown,terrestrial indet.,Peradectes chesteri
Lower p3,24.0,20.0,13.8,11.0,-71.62,4.01,Villavieja,sandstone,terrestrial indet.,Huilatherium pluripicatum
Lumbar vertebra spinal canal,0.0,0.0,2.58,0.0117,-36.4,-8.52,unknown,unknown,terrestrial indet.,Macrauchenia patagonica
m1,6.59,5.19,60.9,57.5,-76.47,54.83,unknown,unknown,terrestrial indet.,Ectocion collinus
m1,1.22,1.35,18.5,16.3,-111.27,37.93,Branch Canyon,unknown,terrestrial indet.,Proheteromys sulculus
p4-m3 Occlusal,19.3,0.0,13.8,11.0,-71.57,4.04,Villavieja,claystone,terrestrial indet.,Prodolichotis pridiana
M1,2.04,3.86,24.7,23.1,-95.79,54.96,Cypress Hills,unknown,terrestrial indet.,Archaeolagus macrocephalus
M1,1.28,2.16,18.5,16.3,-100.38,53.88,Cypress Hills,unknown,terrestrial indet.,Oreolagus nebrascensis
Lower p2,6.1,2.1,13.8,11.0,-71.55,4.09,La Victoria,sandstone,fluvial indet.,Hondadelphys fieldsi
m1,5.13,4.17,63.4,60.9,-73.27,53.83,Fort Union,unknown,terrestrial indet.,Chriacus baldwini
p4,18.0,10.7,23.1,18.5,-93.8,46.72,unknown,unknown,terrestrial indet.,Adilophontes brachykolos
P4,28.2,23.0,9.4,4.7,-98.3,22.97,Rancho Viejo Beds,unknown,fluvial indet.,Agriotherium schneideri
M2,1.41,1.52,39.7,37.0,-98.36,37.35,Pomerado,mudstone,terrestrial indet.,Nonomys gutzleri
p4,5.2,2.8,37.0,33.9,-91.42,49.47,White River,unknown,terrestrial indet.,Parictis personi
M2,3.1,4.7,60.9,57.5,-79.81,51.07,Evanston,siliciclastic,terrestrial indet.,Aphronorus orieli
P4,1.74,1.83,18.5,16.3,-95.74,46.55,Runningwater,unknown,terrestrial indet.,Pleurolicus exiguus
p4,5.2,3.9,51.1,45.9,-86.97,49.35,Bridger,tuff,fluvial indet.,Notharctus robinsoni
M1,1.9,1.91,16.3,12.5,-91.27,45.59,Valentine,conglomerate,fluvial indet.,Megasminthus tiheni
P4,30.24,28.1,4.7,1.4,-117.11,35.97,Tulare,unknown,terrestrial indet.,Equus mexicanus
m1,1.395,0.9,72.2,66.0,-65.32,60.38,Frenchman,siltstone,floodplain,Leptalestes krejcii
M1,10.9,11.3,16.3,12.5,-93.28,46.01,Valentine,unknown,terrestrial indet.,Arctonasua gracilis
M1,1.85,2.21,72.2,66.0,-66.02,53.68,Lance,sandstone,terrestrial indet.,Pediomys elegans
M2,12.7,6.9,37.0,33.9,-89.99,35.83,Capote Mountain Tuff,unknown,terrestrial indet.,Hyaenodon crucians
P4,5.68,4.85,56.0,51.1,-88.74,34.68,Las Tetas de Cabra,sandstone,fluvial-lacustrine indet.,Wyolestes iglesius
m1,2.04,2.64,4.7,0.21,-108.48,33.37,Gila Conglomerate,siltstone,fluvial indet.,Alilepus wilsoni
M2,4.62,5.5,60.9,57.5,-90.55,46.82,Goler,conglomerate,fluvial indet.,Mimotricentes tedfordi
m1,1.28,1.22,33.9,31.8,-87.83,47.98,Brule,unknown,terrestrial indet.,Adjidaumo maximus
m1,2.13,1.88,37.0,33.9,-90.2,49.33,White River,unknown,terrestrial indet.,Yoderimys stewarti
m2,1.46,0.98,51.1,45.9,-87.05,47.75,Green River,sandstone,channel lag,Nyctitherium serotinum
p4,0.85,0.55,60.9,57.5,-78.13,60.96,Paskapoo,siltstone,fluvial-lacustrine indet.,Picrodus canpacius
M2,1.08,1.23,39.7,37.0,-100.3,38.92,Sespe,unknown,terrestrial indet.,Metanoiamys korthi
M2,4.865,5.485,9.4,4.7,-116.88,41.07,unknown,unknown,terrestrial indet.,Marmota korthi
ulna,398.5,0.0,13.82,11.63,-70.72,39.7,Choptank,siltstone,offshore shelf,Thinocetus arthritus
M1,1.845,1.14,9.4,4.7,-114.86,44.46,Drewsey,unknown,terrestrial indet.,Goniodontomys disjunctus
p4,2.15,1.5,15.5,13.8,-67.65,-39.73,Collón Cura,tuff,terrestrial indet.,Protacaremys denisae
m1,1.38,0.85,4.7,1.4,-113.45,43.46,Glenns Ferry,unknown,terrestrial indet.,Sorex hagermanensis
M2,1.98,2.47,37.0,33.9,-91.37,55.94,Cypress Hills,unknown,terrestrial indet.,Herpetotherium valens
m1,8.7,4.3,33.9,31.8,-87.83,47.98,Brule,unknown,terrestrial indet.,Paradaphoenus minimus
m1,2.605,2.71,23.1,18.5,-90.01,47.22,Harrison,unknown,terrestrial indet.,Archaeolagus primigenius
M3,66.0,70.0,39.7,37.0,-88.5,36.09,Chambers Tuff,unknown,terrestrial indet.,Duchesneodus uintensis
p4,1.13,1.13,9.4,4.7,-109.42,40.73,Sevier,siltstone,terrestrial indet.,Metaliomys sevierensis
Upper M3; Maximal transverse diameter,0.0,14.8,11.63,7.246,-65.5,-9.7,Solimões,claystone,fluvial-lacustrine indet.,Neoepiblema horridula
M2,1.89,1.38,9.4,1.4,-83.09,41.51,unknown,unknown,terrestrial indet.,Ogmodontomys pipecreekensis
Tibia,0.0,0.0,13.8,11.0,-71.59,4.06,La Victoria,claystone,terrestrial indet.,Magdalenabradys confusum
m3,6.9,4.0,51.1,45.9,-86.97,49.35,Bridger,tuff,fluvial indet.,Smilodectes mcgrewi
m1,1.58,1.03,16.3,12.5,-109.76,46.69,Deer Butte,unknown,terrestrial indet.,Achlyoscapter longirostris
m1,3.63,2.86,51.1,45.9,-87.37,48.83,Bridger,unknown,terrestrial indet.,Hyopsodus paulus
m1,1.8,1.4,51.1,45.9,-87.38,49.45,Bridger,unknown,terrestrial indet.,Nyctitherium curtidens
Length of right upper P4-M3 series on occlusal surface from antero-labial margi,70.7,0.0,11.63,7.246,-65.5,-9.7,Solimões,claystone,fluvial-lacustrine indet.,Neoepiblema horridula
Upper M3; First lamina,11.5,2.4,11.63,7.246,-65.5,-9.7,Solimões,claystone,fluvial-lacustrine indet.,Neoepiblema horridula
P4,2.31,2.44,24.7,23.1,-95.79,54.96,Cypress Hills,unknown,terrestrial indet.,Florentiamys tiptoni
m1,8.46,4.01,37.0,33.9,-91.37,55.94,Cypress Hills,unknown,terrestrial indet.,Hesperocyon gregarius
m3,12.99,6.83,56.0,51.1,-79.51,45.15,Huerfano,unknown,terrestrial indet.,Xenicohippus osborni
Lower m4 anterior lobe,0.0,19.8,13.8,11.0,-71.57,4.04,Villavieja,claystone,terrestrial indet.,Magdalenabradys confusum
Upper M1,3.5,4.5,13.8,11.0,-70.96,4.43,La Victoria,unknown,terrestrial indet.,Lagonimico conclucatus
Lower M1-4/P1-3,1.8,0.0,56.0,48.07,-28.6,-27.29,Itaboraí,marl,fissure fill,Guggenheimia brasiliensis
m3,13.5333,7.6333,37.0,33.9,-87.35,47.77,Chadron,siltstone,terrestrial indet.,Pseudoprotoceras longinaris
Plate,34.6,24.1,13.8,11.0,-71.58,4.07,La Victoria,claystone,terrestrial indet.,Boreostemma acostae
Upper canine,0.0,0.0,13.8,11.0,-71.57,4.03,Villavieja,sandstone,terrestrial indet.,Granastrapotherium snorki
Humerus,0.0,1.52,2.58,0.0,-56.37,-21.1,unknown,claystone,cave,Chrysocyon brachyurus
skull,457.0,308.0,7.246,5.333,-73.17,-15.2,Pisco,siltstone,foreshore,Odobenocetops peruvianus
P3,2.8,4.18,37.0,33.9,-91.37,55.94,Cypress Hills,unknown,terrestrial indet.,Megalagus brachyodon
tibia,289.0,0.0,33.9,31.8,-86.19,48.71,Brule,unknown,terrestrial indet.,Miohippus gidleyi
Humerus,0.0,153.0,13.8,11.0,-71.53,4.1,Villavieja,sandstone,terrestrial indet.,Magdalenabradys confusum
m3,53.0,17.8,1.4,0.21,-101.99,22.04,Tacubaya,unknown,terrestrial indet.,Camelops hesternus
M3,4.8,6.3,56.0,51.1,-82.05,44.29,San Jose,unknown,terrestrial indet.,Simpsonodus chacensis
m3,19.2,12.0,16.3,12.5,-97.28,45.82,Olcott,unknown,terrestrial indet.,Stirtonhyus xiphodonticus
M2,4.5,5.6,60.9,57.5,-76.45,53.23,unknown,unknown,terrestrial indet.,Arctostylops steini
m1,1.0,1.1,16.3,12.5,-104.57,47.65,Colter,unknown,terrestrial indet.,Perognathus furlongi
M3,1.85,3.2,66.0,63.4,-75.98,47.36,unknown,unknown,terrestrial indet.,Chacomylus sladei
P3,5.4,4.8,16.3,12.5,-91.98,43.15,Valentine,unknown,terrestrial indet.,Leptarctus martini
Postpalatal,36.2,0.0,13.8,11.0,-71.57,4.04,Villavieja,claystone,terrestrial indet.,Prodolichotis pridiana
M2,17.0,19.0,29.5,18.5,-92.34,47.0,Harrison,unknown,terrestrial indet.,Kalobatippus avus
p4,1.82,1.84,23.1,18.5,-90.01,47.22,Harrison,unknown,terrestrial indet.,Entoptychus grandiplanus
M3,0.86,0.98,9.4,4.7,-98.19,23.07,Rancho Viejo Beds,claystone,channel,Calomys (Bensonomys) winklerorum
M2,16.7,16.2,2.58,0.0,-72.44,-10.88,unknown,conglomerate,fluvial indet.,Tayassu pecari
m1,2.28,1.54,23.1,18.5,-90.01,47.22,Harrison,unknown,terrestrial indet.,Paciculus nebraskensis
M1,3.6,4.5,39.7,37.0,-100.3,38.92,Sespe,unknown,terrestrial indet.,Proterixoides davisi
P4,4.2,5.7,60.9,57.5,-79.81,51.07,Evanston,siliciclastic,terrestrial indet.,Aphronorus orieli
M1,2.18,2.15,4.7,1.4,-99.15,37.91,Rexroad,unknown,terrestrial indet.,Paracryptotis rex
m4,8.2,0.0,13.8,11.0,-71.62,4.01,Villavieja,unknown,terrestrial indet.,Hondadelphys fieldsi
M3,1.89,2.34,39.7,37.0,-86.94,56.36,Cypress Hills,unknown,terrestrial indet.,Herpetotherium knighti
P3,18.0,13.0,51.1,45.9,-83.12,50.2,Wind River,mudstone,fluvial-lacustrine indet.,Malfelis badwaterensis
M1,12.3,8.5,17.5,16.3,-65.05,-17.94,Chucal,sandstone,floodplain,Altitypotherium paucidens
M1,15.3,19.0,1.4,0.21,-74.83,40.33,unknown,unknown,cave,Megalonyx wheatleyi
P4,9.3,7.6,56.0,51.1,-79.47,50.76,Wind River,unknown,terrestrial indet.,Machaeroides simpsoni
M1,8.39,7.21,60.9,57.5,-76.47,54.83,unknown,unknown,terrestrial indet.,Ectocion collinus
M2,2.9,4.58,63.4,60.9,-77.16,46.7,Nacimiento,unknown,terrestrial indet.,Acmeodon secans
Astragalus,20.9,0.0,13.8,11.0,-71.59,4.05,Villavieja,claystone,terrestrial indet.,Drytomomys aequatorialis
P4,2.7,3.25,56.0,51.1,-81.07,52.21,Willwood,unknown,terrestrial indet.,Arctodontomys wilsoni
m1,21.1,15.1,37.0,33.9,-90.13,55.84,unknown,unknown,terrestrial indet.,Brachyhyops viensis
m2,2.135,2.215,16.3,12.5,-104.9,49.7,Madison Valley,sandstone,channel,Spermophilus jerae
M1,1.71,2.11,18.5,16.3,-100.39,47.45,Arikaree,unknown,eolian indet.,Harrymys irvini
m2,5.8,4.6,37.0,33.9,-87.35,47.77,Chadron,siltstone,terrestrial indet.,Bathygenys alpha
M1,2.93,1.33,72.2,66.0,-65.32,60.38,Frenchman,siltstone,floodplain,Mesodma formosa
m1,1.41,0.92,24.7,23.1,-95.79,54.96,Cypress Hills,unknown,terrestrial indet.,Plesiosminthus clivosus
Tibia,0.0,0.0,13.8,11.0,-71.57,4.04,Villavieja,claystone,terrestrial indet.,Prodolichotis pridiana
M1,6.0,8.5,37.0,33.9,-91.42,49.47,White River,unknown,terrestrial indet.,Parictis personi
Ramus,0.0,2.6,13.8,11.0,-71.58,4.05,Villavieja,sandstone,terrestrial indet.,Micoureus laventicus
p1-m3,211.0,0.0,29.0,21.0,-50.73,-34.69,Fray Bentos,sandstone,fluvial indet.,Scarrittia robusta
m2,4.36,3.86,56.0,51.1,-82.33,43.51,San Jose,unknown,terrestrial indet.,Cantius frugivorus
Mandibular thickness at p3,0.0,17.1,3.6,0.774,-62.8,9.96,Mesa,tar,terrestrial indet.,Xenosmilus venezuelensis
M1,2.41,3.47,60.9,57.5,-76.63,51.13,unknown,unknown,terrestrial indet.,Nannodectes gazini
Radius distal end,0.0,0.0,13.8,11.0,-71.57,4.04,Villavieja,claystone,terrestrial indet.,Prodolichotis pridiana
M1,1.17,1.51,9.4,4.7,-115.43,47.6,Alkali Canyon,sandstone,terrestrial indet.,Neotamias malloryi
M1,6.2,9.3,29.5,24.7,-88.74,48.37,Sharps,unknown,terrestrial indet.,Paradaphoenus tooheyi
m3,1.38,1.26,9.4,4.7,-98.19,23.07,Rancho Viejo Beds,claystone,channel,Prosigmodon oroscoi
M1,2.05,1.99,16.3,12.5,-91.4,46.21,Fort Randall,claystone,terrestrial indet.,Megasminthus tiheni
Tibia,0.0,9.5,13.8,11.0,-71.57,4.04,Villavieja,claystone,terrestrial indet.,Prodolichotis pridiana
Metatarsal IV,0.0,65.5,13.8,11.0,-71.53,4.1,Villavieja,sandstone,terrestrial indet.,Magdalenabradys confusum
m2,4.2,3.2,21.0,17.5,-62.13,-42.85,Sarmiento,mixed carbonate-siliciclastic,terrestrial indet.,Luantus minor
M2,4.3,7.7,39.7,37.0,-98.62,37.74,Santiago,sandstone,channel,Lycophocyon hutchisoni
m1,9.45,7.75,37.0,33.9,-85.14,48.82,Chadron,unknown,terrestrial indet.,Trigenicus profectus
P3,26.8,29.5,39.7,37.0,-84.14,51.5,Slim Buttes,siliciclastic,fluvial indet.,Duchesneodus uintensis
Femur,0.0,35.9,13.8,11.0,-71.59,4.05,Villavieja,claystone,terrestrial indet.,Drytomomys aequatorialis
Carapace,922.0,0.0,13.8,11.0,-71.6,3.99,La Victoria,claystone,terrestrial indet.,Boreostemma acostae
m1,2.5,2.2,16.3,12.5,-112.26,45.14,Virgin Valley,unknown,terrestrial indet.,Liodontia alexandrae
p4,13.4,7.4,9.4,4.7,-85.14,32.17,unknown,unknown,marginal marine indet.,Synthetoceras davisorum
m1,2.0,2.6,33.9,31.8,-88.37,47.64,Brule,unknown,terrestrial indet.,Apternodus gregoryi
M2,1.28,1.33,39.7,37.0,-98.36,37.35,Pomerado,mudstone,terrestrial indet.,Nonomys gutzleri
P4,40.7,0.0,3.6,0.774,-62.8,9.96,Mesa,tar,terrestrial indet.,Xenosmilus venezuelensis
M3,2.3,2.61,18.5,16.3,-112.96,46.54,unknown,unknown,terrestrial indet.,Megapeomys bobwilsoni
Metatarsal IV,109.5,0.0,13.8,11.0,-71.53,4.1,Villavieja,sandstone,terrestrial indet.,Magdalenabradys confusum
m1,13.15,8.05,56.0,51.1,-80.68,50.99,Wind River,unknown,terrestrial indet.,Didymictis protenus
m2,9.6,6.2,16.3,12.5,-89.1,33.53,Fleming,unknown,terrestrial indet.,Longirostromeryx wellsi
m2,11.5,6.0,17.5,16.3,-65.05,-17.94,Chucal,sandstone,floodplain,Altitypotherium chucalensis
m1,4.191,3.096,66.0,63.4,-71.41,52.31,Ferris,unknown,terrestrial indet.,Mithrandir gillianus
M1,1.55,1.15,1.4,0.21,-97.21,38.53,McPherson,unknown,terrestrial indet.,Peromyscus progressus
M3,19.45,17.75,57.5,56.0,-80.92,52.06,Wasatch,shale,terrestrial indet.,Probathyopsis praecursor
m1,0.97,0.77,51.1,45.9,-92.12,47.29,Sheep Pass,limestone,lacustrine - small,Elymys complexus
m2,2.13,1.88,37.0,33.9,-90.2,49.33,White River,unknown,terrestrial indet.,Yoderimys stewarti
m1,1.6,1.4,51.1,45.9,-85.53,49.05,Bridger,unknown,terrestrial indet.,Trogolemur myodes
m2,6.9,5.7,45.9,39.7,-98.28,39.4,Sespe,unknown,terrestrial indet.,Leptoreodon (Hesperomeryx) edwardsi
Upper M2; Antero-posterior diameter,15.0,0.0,11.63,7.246,-65.5,-9.7,Solimões,claystone,fluvial-lacustrine indet.,Neoepiblema horridula
m2,1.94,2.02,21.0,17.5,-65.57,-45.09,Sarmiento,unknown,terrestrial indet.,Acaremys murinus
m1,16.5,9.5,63.4,60.9,-77.16,46.7,Nacimiento,unknown,terrestrial indet.,Triisodon quivirensis
m1,1.06,1.35,9.4,4.7,-109.42,40.73,Sevier,siltstone,terrestrial indet.,Metaliomys sevierensis
p4,2.4,1.77,23.1,18.5,-94.48,33.9,Delaho,unknown,terrestrial indet.,Gregorymys riograndensis
m1,3.15,2.81,37.0,33.9,-93.9,50.46,unknown,unknown,terrestrial indet.,Ischyromys veterior
m1,3.0446,1.7931,16.3,12.5,-109.76,46.69,Deer Butte,unknown,terrestrial indet.,Ingentisorex tumididens
P3,5.1,5.4,17.5,16.3,-65.05,-17.94,Chucal,sandstone,floodplain,Altitypotherium chucalensis
P4,9.75,13.35,23.1,18.5,-93.8,46.72,unknown,unknown,terrestrial indet.,Phenacocoelus kayi
Fibula,0.0,0.0,13.8,11.0,-71.59,4.07,unknown,claystone,terrestrial indet.,Magdalenabradys confusum
m1,10.5,6.4,17.5,16.3,-65.05,-17.94,Chucal,sandstone,floodplain,Altitypotherium paucidens
m1,2.73,0.91,1.4,0.21,-99.44,45.67,unknown,unknown,terrestrial indet.,Allophaiomys pliocaenicus
m3,14.0,6.1,16.3,12.5,-89.1,33.53,Fleming,unknown,terrestrial indet.,Longirostromeryx wellsi
M1,1.4,0.89,4.7,1.4,-108.1,33.49,Gila Conglomerate,marl,lacustrine indet.,Reithrodontomys rexroadensis
m1,35.725,22.15,4.7,1.4,-100.2,34.49,Blanco,unknown,terrestrial indet.,Gigantocamelus spatulus
M2,0.0,8.4,17.5,16.3,-65.05,-17.94,Chucal,sandstone,floodplain,Altitypotherium chucalensis
P4,1.3,1.2,31.8,29.5,-88.25,47.07,Brule,unknown,terrestrial indet.,Kirkomys nebraskensis
m1,2.8,2.5,63.4,60.9,-73.65,56.02,Fort Union (= Lebo),unknown,terrestrial indet.,Elpidophorus minor
m1,6.5,4.0,45.9,39.7,-98.28,39.4,Sespe,unknown,terrestrial indet.,Miacis hookwayi
m1,1.5,0.9,72.2,66.0,-74.19,48.42,unknown,unknown,terrestrial indet.,Leptalestes prokrejcii
M2,14.0,16.6,23.04,15.98,-85.97,20.77,Balumtum Sandstone,conglomerate,terrestrial indet.,Paratoceras tedfordi
m1,1.6,1.4,51.1,45.9,-85.53,49.05,Bridger,unknown,terrestrial indet.,Nyctitherium curtidens
m1,3.93,3.3,60.9,57.5,-75.51,53.47,Fort Union,siliciclastic,fluvial-lacustrine indet.,Aletodon quadravus
m1,2.85,1.2,1.4,0.21,-97.21,38.53,McPherson,unknown,terrestrial indet.,Microtus ochrogaster
m1,7.3,6.1,51.1,45.9,-82.61,44.55,Huerfano,unknown,terrestrial indet.,Bunophorus sinclairi
m1,3.08,2.45,56.0,51.1,-80.68,50.99,Wind River,unknown,terrestrial indet.,Hyopsodus lysitensis
p4,2.9,2.0,23.1,18.5,-93.95,47.74,unknown,unknown,terrestrial indet.,Amphechinus ellicottae
M1,1.6825,2.085,51.1,45.9,-92.12,47.29,Sheep Pass,limestone,lacustrine - small,Apatemys bellus
M3,4.1,3.88,45.9,39.7,-98.28,39.4,Sespe,unknown,terrestrial indet.,Rapamys fricki
P4,4.23,3.68,29.5,18.5,-102.1,50.8,Peterson Creek Beds,unknown,terrestrial indet.,Niglarodon yeariani
m1,1.82,1.45,51.1,45.9,-87.05,47.75,Green River,sandstone,channel lag,Utahia kayi
Calcaneum,0.0,7.8,13.8,11.0,-71.59,4.05,Villavieja,claystone,terrestrial indet.,Drytomomys aequatorialis
m2,0.0,6.4,17.5,16.3,-65.05,-17.94,Chucal,sandstone,floodplain,Altitypotherium paucidens
Mandible at m1,0.0,0.0,5.0,3.8,-59.62,-38.75,unknown,unknown,terrestrial indet.,Pliolestes tripotamicus
M2,0.95,1.4,16.3,12.5,-100.42,39.05,Tesuque,unknown,terrestrial indet.,Perognathoides kleinfelderi
Upper canine,0.0,0.0,13.8,11.0,-71.6,3.99,unknown,sandstone,terrestrial indet.,Granastrapotherium snorki
m2,22.6,17.4,9.4,4.7,-97.22,42.35,Ash Hollow,unknown,terrestrial indet.,Yumaceras figginsi
M2,2.91,4.1,37.0,33.9,-89.99,35.83,unknown,unknown,terrestrial indet.,Leptictis wilsoni
m1,20.1,20.6,1.4,0.21,-97.71,38.93,unknown,unknown,terrestrial indet.,Tapirus (Helicotapirus) veroensis
m3,3.6,2.33,63.4,60.9,-73.72,54.42,unknown,unknown,terrestrial indet.,Pronothodectes jepi
m2,1.7,1.0,60.9,57.5,-78.5,46.09,unknown,shale,fissure fill,Peradectes elegans
m1,1.81,1.93,23.04,5.333,-107.37,46.42,Starlight,unknown,terrestrial indet.,Scapanus proceridens
M1,2.95,3.15,16.3,12.5,-101.18,40.09,Tesuque,unknown,terrestrial indet.,Untermannerix copiosus
P4,3.4,3.1,60.9,57.5,-78.13,60.96,Paskapoo,siltstone,fluvial-lacustrine indet.,Paleotomus junior
m1,2.44,1.98,72.2,66.0,-65.32,60.38,Frenchman,siltstone,floodplain,Gypsonictops illuminatus
P4,3.5,4.7,56.0,51.1,-80.94,52.67,Willwood,wackestone,wet floodplain,Cantius mckennai
m1,7.68,6.36,63.4,60.9,-76.78,46.9,Nacimiento,siltstone,terrestrial indet.,Tetraclaenodon puercensis
m1,3.7,2.4,66.0,63.4,-68.59,59.89,Ravenscrag,sandstone,terrestrial indet.,Anisonchus oligistus
m1,2.38,2.3,56.0,51.1,-79.86,52.19,Willwood,unknown,terrestrial indet.,Franimys amherstensis
M2,20.6,21.2167,27.3,23.04,-71.97,33.01,Parachucla,sandstone,marginal marine indet.,Mesoreodon floridensis
Lower P1-3,9.0,0.0,56.0,48.07,-28.6,-27.29,Itaboraí,marl,fissure fill,Bobbschaefferia fluminensis
m2,5.9,4.2,45.9,39.7,-89.34,47.29,Uinta,unknown,terrestrial indet.,Tapocyon robustus
Upper M1,2.5,3.2,13.8,11.0,-71.6,3.99,unknown,unknown,terrestrial indet.,Micodon kiotensis
M1,6.5,7.6,27.3,23.04,-73.13,32.48,Crystal River,claystone,sinkhole,Phlaocyon achoros
P3,18.95,13.8,12.5,9.4,-113.02,37.67,Santa Margarita,unknown,terrestrial indet.,Hipparion tehonense
P4,5.43,5.34,56.0,51.1,-79.64,51.58,Willwood,mudstone,terrestrial indet.,Ectocion parvus
M1,26.3,18.2,2.58,0.774,-108.66,34.8,unknown,gravel,lacustrine indet.,Paramylodon harlani
Navicular,63.5,62.0,13.8,11.0,-71.57,4.04,Villavieja,claystone,terrestrial indet.,Magdalenabradys confusum
Upper P4; Antero-posterior diameter,16.0,0.0,11.63,7.246,-65.5,-9.7,Solimões,claystone,fluvial-lacustrine indet.,Neoepiblema horridula
m3,40.0,21.8,51.1,45.9,-85.53,49.05,Bridger,unknown,terrestrial indet.,Palaeosyops robustus
Breadth,0.0,6.9,13.8,11.0,-71.62,4.01,Villavieja,unknown,terrestrial indet.,Hondadelphys fieldsi
m1,6.5,5.1,66.0,63.4,-76.0,47.4,Nacimiento,unknown,terrestrial indet.,Loxolophus priscus
m1-3,4.4,0.0,8.0,5.0,-62.61,-36.4,Cerro Azul,siltstone,loess,Zygolestes tatei
M1,14.65,15.7,23.1,18.5,-93.8,46.72,unknown,unknown,terrestrial indet.,Phenacocoelus kayi
M1,14.57,17.31,33.9,31.8,-86.28,49.04,Brule,sandstone,channel,Colodon occidentalis
M1,2.3,2.5,37.0,33.9,-94.83,53.3,unknown,unknown,terrestrial indet.,Micropternodus strophensis
m1,20.8,17.1,9.4,4.7,-96.71,37.93,unknown,unknown,terrestrial indet.,Yumaceras figginsi
m2,4.38,3.66,60.9,57.5,-78.13,60.96,Paskapoo,siltstone,fluvial-lacustrine indet.,Litomylus grandaletes
Femur,0.0,21.2,15.98,11.63,-66.06,11.84,Socorro,unknown,terrestrial indet.,Pseudoprepotherium socorrensis
P3,8.0,4.6,23.1,18.5,-93.3,47.08,Harrison,unknown,terrestrial indet.,Zodiolestes daimonelixensis
m3,19.0,11.0,11.63,7.246,-65.5,-9.7,Solimões,claystone,fluvial-lacustrine indet.,Neoepiblema acreensis
M2,14.45,11.75,18.5,16.3,-111.3,39.82,Kramer Beds,claystone,fluvial indet.,Merychyus minimus
M2,0.99,1.26,24.7,23.1,-95.79,54.96,Cypress Hills,unknown,terrestrial indet.,Trogomys ironcloudi
m1,19.8,9.2,23.1,18.5,-93.3,47.08,Harrison,unknown,terrestrial indet.,Paraenhydrocyon wallovianus
M2,1.46,1.31,4.7,1.4,-108.45,33.49,Gila Conglomerate,unknown,fluvial-lacustrine indet.,Onychomys pedroensis
m1,2.12,1.73,60.9,57.5,-77.86,50.78,Fort Union,unknown,terrestrial indet.,Ignacius frugivorus
C1 anteroposterior,34.1,0.0,3.6,0.774,-62.8,9.96,Mesa,tar,terrestrial indet.,Xenosmilus venezuelensis
m1,6.45,6.35,51.1,45.9,-84.53,51.57,unknown,unknown,terrestrial indet.,Quadratomus sundelli
m2,1.35,1.27,39.7,37.0,-98.36,37.35,Pomerado,mudstone,terrestrial indet.,Nonomys gutzleri
p4,20.4,9.6,23.1,18.5,-93.8,46.72,Marsland,unknown,terrestrial indet.,Ysengrinia americana
P1,20.7,19.6,1.4,0.21,-82.29,29.18,unknown,sandstone,sinkhole,Tapirus (Helicotapirus) haysii
m1,14.5,10.3,18.5,16.3,-95.78,46.38,Sheep Creek,unknown,terrestrial indet.,Merychippus primus
Lower c1,3.18,4.6,13.8,11.0,-71.53,4.1,Villavieja,unknown,terrestrial indet.,Nuciruptor rubricae
M2,9.1333,13.9333,51.1,45.9,-83.12,50.2,Wind River,mudstone,fluvial-lacustrine indet.,Esthonyx acutidens
Lower p2,22.0,19.0,13.8,11.0,-71.62,4.01,Villavieja,sandstone,terrestrial indet.,Huilatherium pluripicatum
m1,13.2,7.8,9.4,4.7,-78.95,28.93,Peace River,sandstone,marginal marine indet.,Pseudhipparion simpsoni
m2,7.0,4.3,12.5,4.7,-96.15,44.75,Ash Hollow,unknown,terrestrial indet.,Protoprocyon savagei
m3,0.96,0.88,9.4,4.7,-109.42,40.73,Sevier,siltstone,terrestrial indet.,Paronychomys lemredfieldi
M3,3.56,5.21,51.1,45.9,-87.37,48.83,Bridger,unknown,terrestrial indet.,Hyopsodus paulus
m1,1.96,1.61,60.9,57.5,-76.47,54.83,Melville,unknown,terrestrial indet.,Carpodaptes hazelae
m1,1.78,1.18,72.2,66.0,-65.32,60.38,Frenchman,siltstone,floodplain,Pediomys elegans
skull,151.0,0.0,37.0,33.9,-86.26,48.45,Chadron,siltstone,terrestrial indet.,Chadronia margaretae
m3,62.0,15.0,5.333,2.58,-70.26,10.71,unknown,unknown,terrestrial indet.,Gyrinodon quassus
m1 posterior lobe,18.0,17.0,2.58,0.0117,-36.4,-8.52,unknown,unknown,terrestrial indet.,Macrauchenia patagonica
m2,2.7,1.7,51.1,45.9,-87.05,47.75,Green River,sandstone,channel lag,Herpetotherium marsupium
m1,0.986,0.9,29.5,24.7,-89.39,47.96,unknown,conglomerate,coarse channel fill,Leptodontomys douglassi
M2,2.83,2.61,56.0,51.1,-79.64,51.58,Willwood,mudstone,terrestrial indet.,Acritoparamys atwateri
P4,0.8,0.855,29.5,24.7,-89.39,47.96,unknown,conglomerate,coarse channel fill,Leptodontomys douglassi
Lower m3,0.0,0.7,13.8,11.0,-71.6,4.07,Villavieja,mudstone,fluvial indet.,Thyroptera lavali
radius,400.0,0.0,11.63,7.246,10.56,53.68,Gram,claystone,marine indet.,Uranocetus gramensis
m1,6.98,5.6,56.0,51.1,-80.09,51.71,Willwood,unknown,terrestrial indet.,Copecion brachypternus
p3,21.6,10.5,12.5,9.4,-116.32,40.4,unknown,siliciclastic,terrestrial indet.,Neohipparion trampasense
m1,29.5,8.0,9.4,4.7,-98.53,40.79,unknown,unknown,terrestrial indet.,Pratifelis martini
M3,25.6,26.5,2.58,0.774,-81.8,30.02,unknown,unknown,terrestrial indet.,Tapirus (Helicotapirus) lundeliusi
m2,8.1,6.3,39.7,37.0,-88.4,49.59,Wagon Bed (Tepee Trail),unknown,terrestrial indet.,Poabromylus golzi
Upper M1 or 2,1.4,1.3,13.8,11.0,-71.6,4.07,Villavieja,mudstone,fluvial indet.,Notonycteris sucharadeus
m3,1.945,1.6825,4.7,1.4,-115.73,34.46,San Timoteo,unknown,terrestrial indet.,Neotoma fossilis
p3,20.8,17.0,2.58,0.774,-81.8,30.02,unknown,unknown,terrestrial indet.,Tapirus (Helicotapirus) lundeliusi
m2,2.186,1.871,33.9,31.8,-91.61,49.36,unknown,siltstone,lacustrine - small,Eumys elegans
m1,7.5,4.9,51.1,45.9,-87.38,49.45,Bridger,unknown,terrestrial indet.,Orohippus pumilus
P4,5.1,7.8,63.4,60.9,-74.71,61.93,Paskapoo,unknown,fluvial indet.,Presbytherium taurus
m1,2.5,2.36,39.7,37.0,-86.94,56.36,Cypress Hills,unknown,terrestrial indet.,Eutypomys obliquidens
I1,12.5,6.8,17.5,16.3,-65.05,-17.94,Chucal,sandstone,floodplain,Altitypotherium chucalensis
skull,78.8,56.6,9.4,4.7,-117.07,39.37,Mehrten,mudstone,terrestrial indet.,Pliotaxidea garberi
m1,14.1,9.3,45.9,37.0,-98.79,39.29,Sespe,unknown,terrestrial indet.,Triplopus woodi
M1,2.01,2.17,72.2,66.0,-66.02,53.68,Lance,sandstone,terrestrial indet.,Alphadon marshi
m1,1.7,1.2,63.4,60.9,-73.65,56.02,Fort Union,unknown,terrestrial indet.,Adunator ladae
M1,1.595,2.425,39.7,37.0,-86.94,56.36,Cypress Hills,unknown,terrestrial indet.,Talpavus conjunctus
M3,13.3,13.4,37.0,33.9,-89.99,35.83,Capote Mountain Tuff,unknown,terrestrial indet.,Poebrotherium chadronense
P3,1.45,2.75,18.5,16.3,-93.54,47.05,Rosebud,conglomerate,coarse channel fill,Gripholagomys lavocati
m2,0.923,1.004,33.9,31.8,-91.61,49.36,unknown,siltstone,lacustrine - small,Heliscomys vetus
M1,3.18,4.76,33.9,31.8,-87.83,47.98,Brule,unknown,terrestrial indet.,Blacktops longinares
m3,35.2,13.8,29.0,21.0,-39.3,-23.86,unknown,shale,lacustrine indet.,Taubatherium paulacoutoi
m3,22.3,18.9,1.4,0.21,-101.99,22.04,Tacubaya,unknown,terrestrial indet.,Arctodus pristinus
p4,8.1,5.1,17.5,16.3,-65.05,-17.94,Chucal,sandstone,floodplain,Altitypotherium paucidens
humerus,93.0,0.0,3.6,1.8,12.93,43.31,unknown,marl,marine indet.,Arimidelphis sorbinii
Tibia,0.0,128.0,13.8,11.0,-71.62,4.01,La Victoria,claystone,terrestrial indet.,Granastrapotherium snorki
M3,15.3333,18.1333,39.7,37.0,-88.5,36.09,unknown,unknown,terrestrial indet.,Hyracodon primus
M3,8.1,8.8,9.4,4.7,-105.37,30.85,unknown,unknown,terrestrial indet.,Paenemarmota mexicana
M2,0.811,1.025,9.4,4.7,-107.91,34.61,Quiburis,unknown,terrestrial indet.,Perognathus mclaughlini
Lower p4,25.0,22.0,13.8,11.0,-71.59,4.05,unknown,claystone,terrestrial indet.,Huilatherium pluripicatum
m3,15.5,5.5,17.5,16.3,-65.05,-17.94,Chucal,sandstone,floodplain,Altitypotherium chucalensis
M4,28.0,21.5,5.0,0.4,-56.27,-34.46,San José,sandstone,terrestrial indet.,Catonyx tarijensis
radius,490.0,65.0,37.0,33.9,-85.06,49.44,Chadron,siliciclastic,fluvial-lacustrine indet.,Diploclonus tyleri
m1,9.4,8.0,66.0,63.4,-78.69,50.98,North Horn,unknown,terrestrial indet.,Loxolophus pentacus
Tibia,0.0,0.0,13.8,11.0,-71.59,4.05,Villavieja,claystone,terrestrial indet.,Drytomomys aequatorialis
m2,3.5286,3.7714,9.4,4.7,-113.61,45.35,Chalk Butte,unknown,terrestrial indet.,Dipoides vallicula
m2,1.04,0.98,18.5,16.3,-111.27,37.93,Branch Canyon,unknown,terrestrial indet.,Pseudotheridomys cuyamensis
m1,2.8,1.1,1.4,0.21,-99.92,37.44,Crooked Creek,ash,terrestrial indet.,Mictomys meltoni
m1,4.38,3.84,45.9,39.7,-90.0,47.38,Uinta,unknown,terrestrial indet.,Mytonomys mytonensis
i2,16.2,13.4,51.1,45.9,-87.11,48.99,Bridger,unknown,terrestrial indet.,Trogosus gazini
m1,46.2,32.1,12.5,9.4,-92.69,44.87,Ash Hollow,unknown,terrestrial indet.,Teleoceras major
M1,1.57,2.11,16.3,12.5,-104.9,49.7,Madison Valley,sandstone,channel,Peridiomys halis
P4,1.68,3.6,4.7,0.21,-108.48,33.37,Gila Conglomerate,siltstone,fluvial indet.,Hypolagus arizonensis
m1,21.9,17.0,2.58,0.774,-81.8,30.02,unknown,unknown,terrestrial indet.,Tapirus (Helicotapirus) lundeliusi
diastema c-p1,3.2,0.0,16.3,15.5,-68.67,-43.88,Río Frias,tuff,fluvial indet.,Cladosictis patagonica
m2,0.94,1.68,4.7,1.4,-115.73,34.46,San Timoteo,unknown,terrestrial indet.,Thomomys gidleyi
m1,1.25,0.81,12.5,9.4,-95.72,39.49,Laverne,unknown,terrestrial indet.,Copemys shotwelli
M2,3.4,5.3,37.0,33.9,-91.42,49.47,White River,unknown,terrestrial indet.,Parictis personi
M1,51.0,38.0,5.333,2.58,-70.26,10.71,unknown,unknown,terrestrial indet.,Gyrinodon quassus
M2,23.8,22.85,18.5,16.3,-93.62,46.98,Batesland,unknown,terrestrial indet.,Arretotherium fricki
M2,24.0,21.7,9.4,4.7,-85.14,32.17,unknown,unknown,marginal marine indet.,Synthetoceras davisorum
m3,16.6,10.2,51.1,45.9,-85.19,49.68,Wasatch,shale,fluvial-lacustrine indet.,Eotitanops gregoryi
m1,5.1,1.8,2.58,1.8,-99.15,37.91,Crooked Creek,siltstone,terrestrial indet.,Neogale frenata
p4,15.6,12.45,57.5,56.0,-78.79,52.74,unknown,unknown,terrestrial indet.,Palaeonictis peloria
Femur inner condyle,0.0,69.0,13.8,11.0,-71.57,4.04,Villavieja,claystone,terrestrial indet.,Magdalenabradys confusum
m1,3.5,1.5,60.9,57.5,-76.01,53.78,Fort Union,unknown,terrestrial indet.,Prochetodon cavus
m3,0.975,0.819,9.4,4.7,-107.29,37.9,Bidahochi,unknown,terrestrial indet.,Calomys (Bensonomys) gidleyi
P4,2.0,1.8,18.5,12.5,-103.52,50.69,Deep River,unknown,terrestrial indet.,Mesoscalops montanensis
Condylobasal,29.7,0.0,2.58,0.774,-62.02,10.28,unknown,unknown,terrestrial indet.,Desmodus draculae
p3,17.49,7.41,9.4,4.7,-96.77,39.04,Ogallala,unknown,terrestrial indet.,Machairodus catocopis
m2,7.5,4.0,17.5,16.3,-65.05,-17.94,Chucal,sandstone,floodplain,Hegetotherium mirabile
p3,1.0,0.85,51.1,45.9,-85.53,49.05,Bridger,unknown,terrestrial indet.,Trogolemur myodes
M1,2.4,2.6,60.9,57.5,-74.94,50.36,Hanna,unknown,terrestrial indet.,Picrodus canpacius
M3,45.8,59.0,16.3,12.5,-100.42,39.05,Tesuque,unknown,terrestrial indet.,Peraceras profectum
m1,1.6333,1.5,51.1,45.9,-92.12,47.29,Sheep Pass,limestone,lacustrine - small,Trogolemur myodes
P3,1.62,1.7,60.9,57.5,-76.17,64.52,Paskapoo,shale,fluvial-lacustrine indet.,Carpodaptes cygneus
m2,10.8,5.7,17.5,16.3,-65.05,-17.94,Chucal,sandstone,floodplain,Altitypotherium chucalensis
m1,4.6,4.0,51.1,45.9,-83.12,50.2,Wind River,mudstone,fluvial-lacustrine indet.,Diacodexis secans
M1,2.91,2.96,16.3,12.5,-104.9,49.7,Madison Valley,sandstone,channel,Euroxenomys inconnexus
Depth of ramus below lower M3,0.0,0.0,2.58,0.0,-72.44,-10.88,unknown,conglomerate,fluvial indet.,Pecari tajacu
m3,3.3,2.2,16.3,15.5,-68.67,-43.88,Río Frias,tuff,fluvial indet.,Palaeothentes lemoinei
m1,3.1,1.75,60.9,57.5,-78.13,60.96,Paskapoo,siltstone,fluvial-lacustrine indet.,Paleotomus junior
m1,2.92,1.9,16.3,12.5,-111.81,38.82,Barstow,unknown,terrestrial indet.,Lanthanotherium sawini
m1,2.15,1.19,4.7,1.4,-98.75,43.4,unknown,unknown,terrestrial indet.,Nebraskomys mcgrewi
Glenoid fossa,0.0,0.0,13.8,11.0,-71.59,4.05,Villavieja,claystone,terrestrial indet.,Drytomomys aequatorialis
m1,15.9,10.4,9.4,4.7,-79.24,30.36,Alachua,claystone,pond,Enhydritherium terraenovae
m2,16.5,13.3,23.1,18.5,-94.64,46.88,Marsland,unknown,terrestrial indet.,Adilophontes brachykolos
Lower m2,6.1,5.7,61.66,56.0,-54.58,2.97,Bogotá,sandstone,terrestrial indet.,Etayoa bacatensis
m1,1.55,1.04,9.4,1.4,-83.09,41.51,unknown,unknown,terrestrial indet.,Symmetrodontomys daamsi
Scapula neck,0.0,0.0,13.8,11.0,-71.59,4.05,Villavieja,claystone,terrestrial indet.,Drytomomys aequatorialis
m2,3.8,2.7,66.0,63.4,-75.76,47.36,Nacimiento,unknown,terrestrial indet.,Puercolestes simpsoni
Length of internasal suture from anterior margin of mesial nasal process to con,111.0,0.0,11.63,7.246,-65.5,-9.7,Solimões,claystone,fluvial-lacustrine indet.,Neoepiblema horridula
m2,3.3,3.65,23.1,18.5,-93.22,47.21,Harrison,unknown,terrestrial indet.,Migmacastor procumbodens
Plate,39.2,29.3,13.8,11.0,-71.58,4.07,La Victoria,claystone,terrestrial indet.,Boreostemma acostae
m1,1.7,1.0,4.7,1.4,-99.76,37.81,Rexroad,unknown,terrestrial indet.,Symmetrodontomys simplicidens
M1,5.0,5.8,66.0,63.4,-68.59,59.89,Ravenscrag,sandstone,terrestrial indet.,Oxyclaenus corax
skull,410.0,190.0,15.98,13.82,-69.41,40.19,Calvert,claystone,estuary/bay,Brevirostrodelphis dividum
Upper M1-4,7.0,0.0,56.0,48.07,-28.6,-27.29,Itaboraí,marl,fissure fill,Gaylordia macrocynodonta
M2,1.28,1.46,24.7,23.1,-95.79,54.96,Cypress Hills,unknown,terrestrial indet.,Hitonkala macdonaldtau
Lowe m4,1.4,0.75,13.8,11.0,-71.6,4.07,Villavieja,mudstone,fluvial indet.,Thylamys minutus
Upper P1-2 diastema,3.5,0.0,13.8,11.0,-71.62,4.01,Villavieja,unknown,terrestrial indet.,Hondadelphys fieldsi
m1,2.8,4.5,1.4,0.21,-97.21,38.53,McPherson,unknown,terrestrial indet.,Cynomys ludovicianus
Lower m1,4.52,4.16,13.8,11.0,-71.53,4.1,Villavieja,unknown,terrestrial indet.,Rhodanodolichotis vucetichae
M1,2.18,2.45,39.7,37.0,-86.94,56.36,Cypress Hills,unknown,terrestrial indet.,Herpetotherium marsupium
M3,2.9,3.45,16.3,12.5,-109.76,46.69,Butte Creek,volcaniclastic,terrestrial indet.,Hesperogaulus gazini
P3,33.2,29.5,4.7,1.4,-104.18,32.26,Love,unknown,terrestrial indet.,Equus mexicanus
M1,1.76,1.14,4.7,1.4,-99.15,37.91,Rexroad,unknown,terrestrial indet.,Symmetrodontomys simplicidens
m1,8.5,6.1,18.5,16.3,-100.39,47.45,Arikaree,unknown,eolian indet.,Blickomylus galushai
Upper canine,0.0,0.0,13.8,11.0,-71.59,4.07,unknown,claystone,terrestrial indet.,Xenastrapotherium kraglievichi
P3,22.5,21.8,4.7,1.4,-81.35,27.86,Tamiami,sandstone,estuary/bay,Cormohipparion emsliei
m1,1.79,1.03,37.0,33.9,-86.81,48.11,Chadron,unknown,terrestrial indet.,Ectypodus lovei
M1,0.0,4.3,13.8,11.0,-71.57,4.04,Villavieja,claystone,terrestrial indet.,Prodolichotis pridiana
m1,2.0,1.8,45.9,39.7,-89.82,47.22,Uinta,unknown,terrestrial indet.,Pareumys troxelli
M2,15.0,21.7,23.1,18.5,-93.8,46.72,unknown,unknown,terrestrial indet.,Daphoenodon falkenbachi
M2,1.34,1.52,39.7,37.0,-86.94,56.36,Cypress Hills,unknown,terrestrial indet.,Microparamys nimius
m1,1.9,1.415,51.1,45.9,-85.19,49.68,Wasatch,shale,fluvial-lacustrine indet.,Washakius izetti
Lower dp2,1.88,1.5,13.8,11.0,-71.53,4.09,La Victoria,unknown,terrestrial indet.,Patasola magdalenae
m1,2.31,2.24,56.0,51.1,-7.41,73.41,Margaret,unknown,deltaic indet.,Strathcona major
M1,1.1,1.21,39.7,37.0,-100.3,38.92,Sespe,unknown,terrestrial indet.,Metanoiamys korthi
m3,4.9,3.1,60.9,57.5,-75.93,54.07,unknown,unknown,terrestrial indet.,Plesiadapis churchilli
skull,750.0,0.0,48.07,41.03,72.01,9.41,Domanda,shale,coastal indet.,Remingtonocetus domandaensis
m3,33.3,17.6,9.4,4.7,-79.53,30.67,Alachua,unknown,terrestrial indet.,Yumaceras hamiltoni
m1,8.4,6.8,37.0,33.9,-87.35,47.77,Chadron,siltstone,terrestrial indet.,Pseudoprotoceras longinaris
M1,2.1,2.25,16.3,12.5,-92.94,46.29,unknown,unknown,terrestrial indet.,Megasminthus tiheni
m1,1.4,1.0,16.3,12.5,-93.24,45.91,unknown,unknown,terrestrial indet.,Copemys longidens
m1,5.1,4.9,12.5,9.4,-111.49,46.16,unknown,unknown,terrestrial indet.,Dipoides stirtoni
Astragalus,13.6,0.0,13.8,11.0,-71.57,4.04,Villavieja,claystone,terrestrial indet.,Prodolichotis pridiana
p4,2.0,1.8,56.0,51.1,-82.33,43.51,San Jose,unknown,terrestrial indet.,Jemezius szalayi
m1,9.7,6.5,37.0,33.9,-89.99,35.83,Capote Mountain Tuff,unknown,terrestrial indet.,Stevenscamelus franki
m3,16.2,21.9,1.4,0.21,-74.83,40.33,unknown,unknown,cave,Megalonyx wheatleyi
m1,4.3,3.8,39.7,37.0,-86.94,56.36,Cypress Hills,unknown,terrestrial indet.,Macrotarsius montanus
M1,12.6,12.3,9.4,4.7,-78.95,28.93,Peace River,sandstone,marginal marine indet.,Pseudhipparion simpsoni
Radius shaft,0.0,55.0,13.8,11.0,-71.62,4.01,La Victoria,claystone,terrestrial indet.,Granastrapotherium snorki
M1,4.4,4.58,60.9,57.5,-90.55,46.82,Goler,conglomerate,fluvial indet.,Mimotricentes tedfordi
M3,2.02,1.845,1.4,0.21,-99.92,37.44,Crooked Creek,unknown,terrestrial indet.,Spermophilus tridecemlineatus
m2,39.5,16.7,4.7,1.4,-115.28,36.84,Tecopa Lake Beds,mudstone,lacustrine indet.,Capricamelus gettyi
Incisive foramen,13.7,3.5,13.8,11.0,-71.57,4.04,Villavieja,claystone,terrestrial indet.,Prodolichotis pridiana
M2,1.2567,1.5033,18.5,16.3,-100.38,53.88,Cypress Hills,unknown,terrestrial indet.,Sciurion campestre
m2,5.15,3.45,27.3,23.04,-73.13,32.48,Crystal River,claystone,sinkhole,Phlaocyon achoros
M1,7.1,8.0,45.9,39.7,-85.58,35.54,Devil's Graveyard,unknown,terrestrial indet.,Leptoreodon marshi
M2,2.2,3.5,63.4,60.9,-73.65,56.02,Fort Union,unknown,terrestrial indet.,Pronothodectes matthewi
M1,1.97,2.17,37.0,33.9,-90.2,49.33,White River,unknown,terrestrial indet.,Yoderimys stewarti
Tibia Head,0.0,0.0,13.8,11.0,-71.59,4.05,Villavieja,claystone,terrestrial indet.,Drytomomys aequatorialis
m2,2.96,2.24,56.0,51.1,-81.07,52.21,Willwood,unknown,terrestrial indet.,Arctodontomys wilsoni
Lower p3,26.5,0.0,2.58,0.0117,-69.21,9.93,unknown,claystone,terrestrial indet.,Mixotoxodon larensis
m1,11.3,8.7,37.0,33.9,-85.0,49.11,Chadron,unknown,terrestrial indet.,Mesohippus bairdi
m3,3.53,2.47,60.9,57.5,-78.13,60.96,Paskapoo,siltstone,fluvial-lacustrine indet.,Paleotomus junior
M3,10.35,13.1,39.7,37.0,-88.5,36.09,unknown,unknown,terrestrial indet.,Heteromeryx dispar
M3,3.03,4.41,39.7,37.0,-87.58,35.26,Devil's Graveyard,unknown,terrestrial indet.,Mahgarita stevensi
m2,2.58,1.87,63.4,60.9,-73.72,54.42,unknown,unknown,terrestrial indet.,Plesiolestes problematicus
m2,9.1,6.7,56.0,51.1,-80.94,52.71,Willwood,unknown,terrestrial indet.,Cardiolophus radinskyi
M1,13.8,14.5,12.5,9.4,-77.8,31.36,Alachua,unknown,marginal marine indet.,Arctonasua floridana
P3,28.1,22.6,11.63,7.246,-111.61,38.23,Chanac,unknown,terrestrial indet.,Dinohippus leardi
M1,3.71,4.23,45.9,39.7,-98.28,39.4,Sespe,unknown,terrestrial indet.,Rapamys fricki
P1,8.8,4.2,37.0,33.9,-95.74,52.24,Chadron,tuff,wet floodplain,Montanatylopus matthewi
m1,30.65,16.3,18.5,16.3,-94.98,46.73,Runningwater,unknown,terrestrial indet.,Amphicyon galushai
m2,14.3,10.9,23.1,18.5,-91.74,47.87,Rosebud,unknown,terrestrial indet.,Merychyus minimus
M3,5.63,5.55,9.4,4.7,-116.88,41.07,unknown,unknown,terrestrial indet.,Marmota korthi
p4,18.0,9.8,18.5,16.3,-94.98,46.73,Runningwater,unknown,terrestrial indet.,Amphicyon galushai
m2,11.6,8.7,16.3,12.5,-105.84,49.71,Sixmile Creek,siltstone,fluvial indet.,Aelurodon montanensis
p4,16.27,11.33,12.5,9.4,-77.8,31.36,Alachua,unknown,marginal marine indet.,Yumaceras hamiltoni
M2,3.91,5.42,51.1,45.9,-87.37,48.83,Bridger,unknown,terrestrial indet.,Hyopsodus paulus
M3,2.7,2.5,21.0,17.5,-62.19,-42.83,Sarmiento,mudstone,paralic indet.,Eoviscaccia australis
m1,4.7,1.75,4.7,1.4,-99.15,37.91,Rexroad,unknown,terrestrial indet.,Mustela rexroadensis
m1,18.2,9.3,12.5,9.4,-113.02,37.67,Santa Margarita,unknown,terrestrial indet.,Hipparion tehonense
P4,1.72,1.64,9.4,4.7,-109.42,40.73,Sevier,siltstone,terrestrial indet.,Metaliomys sevierensis
Humerus,0.0,12.8,13.8,11.0,-71.57,4.04,Villavieja,claystone,terrestrial indet.,Prodolichotis pridiana
m1,1.7,1.9,16.3,12.5,-89.2,33.45,Fleming,unknown,terrestrial indet.,Jimomys labaughi
Lower P1-3,5.0,0.0,56.0,48.07,-28.6,-27.29,Itaboraí,marl,fissure fill,Gaylordia macrocynodonta
P2,2.06,1.8,60.9,57.5,-78.13,60.96,Paskapoo,siltstone,fluvial-lacustrine indet.,Ptilodus gnomus
M1,27.0,22.0,16.3,12.5,-111.93,42.13,unknown,unknown,terrestrial indet.,Aepycamelus stocki
m1,2.2,2.2,37.0,33.9,-90.2,49.33,White River,unknown,terrestrial indet.,Palaeolagus primus
Lower m1 trigonid,0.0,1.6,13.8,11.0,-71.58,4.05,Villavieja,sandstone,terrestrial indet.,Micoureus laventicus
m1,1.41,1.19,39.7,37.0,-98.36,37.35,Pomerado,mudstone,terrestrial indet.,Nonomys gutzleri
P4,16.9,18.8,23.04,5.333,-113.8,37.56,unknown,unknown,terrestrial indet.,Parapliohippus carrizoensis
m1,8.9,5.5,16.3,12.5,-89.4,33.7,Fleming,unknown,terrestrial indet.,Parapotos tedfordi
m1,3.65,4.5,33.9,31.8,-87.47,46.32,Brule,unknown,terrestrial indet.,Agnotocastor coloradensis
m1,2.46,2.46,29.5,18.5,-71.63,31.26,unknown,claystone,fissure fill,Megalagus abaconis
M1,0.99,1.3,18.5,16.3,-111.3,39.82,Kramer Beds,claystone,fluvial indet.,Cupidinimus boronensis
M3,1.45,1.6,39.7,37.0,-86.94,56.36,Cypress Hills,unknown,terrestrial indet.,Churcheria baroni
m1,16.5,11.2,12.5,9.4,-96.15,37.71,unknown,unknown,terrestrial indet.,Cranioceras teres
M2,3.42,5.03,60.9,57.5,-76.01,53.78,Fort Union,unknown,terrestrial indet.,Plesiadapis fodinatus
m1,2.1,1.4,51.1,45.9,-92.12,47.29,Sheep Pass,limestone,lacustrine - small,Apatemys bellus
M1,63.0,67.0,9.4,4.7,-97.13,37.75,unknown,unknown,terrestrial indet.,Aphelops mutilus
M2,7.35,10.55,37.0,33.9,-87.35,47.77,Chadron,siltstone,terrestrial indet.,Brachyrhynchocyon dodgei
Lower m1/2,2.0,2.42,13.8,11.0,-71.53,4.1,Villavieja,unknown,terrestrial indet.,Microsteiromys jacobsi
M3,58.6,31.3,17.5,16.3,-65.05,-17.94,Chucal,sandstone,floodplain,Nesodon imbricatus
m3,2.6,1.8,60.9,57.5,-76.47,54.83,unknown,unknown,terrestrial indet.,Bisonalveus browni
p4,3.8,4.2,33.9,31.8,-87.47,46.32,Brule,unknown,terrestrial indet.,Agnotocastor coloradensis
M3,15.0,24.3,63.4,60.9,-74.71,38.65,Black Peaks,unknown,terrestrial indet.,Titanoides gidleyi
p4,3.74,2.32,29.5,18.5,-102.1,50.8,Peterson Creek Beds,unknown,terrestrial indet.,Trilaccogaulus lemhiensis
p4,5.3,3.5,60.9,57.5,-79.81,51.07,Evanston,siliciclastic,terrestrial indet.,Aphronorus orieli
M3,3.0,3.9,63.4,60.9,-74.71,38.65,Black Peaks,unknown,terrestrial indet.,Nannodectes gidleyi
m1,2.2,0.9,60.9,57.5,-66.51,56.07,Ravenscrag,sandstone,alluvial fan,Mimetodon silberlingi
M3,7.0,4.4,66.0,63.4,-72.34,55.09,Fort Union,unknown,terrestrial indet.,Baioconodon nordicus
m2,1.51,0.93,1.4,0.21,-97.7,40.03,Sappa,unknown,terrestrial indet.,Microtus paroperarius
m1,3.5,2.9,51.1,45.9,-92.12,47.29,Sheep Pass,limestone,lacustrine - small,Hyopsodus paulus
Lower dp4,2.51,2.5,13.8,11.0,-71.53,4.1,Villavieja,unknown,terrestrial indet.,Microsteiromys jacobsi
m1,29.6,13.0,4.7,1.4,-116.59,43.67,unknown,unknown,terrestrial indet.,Plesippus idahoensis
m2,13.0,11.1,2.58,0.0,-72.44,-10.88,unknown,conglomerate,fluvial indet.,Pecari tajacu
m2,1.08,1.46,18.5,16.3,-100.38,53.88,Cypress Hills,unknown,terrestrial indet.,Stratimus strobeli
M1,2.6,2.3667,51.1,45.9,-87.05,47.75,Green River,sandstone,channel lag,Herpetotherium marsupium
M2,1.65,2.05,1.4,0.21,-99.92,37.44,Crooked Creek,unknown,terrestrial indet.,Spermophilus tridecemlineatus
Skull length,163.0,0.0,11.63,7.246,-67.43,-17.99,Huaylas,sandstone,lacustrine indet.,Caraguatypotherium munozi
m3,1.54,1.21,24.7,23.1,-95.79,54.96,Cypress Hills,unknown,terrestrial indet.,Leidymys korthi
P4,3.0,3.72,60.9,57.5,-77.78,49.27,Ohio Creek,sandstone,channel lag,Promioclaenus acolytus
p4,17.8,10.2,9.4,4.7,-96.71,37.93,unknown,unknown,terrestrial indet.,Yumaceras figginsi
M3,0.56,0.58,4.7,1.4,-108.1,33.49,Gila Conglomerate,marl,lacustrine indet.,Reithrodontomys rexroadensis
m1,4.77,3.85,33.9,27.3,-63.44,-34.93,Abanico,volcaniclastic,terrestrial indet.,Kramadolops abanicoi
M3,1.545,1.25,9.4,4.7,-114.73,37.06,Horned Toad,unknown,terrestrial indet.,Repomys gustelyi
M3,13.5,19.2,4.7,1.4,-117.69,46.97,Ringold,unknown,terrestrial indet.,Megalonyx leptostomus
m1,7.2,6.5,2.58,0.774,-81.8,30.02,unknown,unknown,terrestrial indet.,Erethizon poyeri
m3,1.0033,0.8933,12.5,9.4,-94.8,45.3,Ash Hollow,siliciclastic,channel,Antecalomys phthanus
Entire skull length measured from I1 to occipital condyles,173.8,0.0,29.0,21.0,-61.07,-16.94,unknown,unknown,terrestrial indet.,Trachytherus alloxus
m2,2.56,2.31,45.9,39.7,-86.48,36.39,Devil's Graveyard,unknown,terrestrial indet.,Omomys carteri
M1,1.4,1.6,29.5,18.5,-106.64,37.89,Sespe,sandstone,fluvial-lacustrine indet.,Tenudomys bodei
m1,1.53,1.49,51.1,45.9,-92.12,47.29,Sheep Pass,limestone,lacustrine - small,Microparamys sambucus
Palatal breadth,0.0,1.7,13.8,11.0,-71.57,4.04,Villavieja,claystone,terrestrial indet.,Prodolichotis pridiana
m1,7.5,4.2,51.1,45.9,-85.53,49.05,Bridger,unknown,terrestrial indet.,Sinopa rapax
m3,1.2,1.1,23.1,18.5,-93.95,47.74,unknown,unknown,terrestrial indet.,Amphechinus ellicottae
M2,0.78,0.89,29.5,24.7,-89.39,47.96,unknown,conglomerate,coarse channel fill,Leptodontomys douglassi
M2,2.44,2.0,4.7,1.4,-108.1,33.49,Gila Conglomerate,marl,lacustrine indet.,Neotoma fossilis
P2,11.65,10.6,23.1,18.5,-93.8,46.72,unknown,unknown,terrestrial indet.,Phenacocoelus kayi
m1,19.2,9.0,1.75,0.4,-57.68,-38.25,unknown,siltstone,terrestrial indet.,Mesotherium cristatum
m1,17.5,9.6,18.5,16.3,-88.65,33.77,Oakville,unknown,terrestrial indet.,Australocamelus orarius
m2,1.3,0.9,56.0,48.07,-28.6,-27.29,Itaboraí,marl,fissure fill,Gaylordia macrocynodonta
P3,15.5,8.0,9.4,4.7,-98.52,41.18,unknown,unknown,terrestrial indet.,Adelphailurus kansensis
m3,1.69,1.69,39.7,37.0,-86.94,56.36,Cypress Hills,unknown,terrestrial indet.,Churcheria baroni
m1,8.7,6.6,56.0,51.1,-79.47,50.76,Wind River,unknown,terrestrial indet.,Esthonyx acutidens
m1,1.79,1.89,29.5,24.7,-88.74,48.37,Sharps,unknown,terrestrial indet.,Sanctimus stuartae
m1,17.0,13.0,39.7,37.0,-92.32,47.03,Duchesne River,unknown,terrestrial indet.,Hyracodon medius
m1,1.925,1.875,18.5,16.3,-95.42,44.85,Pawnee Creek,unknown,channel,Oreolagus wilsoni
Calcaneum Olecranon,0.0,0.0,13.8,11.0,-71.59,4.05,Villavieja,claystone,terrestrial indet.,Drytomomys aequatorialis
M1,0.95,0.9,51.1,45.9,-92.12,47.29,Sheep Pass,limestone,lacustrine - small,Elymys complexus
p4,4.95,2.45,29.5,18.5,-71.63,31.26,unknown,claystone,fissure fill,Phlaocyon taylori
M2,1.8,2.7,37.0,33.9,-94.83,53.3,unknown,unknown,terrestrial indet.,Micropternodus strophensis
M1,18.5,11.0,18.5,16.3,-75.25,32.13,Alachua,sandstone,terrestrial indet.,Zodiolestes freundi
m1,6.9,5.2,33.9,31.8,-91.3,55.68,Cypress Hills,unknown,terrestrial indet.,Leptomeryx evansi
P1,17.2,15.2,2.58,0.774,-81.8,30.02,unknown,unknown,terrestrial indet.,Tapirus (Helicotapirus) lundeliusi
p4,8.0,3.5,56.0,51.1,-79.47,50.76,Wind River,unknown,terrestrial indet.,Machaeroides simpsoni
M3,18.0,13.0,2.58,0.0117,-98.28,37.03,unknown,gravel,fluvial indet.,Mylohyus nasutus
m1,1.23,0.93,60.9,57.5,-77.86,50.78,Fort Union,unknown,terrestrial indet.,Talpavoides dartoni
M2,3.2,4.7,66.0,63.4,-76.0,47.4,Nacimiento,unknown,terrestrial indet.,Puercolestes simpsoni
m2,2.555,2.96,23.04,5.333,-94.81,39.87,Ogallala,unknown,terrestrial indet.,Spermophilus dotti
m3,0.94,0.81,9.4,4.7,-116.71,41.12,Coal Valley,unknown,terrestrial indet.,Bensonomys lindsayi
m1,6.3,5.3,45.9,39.7,-86.48,36.39,Colmena Tuff,unknown,terrestrial indet.,Leptoreodon leptolophus
M1,8.5,10.5,37.0,33.9,-87.35,47.77,Chadron,siltstone,terrestrial indet.,Pseudoprotoceras longinaris
Jaw,0.0,0.0,13.8,11.0,-71.57,4.04,Villavieja,claystone,terrestrial indet.,Magdalenabradys confusum
m1,10.2,9.3,57.5,56.0,-78.79,52.74,unknown,unknown,terrestrial indet.,Azygonyx grangeri
skull,600.0,244.0,27.3,25.2,-169.24,-46.69,Otekaike Limestone,limestone,carbonate indet.,Waipatia maerewhenua
Width between occipital condyles at level of midpoint of ventral margin of fora,0.0,37.0,11.63,7.246,-65.5,-9.7,Solimões,claystone,fluvial-lacustrine indet.,Neoepiblema horridula
m1,6.84,3.33,9.4,4.7,-100.3,31.19,Banta Shut-In,sandstone,terrestrial indet.,Martinogale chisoensis
p4,17.0,11.0,11.63,7.246,-65.5,-9.7,Solimões,claystone,fluvial-lacustrine indet.,Neoepiblema acreensis
Lower I3 enamel band,0.0,5.0,2.58,0.0117,-69.21,9.93,unknown,claystone,terrestrial indet.,Mixotoxodon larensis
P4,1.82,3.1,37.0,33.9,-91.37,55.94,Cypress Hills,unknown,terrestrial indet.,Palaeolagus temnodon
m1,1.2333,1.3,12.5,9.4,-112.99,38.09,Avawatz,unknown,terrestrial indet.,Cupidinimus avawatzensis
P4,1.45,2.2,56.0,51.1,-80.09,51.71,Willwood,unknown,terrestrial indet.,Arapahovius advena
P4,24.3,25.8,2.58,0.0117,-101.55,35.23,unknown,claystone,fluvial-lacustrine indet.,Equus conversidens
M2,20.2,31.5,51.1,45.9,-87.11,48.99,Bridger,unknown,terrestrial indet.,Trogosus gazini
M2,4.12,4.88,56.0,51.1,-79.51,45.15,Huerfano,unknown,terrestrial indet.,Notoparamys costilloi
M2,2.55,2.75,16.3,12.5,-109.76,46.69,Butte Creek,volcaniclastic,terrestrial indet.,Liodontia alexandrae
Upper M2,2.47,0.0,13.8,11.0,-70.96,4.43,La Victoria,unknown,terrestrial indet.,Potamops mascahehenes
p4,2.55,1.3,66.0,63.4,-76.0,47.4,Nacimiento,unknown,terrestrial indet.,Puercolestes simpsoni
m1,0.7,0.75,16.3,12.5,-111.81,38.82,Barstow,unknown,terrestrial indet.,Perognathoides eurekensis
m3,1.97,1.56,4.7,1.4,-115.73,34.46,San Timoteo,unknown,terrestrial indet.,Sigmodon minor
p3,6.8,3.0,12.5,9.4,-93.37,31.18,Goliad,unknown,terrestrial indet.,Pseudoceras skinneri
M2,1.61,2.32,37.0,33.9,-89.99,35.83,unknown,unknown,terrestrial indet.,Pseudocylindrodon neglectus
m1,1.5,0.93,9.4,4.7,-114.93,47.26,McKay,sandstone,pond,Postcopemys valensis
P3,14.3,12.8,12.5,9.4,-95.57,45.5,Valentine,unknown,terrestrial indet.,Aelurodon stirtoni
m1,14.5,6.9,12.5,9.4,-96.15,37.71,unknown,unknown,terrestrial indet.,Calippus regulus
m1,6.4,4.35,37.0,33.9,-91.37,55.94,Cypress Hills,unknown,terrestrial indet.,Leptomeryx esulcatus
M2,1.82,2.63,24.7,23.1,-95.79,54.96,Cypress Hills,unknown,terrestrial indet.,Downsimus chadwicki
m3,2.6,2.0,12.5,9.4,-94.92,45.57,Valentine,unknown,terrestrial indet.,Domninoides mimicus
m1,1.6333,1.75,12.5,9.4,-94.8,45.3,Ash Hollow,siliciclastic,channel,Ammospermophilus junturensis
Palatal,0.0,170.0,13.8,11.0,-71.57,4.03,Villavieja,sandstone,terrestrial indet.,Granastrapotherium snorki
M2,18.0,16.0,1.4,0.21,-78.33,39.84,unknown,unknown,cave,Platygonus vetus
Upper M3,15.1,15.8,13.8,11.0,-71.53,4.1,Villavieja,sandstone,terrestrial indet.,Magdalenabradys confusum
M3,2.37,2.88,72.2,66.0,-65.92,53.69,Lance,shale,terrestrial indet.,Alphadon marshi
m2,41.3,20.5,1.4,0.21,-101.99,22.04,Tacubaya,unknown,terrestrial indet.,Camelops hesternus
P2,3.9,2.9,16.3,12.5,-91.98,43.15,Valentine,unknown,terrestrial indet.,Leptarctus martini
m1,2.02,1.3,9.4,4.7,-98.19,23.07,Rancho Viejo Beds,claystone,channel,Prosigmodon ferrusquiai
Femur,0.0,8.0,13.8,11.0,-71.53,4.1,Villavieja,sandstone,terrestrial indet.,Magdalenabradys confusum
m2,1.05,1.01,45.9,37.0,-97.31,38.28,Santiago,unknown,terrestrial indet.,Metanoiamys marinus
M2,7.9,9.7,37.0,33.9,-87.35,47.77,Chadron,siltstone,terrestrial indet.,Leptomeryx yoderi
M1,2.7,3.3,60.9,57.5,-76.32,61.74,Paskapoo,siltstone,terrestrial indet.,Lainoryctes youzwyshyni
P4,1.89,1.83,39.7,37.0,-86.94,56.36,Cypress Hills,unknown,terrestrial indet.,Eutypomys acares
Upper P3,27.0,39.0,13.8,11.0,-71.57,4.03,Villavieja,sandstone,terrestrial indet.,Huilatherium pluripicatum
m1,2.76,2.02,56.0,51.1,-81.69,48.47,Wasatch,unknown,terrestrial indet.,Arctodontomys wilsoni
M2,1.54,1.4,9.4,4.7,-98.19,23.07,Rancho Viejo Beds,claystone,channel,Prosigmodon ferrusquiai
skull,560.0,270.0,48.07,41.03,71.39,8.66,Habib Rahi,shale,coastal indet.,Maiacetus inuus
Humerus,0.0,3.37,2.58,0.0,-56.37,-21.1,unknown,claystone,cave,Protocyon troglodytes
m1,3.1,2.1,66.0,63.4,-72.34,55.09,Fort Union,unknown,terrestrial indet.,Hemithlaeus josephi
M2,1.2167,0.99,4.7,1.4,-111.51,35.31,Verde,unknown,terrestrial indet.,Calomys (Bensonomys) arizonae
M1,28.95,22.1,51.1,45.9,-83.12,50.2,Wind River,mudstone,fluvial-lacustrine indet.,Malfelis badwaterensis
M3,10.4,14.0,37.0,33.9,-91.37,55.94,Cypress Hills,unknown,terrestrial indet.,Mesohippus westoni
M1,4.7,2.8,2.58,1.8,-99.15,37.91,Crooked Creek,siltstone,terrestrial indet.,Spilogale putorius
m2,5.2,3.775,39.7,37.0,-88.4,49.59,Wagon Bed (Tepee Trail),unknown,terrestrial indet.,Hendryomeryx wilsoni
m1,3.1,1.4,2.58,1.8,-99.15,37.91,Crooked Creek,siltstone,terrestrial indet.,Mictomys vetus
M1,1.29,0.8,4.7,1.4,-109.31,32.77,St. David,unknown,lacustrine indet.,Peromyscus minimus
m1,3.3,1.6,60.9,57.5,-74.95,51.73,Fort Union,unknown,terrestrial indet.,Ptilodus kummae
Lower M1-4,2.9,0.0,56.0,48.07,-28.6,-27.29,Itaboraí,marl,fissure fill,Minusculodelphis minimus
m1,1.6,1.2,63.4,60.9,-74.08,51.29,Fort Union,unknown,terrestrial indet.,Jepsenella praepropera
M3,4.62,6.28,72.2,66.0,-65.92,53.69,Lance,shale,terrestrial indet.,Protolambda florencae
p4,1.8,1.9,29.5,18.5,-92.34,47.0,unknown,unknown,terrestrial indet.,Florentiamys tiptoni
M3,2.93,2.57,21.0,17.5,-62.19,-42.83,Sarmiento,mudstone,paralic indet.,Eoviscaccia australis
m1,1.75,1.15,12.5,9.4,-94.8,45.3,Ash Hollow,siliciclastic,channel,Honeymys mariae
ulna,21.1,2.5,12.5,9.4,-94.92,45.57,Valentine,unknown,terrestrial indet.,Domninoides mimicus
M2,6.0,8.0,31.8,29.5,-88.76,48.29,Brule,unknown,terrestrial indet.,Leptomeryx evansi
P4,3.2,3.29,23.1,18.5,-90.01,47.22,Harrison,unknown,terrestrial indet.,Alwoodia harkseni
M2,1.9,2.9,56.0,51.1,-82.33,43.51,San Jose,unknown,terrestrial indet.,Jemezius szalayi
m1,3.47,3.27,60.9,57.5,-75.93,54.07,unknown,unknown,terrestrial indet.,Plesiadapis churchilli
p4,21.7,18.2,29.0,21.0,-50.73,-34.69,Fray Bentos,sandstone,fluvial indet.,Scarrittia robusta
m1,18.9,9.4,33.9,31.8,-85.92,49.28,Brule,unknown,terrestrial indet.,Hoplophoneus sicarius
Metatarsal IV,0.0,0.0,13.8,11.0,-71.53,4.1,Villavieja,sandstone,terrestrial indet.,Magdalenabradys confusum
m2,12.5,10.9,16.3,12.5,-111.81,38.82,Barstow,unknown,terrestrial indet.,Tedfordhyus occidentalis
M2,1.015,1.285,18.5,16.3,-100.38,53.88,Cypress Hills,unknown,terrestrial indet.,Stratimus strobeli
M1,1.3,1.8,56.0,51.1,-82.05,44.29,San Jose,unknown,terrestrial indet.,Leptacodon catulus
m1,1.7,1.6,33.9,31.8,-95.92,53.11,unknown,unknown,terrestrial indet.,Paradjidaumo (Paradjidaumo) spokanensis
Metacarpal IV,119.3,0.0,13.8,11.0,-71.59,4.07,unknown,claystone,terrestrial indet.,Magdalenabradys confusum
M1,1.9,1.6,51.1,45.9,-85.65,49.81,Bridger,unknown,terrestrial indet.,Herpetotherium knighti
m1,3.4,3.3,15.5,13.8,-67.65,-39.73,Collón Cura,tuff,terrestrial indet.,Maruchito trilofodonte
Lower p4,2.35,2.79,13.8,11.0,-71.59,4.05,unknown,sandstone,terrestrial indet.,Neosaimiri fieldsi
P4,7.0,8.3,17.5,16.3,-65.05,-17.94,Chucal,sandstone,floodplain,Altitypotherium paucidens
M2,2.1728,2.4932,72.2,66.0,-65.32,60.38,Frenchman,sandstone,coarse channel fill,Nortedelphys jasoni
Upper M3,15.2,15.7,13.8,11.0,-71.53,4.1,Villavieja,sandstone,terrestrial indet.,Magdalenabradys confusum
Lower canine,0.0,0.0,13.8,11.0,-71.57,4.04,Villavieja,claystone,terrestrial indet.,Granastrapotherium snorki
p2,20.5,15.8,29.0,21.0,-50.73,-34.69,Fray Bentos,sandstone,fluvial indet.,Scarrittia robusta
p4,18.3,7.2,4.7,1.4,-101.91,42.44,unknown,unknown,terrestrial indet.,Megantereon hesperus
M1,2.4,2.7,16.3,12.5,-109.76,46.69,Butte Creek,volcaniclastic,terrestrial indet.,Protospermophilus malheurensis
p4,1.7,1.5,56.0,51.1,-82.92,51.17,Wasatch,unknown,terrestrial indet.,Loveina sheai
P4,7.95,5.95,18.5,16.3,-99.92,39.9,Zia Sand,unknown,terrestrial indet.,Stenomylus taylori
m3,1.06,1.01,39.7,37.0,-98.36,37.35,Pomerado,mudstone,terrestrial indet.,Nonomys gutzleri
m1,1.5,1.65,29.5,18.5,-106.64,37.89,Sespe,sandstone,fluvial-lacustrine indet.,Tenudomys bodei
Upper M5,18.9,18.5,13.8,11.0,-71.53,4.1,Villavieja,sandstone,terrestrial indet.,Magdalenabradys confusum
Upper M1; Second lamina,14.7,2.5,11.63,7.246,-65.5,-9.7,Solimões,claystone,fluvial-lacustrine indet.,Neoepiblema horridula
skull,1570.0,706.0,15.98,13.82,22.03,47.5,Pińczów Limestone,limestone,open shallow subtidal,Pinocetus polonicus
p4,1.75,1.05,66.0,63.4,-75.98,47.36,unknown,unknown,terrestrial indet.,Betonnia tsosia
m1,11.4,9.5,23.04,5.333,-113.8,37.56,unknown,unknown,terrestrial indet.,Ticholeptus calimontanus
M1,2.15,2.65,60.9,57.5,-66.51,56.07,Ravenscrag,sandstone,alluvial fan,Ignacius frugivorus
Lower dp4,3.12,0.0,13.8,11.0,-71.53,4.1,Villavieja,unknown,terrestrial indet.,Ricardomys longidens
M2,43.0,51.0,45.9,39.7,-90.0,47.38,Uinta,unknown,terrestrial indet.,Sthenodectes incisivum
P4,1.965,1.435,16.3,12.5,-109.76,46.69,Butte Creek,volcaniclastic,terrestrial indet.,Paradomnina relictus
P3,12.6,13.8,9.4,4.7,-78.95,28.93,Peace River,sandstone,marginal marine indet.,Pseudhipparion simpsoni
m1,1.1,0.75,56.0,51.1,-79.86,52.19,Willwood,unknown,terrestrial indet.,Picromomys petersonorum
m2,4.15,3.35,15.5,13.8,-67.65,-39.73,Collón Cura,tuff,terrestrial indet.,Maruchito trilofodonte
P4,2.0,1.75,31.8,29.5,-88.46,46.18,White River,unknown,terrestrial indet.,Proscalops miocaenus
M1,13.95,16.7,45.9,39.7,-88.55,48.71,Washakie,unknown,terrestrial indet.,Triplopus implicatus
m1,8.1,5.6,56.0,51.1,-81.07,52.21,Willwood,unknown,terrestrial indet.,Arenahippus aemulor
M3,2.45,3.35,45.9,39.7,-86.48,36.39,Devil's Graveyard,unknown,terrestrial indet.,Mescalerolemur horneri
p2,5.2,3.3,17.5,16.3,-65.05,-17.94,Chucal,sandstone,floodplain,Hegetotherium mirabile
M3,2.625,3.125,51.1,45.9,-87.05,47.75,Green River,sandstone,channel lag,Herpetotherium marsupium
M2,2.1,1.8,29.5,24.7,-88.74,48.37,Sharps,unknown,terrestrial indet.,Sanctimus stuartae
Distal Humerus,0.0,5.9,1.4,0.21,-82.19,29.85,unknown,unknown,terrestrial indet.,Desmodus archaeodaptes
M1,3.35,4.65,60.9,57.5,-75.93,54.07,unknown,unknown,terrestrial indet.,Plesiadapis churchilli
M3,1.85,1.14,9.4,1.4,-83.09,41.51,unknown,unknown,terrestrial indet.,Pliophenacomys koenigswaldi
M1,4.5,5.33,9.4,4.7,-116.88,41.07,unknown,unknown,terrestrial indet.,Marmota korthi
I2,20.7,17.4,51.1,45.9,-87.11,48.99,Bridger,unknown,terrestrial indet.,Trogosus gazini
Basal length from anterior margin of nasal spine to ventral margin of foramen m,249.8,0.0,11.63,7.246,-65.5,-9.7,Solimões,claystone,fluvial-lacustrine indet.,Neoepiblema horridula
M3,1.62,1.24,9.4,1.4,-83.09,41.51,unknown,unknown,terrestrial indet.,Ogmodontomys pipecreekensis
m2,10.4,9.0,45.9,39.7,-89.34,47.17,Uinta,unknown,terrestrial indet.,Miocyon scotti
m3,16.1,6.4,17.5,16.3,-65.05,-17.94,Chucal,sandstone,floodplain,Altitypotherium paucidens
ulna,71.5,0.0,12.5,9.4,-114.67,38.54,Monterey,sandstone,marine indet.,Delphinavus newhalli
M1,21.8,14.3,4.7,1.4,-80.72,27.53,Caloosahatchee,unknown,terrestrial indet.,Hemiauchenia gracilis
M1,10.1,13.4,39.7,37.0,-84.14,51.5,Slim Buttes,siliciclastic,fluvial indet.,Duchesnehippus intermedius
m1,5.55,5.47,45.9,39.7,-86.48,36.39,Colmena Tuff,unknown,terrestrial indet.,Paramys leptodus
Metacarpal IV,59.7,0.0,13.8,11.0,-71.59,4.07,unknown,claystone,terrestrial indet.,Magdalenabradys confusum
M1,2.15,2.4,51.1,45.9,-82.61,44.55,Huerfano,unknown,terrestrial indet.,Thisbemys elachistos
M2,21.0,23.0,16.3,12.5,-111.06,45.81,unknown,unknown,terrestrial indet.,Dromomeryx borealis
posterior part of the ectoloph of an M3,0.0,0.0,13.8,11.0,-70.35,-9.7,Ipururo,conglomerate,transition zone/lower shoreface,Granastrapotherium snorki
M1,6.3,11.5,56.0,51.1,-84.08,50.15,Wasatch,unknown,terrestrial indet.,Meniscotherium chamense
p4,8.0,4.5,45.9,39.7,-89.34,47.17,Uinta,unknown,terrestrial indet.,Procynodictis vulpiceps
M2,18.1,17.7,1.4,0.21,-99.14,33.99,Seymour,unknown,terrestrial indet.,Platygonus vetus
ulna,260.0,38.0,56.0,51.1,-80.23,52.09,Willwood,unknown,terrestrial indet.,Pachyaena gigantea
M1,19.5,19.2,9.4,4.7,-85.14,32.17,unknown,unknown,marginal marine indet.,Synthetoceras davisorum
M1,3.5,4.2,9.4,4.7,-107.29,37.9,Bidahochi,unknown,terrestrial indet.,Dipoides williamsi
m3,25.8,10.6,23.04,5.333,-113.8,37.56,unknown,unknown,terrestrial indet.,Ticholeptus calimontanus
Pelvis Acetabulum,0.0,0.0,13.8,11.0,-71.59,4.05,Villavieja,claystone,terrestrial indet.,Drytomomys aequatorialis
M2,3.06,4.78,33.9,31.8,-87.83,47.98,Brule,unknown,terrestrial indet.,Blacktops longinares
Depth below p3 at lingual side,0.0,0.0,3.6,0.774,-62.8,9.96,Mesa,tar,terrestrial indet.,Xenosmilus venezuelensis
p4,8.3,5.6,17.5,16.3,-65.05,-17.94,Chucal,sandstone,floodplain,Altitypotherium paucidens
m2,8.6,5.7,60.9,57.5,-76.38,61.88,Paskapoo,siltstone,lacustrine indet.,Presbytherium rhodorugatus
Lower m3,2.15,1.38,13.8,11.0,-71.6,4.07,Villavieja,mudstone,fluvial indet.,Noctilio albiventris
M2,2.36,2.84,29.5,18.5,-102.1,50.8,Peterson Creek Beds,unknown,terrestrial indet.,Trilaccogaulus lemhiensis
Upper M1,2.7,1.8,13.8,11.0,-71.6,4.07,Villavieja,mudstone,fluvial indet.,Pachybiotherium minor
M1,4.0,3.9,13.8,11.0,-71.59,4.05,unknown,claystone,terrestrial indet.,Cebupithecia sarmientoi
M1,5.0,5.5,51.1,45.9,-85.53,49.05,Bridger,unknown,terrestrial indet.,Antiacodon pygmaeus
M1,1.01,1.17,51.1,45.9,-87.05,47.75,Green River,sandstone,channel lag,Uintasorex parvulus
M2,7.4,11.5,63.4,60.9,-73.65,56.02,Fort Union,unknown,terrestrial indet.,Arctocyon corrugatus
M3,36.8,21.0,16.3,12.5,-111.93,42.13,unknown,unknown,terrestrial indet.,Aepycamelus stocki
m1,24.4,11.1,9.4,4.7,-109.92,44.95,Starlight,claystone,fluvial-lacustrine indet.,Simocyon primigenius
m1,1.5,0.85,5.0,3.8,-60.78,-38.8,Monte Hermoso,unknown,terrestrial indet.,Marmosa contrerasi
P4,28.0,33.15,16.3,12.5,-111.93,42.13,unknown,unknown,terrestrial indet.,Hypohippus affinis
Lower m2 talonid,0.0,3.9,13.8,11.0,-71.62,4.01,Villavieja,unknown,terrestrial indet.,Hondadelphys fieldsi
m1,14.95,10.1,20.45,15.98,-66.85,40.97,Calvert,sandstone,estuary/bay,Parahippus leonensis
m3,16.2,5.4,17.5,16.3,-65.05,-17.94,Chucal,sandstone,floodplain,Altitypotherium chucalensis
Molar,0.0,30.0,2.58,0.0117,-70.38,-33.41,unknown,unknown,terrestrial indet.,Megatherium medinae
m1,21.2,17.6,51.1,45.9,-84.53,51.57,Aycross,unknown,terrestrial indet.,Trogosus latidens
Phalanx III,23.2,0.0,13.8,11.0,-71.59,4.05,Villavieja,claystone,terrestrial indet.,Drytomomys aequatorialis
m1,17.0,12.5,16.3,12.5,-109.76,46.69,Butte Creek,volcaniclastic,terrestrial indet.,Acritohippus isonesus
radius,207.0,0.0,31.8,29.5,-87.22,48.58,Brule,sandstone,fluvial indet.,Miohippus gidleyi
M1,1.18,1.55,60.9,57.5,-76.38,61.88,Paskapoo,siltstone,lacustrine indet.,Foxomomys fremdi
m1,2.46,3.11,9.4,4.7,-97.16,38.78,unknown,unknown,terrestrial indet.,Spermophilus dotti
m1,8.8,5.5,39.7,37.0,-87.58,35.26,Devil's Graveyard,unknown,terrestrial indet.,Simidectes magnus
m1,2.7,0.0,13.8,11.0,-71.58,4.05,Villavieja,sandstone,terrestrial indet.,Micoureus laventicus
Lower m3,2.8,1.6,13.8,11.0,-71.53,4.09,La Victoria,unknown,terrestrial indet.,Micoureus laventicus
Upper M5,0.0,0.0,7.246,5.333,-64.27,-23.39,Maimará,sandstone,fluvial indet.,Proscelidodon patrius
P4,2.21,0.63,83.6,72.2,-71.37,58.79,Two Medicine,carbonate,terrestrial indet.,Filikomys primaevus
p4,1.13,1.06,37.0,33.9,-90.2,49.33,White River,unknown,terrestrial indet.,Aulolithomys vexilliames
Upper M2,3.13,4.12,13.8,11.0,-70.96,4.43,La Victoria,unknown,terrestrial indet.,Potamops mascahehenes
p2,1.4,0.5,5.0,3.8,-60.78,-38.8,Monte Hermoso,unknown,terrestrial indet.,Marmosa contrerasi
Lower m3,63.0,23.0,13.8,11.0,-71.62,4.01,Villavieja,claystone,terrestrial indet.,Huilatherium pluripicatum
P3,3.13,3.06,39.7,37.0,-87.58,35.26,Devil's Graveyard,unknown,terrestrial indet.,Mahgarita stevensi
M3,2.71,2.58,29.5,18.5,-91.48,47.23,unknown,unknown,terrestrial indet.,Campestrallomys siouxensis
m1,3.0,2.5,12.5,9.4,-95.72,39.49,Laverne,unknown,terrestrial indet.,Domninoides hessei
Humerus,0.0,0.0,13.8,11.0,-71.59,4.05,Villavieja,claystone,terrestrial indet.,Drytomomys aequatorialis
i2,3.5,1.5,17.5,16.3,-65.05,-17.94,Chucal,sandstone,floodplain,Eotypotherium chico
Scapula,19.8,0.0,13.8,11.0,-71.57,4.04,Villavieja,claystone,terrestrial indet.,Prodolichotis pridiana
M1,6.9,5.5,13.8,11.0,-71.59,4.05,Villavieja,claystone,terrestrial indet.,Drytomomys aequatorialis
m2,17.7,13.1,23.1,18.5,-93.8,46.72,Marsland,unknown,terrestrial indet.,Ysengrinia americana
m2,1.005,0.88,60.9,57.5,-77.86,50.78,Fort Union,unknown,terrestrial indet.,Mesodma pygmaea
M2,3.8,4.1,33.9,31.8,-87.47,46.32,Brule,unknown,terrestrial indet.,Sinclairella dakotensis
P4,3.5,5.0,45.9,39.7,-90.0,47.38,Uinta,unknown,terrestrial indet.,Mesomeryx grangeri
fibula,665.0,72.0,2.58,0.0117,-101.41,37.81,unknown,claystone,fluvial indet.,Mammut americanum
M2,2.3,2.49,72.2,66.0,-65.92,53.69,Lance,shale,terrestrial indet.,Alphadon marshi
P1,1.0,0.4,5.0,3.8,-60.78,-38.8,Monte Hermoso,unknown,terrestrial indet.,Marmosa contrerasi
Skull,60.2,0.0,13.8,11.0,-71.53,4.1,Villavieja,sandstone,terrestrial indet.,Magdalenabradys confusum
m1,7.0,3.7,16.3,12.5,-112.26,45.14,Virgin Valley,unknown,terrestrial indet.,Bassariscus antiquus
m2,8.05,5.8,37.0,33.9,-87.35,47.77,Chadron,siltstone,terrestrial indet.,Leptomeryx yoderi
Lower M1-4,10.3,0.0,56.0,48.07,-28.6,-27.29,Itaboraí,marl,fissure fill,Mirandatherium alipioi
m1,6.7333,6.4,1.4,0.21,-81.73,28.07,unknown,unknown,terrestrial indet.,Erethizon dorsatum
P4,4.3,2.1,72.2,66.0,-66.02,53.68,Lance,sandstone,terrestrial indet.,Cimolodon nitidus
M1,1.0,1.4,12.5,9.4,-113.77,36.46,MR Caliente,unknown,terrestrial indet.,Perognathus furlongi
M2,15.8,22.2,1.4,0.21,-74.83,40.33,unknown,unknown,cave,Megalonyx wheatleyi
humerus,156.0,0.0,31.8,29.5,-87.22,48.58,Brule,sandstone,fluvial indet.,Miohippus intermedius
M2,17.3,19.9,23.1,18.5,-72.72,31.97,unknown,limestone,marine indet.,Phenacocoelus kayi
m3,20.0,7.3,29.0,21.0,-39.3,-23.86,unknown,shale,lacustrine indet.,Rhynchippus brasiliensis
m1,28.5,14.1,23.1,18.5,-94.64,46.88,Marsland,unknown,terrestrial indet.,Adilophontes brachykolos
m1,22.3,9.4,12.5,9.4,-96.15,37.71,unknown,unknown,terrestrial indet.,Calippus martini
M1,27.4,30.1,9.4,4.7,-98.3,22.97,Rancho Viejo Beds,unknown,fluvial indet.,Agriotherium schneideri
m1,2.22,1.17,83.6,72.2,-66.36,53.83,Mesaverde,sandstone,channel,Alphadon sahnii
Length M1-M3,5.06,0.0,29.0,21.0,-60.44,-16.79,Salla Beds,tuff,terrestrial indet.,Evolestes hadrommatos
Upper M3,9.7,13.1,13.8,11.0,-71.57,4.04,Villavieja,unknown,terrestrial indet.,Mesolicaphrium sanalfonense
m1,6.3,4.3,60.9,57.5,-78.5,46.09,unknown,shale,fissure fill,Thryptacodon australis
Glenoid fossae,0.0,15.0,13.8,11.0,-71.62,4.01,Villavieja,unknown,terrestrial indet.,Hondadelphys fieldsi
Humerus,0.0,3.15,2.58,0.0,-56.37,-21.1,unknown,claystone,cave,Chrysocyon brachyurus
i1,3.1,2.5,13.8,11.0,-71.62,4.01,Villavieja,unknown,terrestrial indet.,Neoreomys huilensis
P2,4.0,2.4,37.0,33.9,-91.42,49.47,White River,unknown,terrestrial indet.,Parictis personi
Lower m1,0.0,2.5,13.8,11.0,-70.96,4.43,La Victoria,unknown,terrestrial indet.,Lagonimico conclucatus
Femur,0.0,0.0,13.8,11.0,-71.59,4.07,unknown,claystone,terrestrial indet.,Magdalenabradys confusum
p3,3.08,2.9,9.4,4.7,-115.06,43.35,Thousand Creek,unknown,terrestrial indet.,Hypolagus vetus
m1,1.5,1.1,51.1,45.9,-85.53,49.05,Bridger,unknown,terrestrial indet.,Nyctitherium priscum
M2,1.18,1.8,60.9,57.5,-76.38,61.88,Paskapoo,siltstone,lacustrine indet.,Foxomomys fremdi
M2,5.5,6.2,66.0,63.4,-68.59,59.89,Ravenscrag,sandstone,terrestrial indet.,Oxyclaenus corax
DP4,18.8,18.2,37.0,33.9,-90.2,49.33,White River,unknown,terrestrial indet.,Brachyhyops viensis
M1,4.18,5.4,63.4,60.9,-73.65,56.02,Fort Union,unknown,terrestrial indet.,Bryanictis microlestes
M3,26.2,16.6,1.4,0.21,-101.54,33.94,unknown,unknown,terrestrial indet.,Hemiauchenia macrocephala
m1,1.3,1.1,60.9,57.5,-76.17,64.52,Paskapoo,shale,fluvial-lacustrine indet.,Carpodaptes cygneus
i1,6.2,4.0,17.5,16.3,-65.05,-17.94,Chucal,sandstone,floodplain,Altitypotherium chucalensis
P4,2.25,3.13,45.9,39.7,-86.48,36.39,Devil's Graveyard,unknown,terrestrial indet.,Diablomomys dalquesti
M2,1.78,1.78,37.0,33.9,-95.21,52.63,Renova,claystone,terrestrial indet.,Cylindrodon fontis
M2,1.8,1.79,24.7,23.1,-95.79,54.96,Cypress Hills,unknown,terrestrial indet.,Paciculus nebraskensis
P4,15.0,16.4,29.5,18.5,-71.63,31.26,unknown,claystone,fissure fill,Osbornodon wangi
M1,22.1,26.9,23.1,18.5,-93.8,46.72,unknown,unknown,terrestrial indet.,Daphoenodon falkenbachi
M1,2.18,1.62,9.4,1.4,-83.09,41.51,unknown,unknown,terrestrial indet.,Ogmodontomys pipecreekensis
m1,2.4,2.34,24.7,23.1,-95.79,54.96,Cypress Hills,unknown,terrestrial indet.,Archaeolagus primigenius
Distal Humerus Trochlea,0.0,5.12,13.8,11.0,-71.59,4.05,unknown,claystone,terrestrial indet.,Cebupithecia sarmientoi
M3,15.65,11.75,16.3,12.5,-97.28,45.82,Olcott,unknown,terrestrial indet.,Stirtonhyus xiphodonticus
Mandible,0.0,0.0,13.8,11.0,-71.6,3.99,La Victoria,claystone,terrestrial indet.,Boreostemma acostae
Fibula,0.0,62.0,13.8,11.0,-71.59,4.07,unknown,claystone,terrestrial indet.,Magdalenabradys confusum
m1,5.29,4.15,66.0,63.4,-67.64,57.54,Fort Union,sandstone,coarse channel fill,Baioconodon nordicus
M2,1.76,1.57,4.7,1.4,-115.73,34.46,San Timoteo,unknown,terrestrial indet.,Sigmodon minor
M1,1.74,2.2,72.2,66.0,-65.92,53.69,Lance,shale,terrestrial indet.,Pediomys elegans
Palatal,0.0,150.0,13.8,11.0,-71.57,4.03,Villavieja,sandstone,terrestrial indet.,Granastrapotherium snorki
Lower m1 talonid,0.0,2.9,13.8,11.0,-71.62,4.01,Villavieja,unknown,terrestrial indet.,Hondadelphys fieldsi
Molar N.o 1,210.0,100.0,2.58,0.0117,-73.0,-38.64,unknown,unknown,terrestrial indet.,Mastotherium hyodon
p4,6.2,5.35,15.5,13.8,-67.65,-39.73,Collón Cura,tuff,terrestrial indet.,Neosteiromys tordillense
Median phalanx IV,4.7,0.0,13.8,11.0,-71.57,4.04,Villavieja,claystone,terrestrial indet.,Prodolichotis pridiana
Upper P4,28.0,43.0,13.8,11.0,-71.57,4.03,Villavieja,sandstone,terrestrial indet.,Huilatherium pluripicatum
M1,2.5,2.1,24.7,23.1,-90.25,48.13,Monroe Creek,unknown,terrestrial indet.,Florentiamys tiptoni
Scute 20,24.0,0.0,15.98,11.63,-60.66,9.5,Santa Ines,unknown,terrestrial indet.,Boreostemma venezolensis
P2,5.6,2.4,39.7,37.0,-98.62,37.74,Santiago,sandstone,channel,Lycophocyon hutchisoni
M3,1.48,1.73,23.1,18.5,-90.01,47.22,Harrison,unknown,terrestrial indet.,Nototamias quadratus
M2,122.5,82.5,4.7,1.4,-108.09,33.79,Gila Conglomerate,unknown,terrestrial indet.,Rhynchotherium falconeri
m1,15.3,13.0,2.58,0.0,-71.04,-10.0,unknown,conglomerate,fluvial indet.,Tayassu pecari
M3,3.12,4.43,51.1,45.9,-85.53,49.05,Bridger,unknown,terrestrial indet.,Hyopsodus paulus
m1,6.9,4.6,66.0,63.4,-65.55,56.46,Fort Union,sandstone,channel,Eoconodon nidhoggi
m2,5.63,5.41,57.5,56.0,-78.79,52.74,Willwood,unknown,terrestrial indet.,Plesiadapis cookei
M1 or M2,5.76,5.88,20.45,15.98,-67.78,-46.29,Pinturas,volcaniclastic,terrestrial indet.,Neoreomys pinturensis
M1,10.7667,13.1667,37.0,33.9,-91.37,55.94,Cypress Hills,unknown,terrestrial indet.,Mesohippus westoni
Mandible symphysis,64.15,0.0,13.8,11.0,-71.6,3.99,La Victoria,claystone,terrestrial indet.,Boreostemma acostae
m1,4.63,3.28,66.0,63.4,-68.59,59.89,Ravenscrag,sandstone,terrestrial indet.,Loxolophus schizophrenus
Mastoid breadth,0.0,12.4,1.4,0.21,-81.72,29.97,unknown,unknown,terrestrial indet.,Desmodus archaeodaptes
M1,2.62,1.28,1.4,0.21,-99.92,37.44,Crooked Creek,unknown,terrestrial indet.,Mictomys kansasensis
m1,14.1,7.4,12.5,9.4,-77.8,31.36,Alachua,unknown,marginal marine indet.,Pseudhipparion skinneri
M2,3.13,4.1,45.9,39.7,-86.48,36.39,Devil's Graveyard,unknown,terrestrial indet.,Mescalerolemur horneri
m2,32.3,19.1,16.3,12.5,-111.93,42.13,unknown,unknown,terrestrial indet.,Aepycamelus stocki
DP2,0.85,1.7,18.5,16.3,-93.54,47.05,Rosebud,conglomerate,coarse channel fill,Archaeolagus primigenius
m1,25.1,9.4,9.4,4.7,-117.07,39.37,Mehrten,mudstone,terrestrial indet.,Plesiogulo marshalli
m1,2.3,2.5,45.9,39.7,-90.05,47.36,Uinta,unknown,terrestrial indet.,Mytonolagus petersoni
Occiput,0.0,41.5,13.8,11.0,-71.59,4.05,Villavieja,claystone,terrestrial indet.,Drytomomys aequatorialis
m3,1.54,1.29,9.4,4.7,-98.19,23.07,Rancho Viejo Beds,claystone,channel,Prosigmodon ferrusquiai
Ulna shaft,0.0,52.3,13.8,11.0,-71.53,4.1,Villavieja,sandstone,terrestrial indet.,Magdalenabradys confusum
Tibia,73.6,0.0,13.8,11.0,-71.57,4.04,Villavieja,claystone,terrestrial indet.,Magdalenabradys confusum
M2,0.99,1.19,18.5,16.3,-111.27,37.93,Branch Canyon,unknown,terrestrial indet.,Pseudotheridomys cuyamensis
M2,3.83,4.68,51.1,45.9,-86.38,50.22,Bridger,unknown,terrestrial indet.,Thisbemys corrugatus
Condylar-basal length from anterior margin of nasal spine to posterior margin o,261.4,0.0,11.63,7.246,-65.5,-9.7,Solimões,claystone,fluvial-lacustrine indet.,Neoepiblema horridula
m1,10.4,5.6,66.0,63.4,-72.34,55.09,Fort Union,unknown,terrestrial indet.,Eoconodon copanus
m1,3.16,1.28,1.4,0.21,-116.58,34.09,San Timoteo,unknown,terrestrial indet.,Mictomys kansasensis
m1,2.9,2.2,63.4,60.9,-67.09,55.86,Fort Union,unknown,terrestrial indet.,Paromomys maturus
M1,7.0,4.6,13.8,11.0,-71.62,4.01,Villavieja,unknown,terrestrial indet.,Hondadelphys fieldsi
m3,7.7,3.1,17.5,16.3,-65.05,-17.94,Chucal,sandstone,floodplain,Hegetotherium mirabile
Pelvis Acetabulum,0.0,0.0,13.8,11.0,-71.59,4.05,Villavieja,claystone,terrestrial indet.,Drytomomys aequatorialis
m3,50.7,17.6,1.4,0.21,-101.99,22.04,Tacubaya,unknown,terrestrial indet.,Camelops hesternus
M2,17.85,13.45,1.4,0.21,-101.54,33.94,unknown,unknown,terrestrial indet.,Tetrameryx shuleri
M1,27.5,15.3,5.0,0.4,-56.27,-34.46,San José,sandstone,terrestrial indet.,Catonyx tarijensis
M3,2.2,2.45,33.9,31.8,-87.83,47.98,Brule,unknown,terrestrial indet.,Diplolophus insolens
M3,2.7,3.3,83.6,72.2,-64.92,59.88,Dinosaur Park,unknown,terrestrial indet.,Turgidodon russelli
m2,18.0,15.4,2.58,0.0,-72.44,-10.88,unknown,conglomerate,fluvial indet.,Tayassu pecari
i1,7.0,4.9,17.5,16.3,-65.05,-17.94,Chucal,sandstone,floodplain,Altitypotherium paucidens
radius,177.0,0.0,31.8,29.5,-87.22,48.58,Brule,sandstone,fluvial indet.,Miohippus intermedius
m1,1.53,0.85,16.3,12.5,-109.76,46.69,Deer Butte,unknown,terrestrial indet.,Alluvisorex arcadentes
m1,1.09,1.93,4.7,1.4,-115.73,34.46,San Timoteo,unknown,terrestrial indet.,Thomomys gidleyi
M1,2.3975,4.615,37.0,33.9,-91.37,55.94,Cypress Hills,unknown,terrestrial indet.,Megalagus brachyodon
P4,3.27,1.4,72.2,66.0,-65.32,60.38,Frenchman,siltstone,floodplain,Cimolomys gracilis
c1,9.6,6.1,48.07,41.03,74.19,11.51,Kuldana,conglomerate,fluvial indet.,Pakicetus inachus
Ulna,75.6,0.0,13.8,11.0,-71.57,4.04,Villavieja,claystone,terrestrial indet.,Prodolichotis pridiana
Depth at p2,0.0,0.0,13.8,11.0,-71.53,4.1,Villavieja,unknown,terrestrial indet.,Nuciruptor rubricae
m1,2.85,2.78,56.0,51.1,-7.41,73.41,Margaret,unknown,deltaic indet.,Paramys hunti
M3,13.0,14.5,37.0,33.9,-89.99,35.83,unknown,unknown,terrestrial indet.,Aclistomycter dunagani
P4,7.4,10.1,63.4,60.9,-79.23,50.21,North Horn,unknown,terrestrial indet.,Conoryctella dragonensis
m2,3.5,2.7,45.9,39.7,-89.28,47.19,Uinta,unknown,terrestrial indet.,Zionodon satanus
Lower m1,0.0,2.67,13.8,11.0,-71.53,4.09,La Victoria,unknown,terrestrial indet.,Patasola magdalenae
M1 o 2,6.2,6.8,15.5,13.8,-67.65,-39.73,Collón Cura,tuff,terrestrial indet.,Neosteiromys tordillense
m2,5.75,5.3,56.0,51.1,-82.05,44.29,San Jose,unknown,terrestrial indet.,Pelycodus jarrovii
M3,1.5375,1.03,9.4,4.7,-114.86,44.46,Drewsey,unknown,terrestrial indet.,Goniodontomys disjunctus
M2,1.615,1.405,4.7,1.4,-115.73,34.46,San Timoteo,unknown,terrestrial indet.,Sigmodon minor
M3,14.5,17.0,23.04,15.98,-85.97,20.77,Balumtum Sandstone,conglomerate,terrestrial indet.,Paratoceras tedfordi
P4,12.5,12.5,2.58,0.0117,-98.28,37.03,unknown,gravel,fluvial indet.,Mylohyus nasutus
m1,24.0,9.0,9.4,4.7,-98.52,41.18,unknown,unknown,terrestrial indet.,Plesiogulo marshalli
m2,2.33,2.04,16.3,12.5,-104.9,49.7,Madison Valley,sandstone,channel,Galbreathia bettae
m1,2.95,2.65,60.9,57.5,-76.38,61.88,Paskapoo,siltstone,lacustrine indet.,Pronothodectes gaoi
m1,2.07,1.32,9.4,4.7,-114.93,47.26,McKay,sandstone,pond,Yanshuella columbiana
Lower m2,62.6,37.4,13.8,11.0,-71.62,4.01,La Victoria,claystone,terrestrial indet.,Granastrapotherium snorki
m2,1.1,1.29,18.5,16.3,-111.27,37.93,Branch Canyon,unknown,terrestrial indet.,Proheteromys sulculus
C1 (Labial-lingual),0.0,18.6,3.6,0.774,-62.8,9.96,Mesa,tar,terrestrial indet.,Xenosmilus venezuelensis
m1,7.9,5.1,51.1,45.9,-87.38,49.45,Bridger,unknown,terrestrial indet.,Orohippus pumilus
M1,4.35,2.52,72.2,66.0,-67.58,51.57,Laramie,sandstone,channel,Paressonodon nelsoni
M2,1.2767,1.57,9.4,4.7,-115.43,47.6,Alkali Canyon,sandstone,terrestrial indet.,Neotamias malloryi
m1,2.5,2.0,23.04,5.333,-94.57,45.87,unknown,unknown,terrestrial indet.,Domninoides valentinensis
m3,4.5,3.1,63.4,60.9,-74.71,38.65,Black Peaks,unknown,terrestrial indet.,Nannodectes gidleyi
M4,5.5,7.2,13.8,11.0,-62.62,-21.44,unknown,claystone,fluvial indet.,Acyon myctoderos
skull,600.0,266.0,48.07,41.03,71.88,8.57,Domanda,shale,offshore shelf,Takracetus simus
M3,2.05,2.9,72.2,66.0,-65.85,53.65,Lance,sandstone,terrestrial indet.,Pediomys elegans
M1,1.6,2.1,51.1,45.9,-85.53,49.05,Bridger,unknown,terrestrial indet.,Centetodon bembicophagus
P4,2.27,1.67,21.0,17.5,-62.19,-42.83,Sarmiento,mudstone,paralic indet.,Eoviscaccia australis
Lower p3,24.0,19.0,13.8,11.0,-71.57,4.03,Villavieja,sandstone,terrestrial indet.,Huilatherium pluripicatum
Lower P4-M3 series,65.0,0.0,11.63,7.246,-65.5,-9.7,Solimões,claystone,fluvial-lacustrine indet.,Neoepiblema acreensis
M2,2.05,1.88,33.9,31.8,-91.61,49.36,unknown,siltstone,lacustrine - small,Eumys elegans
P4,26.4,16.2,23.1,18.5,-92.34,47.0,unknown,unknown,terrestrial indet.,Daphoenodon falkenbachi
Cephalic armor,0.0,0.0,13.8,11.0,-71.6,3.99,La Victoria,claystone,terrestrial indet.,Boreostemma acostae
m1,2.63,2.57,60.9,57.5,-76.47,54.83,unknown,unknown,terrestrial indet.,Plesiadapis praecursor
m1,1.05,1.01,45.9,37.0,-97.31,38.28,Santiago,unknown,terrestrial indet.,Metanoiamys marinus
M2,1.65,3.0,18.5,16.3,-93.54,47.05,Rosebud,conglomerate,coarse channel fill,Archaeolagus primigenius
m1,16.0,7.5,16.3,12.5,-94.07,46.05,Valentine,unknown,terrestrial indet.,Pseudaelurus marshi
p3,3.87,1.91,51.1,45.9,-86.55,48.87,Bridger,mudstone,terrestrial indet.,Dawsonicyon isami
M2,2.5,3.73,60.9,57.5,-76.47,54.83,unknown,unknown,terrestrial indet.,Bisonalveus browni
M2,1.145,1.7488,12.5,9.4,-112.99,38.09,Avawatz,unknown,terrestrial indet.,Phelosaccomys shotwelli
P4,26.0,15.2,23.1,18.5,-93.8,46.72,unknown,unknown,terrestrial indet.,Adilophontes brachykolos
Femur Neck,0.0,0.0,13.8,11.0,-71.59,4.05,Villavieja,claystone,terrestrial indet.,Drytomomys aequatorialis
P3,35.2,33.1,1.4,0.21,-116.58,34.09,San Timoteo,unknown,terrestrial indet.,Plesippus simplicidens
M1,1.095,1.675,23.04,5.333,-101.62,39.88,Tesuque,unknown,terrestrial indet.,Mojavemys galushai
M1,16.6,18.0,23.04,5.333,-113.8,37.56,unknown,unknown,terrestrial indet.,Parapliohippus carrizoensis
Mandibular P3-4,13.0,0.0,56.0,48.07,-28.6,-27.29,Itaboraí,marl,fissure fill,Procaroloameghinia pricei
Metacarpal II,19.3,0.0,13.8,11.0,-71.57,4.04,Villavieja,claystone,terrestrial indet.,Prodolichotis pridiana
M2,1.275,1.1875,16.3,12.5,-93.26,45.99,Valentine,sandstone,channel,Copemys longidens
m1,5.92,2.44,1.4,0.21,-97.7,40.03,unknown,unknown,terrestrial indet.,Ondatra annectens
m1,4.66,2.99,63.4,60.9,-73.72,54.42,unknown,unknown,terrestrial indet.,Bryanictis microlestes
M2,0.9,1.2,12.5,9.4,-113.77,36.46,MR Caliente,unknown,terrestrial indet.,Perognathus furlongi
p1,2.0,1.4,51.1,45.9,-82.61,44.55,Huerfano,unknown,terrestrial indet.,Smilodectes mcgrewi
M2,14.0,10.5,11.63,7.246,-65.5,-9.7,Solimões,claystone,fluvial-lacustrine indet.,Neoepiblema acreensis
m3,2.745,2.55,18.5,16.3,-112.96,46.54,unknown,unknown,terrestrial indet.,Megapeomys bobwilsoni
m2,11.68,6.46,4.7,1.4,-99.15,37.91,Rexroad,unknown,terrestrial indet.,Procyon rexroadensis
M1,41.2,36.0,29.5,24.7,-88.74,48.37,Sharps,unknown,terrestrial indet.,Diceratherium marriottae
Humerus,0.0,0.0,13.8,11.0,-71.62,4.01,La Victoria,claystone,terrestrial indet.,Granastrapotherium snorki
m1,27.1,18.5,1.4,0.21,-101.99,22.04,Tacubaya,unknown,terrestrial indet.,Camelops hesternus
m1,2.11,1.9,37.0,33.9,-91.37,55.94,Cypress Hills,unknown,terrestrial indet.,Cylindrodon collinus
m3,24.9,12.7,12.5,9.4,-96.15,37.71,unknown,unknown,terrestrial indet.,Cranioceras teres
m2,1.1825,1.015,4.7,1.4,-111.51,35.31,Verde,unknown,terrestrial indet.,Calomys (Bensonomys) arizonae
m3,6.9,4.31,60.9,57.5,-75.51,53.47,Fort Union,siliciclastic,fluvial-lacustrine indet.,Ectocion cedrus
m1,19.5,8.5,12.5,9.4,-77.8,31.36,Alachua,unknown,marginal marine indet.,Hipparion tehonense
m1,1.9,1.5,51.1,45.9,-87.37,48.83,Bridger,unknown,terrestrial indet.,Sphacorhysis burntforkensis
P4,4.9,5.3,17.5,16.3,-65.05,-17.94,Chucal,sandstone,floodplain,Eotypotherium chico
M1,1.49,0.98,9.4,4.7,-107.29,37.9,Bidahochi,unknown,terrestrial indet.,Paronychomys alticuspis
m3,6.0,4.5,37.0,33.9,-86.81,48.11,Chadron,unknown,terrestrial indet.,Leptomeryx antecedens
m2,2.4,2.12,56.0,51.1,-79.64,51.58,Willwood,mudstone,terrestrial indet.,Acritoparamys atwateri
p4,6.9,3.5,37.0,33.9,-89.99,35.83,Capote Mountain Tuff,unknown,terrestrial indet.,Hyaenodon raineyi
m2,2.8567,2.3483,56.0,51.1,-78.54,51.42,Wasatch,unknown,terrestrial indet.,Haplomylus speirianus
m1,0.0,15.8,13.8,11.0,-71.59,4.07,unknown,claystone,terrestrial indet.,Megadolodus molariformis
m2,3.8,0.0,9.4,4.7,-117.07,39.37,Mehrten,mudstone,terrestrial indet.,Pliotaxidea garberi
M2,1.24,1.34,39.7,37.0,-86.94,56.36,Cypress Hills,unknown,terrestrial indet.,Protadjidaumo pauli
m3,2.8,1.8,56.0,51.1,-81.07,52.21,Willwood,unknown,terrestrial indet.,Loveina wapitiensis
m1,2.88,2.7,60.9,57.5,-78.5,46.09,unknown,shale,fissure fill,Nannodectes gidleyi
Lower m2,1.25,0.75,13.8,11.0,-71.6,4.07,Villavieja,mudstone,fluvial indet.,Thyroptera lavali
m1,2.87,2.84,60.9,57.5,-76.63,51.13,unknown,unknown,terrestrial indet.,Plesiadapis anceps
m1,9.5,7.87,60.9,57.5,-76.47,54.83,unknown,unknown,terrestrial indet.,Arctocyon corrugatus
m1,1.3,1.1,60.9,57.5,-75.51,53.47,Fort Union,siliciclastic,fluvial-lacustrine indet.,Leptacodon tener
Upper M3; Second lamina,15.6,2.2,11.63,7.246,-65.5,-9.7,Solimões,claystone,fluvial-lacustrine indet.,Neoepiblema horridula
P3,3.0,3.4,29.5,18.5,-98.93,52.07,unknown,unknown,terrestrial indet.,Megalagus dawsoni
M1,3.4,5.3,63.4,60.9,-73.65,56.02,Fort Union,unknown,terrestrial indet.,Ictidopappus mustelinus
M2,2.05,2.0,51.1,45.9,-85.65,49.81,Bridger,unknown,terrestrial indet.,Herpetotherium knighti
M3,11.5,6.4,9.4,4.7,-115.41,36.19,Peace Valley Beds,sandstone,fluvial indet.,Ottoceros peacevalleyensis
M1,9.75,11.0,51.1,45.9,-85.53,49.05,Bridger,unknown,terrestrial indet.,Helohyus milleri
P4,11.7,13.7,18.5,16.3,-75.25,32.13,Alachua,sandstone,terrestrial indet.,Archaeohippus blackbergi
P2,3.4,3.5,16.3,4.7,-96.81,42.36,Ogallala,unknown,terrestrial indet.,Leptarctus wortmani
m1,3.7,2.8,37.0,33.9,-89.64,36.6,unknown,unknown,terrestrial indet.,Parvitragulus priscus
humerus,360.0,0.0,1.4,0.21,-81.72,29.97,unknown,unknown,terrestrial indet.,Xenosmilus hodsonae
Plate,36.0,29.0,13.8,11.0,-71.58,4.07,La Victoria,claystone,terrestrial indet.,Boreostemma acostae
m1,1.84,0.79,72.2,66.0,-65.32,60.38,Frenchman,siltstone,floodplain,Mesodma hensleighi
m1,1.6,2.3,16.3,12.5,-112.28,36.9,Caliente,unknown,terrestrial indet.,Proheteromys maximus
M3,3.45,5.2,56.0,51.1,-80.68,50.99,Wind River,unknown,terrestrial indet.,Cantius frugivorus
M1,11.3,13.4,18.5,16.3,-75.25,32.13,Alachua,sandstone,terrestrial indet.,Archaeohippus blackbergi
M1,16.25,21.25,9.4,4.7,-116.87,39.07,Mehrten,unknown,terrestrial indet.,Megalonyx mathisi
P4,1.6,1.6,60.9,57.5,-78.5,46.09,unknown,shale,fissure fill,Navajovius kohlhaasae
M2,16.84,19.75,33.9,31.8,-86.28,49.04,Brule,sandstone,channel,Colodon occidentalis
m1,2.23,2.35,29.5,18.5,-92.34,47.0,unknown,unknown,terrestrial indet.,Florentiamys loomisi
Lower m2 trigonid,0.0,3.5,13.8,11.0,-71.62,4.01,Villavieja,unknown,terrestrial indet.,Hondadelphys fieldsi
Femur,0.0,209.0,13.8,11.0,-71.53,4.1,Villavieja,sandstone,terrestrial indet.,Magdalenabradys confusum
m3,1.12,1.05,39.7,37.0,-98.36,37.35,Pomerado,mudstone,terrestrial indet.,Nonomys gutzleri
m3,1.99,1.2,39.7,37.0,-86.94,56.36,Cypress Hills,unknown,terrestrial indet.,Centetodon magnus
upper dP2,4.38,5.01,13.8,11.0,-72.35,2.93,La Victoria,unknown,terrestrial indet.,Stirtonia victoriae
P4,6.9,7.6,17.5,16.3,-65.05,-17.94,Chucal,sandstone,floodplain,Altitypotherium paucidens
m1,1.0,1.2,23.04,5.333,-94.57,45.87,unknown,unknown,terrestrial indet.,Cupidinimus nebraskensis
M1,3.55,3.45,12.5,9.4,-94.92,45.57,Valentine,unknown,terrestrial indet.,Domninoides mimicus
p3,1.1,0.75,5.0,3.8,-59.62,-38.75,unknown,unknown,terrestrial indet.,Pliolestes tripotamicus
m1,2.08,1.17,72.2,66.0,-65.32,60.38,Frenchman,siltstone,floodplain,Nortedelphys jasoni
Lower m2,16.7,16.7,13.8,11.0,-71.57,4.04,Villavieja,claystone,terrestrial indet.,Magdalenabradys confusum
m1,2.64,1.5,9.4,4.7,-98.19,23.07,Rancho Viejo Beds,claystone,channel,Neotoma (Paraneotoma) sawrockensis
M3,8.1,11.6,56.0,51.1,-84.08,50.15,Wasatch,unknown,terrestrial indet.,Meniscotherium chamense
M1,8.8,10.8,57.5,56.0,-78.79,52.74,unknown,unknown,terrestrial indet.,Azygonyx ancylion
P4,3.59,4.81,56.0,51.1,-79.51,45.15,Huerfano,unknown,terrestrial indet.,Notoparamys costilloi
Lower m1,0.0,1.87,13.8,11.0,-71.6,4.07,Villavieja,mudstone,fluvial indet.,Noctilio albiventris
Femur,0.0,23.2,15.98,11.63,-66.06,11.84,Socorro,unknown,terrestrial indet.,Pseudoprepotherium socorrensis
m1,1.48,2.0,23.1,18.5,-90.01,47.22,Harrison,unknown,terrestrial indet.,Entoptychus grandiplanus
Distal phalanx II,9.3,0.0,13.8,11.0,-71.57,4.04,Villavieja,claystone,terrestrial indet.,Prodolichotis pridiana
m2,3.9,3.9,9.4,4.7,-107.29,37.9,Bidahochi,unknown,terrestrial indet.,Dipoides williamsi
m1,2.056,2.247,23.1,18.5,-90.01,47.22,Harrison,unknown,terrestrial indet.,Gripholagomys lavocati
m1,9.1,6.2,20.45,15.98,-66.85,40.97,Calvert,sandstone,estuary/bay,Barbouromeryx trigonocorneus
p4,15.1,9.3,9.4,4.7,-110.72,36.87,Big Sandy,unknown,terrestrial indet.,Plesiogulo lindsayi
M1,2.24,2.55,29.5,18.5,-91.48,47.23,unknown,unknown,terrestrial indet.,Campestrallomys siouxensis
M2,0.86,1.11,18.5,16.3,-111.3,39.82,Kramer Beds,claystone,fluvial indet.,Cupidinimus boronensis
M2,6.35,7.2,2.58,0.774,-81.8,30.02,unknown,unknown,terrestrial indet.,Erethizon poyeri
M1,5.4,6.7,56.0,51.1,-82.05,44.29,San Jose,unknown,terrestrial indet.,Pelycodus jarrovii
m2,1.3,2.02,4.7,1.4,-115.73,34.46,San Timoteo,unknown,terrestrial indet.,Thomomys gidleyi
P4,8.65,7.75,16.3,12.5,-89.46,33.71,Fleming,unknown,terrestrial indet.,Edaphocyon pointblankensis
m1,20.18,15.04,12.5,9.4,-77.8,31.36,Alachua,unknown,marginal marine indet.,Yumaceras hamiltoni
P1,9.0,7.6,33.9,31.8,-86.28,49.04,Brule,sandstone,channel,Colodon occidentalis
m1,1.9,1.1,9.4,4.7,-114.93,47.26,McKay,sandstone,pond,Prosomys mimus
M2,2.16,1.72,9.4,4.7,-98.19,23.07,Rancho Viejo Beds,claystone,channel,Neotoma (Paraneotoma) sawrockensis
M2,11.97,13.16,45.9,39.7,-89.71,47.29,Uinta,unknown,terrestrial indet.,Protoreodon pumilus
Lower m3,61.0,22.0,13.8,11.0,-71.59,4.05,unknown,claystone,terrestrial indet.,Huilatherium pluripicatum
Femur,0.0,23.7,11.63,5.333,-67.66,11.59,Urumaco,unknown,terrestrial indet.,Pseudoprepotherium urumaquensis
Lower p3,6.5,0.0,61.66,56.0,-54.58,2.97,Bogotá,sandstone,terrestrial indet.,Etayoa bacatensis
m2,1.8,1.65,56.0,51.1,-80.09,51.71,Willwood,unknown,terrestrial indet.,Arapahovius advena
m1,1.9,1.57,24.7,23.1,-95.79,54.96,Cypress Hills,unknown,terrestrial indet.,Downsimus chadwicki
m1,3.3,3.3,51.1,45.9,-87.38,49.45,Bridger,unknown,terrestrial indet.,Paramys delicatior
Metacarpal IV,0.0,20.7,13.8,11.0,-71.59,4.07,unknown,claystone,terrestrial indet.,Magdalenabradys confusum
M1,1.9,1.28,9.4,4.7,-98.19,23.07,Rancho Viejo Beds,claystone,channel,Calomys (Bensonomys) baskini
m3,4.0,3.5,15.5,13.8,-67.65,-39.73,Collón Cura,tuff,terrestrial indet.,Maruchito trilofodonte
M1,5.066,6.466,39.7,37.0,-93.02,53.01,Climbing Arrow,unknown,terrestrial indet.,Hyopsodus sholemi
mandibular ramus at m1 level,0.0,29.0,2.58,0.0117,-36.4,-8.52,unknown,unknown,terrestrial indet.,Macrauchenia patagonica
M1,1.0,1.46,33.9,31.8,-87.83,47.98,Brule,unknown,terrestrial indet.,Tenudomys basilaris
m1,9.5,5.6,17.5,16.3,-65.05,-17.94,Chucal,sandstone,floodplain,Altitypotherium chucalensis
m1,6.0,4.45,60.9,57.5,-75.51,53.47,Fort Union,siliciclastic,fluvial-lacustrine indet.,Ectocion cedrus
skull,44.1,0.0,33.9,27.3,31.83,20.62,Jebel Qatrani,mudstone,lacustrine indet.,Proteopithecus sylviae
P4,2.68,2.67,29.5,18.5,-92.34,47.0,unknown,unknown,terrestrial indet.,Florentiamys loomisi
M1,14.61,17.31,33.9,31.8,-86.28,49.04,Brule,sandstone,channel,Colodon occidentalis
m2,1.25,1.02,16.3,12.5,-109.76,46.69,Deer Butte,unknown,terrestrial indet.,Copemys pagei
M2,1.52,1.5,24.7,23.1,-95.79,54.96,Cypress Hills,unknown,terrestrial indet.,Geringia gloveri
Skull,421.0,0.0,13.8,11.0,-71.53,4.1,Villavieja,sandstone,terrestrial indet.,Magdalenabradys confusum
M2,6.826,4.041,66.0,63.4,-71.42,52.32,Ferris,unknown,terrestrial indet.,Alveugena carbonensis
m1,31.4,22.2,9.4,4.7,-97.13,37.75,unknown,unknown,terrestrial indet.,Megatylopus matthewi
M1,4.8,7.5,33.9,31.8,-87.83,47.98,Brule,unknown,terrestrial indet.,Leptochoerus emilyae
Upper M1; First lamina,12.8,3.0,11.63,7.246,-65.5,-9.7,Solimões,claystone,fluvial-lacustrine indet.,Neoepiblema horridula
P4,4.86,3.72,63.4,60.9,-73.65,56.02,Fort Union,unknown,terrestrial indet.,Bryanictis microlestes
p3,1.6,1.57,37.0,33.9,-91.37,55.94,Cypress Hills,unknown,terrestrial indet.,Palaeolagus temnodon
m1,1.89,1.31,24.7,23.1,-95.79,54.96,Cypress Hills,unknown,terrestrial indet.,Leidymys korthi
P3,3.3,1.6,1.4,0.21,-99.44,45.67,unknown,unknown,terrestrial indet.,Tisisthenes parvus
m1,10.0,5.8,17.5,16.3,-65.05,-17.94,Chucal,sandstone,floodplain,Altitypotherium chucalensis
M3,12.92,14.49,45.9,39.7,-89.71,47.29,Uinta,unknown,terrestrial indet.,Protoreodon pumilus
M2,13.0,20.0,23.1,18.5,-93.8,46.72,unknown,unknown,terrestrial indet.,Adilophontes brachykolos
m2,6.3,4.1,39.7,37.0,-98.62,37.74,Santiago,sandstone,channel,Lycophocyon hutchisoni
P4,2.8,3.0,33.9,31.8,-88.37,47.64,Brule,unknown,terrestrial indet.,Apternodus gregoryi
m3,12.4,6.8,56.0,51.1,-80.94,52.71,Willwood,unknown,terrestrial indet.,Cardiolophus radinskyi
m1,23.6,12.1,2.58,0.0117,-89.46,37.95,unknown,gravel,cave,Panthera onca
m3,1.82,1.59,23.1,18.5,-90.01,47.22,Harrison,unknown,terrestrial indet.,Paciculus nebraskensis
m2,2.47,2.58,63.4,60.9,-73.72,54.42,unknown,unknown,terrestrial indet.,Pronothodectes jepi
m2,5.83,4.27,66.0,63.4,-65.1,55.6,Fort Union,sandstone,terrestrial indet.,Alveugena carbonensis
m1,2.66,1.16,60.9,57.5,-77.42,52.51,Fort Union,unknown,terrestrial indet.,Picrodus canpacius
m1,6.7,2.675,2.58,1.8,-99.15,37.91,Crooked Creek,siltstone,terrestrial indet.,Spilogale putorius
M2,2.19,2.97,72.2,66.0,-66.02,53.68,Lance,sandstone,terrestrial indet.,Leptalestes cooki
Glenoid surface,25.5,0.0,3.6,0.774,-62.8,9.96,Mesa,tar,terrestrial indet.,Xenosmilus venezuelensis
M2,3.64,5.93,56.0,51.1,-81.07,52.21,Willwood,unknown,terrestrial indet.,Cantius ralstoni
M2,1.8086,2.1243,16.3,12.5,-109.76,46.69,Butte Creek,volcaniclastic,terrestrial indet.,Citellus (Otospermophilus) tephrus
P4,0.81,1.03,18.5,16.3,-75.25,32.13,Alachua,sandstone,terrestrial indet.,Proheteromys floridanus
Metatarsal II,44.7,0.0,13.8,11.0,-71.59,4.05,Villavieja,claystone,terrestrial indet.,Drytomomys aequatorialis
M1,1.1,1.5,31.8,29.5,-88.25,47.07,Brule,unknown,terrestrial indet.,Kirkomys nebraskensis
m1,48.7,38.4,9.4,4.7,-97.22,42.35,Ash Hollow,unknown,terrestrial indet.,Teleoceras hicksi
m1,29.3,15.7,4.7,1.4,-104.18,32.26,Camp Rice,unknown,terrestrial indet.,Plesippus idahoensis
i1,6.2,4.0,17.5,16.3,-65.05,-17.94,Chucal,sandstone,floodplain,Altitypotherium chucalensis
Metatarsal III,0.0,47.0,13.8,11.0,-71.53,4.1,Villavieja,sandstone,terrestrial indet.,Magdalenabradys confusum
Upper M1,1.55,1.65,13.8,11.0,-71.6,4.07,Villavieja,mudstone,fluvial indet.,Thyroptera lavali
m1,31.3,20.5,1.4,0.21,-101.99,22.04,Tacubaya,unknown,terrestrial indet.,Camelops hesternus
m2,9.5,6.7,39.7,37.0,-84.14,51.5,Slim Buttes,siliciclastic,fluvial indet.,Duchesnehippus intermedius
P4,4.3,2.8,66.0,63.4,-72.34,55.09,Fort Union,unknown,terrestrial indet.,Catopsalis alexanderi
m1,10.5,6.3,17.5,16.3,-65.05,-17.94,Chucal,sandstone,floodplain,Altitypotherium paucidens
m1,2.75,1.5,9.4,4.7,-118.41,39.62,Siesta,unknown,terrestrial indet.,Pliotomodon primitivus
M1,1.384,1.519,33.9,31.8,-91.61,49.36,unknown,siltstone,lacustrine - small,Paradjidaumo trilophus
m1,1.2,0.9,63.4,60.9,-73.65,56.02,Fort Union,unknown,terrestrial indet.,Leptacodon munusculum
m3,3.3,2.1,7.246,5.333,-61.88,-37.45,Cerro Azul,siltstone,loess,Thylatheridium dolgopolae
Cuboid,0.0,0.0,13.8,11.0,-71.59,4.07,unknown,claystone,terrestrial indet.,Magdalenabradys confusum
m1,20.55,14.05,18.5,16.3,-75.25,32.13,Alachua,sandstone,terrestrial indet.,Anchitherium clarencei
M2,1.3,1.9,56.0,51.1,-82.05,44.29,San Jose,unknown,terrestrial indet.,Leptacodon catulus
radius,104.0,0.0,56.0,51.1,-80.12,52.15,Willwood,unknown,terrestrial indet.,Palaeonictis occidentalis
P3,23.08,20.62,16.3,12.5,-111.93,42.13,unknown,unknown,terrestrial indet.,Merychippus calamarius
m2,10.58,7.86,45.9,39.7,-89.71,47.29,Uinta,unknown,terrestrial indet.,Protoreodon pumilus
M1,1.54,2.4,24.7,23.1,-95.79,54.96,Cypress Hills,unknown,terrestrial indet.,Archaeolagus primigenius
P4,0.0,4.5,13.8,11.0,-71.57,4.04,Villavieja,claystone,terrestrial indet.,Prodolichotis pridiana
M1,3.13,3.8,45.9,39.7,-86.48,36.39,Devil's Graveyard,unknown,terrestrial indet.,Mescalerolemur horneri
c1,8.0,6.1,51.1,45.9,-87.11,48.99,Bridger,unknown,terrestrial indet.,Trogosus gazini
M1,23.5,24.6,12.5,9.4,-96.58,45.94,unknown,unknown,terrestrial indet.,Pliohippus pernix
M2,1.78,2.23,39.7,37.0,-86.94,56.36,Cypress Hills,unknown,terrestrial indet.,Herpetotherium knighti
Astragalus,6.7,0.0,13.8,11.0,-71.59,4.05,unknown,claystone,terrestrial indet.,Scleromys colombianus
m1,24.6,13.5,23.04,20.45,-84.46,34.75,Fleming,conglomerate,coarse channel fill,Moropus oregonensis
M2,2.16,2.86,72.2,66.0,-65.32,60.38,Frenchman,siltstone,floodplain,Gypsonictops illuminatus
m1,34.2,22.0,29.5,24.7,-88.74,48.37,Sharps,unknown,terrestrial indet.,Diceratherium marriottae
p4,0.875,0.73,29.5,24.7,-89.39,47.96,unknown,conglomerate,coarse channel fill,Leptodontomys douglassi
p4,7.5,5.3,17.5,16.3,-65.05,-17.94,Chucal,sandstone,floodplain,Altitypotherium paucidens
m2,1.35,1.01,9.4,4.7,-109.42,40.73,Sevier,siltstone,terrestrial indet.,Paronychomys lemredfieldi
M1,18.5,20.1,16.3,12.5,-97.23,45.6,Olcott,unknown,terrestrial indet.,Merychippus insignis
M2,1.129,1.071,9.4,4.7,-107.29,37.9,Bidahochi,unknown,terrestrial indet.,Calomys (Bensonomys) gidleyi
P1,7.9,6.0,23.1,18.5,-72.72,31.97,unknown,limestone,marine indet.,Phenacocoelus kayi
m3,1.36,1.25,24.7,23.1,-95.79,54.96,Cypress Hills,unknown,terrestrial indet.,Geringia gloveri
m1,22.2,15.8,2.58,0.0117,-101.55,35.23,unknown,claystone,fluvial-lacustrine indet.,Equus conversidens
m2,1.795,1.54,9.4,4.7,-109.42,40.73,Sevier,siltstone,terrestrial indet.,Basirepomys robertsi
M1,11.0,13.0,9.4,4.7,-115.46,46.26,Rattlesnake,siltstone,terrestrial indet.,Platygonus oregonensis
skull,191.8,82.6,37.0,33.9,-95.74,52.24,Chadron,tuff,wet floodplain,Montanatylopus matthewi
Mandible,0.0,0.0,61.66,56.0,-54.58,2.97,Bogotá,sandstone,terrestrial indet.,Etayoa bacatensis
Lower p4,33.0,0.0,2.58,0.0117,-69.21,9.93,unknown,claystone,terrestrial indet.,Mixotoxodon larensis
Cuboid,0.0,0.0,13.8,11.0,-71.59,4.07,unknown,claystone,terrestrial indet.,Magdalenabradys confusum
P3,16.8,19.5,23.04,5.333,-113.8,37.56,unknown,unknown,terrestrial indet.,Parapliohippus carrizoensis
M5,18.0,10.5,11.63,5.333,-55.19,-34.48,Camacho,sandstone,alluvial fan,Pseudoplohophorus absolutus
P4,11.3,15.8,33.9,31.8,-86.28,49.04,Brule,sandstone,channel,Colodon occidentalis
P3,3.7,3.32,33.9,31.8,-87.83,47.98,Brule,unknown,terrestrial indet.,Blacktops latidens
Femur distal tuberosities,0.0,169.0,13.8,11.0,-71.53,4.1,Villavieja,sandstone,terrestrial indet.,Magdalenabradys confusum
m2,21.4,14.1,9.4,4.7,-98.33,38.58,Ogallala,unknown,terrestrial indet.,Pediomeryx hemphillensis
m1,1.22,1.28,37.0,33.9,-90.2,49.33,White River,unknown,terrestrial indet.,Aulolithomys vexilliames
p4,1.3,0.8,51.1,45.9,-85.53,49.05,Bridger,unknown,terrestrial indet.,Centetodon bembicophagus
i1,0.0,0.0,13.8,11.0,-71.59,4.05,Villavieja,claystone,terrestrial indet.,Drytomomys aequatorialis
M3,1.39,1.38,18.5,16.3,-100.38,53.88,Cypress Hills,unknown,terrestrial indet.,Sciurion campestre
P3,2.68,1.8267,60.9,57.5,-77.86,50.78,Fort Union,unknown,terrestrial indet.,Ptilodus kummae
m1,2.3,1.5,12.5,9.4,-112.7,37.87,Kern River,unknown,terrestrial indet.,Basirepomys pliocenicus
Upper M1,7.25,8.88,13.8,11.0,-72.35,2.93,La Victoria,unknown,terrestrial indet.,Stirtonia victoriae
M2,1.7371,2.05,16.3,12.5,-109.76,46.69,Butte Creek,volcaniclastic,terrestrial indet.,Scalopoides ripafodiator
Lower m2,0.0,23.2,3.6,2.58,-73.78,-8.17,unknown,unknown,terrestrial indet.,Phoberomys gyulavarii
Astragalus,16.5,0.0,13.8,11.0,-71.59,4.05,unknown,claystone,terrestrial indet.,Cebupithecia sarmientoi
m1,1.05,0.8,12.5,9.4,-95.72,39.49,Laverne,unknown,terrestrial indet.,Macrognathomys gemmacolis
m3,1.5,1.0,63.4,60.9,-73.65,56.02,Fort Union,unknown,terrestrial indet.,Adunator ladae
p4,21.6,10.5,12.5,9.4,-116.32,40.4,unknown,siliciclastic,terrestrial indet.,Neohipparion trampasense
M3,2.87,3.93,60.9,57.5,-78.5,46.09,unknown,shale,fissure fill,Nannodectes gidleyi
Width of left tympanic bulla at level of its midpoint,0.0,15.5,11.63,7.246,-65.5,-9.7,Solimões,claystone,fluvial-lacustrine indet.,Neoepiblema horridula
I1,14.0,6.8,17.5,16.3,-65.05,-17.94,Chucal,sandstone,floodplain,Altitypotherium paucidens
Upper P4,2.0,3.12,13.8,11.0,-70.96,4.43,La Victoria,unknown,terrestrial indet.,Potamops mascahehenes
P4,1.83,1.71,15.5,13.8,-67.65,-39.73,Collón Cura,tuff,terrestrial indet.,Galileomys colloncurensis
P4,20.5,35.0,23.04,5.333,-90.79,32.95,unknown,unknown,terrestrial indet.,Diceratherium annectens
p4,5.1,3.325,60.9,57.5,-77.27,55.0,Fort Union,unknown,terrestrial indet.,Aphronorus orieli
M2,14.3,16.7,33.9,31.8,-88.37,47.64,Brule,unknown,terrestrial indet.,Miohippus obliquidens
M2,36.3,36.6,51.1,45.9,-85.53,49.05,Bridger,unknown,terrestrial indet.,Palaeosyops robustus
M2,13.5,16.7,39.7,37.0,-88.5,36.09,Chambers Tuff,unknown,terrestrial indet.,Aclistomycter middletoni
M1,1.38,2.1,60.9,57.5,-78.13,60.96,Paskapoo,siltstone,fluvial-lacustrine indet.,Elphidotarsius russelli
m1,1.14,0.75,4.7,1.4,-109.31,32.77,St. David,unknown,lacustrine indet.,Peromyscus minimus
Metacarpal IV Distal end,0.0,34.5,13.8,11.0,-71.62,4.01,Villavieja,claystone,terrestrial indet.,Magdalenabradys confusum
m1,2.18,0.77,1.4,0.21,-105.33,39.55,unknown,unknown,terrestrial indet.,Lemmiscus curtatus
m1,5.87,4.54,56.0,51.1,-79.64,51.58,Willwood,mudstone,terrestrial indet.,Copecion davisi
Lower p3,14.5,8.3,13.8,11.0,-71.57,4.04,Villavieja,unknown,terrestrial indet.,Mesolicaphrium sanalfonense
diastema p1-2,2.0,0.0,16.3,15.5,-68.67,-43.88,Río Frias,tuff,fluvial indet.,Cladosictis patagonica
P2,1.5,1.8,18.5,16.3,-93.54,47.05,Rosebud,conglomerate,coarse channel fill,Gripholagomys lavocati
C,24.0,29.7,11.63,5.333,-55.13,-34.57,Camacho,mudstone,fluvial-deltaic indet.,Lestobradys sprechmanni
M1,2.29,1.12,83.6,72.2,-71.37,58.79,Two Medicine,carbonate,terrestrial indet.,Filikomys primaevus
p4,0.8,0.6,63.4,60.9,-74.71,61.93,Paskapoo,unknown,fluvial indet.,Picrodus calgariensis
Lower m1,17.6,19.0,13.8,11.0,-71.57,4.04,Villavieja,claystone,terrestrial indet.,Magdalenabradys confusum
m3,0.79,0.94,9.4,4.7,-109.42,40.73,Sevier,siltstone,terrestrial indet.,Metaliomys sevierensis
Lower m2 trigonid,0.0,1.8,13.8,11.0,-71.58,4.05,Villavieja,sandstone,terrestrial indet.,Micoureus laventicus
M1,19.55,24.0,23.04,20.45,-84.46,34.75,Fleming,conglomerate,coarse channel fill,Nexuotapirus marslandensis
m1,3.8,2.8,51.1,45.9,-85.53,49.05,Bridger,unknown,terrestrial indet.,Microsus cuspidatus
m1,18.5,8.5,16.3,12.5,-109.76,46.69,Sucker Creek,unknown,terrestrial indet.,Acritohippus isonesus
m1,23.3,18.1,2.58,0.774,-81.8,30.02,unknown,unknown,terrestrial indet.,Tapirus (Helicotapirus) lundeliusi
m1,2.0,1.8,29.5,24.7,-88.74,48.37,Sharps,unknown,terrestrial indet.,Florentiamys agnewi
M2,1.66,2.13,45.9,37.0,-97.31,38.28,Santiago,unknown,terrestrial indet.,Sespedectes stocki
femur,134.4,0.0,39.7,37.0,-98.62,37.74,Santiago,sandstone,channel,Lycophocyon hutchisoni
p2,23.8,14.4,2.58,0.774,-81.8,30.02,unknown,unknown,terrestrial indet.,Tapirus (Helicotapirus) lundeliusi
M3,10.06,11.15,56.0,51.1,-79.51,45.15,Huerfano,unknown,terrestrial indet.,Xenicohippus osborni
P2,15.5,14.0,12.5,9.4,-96.17,37.73,Clarendon Beds,claystone,floodplain,Pseudhipparion hessei
C1,13.1,6.3,48.07,41.03,74.19,11.51,Kuldana,conglomerate,fluvial indet.,Pakicetus inachus
m1,1.9,2.16,12.5,9.4,-95.72,39.49,Laverne,unknown,terrestrial indet.,Miospermophilus lavertyi
P3,4.9,5.9,17.5,16.3,-65.05,-17.94,Chucal,sandstone,floodplain,Altitypotherium chucalensis
P4,33.8,39.9,39.7,37.0,-84.14,51.5,Slim Buttes,siliciclastic,fluvial indet.,Duchesneodus uintensis
Lower p2,3.19,2.56,13.8,11.0,-70.96,4.43,La Victoria,unknown,terrestrial indet.,Lagonimico conclucatus
m1,1.27,1.28,39.7,37.0,-88.5,36.09,Chambers Tuff,unknown,terrestrial indet.,Viejadjidaumo magniscopuli
m2,2.1,1.7,56.0,51.1,-82.92,51.17,Wasatch,unknown,terrestrial indet.,Loveina sheai
m1,16.9,6.8333,16.3,12.5,-111.93,42.13,unknown,unknown,terrestrial indet.,Pseudaelurus intrepidus
Molariform 1,8.8,6.2,17.5,16.3,-69.44,-51.54,Palomares,tuff,terrestrial indet.,Nematherium birdi
M3,1.48,1.49,51.1,45.9,-92.12,47.29,Sheep Pass,limestone,lacustrine - small,Microparamys sambucus
P3,21.9,22.0,16.3,12.5,-87.19,33.93,Fleming,unknown,terrestrial indet.,Cormohipparion goorisi
P4,12.0,7.0,24.7,23.1,-106.87,51.2,unknown,tuff,floodplain,Cormocyon copei
M2,8.06,9.9,63.4,60.9,-73.72,54.42,unknown,unknown,terrestrial indet.,Tetraclaenodon puercensis
M2,10.0,10.2,16.3,12.5,-89.1,33.53,Fleming,unknown,terrestrial indet.,Longirostromeryx wellsi
m1,7.02,3.38,72.2,66.0,-62.43,54.22,Fox Hills,unknown,terrestrial indet.,Meniscoessus robustus
Lower m1,34.0,21.0,13.8,11.0,-71.57,4.03,Villavieja,sandstone,terrestrial indet.,Huilatherium pluripicatum
P4,12.6,13.8,9.4,4.7,-78.95,28.93,Peace River,sandstone,marginal marine indet.,Pseudhipparion simpsoni
P4,2.1,2.52,37.0,33.9,-89.99,35.83,unknown,unknown,terrestrial indet.,Pseudocylindrodon neglectus
Lower m2,135.0,70.5,2.58,0.0117,-37.75,-10.31,unknown,unknown,terrestrial indet.,Notiomastodon platensis
m1,6.0,2.5,4.7,1.4,-99.15,37.91,Rexroad,unknown,terrestrial indet.,Buisnictis breviramus
M1,1.8,3.8,1.4,0.21,-99.44,45.67,unknown,unknown,terrestrial indet.,Tisisthenes parvus
p4,1.31,1.3133,16.3,12.5,-100.42,39.05,Tesuque,unknown,terrestrial indet.,Phelosaccomys neomexicanus
M2,10.78,12.92,37.0,33.9,-85.0,49.11,Chadron,unknown,terrestrial indet.,Pseudoprotoceras longinaris
P3,6.7,0.0,39.7,37.0,-98.62,37.74,Santiago,sandstone,channel,Lycophocyon hutchisoni
M2,6.03,6.755,12.5,9.4,-94.8,45.3,Ash Hollow,siliciclastic,channel,Hystricops venustus
Rostral width at the level of canines,0.0,4.47,29.0,21.0,-60.44,-16.79,Salla Beds,tuff,terrestrial indet.,Evolestes hadrommatos
p4,6.9,4.9,63.4,60.9,-77.16,46.7,Nacimiento,unknown,terrestrial indet.,Conoryctella pattersoni
skull,1210.0,718.0,15.98,13.82,-111.06,38.41,Temblor,siltstone,shoreface,Aulophyseter morricei
Cervical vertebra posterior end,0.0,0.0,2.58,0.0117,-36.4,-8.52,unknown,unknown,terrestrial indet.,Macrauchenia patagonica
P3,21.5,7.8,48.07,41.03,74.19,11.51,Kuldana,conglomerate,fluvial indet.,Pakicetus inachus
m1,6.5,5.0,45.9,39.7,-89.71,47.29,Uinta,unknown,terrestrial indet.,Heteraletes leotanus
m3,1.115,1.135,18.5,16.3,-100.38,53.88,Cypress Hills,unknown,terrestrial indet.,Stratimus strobeli
M3,2.0643,1.9914,16.3,12.5,-109.76,46.69,Butte Creek,volcaniclastic,terrestrial indet.,Citellus (Otospermophilus) tephrus
m1,3.2,2.55,12.5,9.4,-94.92,45.57,Valentine,unknown,terrestrial indet.,Domninoides mimicus
P3,8.2,6.9,33.9,31.8,-87.83,47.98,Brule,unknown,terrestrial indet.,Leptochoerus emilyae
p4,7.8,3.3,60.9,57.5,-75.51,53.47,Fort Union,siliciclastic,fluvial-lacustrine indet.,Protictis agastor
M2,3.58,4.905,51.1,45.9,-92.12,47.29,Sheep Pass,limestone,lacustrine - small,Hyopsodus paulus
P4,2.4,2.35,12.5,9.4,-94.92,45.57,Valentine,unknown,terrestrial indet.,Domninoides mimicus
P3,7.0,4.4,4.7,1.4,-99.15,37.91,Rexroad,unknown,terrestrial indet.,Trigonictis macrodon
m1,4.4,2.2,4.7,1.4,-109.67,44.7,Shooting Iron,unknown,terrestrial indet.,Ondatra meadensis
M2,1.39,1.41,39.7,37.0,-98.36,37.35,Pomerado,mudstone,terrestrial indet.,Nonomys gutzleri
Fibula,0.0,0.0,13.8,11.0,-71.59,4.07,unknown,claystone,terrestrial indet.,Magdalenabradys confusum
m1,25.5,13.9,23.04,5.333,-115.2,40.73,unknown,unknown,terrestrial indet.,Yumaceras ruminalis
Lumbar vertebra centrum,52.0,0.0,2.58,0.0117,-36.4,-8.52,unknown,unknown,terrestrial indet.,Macrauchenia patagonica
M1,16.9,26.2,51.1,45.9,-87.11,48.99,Bridger,unknown,terrestrial indet.,Trogosus gazini
p2,2.7,2.0,51.1,45.9,-82.61,44.55,Huerfano,unknown,terrestrial indet.,Smilodectes mcgrewi
m3,12.8,6.6,37.0,33.9,-87.35,47.77,Chadron,siltstone,terrestrial indet.,Pseudoprotoceras minor
p4,19.3,9.7,23.1,18.5,-93.8,46.72,unknown,unknown,terrestrial indet.,Daphoenodon falkenbachi
m1,1.45,1.345,23.1,18.5,-90.01,47.22,Harrison,unknown,terrestrial indet.,Nototamias quadratus
p4,21.0,10.5,11.63,5.333,-97.79,36.86,unknown,sandstone,fluvial indet.,Ischyrocyon gidleyi
P4,6.8,7.6,17.5,16.3,-65.05,-17.94,Chucal,sandstone,floodplain,Altitypotherium chucalensis
p3,3.5,2.6,51.1,45.9,-82.61,44.55,Huerfano,unknown,terrestrial indet.,Smilodectes mcgrewi
M3,64.2,59.0,37.0,33.9,-90.33,35.77,Preitos,unknown,terrestrial indet.,Brontops brachycephalus
Upper M4,4.8,0.0,13.8,11.0,-71.62,4.01,Villavieja,unknown,terrestrial indet.,Hondadelphys fieldsi
Metatarsal IV,0.0,38.5,13.8,11.0,-71.59,4.06,La Victoria,claystone,terrestrial indet.,Magdalenabradys confusum
m1,2.7,1.3,4.7,1.4,-114.56,43.56,unknown,unknown,terrestrial indet.,Ophiomys parvus
M2,9.3,12.4,37.0,33.9,-87.35,47.77,Chadron,siltstone,terrestrial indet.,Pseudoprotoceras minor
M3,9.6,5.4,17.5,16.3,-65.05,-17.94,Chucal,sandstone,floodplain,Eotypotherium chico
M2,0.79,1.07,4.7,1.4,-108.1,33.49,Gila Conglomerate,marl,lacustrine indet.,Perognathus gidleyi
m3,4.07,2.43,56.0,51.1,-82.05,44.29,San Jose,unknown,terrestrial indet.,Microsyops latidens
m1,1.43,1.42,9.4,4.7,-109.92,44.95,Starlight,claystone,fluvial-lacustrine indet.,Paratamias tarassus
P3,29.1,24.3,16.3,12.5,-92.91,45.99,Valentine,unknown,terrestrial indet.,Cormohipparion quinni
m3,2.2,1.45,66.0,63.4,-76.0,47.4,Nacimiento,unknown,terrestrial indet.,Betonnia tsosia
P3,30.0,32.4,4.7,1.4,-99.15,37.91,Crooked Creek,unknown,terrestrial indet.,Plesippus simplicidens
P3,10.1,11.7,2.58,0.0,-72.44,-10.88,unknown,conglomerate,fluvial indet.,Tayassu pecari
p4,1.81,1.49,39.7,37.0,-86.94,56.36,Cypress Hills,unknown,terrestrial indet.,Eutypomys acares
m2,25.0,19.8,9.4,4.7,-98.3,22.97,Rancho Viejo Beds,unknown,fluvial indet.,Agriotherium schneideri
m1,1.85,0.0,15.5,13.8,-67.65,-39.73,Collón Cura,tuff,terrestrial indet.,Protacaremys denisae
M1,1.65,1.15,16.3,12.5,-93.24,45.91,Valentine,unknown,terrestrial indet.,Copemys longidens
m1,2.8,1.75,63.4,60.9,-73.72,54.42,unknown,unknown,terrestrial indet.,Simpsonictis tenuis
M2,3.7,10.5,56.0,51.1,-79.47,50.76,Wind River,unknown,terrestrial indet.,Machaeroides simpsoni
p3,4.4,2.5,16.3,12.5,-96.24,46.05,unknown,unknown,terrestrial indet.,Probassariscus matthewi
Lower P1-3,13.9,0.0,56.0,48.07,-28.6,-27.29,Itaboraí,marl,fissure fill,Protodidelphis vanzolinii
p4,18.0,10.1,4.7,1.4,-99.84,33.43,unknown,sandstone,fluvial indet.,Nannippus beckensis
i2,5.0,3.4,17.5,16.3,-65.05,-17.94,Chucal,sandstone,floodplain,Altitypotherium chucalensis
Lower P1-3,5.8,0.0,56.0,48.07,-28.6,-27.29,Itaboraí,marl,fissure fill,Gaylordia macrocynodonta
m1,1.38,1.63,9.4,4.7,-100.53,44.34,Snake Creek,unknown,terrestrial indet.,Prodipodomys coquorum
m1 or m2,2.3,2.4,21.0,17.5,-62.19,-42.83,Sarmiento,mudstone,paralic indet.,Eoviscaccia australis
skull,1570.0,850.0,5.333,3.6,-70.57,-29.71,Coquimbo,unknown,slope,Plesiobalaenoptera hubachi
M1,7.1,4.75,37.0,33.9,-89.99,35.83,Capote Mountain Tuff,unknown,terrestrial indet.,Hyaenodon raineyi
m1,3.61,2.9,51.1,45.9,-87.37,48.83,Bridger,unknown,terrestrial indet.,Hyopsodus paulus
P4,17.1,18.2,12.5,9.4,-77.8,31.36,Alachua,unknown,marginal marine indet.,Calippus cerasinus
p3,14.1,9.34,12.5,9.4,-77.8,31.36,Alachua,unknown,marginal marine indet.,Yumaceras hamiltoni
humerus,164.0,0.0,56.0,51.1,-80.12,52.15,Willwood,unknown,terrestrial indet.,Palaeonictis occidentalis
M1,2.66,3.26,72.2,66.0,-66.02,53.68,Lance,sandstone,terrestrial indet.,Protolambda hatcheri
Skull,31.2,0.0,2.58,0.774,-62.02,10.28,unknown,unknown,terrestrial indet.,Desmodus draculae
M3,6.5,10.0,45.9,39.7,-82.01,33.29,Laredo,sandstone,estuary/bay,Leptoreodon leptolophus
Lower i2,1.54,1.7,13.8,11.0,-71.59,4.05,unknown,sandstone,terrestrial indet.,Neosaimiri fieldsi
m1,4.5,2.9,51.1,45.9,-87.05,47.75,Green River,sandstone,channel lag,Antiacodon pygmaeus
M1,8.7,11.6,45.9,39.7,-87.18,50.06,Tepee Trail,unknown,terrestrial indet.,Epihippus gracilis
m1,19.6,7.8,12.5,9.4,-112.99,38.09,Avawatz,unknown,terrestrial indet.,Pseudaelurus intrepidus
m2,2.2,1.9,56.0,51.1,-81.07,52.21,Willwood,unknown,terrestrial indet.,Loveina wapitiensis
m3,26.2,18.6,2.58,0.774,-81.8,30.02,unknown,unknown,terrestrial indet.,Tapirus (Helicotapirus) lundeliusi
Lower canine,0.0,0.0,13.8,11.0,-71.62,4.01,Villavieja,claystone,terrestrial indet.,Xenastrapotherium kraglievichi
m1,13.5,10.0,11.63,7.246,-65.5,-9.7,Solimões,claystone,fluvial-lacustrine indet.,Neoepiblema acreensis
Lower C1,12.9,8.8,2.58,0.0,-72.52,-8.76,unknown,conglomerate,fluvial indet.,Tayassu pecari
M1,1.13,1.8,4.7,1.4,-115.73,34.46,San Timoteo,unknown,terrestrial indet.,Thomomys gidleyi
Upper I1,2.1,1.4,13.8,11.0,-71.6,3.99,unknown,unknown,terrestrial indet.,Micodon kiotensis
P4,4.5,2.2,29.5,18.5,-71.63,31.26,unknown,claystone,fissure fill,Acheronictis webbi
P4,0.0,8.7,48.07,41.03,74.19,11.51,Kuldana,conglomerate,fluvial indet.,Pakicetus inachus
p4,3.0,1.73,21.0,17.5,-62.19,-42.83,Sarmiento,mudstone,paralic indet.,Eoviscaccia australis
m2,8.8,5.75,37.0,33.9,-87.35,47.77,Chadron,siltstone,terrestrial indet.,Brachyrhynchocyon dodgei
m1,2.51,1.68,33.9,31.8,-95.92,53.11,unknown,unknown,terrestrial indet.,Scottimus longiquus
Lower m4 trigonid,0.0,4.0,13.8,11.0,-71.62,4.01,Villavieja,unknown,terrestrial indet.,Hondadelphys fieldsi
m1,12.45,7.97,45.9,39.7,-90.05,47.36,Uinta,unknown,terrestrial indet.,Tapocyon robustus
m1,1.55,0.98,1.4,0.21,-99.34,34.04,Seymour,unknown,terrestrial indet.,Peromyscus cragini
P4,7.9,4.5,27.3,23.04,-73.13,32.48,Crystal River,claystone,sinkhole,Phlaocyon achoros
M1,3.62,4.4,39.7,37.0,-87.58,35.26,Devil's Graveyard,unknown,terrestrial indet.,Mahgarita stevensi
Infraorbital foramen,0.0,0.0,13.8,11.0,-71.57,4.04,Villavieja,claystone,terrestrial indet.,Prodolichotis pridiana
M1,1.73,1.83,39.7,37.0,-100.3,38.92,Sespe,unknown,terrestrial indet.,Simiacritomys whistleri
p4,23.2,17.8,2.58,0.0117,-101.55,35.23,unknown,claystone,fluvial-lacustrine indet.,Equus conversidens
M1,7.6,9.0,9.4,4.7,-105.37,30.85,unknown,unknown,terrestrial indet.,Paenemarmota mexicana
m1,12.7,5.8,12.5,9.4,-110.34,46.52,Juntura,unknown,terrestrial indet.,Sthenictis junturensis
m2,2.24,2.57,29.5,18.5,-92.34,47.0,unknown,unknown,terrestrial indet.,Florentiamys loomisi
m2,24.5,17.0,11.63,5.333,-97.79,36.86,unknown,sandstone,fluvial indet.,Ischyrocyon gidleyi
m3,1.06,1.04,39.7,37.0,-98.36,37.35,Pomerado,mudstone,terrestrial indet.,Nonomys gutzleri
m2,4.8,2.1,16.3,15.5,-68.67,-43.88,Río Frias,tuff,fluvial indet.,Abderites meridionalis
P3,1.8,3.12,39.7,37.0,-86.94,56.36,Cypress Hills,unknown,terrestrial indet.,Tachylagus gawneae
m1,7.1,4.2,60.9,57.5,-75.51,53.47,Fort Union,siliciclastic,fluvial-lacustrine indet.,Tytthaena parrisi
Astragalus,0.0,0.0,13.8,11.0,-71.57,4.04,Villavieja,claystone,terrestrial indet.,Magdalenabradys confusum
M2,7.3,10.8,37.0,33.9,-89.99,35.83,unknown,unknown,terrestrial indet.,Brachyrhynchocyon dodgei
m2,0.0,3.9,13.8,11.0,-71.57,4.04,Villavieja,claystone,terrestrial indet.,Prodolichotis pridiana
Tibia,0.0,54.1,13.8,11.0,-71.57,4.04,Villavieja,claystone,terrestrial indet.,Magdalenabradys confusum
m2,9.0,4.7,17.5,16.3,-65.05,-17.94,Chucal,sandstone,floodplain,Eotypotherium chico
P4,1.02,1.12,45.9,39.7,-82.01,33.29,Laredo,sandstone,estuary/bay,Microeutypomys karenae
M1,2.71,3.02,18.5,16.3,-112.96,46.54,unknown,unknown,terrestrial indet.,Megapeomys bobwilsoni
m1,2.9,1.15,1.4,0.21,-99.92,37.44,Crooked Creek,ash,terrestrial indet.,Microtus llanensis
M1,1.99,2.625,33.9,31.8,-87.83,47.98,Brule,unknown,terrestrial indet.,Altasciurus albiclivus
P4,26.9,25.7,12.5,9.4,-96.58,45.94,unknown,unknown,terrestrial indet.,Pliohippus pernix
m1,1.9,1.4,51.1,45.9,-87.37,48.83,Bridger,unknown,terrestrial indet.,Uintanius ameghini
m1,1.11,1.1,18.5,16.3,-111.27,37.93,Branch Canyon,unknown,terrestrial indet.,Pseudotheridomys cuyamensis
M1,3.93,1.77,60.9,57.5,-78.13,60.96,Paskapoo,siltstone,fluvial-lacustrine indet.,Ptilodus gnomus
Metacarpal IV,127.6,0.0,13.8,11.0,-71.59,4.07,unknown,claystone,terrestrial indet.,Magdalenabradys confusum
m1,27.9,14.9,23.1,18.5,-93.27,46.38,Wildcat Hills Beds,sandstone,channel,Ysengrinia americana
P1,9.1,9.5,33.9,31.8,-86.28,49.04,Brule,sandstone,channel,Colodon occidentalis
M1,2.085,3.08,37.0,33.9,-91.37,55.94,Cypress Hills,unknown,terrestrial indet.,Palaeolagus temnodon
M2,0.71,1.28,9.4,4.7,-109.42,40.73,Sevier,siltstone,terrestrial indet.,Metaliomys sevierensis
m2,21.8,15.1,9.4,4.7,-85.14,32.17,unknown,unknown,marginal marine indet.,Synthetoceras davisorum
M1,28.9,26.1,1.4,0.21,-101.99,22.04,Tacubaya,unknown,terrestrial indet.,Camelops hesternus
M1,34.0,42.0,45.9,39.7,-90.0,47.38,Uinta,unknown,terrestrial indet.,Sthenodectes incisivum
M1,14.0,15.0,2.58,0.0117,-98.28,37.03,unknown,gravel,fluvial indet.,Mylohyus nasutus
M1,15.95,19.5,31.8,29.5,-87.22,48.58,Brule,unknown,terrestrial indet.,Protapirus simplex
p4,1.06,0.94,16.3,12.5,-104.9,49.7,Madison Valley,sandstone,channel,Cupidinimus halli
M1,2.02,3.73,23.1,18.5,-90.01,47.22,Harrison,unknown,terrestrial indet.,Archaeolagus primigenius
m2,7.0,3.9,8.0,5.0,-67.27,-33.39,Huayquerías,unknown,terrestrial indet.,Cyonasua pascuali
p3,7.6,0.0,39.7,37.0,-98.62,37.74,Santiago,sandstone,channel,Lycophocyon hutchisoni
m2,1.8,2.5,33.9,31.8,-88.37,47.64,Brule,unknown,terrestrial indet.,Apternodus gregoryi
Humerus,0.0,2.12,2.58,0.0,-56.37,-21.1,unknown,claystone,cave,Leopardus braccatus
m1,1.5,1.0625,16.3,12.5,-93.24,45.91,Valentine,unknown,terrestrial indet.,Copemys longidens
M1,3.11,4.66,60.9,57.5,-75.51,53.47,Fort Union,siliciclastic,fluvial-lacustrine indet.,Plesiadapis rex
m2,1.19,0.94,9.4,4.7,-113.61,45.35,Chalk Butte,unknown,terrestrial indet.,Postcopemys valensis
m1,7.4,3.9,17.5,16.3,-65.05,-17.94,Chucal,sandstone,floodplain,Hegetotherium mirabile
p4,1.8,1.5,56.0,51.1,-82.92,51.17,Wasatch,unknown,terrestrial indet.,Loveina wapitiensis
M2,1.6,1.4,63.4,60.9,-76.69,46.56,Nacimiento,unknown,terrestrial indet.,Mimetodon krausei
Calcaneum,39.2,0.0,13.8,11.0,-71.59,4.05,Villavieja,claystone,terrestrial indet.,Drytomomys aequatorialis
M1,1.5,3.6,16.3,12.5,-96.7,44.18,Pawnee Creek Beds,unknown,terrestrial indet.,Pseudaelurus stouti
Mandíbula inferida,541.0,0.0,2.58,0.0117,-70.38,-33.41,unknown,unknown,terrestrial indet.,Megatherium medinae
p4,19.5,12.3,16.3,12.5,-97.23,45.6,Olcott,unknown,terrestrial indet.,Merychippus insignis
m1,2.0,0.9,57.5,56.0,-78.79,52.74,unknown,unknown,terrestrial indet.,Ectypodus powelli
M2,17.6,16.0,37.0,33.9,-95.74,52.24,Chadron,tuff,wet floodplain,Montanatylopus matthewi
p3,15.4,9.0,9.4,4.7,-96.71,37.93,unknown,unknown,terrestrial indet.,Yumaceras figginsi
m1,43.9,26.2,23.1,18.5,-94.48,33.9,Delaho,unknown,terrestrial indet.,Menoceras barbouri
P4,2.9,2.15,23.1,18.5,-94.48,33.9,Delaho,unknown,terrestrial indet.,Gregorymys riograndensis
m1,1.85,1.85,39.7,37.0,-100.3,38.92,Sespe,unknown,terrestrial indet.,Pareumys milleri
M3,0.86,0.97,39.7,37.0,-86.94,56.36,Cypress Hills,unknown,terrestrial indet.,Adjidaumo craigi
m1,7.15,6.4,51.1,45.9,-84.53,51.57,unknown,unknown,terrestrial indet.,Quadratomus sundelli
M1,4.0,5.0,60.9,57.5,-78.5,46.09,unknown,shale,fissure fill,Utemylus latomius
P3,34.1,23.0,4.7,1.4,-116.59,43.67,unknown,unknown,terrestrial indet.,Plesippus idahoensis
m1,19.7,9.3,4.7,1.4,-101.91,42.44,unknown,unknown,terrestrial indet.,Megantereon hesperus
m3,3.5,2.4,16.3,15.5,-68.67,-43.88,Río Frias,tuff,fluvial indet.,Palaeothentes lemoinei
M1,4.0,6.3,1.4,0.21,-78.33,39.84,unknown,unknown,cave,Brachyprotoma obtusata
m1,1.75,0.9,56.0,51.1,-79.47,50.76,Wind River,unknown,terrestrial indet.,Ectypodus childei
m1,7.0,6.8,1.4,0.21,-101.99,22.04,Tacubaya,unknown,terrestrial indet.,Erethizon dorsatum
m3,4.4,3.0,60.9,57.5,-78.13,60.96,Paskapoo,siltstone,fluvial-lacustrine indet.,Litomylus grandaletes
M2,10.4,9.7,60.9,57.5,-77.42,52.51,Fort Union,unknown,terrestrial indet.,Catopsalis calgariensis
p2,0.8,0.5,63.4,60.9,-74.72,61.99,Paskapoo,siltstone,terrestrial indet.,Edworthia lerbekmoi
skull,469.7,191.8,2.58,0.774,-108.66,34.8,unknown,gravel,lacustrine indet.,Paramylodon harlani
Upper M1,2.1,3.1,13.8,11.0,-71.6,3.99,unknown,unknown,terrestrial indet.,Kiotomops lopezi
m1,2.0,1.9,60.9,57.5,-79.72,51.28,Wasatch,unknown,terrestrial indet.,Chiromyoides minor
m3,2.0,1.4,16.3,15.5,-68.67,-43.88,Río Frias,tuff,fluvial indet.,Microbiotherium tehuelchum
M1,1.6,3.4,4.7,0.21,-108.48,33.37,Gila Conglomerate,siltstone,fluvial indet.,Hypolagus arizonensis
m1,1.79,0.82,56.0,51.1,-78.54,51.42,Wind River,unknown,terrestrial indet.,Ectypodus tardus
Jaw,0.0,37.9,13.8,11.0,-71.57,4.04,Villavieja,claystone,terrestrial indet.,Magdalenabradys confusum
M2,13.2,15.8,51.1,45.9,-88.55,48.71,Washakie,unknown,terrestrial indet.,Isectolophus latidens
P4,10.16,9.98,4.7,1.4,-99.15,37.91,Rexroad,unknown,terrestrial indet.,Procyon rexroadensis
M2,1.15,0.9,16.3,12.5,-93.24,45.91,Valentine,unknown,terrestrial indet.,Copemys longidens
Femur,99.2,0.0,13.8,11.0,-71.59,4.05,Villavieja,claystone,terrestrial indet.,Drytomomys aequatorialis
m1,15.1,9.0,45.9,39.7,-89.34,47.17,Uinta,unknown,terrestrial indet.,Miocyon scotti
P4,1.6,1.7,33.9,31.8,-95.92,53.11,unknown,unknown,terrestrial indet.,Paradjidaumo (Paradjidaumo) spokanensis
M1,1.45,2.5,18.5,16.3,-93.54,47.05,Rosebud,conglomerate,coarse channel fill,Gripholagomys lavocati
m1,16.3,6.1,18.5,16.3,-75.25,32.13,Alachua,sandstone,terrestrial indet.,Euoplocyon spissidens
M2,1.9,1.08,1.4,0.21,-99.44,45.67,unknown,unknown,terrestrial indet.,Mictomys kansasensis
m1,1.411,0.916,9.4,4.7,-107.29,37.9,Bidahochi,unknown,terrestrial indet.,Calomys (Bensonomys) gidleyi
m2,0.0,0.0,13.8,11.0,-71.59,4.07,unknown,claystone,terrestrial indet.,Megadolodus molariformis
Greatest palatal width: P4–P4 (between protocones),0.0,99.7,3.6,0.774,-62.8,9.96,Mesa,tar,terrestrial indet.,Xenosmilus venezuelensis
Lower m3 trigonid,0.0,1.7,13.8,11.0,-71.58,4.05,Villavieja,sandstone,terrestrial indet.,Micoureus laventicus
M2,1.23,1.0,9.4,4.7,-107.29,37.9,Bidahochi,unknown,terrestrial indet.,Paronychomys alticuspis
Atlas vertebra,0.0,0.0,13.8,11.0,-71.62,4.01,Villavieja,unknown,terrestrial indet.,Hondadelphys fieldsi
m1,16.0,10.2,39.7,37.0,-88.5,36.09,Chambers Tuff,unknown,terrestrial indet.,Hyracodon medius
M2,2.37,3.68,63.4,60.9,-74.08,51.29,Fort Union,unknown,terrestrial indet.,Plesiolestes problematicus
M1,1.22,1.3,39.7,37.0,-86.94,56.36,Cypress Hills,unknown,terrestrial indet.,Janimus dawsonae
M2,1.41,1.22,9.4,4.7,-98.19,23.07,Rancho Viejo Beds,claystone,channel,Calomys (Bensonomys) baskini
M2,8.1,10.75,39.7,37.0,-88.4,49.59,Wagon Bed (Tepee Trail),unknown,terrestrial indet.,Poabromylus golzi
M3,6.39,7.07,60.9,57.5,-76.47,54.83,unknown,unknown,terrestrial indet.,Ectocion collinus
M1,1.34,1.44,39.7,37.0,-88.5,36.09,Chambers Tuff,unknown,terrestrial indet.,Viejadjidaumo magniscopuli
P4,16.5,23.0,29.0,21.0,-39.3,-23.86,unknown,shale,lacustrine indet.,Taubatherium paulacoutoi
M1,3.6,5.23,56.0,51.1,-81.07,52.21,Willwood,unknown,terrestrial indet.,Cantius ralstoni
m1,1.555,1.15,23.04,5.333,-112.49,45.15,unknown,unknown,terrestrial indet.,Mystipterus pacificus
m1,1.28,2.23,24.7,23.1,-90.25,48.13,Monroe Creek,unknown,terrestrial indet.,Pleurolicus dakotensis
M1,1.18,1.36,33.9,31.8,-87.83,47.98,Brule,unknown,terrestrial indet.,Megaheliscomys mcgrewi
Mandibular thickness at p4,0.0,19.7,3.6,0.774,-62.8,9.96,Mesa,tar,terrestrial indet.,Xenosmilus venezuelensis
Basal length,200.0,0.0,3.6,0.774,-62.8,9.96,Mesa,tar,terrestrial indet.,Xenosmilus venezuelensis
M1,2.06,1.05,56.0,51.1,-78.54,51.42,Wind River,unknown,terrestrial indet.,Ectypodus tardus
M2,25.0,28.5,2.58,0.0117,-84.02,35.71,unknown,claystone,fissure fill,Tapirus (Helicotapirus) veroensis
m1,6.9,2.3,1.4,0.21,-99.92,37.44,Crooked Creek,ash,terrestrial indet.,Neogale vison
Distal Humerus lateral trochlea,0.0,0.0,13.8,11.0,-71.59,4.05,unknown,claystone,terrestrial indet.,Cebupithecia sarmientoi
p4,4.7,1.65,63.4,60.9,-75.05,38.82,Black Peaks,unknown,terrestrial indet.,Stygimys vastus
P3,11.3,11.0,23.1,18.5,-93.8,46.72,unknown,unknown,terrestrial indet.,Phenacocoelus kayi
M2,1.68,1.6867,29.5,18.5,-102.1,50.8,Peterson Creek Beds,unknown,terrestrial indet.,Paciculus montanus
M2,2.45,1.7,9.4,4.7,-118.42,39.63,Garrity,unknown,terrestrial indet.,Pliotomodon primitivus
P4,16.5,23.6,29.0,21.0,-39.3,-23.86,unknown,shale,lacustrine indet.,Taubatherium paulacoutoi
M3,0.77,0.88,12.5,9.4,-94.8,45.3,Ash Hollow,siliciclastic,channel,Antecalomys phthanus
m1,1.24,0.77,63.4,60.9,-74.71,61.93,Paskapoo,unknown,fluvial indet.,Leptacodon munusculum
Mandibular P3,2.0,1.6,56.0,48.07,-28.6,-27.29,Itaboraí,marl,fissure fill,Procaroloameghinia pricei
m2,2.1,1.8,56.0,51.1,-83.02,50.9,Wasatch,mudstone,terrestrial indet.,Loveina sheai
Calcaneum,34.6,0.0,13.8,11.0,-71.59,4.05,Villavieja,claystone,terrestrial indet.,Drytomomys aequatorialis
m1,3.88,3.27,51.1,45.9,-84.53,51.57,unknown,unknown,terrestrial indet.,Paramys delicatior
M2,1.1,1.4,29.5,18.5,-92.34,47.0,unknown,unknown,terrestrial indet.,Proharrymys schlaikjeri
P4,3.3,4.4,60.9,57.5,-78.13,60.96,Paskapoo,siltstone,fluvial-lacustrine indet.,Litomylus grandaletes
m1,1.895,1.27,23.1,18.5,-90.01,47.22,Harrison,unknown,terrestrial indet.,Leidymys cerasus
m2,7.65,8.55,4.7,1.4,-99.15,37.91,Rexroad,unknown,terrestrial indet.,Paenemarmota barbouri
M1,13.5,12.3,4.7,1.4,-113.29,38.63,Panaca,siltstone,fluvial-lacustrine indet.,Sinocapra willdownsi
m2,1.93,1.9225,16.3,12.5,-109.76,46.69,Butte Creek,volcaniclastic,terrestrial indet.,Citellus (Otospermophilus) tephrus
m1,1.15,1.13,39.7,37.0,-100.3,38.92,Sespe,unknown,terrestrial indet.,Metanoiamys korthi
M3,30.0,24.0,5.0,0.4,-56.27,-34.46,San José,sandstone,terrestrial indet.,Catonyx tarijensis
m1,17.7,11.7,16.3,12.5,-113.02,39.24,Temblor,unknown,terrestrial indet.,Desmatippus avus
M3,15.4,15.8,45.9,39.7,-88.55,48.71,Washakie,unknown,terrestrial indet.,Triplopus implicatus
p4,20.7,12.3,23.04,5.333,-115.2,40.73,unknown,unknown,terrestrial indet.,Yumaceras ruminalis
m3,0.94,0.79,9.4,4.7,-113.61,45.35,Chalk Butte,unknown,terrestrial indet.,Postcopemys valensis
P3,26.1,26.5,12.5,9.4,-96.58,45.94,unknown,unknown,terrestrial indet.,Pliohippus pernix
m1,4.1,2.3,63.4,60.9,-73.65,56.02,Fort Union,unknown,terrestrial indet.,Ictidopappus mustelinus
P4,3.3,4.1,60.9,57.5,-90.55,46.82,Goler,conglomerate,fluvial indet.,Mimotricentes tedfordi
M2,4.3,0.0,13.8,11.0,-71.57,4.04,Villavieja,claystone,terrestrial indet.,Prodolichotis pridiana
M1,1.45,1.5,56.0,48.07,-78.5,53.19,Willwood,wackestone,wet floodplain,Wyonycteris chalix
m1,3.0275,2.185,56.0,51.1,-82.05,44.29,San Jose,unknown,terrestrial indet.,Diacodon alticuspis
Lower m2 hypostriid,1.1,0.0,13.8,11.0,-71.53,4.1,Villavieja,unknown,terrestrial indet.,Microsteiromys jacobsi
M2,0.952,0.873,9.4,4.7,-107.29,37.9,Bidahochi,unknown,terrestrial indet.,Calomys (Bensonomys) yazhi
m1,17.6,12.8,57.5,56.0,-78.79,52.74,Fort Union,unknown,terrestrial indet.,Titanoides nanus
M1,1.59,1.0,9.4,4.7,-116.71,41.12,Coal Valley,unknown,terrestrial indet.,Bensonomys lindsayi
m1,0.99,0.97,39.7,37.0,-86.94,56.36,Cypress Hills,unknown,terrestrial indet.,Adjidaumo craigi
M3,9.03,11.53,56.0,51.1,-82.33,43.51,San Jose,unknown,terrestrial indet.,Meniscotherium chamense
M1,1.62,1.37,39.7,37.0,-98.36,37.35,Pomerado,mudstone,terrestrial indet.,Nonomys gutzleri
p3,6.5,3.2,12.5,9.4,-93.37,31.18,Goliad,unknown,terrestrial indet.,Pseudoceras skinneri
m1,4.1,3.1,21.0,17.5,-62.13,-42.85,Sarmiento,mixed carbonate-siliciclastic,terrestrial indet.,Chubutomys leucoreios
p3,22.9667,13.6333,16.3,12.5,-111.93,42.13,unknown,unknown,terrestrial indet.,Merychippus calamarius
M2,1.5,1.9,60.9,57.5,-78.5,46.09,unknown,shale,fissure fill,Navajovius kohlhaasae
articular process,0.0,39.5,3.6,0.774,-62.8,9.96,Mesa,tar,terrestrial indet.,Xenosmilus venezuelensis
m5,0.0,4.6,16.3,15.5,-68.67,-43.88,Río Frias,tuff,fluvial indet.,Cladosictis patagonica
M1,1.28,1.46,24.7,23.1,-95.79,54.96,Cypress Hills,unknown,terrestrial indet.,Hitonkala macdonaldtau
m3,0.7,0.9,9.4,4.7,-109.42,40.73,Sevier,siltstone,terrestrial indet.,Metaliomys sevierensis
P4,28.5,13.9,16.3,12.5,-105.84,49.71,Sixmile Creek,siltstone,fluvial indet.,Aelurodon montanensis
m2,1.465,1.36,9.4,4.7,-109.92,44.95,Starlight,claystone,fluvial-lacustrine indet.,Paratamias tarassus
P4,1.67,2.91,24.7,23.1,-95.79,54.96,Cypress Hills,unknown,terrestrial indet.,Archaeolagus primigenius
Lower m3,2.3,2.06,13.8,11.0,-71.53,4.1,Villavieja,unknown,terrestrial indet.,Microsteiromys jacobsi
m1,2.2,1.35,9.4,4.7,-109.42,40.73,Sevier,siltstone,terrestrial indet.,Basirepomys robertsi
M1,2.13,2.33,72.2,66.0,-65.92,53.69,Lance,shale,terrestrial indet.,Alphadon marshi
m3,28.2,11.1,4.7,1.4,-80.72,27.53,Caloosahatchee,unknown,terrestrial indet.,Hemiauchenia gracilis
M1,2.4,3.35,56.0,51.1,-81.07,52.21,Willwood,unknown,terrestrial indet.,Ignacius graybullianus
M1,0.96,1.34,9.4,4.7,-107.29,37.9,Bidahochi,unknown,terrestrial indet.,Cupidinimus bidahochiensis
m1,3.65,2.1,72.2,66.0,-65.32,60.38,Frenchman,siltstone,floodplain,Cimolestes incisus
M3,1.2,1.75,16.3,12.5,-92.94,46.29,unknown,unknown,terrestrial indet.,Megasminthus tiheni
m1,1.93,2.04,1.4,0.21,-99.92,37.44,Crooked Creek,unknown,terrestrial indet.,Spermophilus tridecemlineatus
m3,29.7,14.3,9.4,4.7,-98.33,38.58,Ogallala,unknown,terrestrial indet.,Pediomeryx hemphillensis
Upper M2,0.0,0.0,7.246,5.333,-64.27,-23.39,Maimará,sandstone,fluvial indet.,Proscelidodon patrius
M1,16.15,15.6,4.7,1.4,-99.84,33.43,unknown,sandstone,fluvial indet.,Nannippus beckensis
M2,15.0,15.0,2.58,0.0117,-98.28,37.03,unknown,gravel,fluvial indet.,Mylohyus nasutus
Glenoid fossa,0.0,0.0,13.8,11.0,-71.59,4.05,Villavieja,claystone,terrestrial indet.,Drytomomys aequatorialis
m3,2.4,1.9,16.3,15.5,-68.67,-43.88,Río Frias,tuff,fluvial indet.,Palaeothentes intermedius
p4,2.6,2.62,29.5,18.5,-71.63,31.26,unknown,claystone,fissure fill,Megalagus abaconis
skull,267.7,0.0,9.4,4.7,-96.77,39.04,Ogallala,unknown,terrestrial indet.,Machairodus catocopis
m1,2.47,1.71,63.4,60.9,-73.72,54.42,unknown,unknown,terrestrial indet.,Plesiolestes problematicus
Lower P1-3,6.0,0.0,56.0,48.07,-28.6,-27.29,Itaboraí,marl,fissure fill,Guggenheimia brasiliensis
m2,1.08,1.72,4.7,1.4,-115.73,34.46,San Timoteo,unknown,terrestrial indet.,Thomomys gidleyi
M2,1.675,2.1,16.3,12.5,-92.94,46.29,unknown,unknown,terrestrial indet.,Megasminthus tiheni
p4,12.4,0.5,4.7,1.4,-115.28,36.84,Tecopa Lake Beds,mudstone,lacustrine indet.,Capricamelus gettyi
m1,2.26,1.29,9.4,4.7,-113.61,45.35,unknown,unknown,terrestrial indet.,Paronychomys shotwelli
m1,15.2,13.3,2.58,0.0,-72.44,-10.88,unknown,conglomerate,fluvial indet.,Tayassu pecari
M2,0.92,1.84,4.7,1.4,-110.85,35.58,Verde,mudstone,terrestrial indet.,Nerterogeomys minor
Astragalus,0.0,0.0,13.8,11.0,-71.57,4.04,Villavieja,claystone,terrestrial indet.,Magdalenabradys confusum
Lower p2,16.5,0.0,2.58,0.0117,-69.21,9.93,unknown,claystone,terrestrial indet.,Mixotoxodon larensis
Ulna,0.0,8.1,13.8,11.0,-71.59,4.05,Villavieja,claystone,terrestrial indet.,Drytomomys aequatorialis
m1,25.8,10.3333,1.4,0.21,-116.58,34.09,San Timoteo,unknown,terrestrial indet.,Canis edwardii
m1,6.35,5.025,45.9,39.7,-85.58,35.54,Devil's Graveyard,unknown,terrestrial indet.,Leptoreodon marshi
m1,12.25,9.575,16.3,12.5,-96.24,46.05,unknown,unknown,terrestrial indet.,Stirtonhyus xiphodonticus
m1,8.6,7.9,39.7,37.0,-88.5,36.09,unknown,unknown,terrestrial indet.,Quadratomus gigans
m1,2.0,1.6,60.9,57.5,-78.5,46.09,unknown,shale,fissure fill,Ignacius frugivorus
P3,4.4,4.0,17.5,16.3,-65.05,-17.94,Chucal,sandstone,floodplain,Eotypotherium chico
p4,2.2,2.45,29.5,18.5,-106.02,38.05,Tick Canyon,siltstone,fluvial indet.,Archaeolagus acaricolus
m3,110.0,80.0,45.9,39.7,-87.57,50.62,Tepee Trail,unknown,terrestrial indet.,Achaenodon robustus
m2,7.9,8.2,4.7,1.4,-100.21,20.42,Goleta,unknown,terrestrial indet.,Paenemarmota barbouri
m1,1.64,0.97,56.0,51.1,-79.64,51.58,Willwood,mudstone,terrestrial indet.,Herpetotherium innominatum
M1,2.41,3.09,33.9,31.8,-91.61,49.36,unknown,siltstone,lacustrine - small,Pelycomys placidus
m1,3.22,2.62,51.1,45.9,-87.37,48.83,Bridger,unknown,terrestrial indet.,Hyopsodus minusculus
Lower p3,25.0,19.0,13.8,11.0,-71.62,4.01,Villavieja,claystone,terrestrial indet.,Huilatherium pluripicatum
M1,3.11,2.24,4.7,1.4,-108.1,33.49,Gila Conglomerate,marl,lacustrine indet.,Neotoma fossilis
Upper P4; First lamina,11.7,2.7,11.63,7.246,-65.5,-9.7,Solimões,claystone,fluvial-lacustrine indet.,Neoepiblema horridula
M1,1.8,1.43,39.7,37.0,-98.36,37.35,Pomerado,mudstone,terrestrial indet.,Nonomys gutzleri
m1,2.03,1.06,83.6,72.2,-66.36,53.83,Mesaverde,sandstone,channel,Alphadon halleyi
m1,1.125,1.41,16.3,12.5,-100.42,39.05,Tesuque,unknown,terrestrial indet.,Phelosaccomys neomexicanus
P4,5.0,3.7,63.4,60.9,-73.65,56.02,Fort Union,unknown,terrestrial indet.,Ictidopappus mustelinus
M3,6.0,7.0,23.1,18.5,-93.3,47.08,Harrison,unknown,terrestrial indet.,Leptomeryx obliquidens
m1,1.7,0.8,60.9,57.5,-66.51,56.07,Ravenscrag,sandstone,alluvial fan,Mesodma pygmaea
m1,1.03,1.92,9.4,4.7,-105.37,30.85,unknown,unknown,terrestrial indet.,Geomys carranzai
Lower p1,10.0,0.0,2.58,0.0117,-69.21,9.93,unknown,claystone,terrestrial indet.,Mixotoxodon larensis
M1,4.1,6.0,1.4,0.21,-92.81,36.21,unknown,unknown,terrestrial indet.,Brachyprotoma obtusata
P4,2.38,2.51,37.0,33.9,-90.2,49.33,White River,unknown,terrestrial indet.,Zemiodontomys burkei
M2,1.68,1.45,4.7,1.4,-115.73,34.46,San Timoteo,unknown,terrestrial indet.,Sigmodon minor
m1,2.36,1.08,72.2,66.0,-65.92,53.69,Lance,shale,terrestrial indet.,Mesodma formosa
M1,1.2575,1.67,23.1,18.5,-90.01,47.22,Harrison,unknown,terrestrial indet.,Hitonkala macdonaldtau
m3,2.24,1.4,72.2,66.0,-65.32,60.38,Frenchman,siltstone,floodplain,Nortedelphys jasoni
P4,2.0,1.71,4.7,1.4,-115.73,34.46,San Timoteo,unknown,terrestrial indet.,Thomomys gidleyi
M3,12.5,8.6,17.5,16.3,-65.05,-17.94,Chucal,sandstone,floodplain,Altitypotherium paucidens
P4,29.8,27.5,4.7,1.4,-116.95,36.95,unknown,unknown,terrestrial indet.,Plesippus simplicidens
M2,1.41,1.35,72.2,66.0,-65.32,60.38,Frenchman,siltstone,floodplain,Mesodma formosa
m1,1.73,1.08,9.4,4.7,-114.93,47.26,McKay,sandstone,pond,Copemys esmeraldensis
m1,11.1,9.4,63.4,60.9,-73.72,54.42,unknown,unknown,terrestrial indet.,Huerfanodon polecatensis
M3,21.6,32.3,2.58,0.774,-108.66,34.8,unknown,gravel,lacustrine indet.,Paramylodon harlani
M1,6.8,12.1,4.7,1.4,-99.15,37.91,Rexroad,unknown,terrestrial indet.,Trigonictis macrodon
M1,3.35,5.28,33.9,31.8,-87.83,47.98,Brule,unknown,terrestrial indet.,Blacktops latidens
m1,40.1,21.3,9.4,4.7,-97.13,37.75,unknown,unknown,terrestrial indet.,Agriotherium schneideri
m1,23.6,18.7,45.9,39.7,-85.58,35.54,Devil's Graveyard,unknown,terrestrial indet.,Amynodon advenus
M1,15.5,16.4,23.1,18.5,-93.95,47.74,unknown,unknown,terrestrial indet.,Hypsiops brachymelis
Skull,440.0,0.0,11.63,5.333,-67.66,11.59,Urumaco,unknown,terrestrial indet.,Bolivartherium urumaquensis
p4,2.96,1.6,57.5,56.0,-78.79,52.74,Willwood,unknown,terrestrial indet.,Carpolestes simpsoni
humerus,175.0,0.0,7.246,5.333,-73.17,-15.2,Pisco,siltstone,foreshore,Piscobalaena nana
M1,1.6,1.5,60.9,57.5,-78.5,46.09,unknown,shale,fissure fill,Peradectes elegans
M2,57.6,57.4,39.7,37.0,-84.14,51.5,Slim Buttes,siliciclastic,fluvial indet.,Duchesneodus uintensis
P4,5.0,14.5,60.9,57.5,-67.79,55.65,Sentinel Butte,unknown,terrestrial indet.,Titanoides primaevus
M3,35.3,37.6,31.8,18.5,-106.6,37.84,Sespe,claystone,terrestrial indet.,Subhyracodon kewi
m1,13.9,9.9,4.7,1.4,-80.72,27.53,Caloosahatchee,unknown,terrestrial indet.,Hemiauchenia gracilis
Humerus,0.0,0.0,13.8,11.0,-71.59,4.05,Villavieja,claystone,terrestrial indet.,Drytomomys aequatorialis
p2,1.1,0.46,5.0,3.8,-59.62,-38.75,unknown,unknown,terrestrial indet.,Pliolestes tripotamicus
M2,1.5,2.25,56.0,51.1,-81.07,52.21,Willwood,unknown,terrestrial indet.,Macrocranion junnei
m1,25.6,16.95,16.3,12.5,-93.26,45.99,Valentine,sandstone,channel,Aepycamelus robustus
dp4-m3 row,10.78,0.0,13.8,11.0,-71.53,4.1,Villavieja,unknown,terrestrial indet.,Microsteiromys jacobsi
m2,16.0,12.0,11.63,7.246,-65.5,-9.7,Solimões,claystone,fluvial-lacustrine indet.,Neoepiblema acreensis
m1,1.77,2.18,18.5,16.3,-100.39,47.45,Arikaree,unknown,eolian indet.,Harrymys irvini
Metacarpal IV distal end,0.0,38.6,13.8,11.0,-71.59,4.07,unknown,claystone,terrestrial indet.,Magdalenabradys confusum
M1,2.96,4.23,60.9,57.5,-78.5,46.09,unknown,shale,fissure fill,Nannodectes gidleyi
m1,12.0,7.4,56.0,51.1,-80.68,50.99,Wind River,unknown,terrestrial indet.,Probathyopsis lysitensis
M1,8.0,6.2,17.5,16.3,-65.05,-17.94,Chucal,sandstone,floodplain,Eotypotherium chico
p4,1.07,0.95,16.3,12.5,-104.9,49.7,Madison Valley,sandstone,channel,Perognathus ancenensis
m1,1.7,1.3,51.1,45.9,-85.53,49.05,Bridger,unknown,terrestrial indet.,Nyctitherium curtidens
M1,2.2,2.7,56.0,51.1,-82.33,43.51,San Jose,unknown,terrestrial indet.,Jemezius szalayi
p4,9.6,7.3,13.8,11.0,-71.59,4.05,Villavieja,claystone,terrestrial indet.,Drytomomys aequatorialis
M2,1.0,0.86,9.4,4.7,-116.71,41.12,Coal Valley,unknown,terrestrial indet.,Bensonomys lindsayi
Humerus,523.0,0.0,13.8,11.0,-71.62,4.01,La Victoria,claystone,terrestrial indet.,Granastrapotherium snorki
m1,2.86,1.11,72.2,66.0,-65.15,58.35,Hell Creek,sandstone,terrestrial indet.,Mesodma thompsoni
M2,1.56,2.92,4.7,0.21,-108.48,33.37,Gila Conglomerate,siltstone,fluvial indet.,Cratogeomys sansimonensis
m3,32.2,15.55,27.3,23.04,-71.97,33.01,Parachucla,sandstone,marginal marine indet.,Mesoreodon floridensis
Distal Humerus posterior articular,0.0,6.43,13.8,11.0,-71.59,4.05,unknown,claystone,terrestrial indet.,Cebupithecia sarmientoi
P4,7.27,7.88,63.4,60.9,-76.78,46.9,Nacimiento,siltstone,terrestrial indet.,Tetraclaenodon puercensis
m3,9.0,3.5,24.7,23.1,-91.82,47.81,Monroe Creek,unknown,terrestrial indet.,Hypertragulus sequens
M3,2.6,4.3,60.9,57.5,-78.13,60.96,Paskapoo,siltstone,fluvial-lacustrine indet.,Pararyctes rutherfordi
m1,1.78,1.1,24.7,23.1,-95.79,54.96,Cypress Hills,unknown,terrestrial indet.,Herpetotherium youngi
P4–P4 (between protocones),0.0,95.1,3.6,0.774,-62.8,9.96,Mesa,tar,terrestrial indet.,Xenosmilus venezuelensis
humerus,296.0,0.0,13.82,11.63,-70.64,40.07,Calvert,unknown,offshore shelf,Balaenoptera cephalus
p2,5.0,2.8,17.5,16.3,-65.05,-17.94,Chucal,sandstone,floodplain,Hegetotherium mirabile
M3,8.8,10.2,45.9,39.7,-85.58,35.54,Devil's Graveyard,unknown,terrestrial indet.,Leptoreodon marshi
Proximal phalanx V,6.8,0.0,13.8,11.0,-71.57,4.04,Villavieja,claystone,terrestrial indet.,Prodolichotis pridiana
m1,2.9,1.08,2.58,0.774,-136.88,63.38,unknown,siliciclastic,loess,Phenacomys intermedius
m1,2.2275,1.4375,4.7,1.4,-104.18,32.26,Love,unknown,terrestrial indet.,Sigmodon hudspethensis
M3,23.9,16.0,23.1,18.5,-93.3,47.08,Marsland,unknown,terrestrial indet.,Michenia agatensis
Lower p4 Trigonid,13.0,18.0,2.58,0.0117,-69.21,9.93,unknown,claystone,terrestrial indet.,Mixotoxodon larensis
Lower m3,16.8,16.8,13.8,11.0,-71.57,4.04,Villavieja,claystone,terrestrial indet.,Magdalenabradys confusum
tibia,275.0,0.0,56.0,51.1,-79.86,52.19,Willwood,unknown,terrestrial indet.,Pachyaena ossifraga
m1,1.09,0.85,51.1,45.9,-87.05,47.75,Green River,sandstone,channel lag,Uintasorex parvulus
P4,33.0,36.5,29.5,24.7,-88.74,48.37,Sharps,unknown,terrestrial indet.,Diceratherium marriottae
m1,1.73,1.23,60.9,57.5,-75.51,53.47,Fort Union,siliciclastic,fluvial-lacustrine indet.,Adunator meizon
Upper M2,1.4,1.55,13.8,11.0,-71.59,4.05,unknown,claystone,terrestrial indet.,Thylamys minutus
P2,10.5,13.1,33.9,31.8,-86.28,49.04,Brule,sandstone,channel,Colodon occidentalis
m2,1.7,1.3,16.3,15.5,-68.67,-43.88,Río Frias,tuff,fluvial indet.,Pichipilus halleuxi
m2,0.7967,0.8467,33.9,31.8,-87.47,46.32,Brule,unknown,terrestrial indet.,Heliscomys vetus
humerus,243.8,0.0,15.98,13.82,-111.06,38.41,Temblor,siltstone,shoreface,Tiphyocetus temblorensis
Diastema,49.8,0.0,11.63,5.333,-55.13,-34.57,Camacho,mudstone,fluvial-deltaic indet.,Lestobradys sprechmanni
M1,1.018,1.175,33.9,31.8,-91.61,49.36,unknown,siltstone,lacustrine - small,Metadjidaumo hendryi
i2,2.6,1.5,63.4,60.9,-73.72,54.42,unknown,unknown,terrestrial indet.,Unuchinia diaphanes
M2,2.05,2.05,15.5,13.8,-67.65,-39.73,Collón Cura,tuff,terrestrial indet.,Protacaremys denisae
Depth below p4 at lingual side,0.0,0.0,3.6,0.774,-62.8,9.96,Mesa,tar,terrestrial indet.,Xenosmilus venezuelensis
m2,1.22,1.11,83.6,72.2,-71.37,58.79,Two Medicine,carbonate,terrestrial indet.,Filikomys primaevus
p3,30.5,17.4,4.7,1.4,-116.95,36.95,unknown,unknown,terrestrial indet.,Plesippus simplicidens
M1,8.2,5.9,17.5,16.3,-65.05,-17.94,Chucal,sandstone,floodplain,Eotypotherium chico
m2,1.02,1.5788,12.5,9.4,-112.99,38.09,Avawatz,unknown,terrestrial indet.,Phelosaccomys shotwelli
Tibia distal end,0.0,106.7,13.8,11.0,-71.57,4.04,Villavieja,claystone,terrestrial indet.,Magdalenabradys confusum
M3,36.7,37.0,16.3,12.5,-89.33,33.57,Fleming,unknown,terrestrial indet.,Peraceras hessei
m1,3.4,2.8,21.0,17.5,-62.13,-42.85,Sarmiento,mixed carbonate-siliciclastic,terrestrial indet.,Luantus minor
M1,27.06,28.54,4.7,1.4,-117.11,35.97,Tulare,unknown,terrestrial indet.,Equus mexicanus
m2,1.41,1.24,9.4,4.7,-98.19,23.07,Rancho Viejo Beds,claystone,channel,Prosigmodon oroscoi
m1,1.3,1.0,63.4,60.9,-74.08,51.29,Fort Union,unknown,terrestrial indet.,Palenochtha weissae
radius,247.0,0.0,7.246,5.333,-73.17,-15.2,Pisco,siltstone,foreshore,Piscobalaena nana
i2,15.3,14.2,51.1,45.9,-87.11,48.99,Bridger,unknown,terrestrial indet.,Trogosus gazini
m1,4.1,2.6,63.4,60.9,-74.71,61.93,Paskapoo,unknown,fluvial indet.,Prothryptacodon albertensis
Lower P4-M3 series,56.0,0.0,11.63,7.246,-65.5,-9.7,Solimões,claystone,fluvial-lacustrine indet.,Neoepiblema acreensis
Braincase,21.1,14.8,2.58,0.774,-62.02,10.28,unknown,unknown,terrestrial indet.,Desmodus draculae
p4,3.09,2.0,57.5,56.0,-78.79,52.74,Willwood,unknown,terrestrial indet.,Dillerlemur pagei
m3,22.4,12.8,63.4,60.9,-74.71,38.65,Black Peaks,unknown,terrestrial indet.,Titanoides gidleyi
M1,1.65,1.65,24.7,23.1,-95.79,54.96,Cypress Hills,unknown,terrestrial indet.,Crucimys milleri
m2,6.4143,9.5714,66.0,63.4,-70.31,49.63,Denver,shale,terrestrial indet.,Catopsalis alexanderi
M3,13.3667,9.8667,29.5,18.5,-106.02,38.05,Tick Canyon,siltstone,fluvial indet.,Merychyus calaminthus
Astragalus,0.0,0.0,13.8,11.0,-71.57,4.04,Villavieja,claystone,terrestrial indet.,Magdalenabradys confusum
m1,2.0,2.24,4.7,0.21,-108.48,33.37,Gila Conglomerate,siltstone,fluvial indet.,Alilepus wilsoni
m1,2.47,2.86,33.9,31.8,-91.61,49.36,unknown,siltstone,lacustrine - small,Pelycomys placidus
m2,1.95,1.65,60.9,57.5,-74.95,51.73,Fort Union,unknown,terrestrial indet.,Ignacius frugivorus
m1,6.5,3.47,56.0,51.1,-88.74,34.68,Las Tetas de Cabra,sandstone,fluvial-lacustrine indet.,Wyolestes iglesius
m1,10.0,9.0,66.0,63.4,-75.76,47.36,Nacimiento,unknown,terrestrial indet.,Periptychus coarctatus
Upper P4; Third lamina,12.0,4.0,11.63,7.246,-65.5,-9.7,Solimões,claystone,fluvial-lacustrine indet.,Neoepiblema horridula
P2,5.8,3.6,56.0,48.07,-28.6,-27.29,Itaboraí,marl,fissure fill,Eobrasilia coutoi
M1,1.692,1.137,9.4,4.7,-107.91,34.61,Quiburis,unknown,terrestrial indet.,Paronychomys lemredfieldi
Upper P4; Second lamina,15.0,2.4,11.63,7.246,-65.5,-9.7,Solimões,claystone,fluvial-lacustrine indet.,Neoepiblema horridula
m3,60.7,33.4,29.5,24.7,-88.74,48.37,Sharps,unknown,terrestrial indet.,Diceratherium radtkei
m3,3.5,2.5,16.3,15.5,-68.67,-43.88,Río Frias,tuff,fluvial indet.,Abderites meridionalis
M1,3.5,4.7,60.9,57.5,-79.81,51.07,Evanston,siliciclastic,terrestrial indet.,Promioclaenus acolytus
m1,1.75,1.1,4.7,1.4,-99.15,37.91,Rexroad,unknown,terrestrial indet.,Symmetrodontomys simplicidens
m1,2.91,2.97,16.3,12.5,-109.76,46.69,Deer Butte,unknown,terrestrial indet.,Monosaulax progressus
p4,23.3,13.2,9.4,4.7,-97.22,42.35,Ash Hollow,unknown,terrestrial indet.,Protohippus gidleyi
Calcaneum Olecranon,0.0,0.0,13.8,11.0,-71.57,4.04,Villavieja,claystone,terrestrial indet.,Prodolichotis pridiana
Lower m2,55.0,25.0,23.04,20.45,-72.57,-1.85,Biblian,unknown,terrestrial indet.,Xenastrapotherium aequatorialis
Lower m2,2.8,2.08,13.8,11.0,-71.53,4.09,La Victoria,unknown,terrestrial indet.,Patasola magdalenae
M2,1.4625,1.65,33.9,31.8,-87.47,46.32,Brule,unknown,terrestrial indet.,Nanodelphys huntii
m2,40.4,24.8,39.7,37.0,-84.14,51.5,Slim Buttes,siliciclastic,fluvial indet.,Amynodontopsis bodei
M2,12.05,12.05,23.1,18.5,-72.16,33.14,unknown,unknown,terrestrial indet.,Nothokemas waldropi
M2,115.0,77.5,9.4,4.7,-116.57,41.27,unknown,unknown,terrestrial indet.,Mammut matthewi
M3,2.6,2.5,56.0,51.1,-79.64,51.58,Willwood,mudstone,terrestrial indet.,Acritoparamys atwateri
m2,3.9,2.5,66.0,63.4,-76.0,47.4,Nacimiento,unknown,terrestrial indet.,Puercolestes simpsoni
m1,4.58,4.42,45.9,39.7,-90.0,47.38,Uinta,unknown,terrestrial indet.,Thisbemys uintensis
P4,1.547,1.695,23.1,18.5,-90.01,47.22,Harrison,unknown,terrestrial indet.,Hitonkala macdonaldtau
P3,2.8,1.9,66.0,63.4,-76.0,47.4,Nacimiento,unknown,terrestrial indet.,Puercolestes simpsoni
p4,2.5,2.8,23.1,18.5,-93.3,47.08,Harrison,unknown,terrestrial indet.,Sanctimus falkenbachi
m2,1.78,1.32,9.4,1.4,-83.09,41.51,unknown,unknown,terrestrial indet.,Pliophenacomys koenigswaldi
m3,3.5,2.4,16.3,15.5,-68.67,-43.88,Río Frias,tuff,fluvial indet.,Abderites meridionalis
m1,1.27,1.24,39.7,37.0,-86.94,56.36,Cypress Hills,unknown,terrestrial indet.,Protadjidaumo pauli
M1,5.25,4.11,72.2,66.0,-67.58,51.57,Laramie,sandstone,channel,Meniscoessus robustus
m1,1.47,1.05,16.3,12.5,-93.26,45.99,Valentine,sandstone,channel,Copemys longidens
Lower m3,70.0,0.0,2.58,0.0117,-69.21,9.93,unknown,claystone,marine indet.,Mixotoxodon larensis
P4,16.4,16.6,16.3,12.5,-89.33,33.57,Fleming,unknown,terrestrial indet.,Calippus proplacidus
M1,9.2,14.2,63.4,60.9,-79.23,50.21,North Horn,unknown,terrestrial indet.,Periptychus carinidens
P3,2.6,3.5,13.8,11.0,-71.59,4.05,unknown,claystone,terrestrial indet.,Cebupithecia sarmientoi
m1,24.0,17.0,16.3,12.5,-93.24,45.91,unknown,unknown,terrestrial indet.,Aepycamelus robustus
m2,11.3,6.6,17.5,16.3,-65.05,-17.94,Chucal,sandstone,floodplain,Altitypotherium paucidens
M3,4.7,5.7,51.1,45.9,-85.53,49.05,Bridger,unknown,terrestrial indet.,Antiacodon pygmaeus
m1,3.5,1.6,60.9,57.5,-76.45,53.23,unknown,unknown,terrestrial indet.,Prochetodon cavus
M3,46.5,46.4,51.1,45.9,-86.38,50.22,Bridger,unknown,terrestrial indet.,Telmatherium validus
m1,1.8386,2.1371,23.1,18.5,-90.01,47.22,Harrison,unknown,terrestrial indet.,Sanctimus stuartae
Lumbar vertebra,55.0,0.0,2.58,0.0117,-36.4,-8.52,unknown,unknown,terrestrial indet.,Macrauchenia patagonica
M1,1.194,1.884,12.5,9.4,-94.8,45.3,Ash Hollow,siliciclastic,channel,Parapliosaccomys hibbardi
M1,13.7,13.9,37.0,33.9,-89.99,35.83,unknown,unknown,terrestrial indet.,Toxotherium hunteri
m1,1.15,1.51,9.4,4.7,-115.06,43.35,Thousand Creek,unknown,terrestrial indet.,Cupidinimus magnus
m3,24.1,13.2,9.4,4.7,-85.14,32.17,unknown,unknown,marginal marine indet.,Prosthennops serus
m3,29.8,13.9,2.58,0.0117,-101.55,35.23,unknown,claystone,fluvial-lacustrine indet.,Equus conversidens
p4,0.0,2.5,13.8,11.0,-71.57,4.04,Villavieja,claystone,terrestrial indet.,Prodolichotis pridiana
Femur,82.5,0.0,13.8,11.0,-71.57,4.04,Villavieja,claystone,terrestrial indet.,Prodolichotis pridiana
m1,22.0,16.0,16.3,12.5,-112.26,45.14,Virgin Valley,unknown,terrestrial indet.,Hypohippus osborni
P4-M3 Alveolar,28.7,0.0,13.8,11.0,-71.59,4.05,Villavieja,claystone,terrestrial indet.,Drytomomys aequatorialis
m1,10.0,6.4,23.04,5.333,-97.71,24.98,unknown,unknown,terrestrial indet.,Aguascalientia wilsoni
i1,0.0,0.0,13.8,11.0,-71.59,4.05,Villavieja,claystone,terrestrial indet.,Drytomomys aequatorialis
Femur,0.0,0.0,13.8,11.0,-71.53,4.1,Villavieja,sandstone,terrestrial indet.,Magdalenabradys confusum
Metatarsal IV,0.0,0.0,13.8,11.0,-71.53,4.1,Villavieja,sandstone,terrestrial indet.,Magdalenabradys confusum
p4,6.8,2.6,37.0,33.9,-89.99,35.83,Capote Mountain Tuff,unknown,terrestrial indet.,Prohesperocyon wilsoni
Calcaneum Olecranon,0.0,0.0,13.8,11.0,-71.57,4.04,Villavieja,claystone,terrestrial indet.,Prodolichotis pridiana
Upper canine,0.0,0.0,13.8,11.0,-71.58,4.07,unknown,unknown,terrestrial indet.,Xenastrapotherium kraglievichi
m1,13.2,11.2,63.4,60.9,-73.65,56.02,Fort Union,unknown,terrestrial indet.,Pantolambda intermedius
M2,2.48,2.69,29.5,18.5,-91.48,47.23,unknown,unknown,terrestrial indet.,Campestrallomys siouxensis
M2,5.5,2.8,60.9,57.5,-75.51,53.47,Fort Union,siliciclastic,fluvial-lacustrine indet.,Protictis agastor
Width of the left maxillary fenestra,0.0,0.86,29.0,21.0,-60.44,-16.79,Salla Beds,tuff,terrestrial indet.,Evolestes hadrommatos
m1,0.78,0.72,16.3,12.5,-109.76,46.69,Deer Butte,unknown,terrestrial indet.,Leptodontomys quartzi
M2,8.5,12.4,57.5,56.0,-78.79,52.74,unknown,unknown,terrestrial indet.,Azygonyx ancylion
m1,2.6556,2.9111,37.0,33.9,-94.07,52.71,unknown,unknown,terrestrial indet.,Eumys elegans
M2,10.675,13.675,37.0,33.9,-91.37,55.94,Cypress Hills,unknown,terrestrial indet.,Mesohippus westoni
P2,19.0,24.0,2.58,0.0117,-97.56,35.28,unknown,gravel,terrestrial indet.,Tapirus (Helicotapirus) haysii
m2,0.83,0.91,18.5,16.3,-75.25,32.13,Alachua,sandstone,terrestrial indet.,Proheteromys floridanus
M1,8.1,5.7,37.0,33.9,-89.99,35.83,Capote Mountain Tuff,unknown,terrestrial indet.,Hyaenodon raineyi
p4,1.6,1.0,60.9,57.5,-74.95,51.73,Fort Union,unknown,terrestrial indet.,Ignacius frugivorus
m3,1.64,1.49,39.7,37.0,-86.94,56.36,Cypress Hills,unknown,terrestrial indet.,Microparamys nimius
radius,53.4,0.0,51.1,45.9,-86.55,48.87,Bridger,mudstone,terrestrial indet.,Dawsonicyon isami
M3,1.71,1.39,4.7,1.4,-120.61,38.49,Tassajara,unknown,terrestrial indet.,Repomys maxumi
p4,19.0,8.0,2.245,1.8,10.39,43.76,unknown,unknown,fluvial indet.,Megantereon cultridens
m1,10.3,6.2,17.5,16.3,-65.05,-17.94,Chucal,sandstone,floodplain,Altitypotherium chucalensis
m2,1.1667,1.0667,57.5,56.0,-78.79,52.74,unknown,unknown,terrestrial indet.,Ectypodus powelli
m1,39.0,27.0,39.7,37.0,-100.3,38.92,Sespe,unknown,terrestrial indet.,Duchesneodus uintensis
M2,4.11,5.84,51.1,45.9,-87.37,48.83,Bridger,unknown,terrestrial indet.,Hyopsodus paulus
skull,1380.0,736.0,11.63,7.246,10.56,53.68,Gram,claystone,marine indet.,Uranocetus gramensis
m1,1.23,0.98,12.5,9.4,-94.78,41.74,Ogallala,sandstone,channel,Parydrosorex concisus
P4,13.8,10.9,4.7,1.4,-80.72,27.53,Caloosahatchee,unknown,terrestrial indet.,Hemiauchenia gracilis
Lower p4 Trigonid,12.0,14.0,2.58,0.0117,-69.21,9.93,unknown,claystone,terrestrial indet.,Mixotoxodon larensis
m1,3.6,3.5,45.9,39.7,-98.28,39.4,Sespe,unknown,terrestrial indet.,Eohaplomys tradux
m2,6.5,6.5,9.4,3.6,-80.31,28.54,Peace River,sandstone,marginal marine indet.,Enhydritherium terraenovae
p4,3.13,1.73,21.0,17.5,-62.19,-42.83,Sarmiento,mudstone,paralic indet.,Eoviscaccia australis
m1,7.267,4.426,72.2,66.0,-69.36,53.29,Ferris,unknown,terrestrial indet.,Meniscoessus seminoensis
M1,2.75,3.69,45.9,39.7,-86.48,36.39,Devil's Graveyard,unknown,terrestrial indet.,Diablomomys dalquesti
M1,2.23,1.53,9.4,4.7,-98.19,23.07,Rancho Viejo Beds,claystone,channel,Prosigmodon ferrusquiai
m1,2.91,1.4,9.4,1.4,-83.09,41.51,unknown,unknown,terrestrial indet.,Pliophenacomys koenigswaldi
m1,1.3,1.0,60.9,57.5,-77.27,55.0,Fort Union,unknown,terrestrial indet.,Leptacodon munusculum
P4,2.33,3.93,37.0,33.9,-91.37,55.94,Cypress Hills,unknown,terrestrial indet.,Megalagus brachyodon
M2,16.3,16.35,4.7,1.4,-99.84,33.43,unknown,sandstone,fluvial indet.,Nannippus beckensis
m1,1.703,1.697,33.9,31.8,-91.61,49.36,unknown,siltstone,lacustrine - small,Altasciurus relictus
Lower M1-4/P1-3,1.5,0.0,56.0,48.07,-28.6,-27.29,Itaboraí,marl,fissure fill,Patene simpsoni
p4,3.2,2.6,56.0,51.1,-80.94,52.67,Willwood,wackestone,wet floodplain,Cantius mckennai
m3,1.02,0.84,12.5,9.4,-111.49,46.16,Juntura,unknown,terrestrial indet.,Copemys dentalis
i3,6.7,5.1,51.1,45.9,-87.11,48.99,Bridger,unknown,terrestrial indet.,Trogosus gazini
M2,1.11,1.81,2.58,1.8,-81.93,29.34,unknown,unknown,terrestrial indet.,Orthogeomys propinetis
Skull,0.0,0.0,13.8,11.0,-71.6,3.99,La Victoria,claystone,terrestrial indet.,Boreostemma acostae
M3,22.1,19.3,9.4,4.7,-85.14,32.17,unknown,unknown,marginal marine indet.,Synthetoceras davisorum
m2,1.8,1.54,9.4,4.7,-109.42,40.73,Sevier,siltstone,terrestrial indet.,Basirepomys robertsi
P4,1.29,1.45,24.7,23.1,-95.79,54.96,Cypress Hills,unknown,terrestrial indet.,Hitonkala macdonaldtau
m5,19.0,9.0,11.63,5.333,-55.19,-34.48,Camacho,sandstone,alluvial fan,Pseudoplohophorus absolutus
P4,5.9,6.9,17.5,16.3,-65.05,-17.94,Chucal,sandstone,floodplain,Altitypotherium chucalensis
m1,3.6,3.3,51.1,45.9,-87.38,49.45,Bridger,unknown,terrestrial indet.,Thisbemys corrugatus
Lower m2,2.93,2.63,13.8,11.0,-71.59,4.05,unknown,sandstone,terrestrial indet.,Neosaimiri fieldsi
Tibia,0.0,41.1,13.8,11.0,-71.59,4.07,unknown,claystone,terrestrial indet.,Magdalenabradys confusum
m2,22.8,17.1,23.04,20.45,-84.46,34.75,Fleming,conglomerate,coarse channel fill,Nexuotapirus marslandensis
m3,2.6,1.5,56.0,51.1,-83.02,50.9,Wasatch,mudstone,terrestrial indet.,Loveina sheai
m1,3.4,3.3,51.1,45.9,-87.38,49.45,Bridger,unknown,terrestrial indet.,Thisbemys corrugatus
skull,960.0,400.0,41.03,37.71,32.86,18.52,Giushi,limestone,open shallow subtidal,Eocetus schweinfurthi
m1,59.2,33.2,45.9,39.7,-90.57,40.64,Baca,unknown,terrestrial indet.,Protitanotherium emarginatum
Lower i2,1.38,2.0,13.8,11.0,-70.96,4.43,La Victoria,unknown,terrestrial indet.,Lagonimico conclucatus
M2,1.43,1.37,9.4,4.7,-105.37,30.85,unknown,unknown,terrestrial indet.,Prosigmodon oroscoi
M2,7.0,7.0,23.1,18.5,-93.3,47.08,Marsland,unknown,terrestrial indet.,Pseudoblastomeryx advena
humerus,850.0,0.0,33.9,23.04,70.82,15.52,unknown,unknown,terrestrial indet.,Baluchitherium osborni
m1,2.31,1.59,1.4,0.21,-82.29,29.18,unknown,sandstone,sinkhole,Sigmodon curtisi
m1,8.4,4.3,12.5,9.4,-93.37,31.18,Goliad,unknown,terrestrial indet.,Pseudoceras skinneri
M1,9.4,11.2,56.0,51.1,-79.47,50.76,Wind River,unknown,terrestrial indet.,Machaeroides simpsoni
P4,16.9,6.9,1.4,0.21,-101.99,22.04,Tacubaya,unknown,terrestrial indet.,Canis cedazoensis
Palatal at M4,0.0,24.8,11.63,5.333,-55.13,-34.57,Camacho,mudstone,fluvial-deltaic indet.,Lestobradys sprechmanni
Calcaneum,12.8,0.0,13.8,11.0,-71.59,4.05,Villavieja,claystone,terrestrial indet.,Drytomomys aequatorialis
p3,4.0,2.8,51.1,45.9,-86.97,49.35,Bridger,tuff,fluvial indet.,Notharctus robinsoni
M3,8.0,7.9,13.8,11.0,-71.62,4.01,Villavieja,unknown,terrestrial indet.,Hondadelphys fieldsi
m1,4.0,2.8,51.1,45.9,-85.53,49.05,Bridger,unknown,terrestrial indet.,Microsus cuspidatus
m1,1.65,1.61,37.0,31.8,-95.81,47.48,unknown,unknown,terrestrial indet.,Paradjidaumo trilophus
P4,15.0,18.3,12.5,9.4,-96.58,45.94,unknown,unknown,terrestrial indet.,Pseudhipparion gratum
p4,21.5,10.8,9.4,4.7,-97.13,37.75,unknown,unknown,terrestrial indet.,Neohipparion eurystyle
P4,28.6,22.8,11.63,7.246,-111.61,38.23,Chanac,unknown,terrestrial indet.,Dinohippus leardi
Humerus,74.5,0.0,13.8,11.0,-71.57,4.04,Villavieja,claystone,terrestrial indet.,Prodolichotis pridiana
m2,3.45,3.27,60.9,57.5,-76.03,53.78,Fort Union,unknown,terrestrial indet.,Plesiadapis fodinatus
Lower m3,0.0,55.0,2.58,0.0117,-69.21,9.93,unknown,claystone,terrestrial indet.,Mixotoxodon larensis
m1,2.34,2.05,57.5,56.0,-78.79,52.74,Willwood,unknown,terrestrial indet.,Dillerlemur pagei
Lower p4,2.38,0.0,13.8,11.0,-70.96,4.43,La Victoria,unknown,terrestrial indet.,Lagonimico conclucatus
Depth masseteric fossa,0.0,0.0,3.6,0.774,-62.8,9.96,Mesa,tar,terrestrial indet.,Xenosmilus venezuelensis
M1,3.6,6.4,31.8,18.5,-106.6,37.84,Sespe,claystone,terrestrial indet.,Hoplophoneus cerebralis
m2,17.85,14.35,27.3,23.04,-71.97,33.01,Parachucla,sandstone,marginal marine indet.,Mesoreodon floridensis
Mandibular ramus,197.0,0.0,2.58,0.0117,-72.38,6.39,Soatá,siltstone,terrestrial indet.,Notiomastodon platensis
M2,7.4,8.9,63.4,60.9,-79.23,50.21,North Horn,unknown,terrestrial indet.,Conoryctella dragonensis
p4,2.26,2.03,56.0,51.1,-79.86,52.19,Willwood,unknown,terrestrial indet.,Franimys amherstensis
M3,20.6,18.8,1.4,0.21,-99.14,33.99,Seymour,unknown,terrestrial indet.,Platygonus vetus
m1,2.55,2.54,37.0,33.9,-86.47,46.45,White River,unknown,terrestrial indet.,Centimanomys major
P4,1.8,2.3,56.0,51.1,-82.33,43.51,San Jose,unknown,terrestrial indet.,Jemezius szalayi
m1,8.5,5.8,51.1,45.9,-86.38,50.22,Bridger,unknown,terrestrial indet.,Helohyus plicodon
m2,0.98,1.4,16.3,12.5,-104.9,49.7,Madison Valley,sandstone,channel,Parapliosaccomys annae
m1,2.0,1.6,16.3,12.5,-94.07,46.05,Valentine,unknown,terrestrial indet.,Hesperolagomys niobrarensis
m1,19.7,9.0,1.4,0.21,-78.33,39.84,unknown,unknown,cave,Ursus americanus
m1,13.8,10.6667,20.45,13.82,-68.39,40.19,Calvert,claystone,transition zone/lower shoreface,Stirtonhyus xiphodonticus
P1,6.2,2.9,13.8,11.0,-62.62,-21.44,unknown,claystone,fluvial indet.,Acyon myctoderos
M1,10.8,7.6,9.4,4.7,-115.41,36.19,Peace Valley Beds,sandstone,fluvial indet.,Ottoceros peacevalleyensis
m2,11.0,6.3,12.5,9.4,-112.99,38.09,Avawatz,unknown,terrestrial indet.,Cosoryx (Subcosoryx) cerroensis
m3,4.0,1.3,37.0,33.9,-86.26,48.45,Chadron,siltstone,terrestrial indet.,Hypisodus paululus
M3,10.2,12.4,37.0,33.9,-87.35,47.77,Chadron,siltstone,terrestrial indet.,Pseudoprotoceras longinaris
M3,1.47,1.61,9.4,4.7,-109.92,44.95,Starlight,claystone,fluvial-lacustrine indet.,Paratamias tarassus
Lower m2,4.65,4.17,13.8,11.0,-71.53,4.1,Villavieja,unknown,terrestrial indet.,Rhodanodolichotis vucetichae
m1,19.5,13.1,51.1,45.9,-85.65,49.81,Bridger,unknown,terrestrial indet.,Hyrachyus eximius
m2,2.83,1.7271,1.4,0.21,-116.58,34.09,San Timoteo,unknown,terrestrial indet.,Neotoma fuscipes
m1,13.7,6.0,29.5,18.5,-106.58,38.5,Tecuya,unknown,terrestrial indet.,Daphoenus ruber
M1,9.7,16.5,37.0,33.9,-89.99,35.83,unknown,unknown,terrestrial indet.,Brachyrhynchocyon dodgei
M3,1.1,1.3,60.9,57.5,-78.13,60.96,Paskapoo,siltstone,fluvial-lacustrine indet.,Picrodus canpacius
M1,6.9,8.1,51.1,45.9,-87.38,49.45,Bridger,unknown,terrestrial indet.,Orohippus pumilus
p4,2.0,2.4,29.5,18.5,-92.48,48.02,unknown,unknown,terrestrial indet.,Florentiamys kingi
m1,17.2,11.9,12.5,9.4,-95.57,45.5,Valentine,unknown,terrestrial indet.,Cranioceras unicornis
M2,1.96,2.85,60.9,57.5,-66.51,56.07,Ravenscrag,sandstone,alluvial fan,Ignacius frugivorus
P4,10.5,10.1,16.3,12.5,-93.28,46.01,Valentine,unknown,terrestrial indet.,Arctonasua gracilis
Metacarpal II,65.0,0.0,13.8,11.0,-71.59,4.07,unknown,claystone,terrestrial indet.,Magdalenabradys confusum
M1,23.0,23.0667,23.04,20.45,-84.46,34.75,Fleming,conglomerate,coarse channel fill,Arretotherium acridens
m1,1.1,2.4,1.4,0.21,-97.21,38.53,unknown,unknown,terrestrial indet.,Geomys bursarius
M1,10.4,11.58,4.7,1.4,-99.15,37.91,Rexroad,unknown,terrestrial indet.,Procyon rexroadensis
M2,29.5,22.6,16.3,12.5,-112.28,36.9,Caliente,unknown,terrestrial indet.,Cuyamacamelus jamesi
M1,1.52,2.84,4.7,0.21,-108.48,33.37,Gila Conglomerate,siltstone,fluvial indet.,Cratogeomys sansimonensis
p2,1.9,1.2,60.9,57.5,-75.47,53.42,Fort Union,unknown,terrestrial indet.,Amelotabes simpsoni
p4,1.5,0.9,60.9,57.5,-78.5,46.09,unknown,shale,fissure fill,Navajovius kohlhaasae
m1,1.7,1.7,45.9,39.7,-89.82,47.22,Uinta,unknown,terrestrial indet.,Pareumys grangeri
M2,1.92,2.057,33.9,31.8,-91.61,49.36,unknown,siltstone,lacustrine - small,Domnina gradata
m1,1.16,0.7,56.0,51.1,-78.54,51.42,unknown,unknown,terrestrial indet.,Dryomomys willwoodensis
M4,5.0,8.2,13.8,11.0,-71.62,4.01,Villavieja,unknown,terrestrial indet.,Hondadelphys fieldsi
Astragalus head,0.0,0.0,13.8,11.0,-71.57,4.04,Villavieja,claystone,terrestrial indet.,Prodolichotis pridiana
m1,20.0,9.5,2.245,1.8,10.39,43.76,unknown,unknown,fluvial indet.,Megantereon cultridens
M1,1.14,1.69,16.3,12.5,-104.9,49.7,Madison Valley,sandstone,channel,Parapliosaccomys annae
m1,2.0,1.6,51.1,45.9,-87.38,49.45,Bridger,unknown,terrestrial indet.,Uintanius rutherfurdi
m1,7.5,5.3,60.9,57.5,-79.81,51.07,Evanston,siliciclastic,terrestrial indet.,Chriacus pelvidens
m1,2.77,1.26,72.2,66.0,-65.43,58.44,Hell Creek,sandstone,terrestrial indet.,Mesodma thompsoni
m3,5.21,3.24,60.9,57.5,-76.03,53.78,Fort Union,unknown,terrestrial indet.,Plesiadapis fodinatus
Lower M1-4,21.0,0.0,56.0,48.07,-28.6,-27.29,Itaboraí,marl,fissure fill,Protodidelphis vanzolinii
m1,4.9,3.2,56.0,51.1,-79.64,51.58,Willwood,mudstone,terrestrial indet.,Miacis deutschi
Lower m2,3.1,0.0,13.8,11.0,-71.53,4.1,Villavieja,unknown,terrestrial indet.,Ricardomys longidens
p4,0.0,2.8,13.8,11.0,-71.57,4.04,Villavieja,claystone,terrestrial indet.,Prodolichotis pridiana
M1 or M2,1.63,1.47,21.0,17.5,-65.57,-45.09,Sarmiento,unknown,terrestrial indet.,Galileomys antelucanus
m2,2.0,2.05,15.5,13.8,-67.65,-39.73,Collón Cura,tuff,terrestrial indet.,Protacaremys denisae
P4,1.8,2.02,18.5,16.3,-100.39,47.45,Arikaree,unknown,eolian indet.,Harrymys irvini
m2,7.6,5.0,72.2,66.0,-65.92,53.69,Lance,shale,terrestrial indet.,Meniscoessus robustus
m3,2.03,1.37,1.4,0.21,-82.19,29.85,unknown,unknown,terrestrial indet.,Synaptomys morgani
P4,21.3,24.3,2.58,0.774,-81.8,30.02,unknown,unknown,terrestrial indet.,Tapirus (Helicotapirus) lundeliusi
M2,24.42,16.57,12.5,9.4,-107.51,38.12,Milk Creek,unknown,terrestrial indet.,Protolabis yavapaiensis
M3,7.9,7.9,13.8,11.0,-71.62,4.01,Villavieja,unknown,terrestrial indet.,Hondadelphys fieldsi
m2,3.8,2.6,66.0,63.4,-75.76,47.36,Nacimiento,unknown,terrestrial indet.,Puercolestes simpsoni
humerus,246.0,0.0,11.63,7.246,10.56,53.68,Gram,claystone,marine indet.,Uranocetus gramensis
M3,18.0,13.0,18.5,16.3,-111.3,39.82,Kramer Beds,claystone,fluvial indet.,Merychyus minimus
Astragalus,0.0,0.0,2.58,0.0117,-37.75,-10.31,unknown,unknown,terrestrial indet.,Eremotherium laurillardi
P3,25.8,25.9,2.58,0.0117,-101.55,35.23,unknown,claystone,fluvial-lacustrine indet.,Equus conversidens
M1,2.1,5.8,45.9,39.7,-90.05,47.36,Uinta,unknown,terrestrial indet.,Mytonolagus petersoni
p4,2.6,1.95,56.0,51.1,-80.53,51.98,Willwood,unknown,fluvial-lacustrine indet.,Steinius annectens
M3,8.6,11.0,45.9,39.7,-90.0,47.38,Uinta,unknown,terrestrial indet.,Leptoreodon marshi
Radius head,0.0,0.0,13.8,11.0,-71.57,4.04,Villavieja,claystone,terrestrial indet.,Prodolichotis pridiana
p4,5.67,2.21,72.2,66.0,-67.58,51.57,Laramie,sandstone,channel,Meniscoessus robustus
M2,2.4,3.7,4.7,1.4,-104.18,32.26,Fort Hancock,unknown,terrestrial indet.,Spermophilus mcgheei
Phalanx III,10.8,0.0,13.8,11.0,-71.59,4.05,Villavieja,claystone,terrestrial indet.,Drytomomys aequatorialis
Femur,0.0,2.26,2.58,0.0,-56.37,-21.1,unknown,claystone,cave,Panthera onca
M1,20.1,21.5,16.3,12.5,-93.24,45.91,Valentine,unknown,terrestrial indet.,Protohippus perditus
m1,31.0,0.0,3.6,0.774,-62.8,9.96,Mesa,tar,terrestrial indet.,Xenosmilus venezuelensis
Tibia,0.0,64.4,13.8,11.0,-71.59,4.06,La Victoria,claystone,terrestrial indet.,Magdalenabradys confusum
DP4,4.6,3.5,13.8,11.0,-71.59,4.05,Villavieja,claystone,terrestrial indet.,Scleromys colombianus
m1,3.8,1.9,72.2,66.0,-69.37,53.27,Ferris,unknown,terrestrial indet.,Cimolodon nitidus
M1,1.05,2.13,4.7,1.4,-110.85,35.58,Verde,mudstone,terrestrial indet.,Nerterogeomys minor
m1,191.0,79.5,1.4,0.21,-121.51,37.76,unknown,unknown,terrestrial indet.,Mammuthus columbi
P4,3.45,4.1,9.4,4.7,-113.61,45.35,Chalk Butte,unknown,terrestrial indet.,Dipoides vallicula
P4,4.1,2.6,72.2,66.0,-66.02,53.68,Lance,sandstone,terrestrial indet.,Meniscoessus robustus
m1,4.3433,4.9233,12.5,9.4,-94.8,45.3,Ash Hollow,siliciclastic,channel,Dipoides tanneri
m1,1.9,1.14,4.7,1.4,-107.03,29.68,unknown,unknown,terrestrial indet.,Calomys (Bensonomys) baskini
skull,623.0,316.0,27.3,23.04,-110.24,49.14,Yaquina,sandstone,marine indet.,Aetiocetus cotylalveus
m1,6.1,4.4,45.9,39.7,-90.05,47.36,Uinta,unknown,terrestrial indet.,Auxontodon pattersoni
Distal tibia,16.5,0.0,13.8,11.0,-71.58,4.02,Villavieja,claystone,fluvial indet.,Neosaimiri annectens
Lower m1,0.0,2.0,13.8,11.0,-71.53,4.1,Villavieja,unknown,terrestrial indet.,Ricardomys longidens
m2,4.47,3.97,56.0,51.1,-80.68,50.99,Wind River,unknown,terrestrial indet.,Diacodexis kelleyi
M2,7.8,8.9,9.4,4.7,-105.37,30.85,unknown,unknown,terrestrial indet.,Paenemarmota mexicana
M3,4.0,5.9,60.9,57.5,-79.81,51.07,Evanston,siliciclastic,terrestrial indet.,Tricentes subtrigonus
Femur,503.0,0.0,13.8,11.0,-71.53,4.1,Villavieja,sandstone,terrestrial indet.,Magdalenabradys confusum
m1,8.8,6.4,56.0,51.1,-80.94,52.71,Willwood,unknown,terrestrial indet.,Cardiolophus radinskyi
M1 o 2,6.5,6.85,15.5,13.8,-67.65,-39.73,Collón Cura,tuff,terrestrial indet.,Neosteiromys tordillense
m1,1.65,1.1633,16.3,12.5,-109.76,46.69,Deer Butte,unknown,terrestrial indet.,Mystipterus pacificus
M1,1.3667,2.4167,16.3,12.5,-104.57,47.65,Colter,unknown,terrestrial indet.,Oreolagus colteri
Ulna,0.0,11.9,13.8,11.0,-71.59,4.05,Villavieja,claystone,terrestrial indet.,Drytomomys aequatorialis
Mandibular thickness at m1,0.0,18.2,3.6,0.774,-62.8,9.96,Mesa,tar,terrestrial indet.,Xenosmilus venezuelensis
M2,1.68,1.76,9.4,4.7,-105.37,30.85,unknown,unknown,terrestrial indet.,Prosigmodon chihuahuensis
Infraorbital foramen,0.0,0.0,13.8,11.0,-70.96,4.43,La Victoria,unknown,terrestrial indet.,Potamops mascahehenes
Atlas vertebra,0.0,0.0,13.8,11.0,-71.62,4.01,Villavieja,unknown,terrestrial indet.,Hondadelphys fieldsi
Proximal phalanx III,14.2,0.0,13.8,11.0,-71.57,4.04,Villavieja,claystone,terrestrial indet.,Prodolichotis pridiana
M3,0.85,0.856,9.4,4.7,-107.29,37.9,Bidahochi,unknown,terrestrial indet.,Calomys (Bensonomys) gidleyi
Scute 25,24.0,0.0,15.98,11.63,-60.66,9.5,Santa Ines,unknown,terrestrial indet.,Boreostemma venezolensis
m1,3.39,2.53,56.0,51.1,-80.09,51.71,Willwood,unknown,terrestrial indet.,Microsyops angustidens
M2,2.26,1.29,1.4,0.21,-82.19,29.85,unknown,unknown,terrestrial indet.,Synaptomys morgani
humerus,196.0,0.0,31.8,29.5,-87.22,48.58,Brule,sandstone,fluvial indet.,Miohippus gidleyi
m2,5.1,3.9,51.1,45.9,-85.53,49.05,Bridger,unknown,terrestrial indet.,Antiacodon pygmaeus
P4,7.7,10.7,57.5,56.0,-78.79,52.74,unknown,unknown,terrestrial indet.,Azygonyx ancylion
m3,2.67,1.47,60.9,57.5,-66.51,56.07,Ravenscrag,sandstone,alluvial fan,Ignacius frugivorus
m2,9.7,9.4,60.9,57.5,-77.42,52.51,Fort Union,unknown,terrestrial indet.,Catopsalis calgariensis
M1,1.54,1.0,12.5,9.4,-111.49,46.16,Juntura,unknown,terrestrial indet.,Copemys dentalis
M1,13.0,17.0,12.5,9.4,-96.17,37.73,Clarendon Beds,claystone,floodplain,Pseudhipparion hessei
M1,6.3333,7.0333,4.7,1.4,-116.59,43.67,unknown,unknown,terrestrial indet.,Castor californicus
m1,32.6,14.1,9.4,4.7,-98.33,38.58,Ogallala,unknown,terrestrial indet.,Amphimachairodus coloradensis
m2,13.1,11.6,2.58,0.0,-72.44,-10.88,unknown,conglomerate,fluvial indet.,Pecari tajacu
m3,2.41,1.83,60.9,57.5,-79.72,51.28,Wasatch,unknown,terrestrial indet.,Palaeoryctes cruoris
M3,8.8,11.1,56.0,51.1,-81.07,52.21,Willwood,unknown,terrestrial indet.,Cardiolophus radinskyi
m2,1.595,1.59,4.7,1.4,-111.51,35.31,Verde,unknown,terrestrial indet.,Sigmodon minor
m3,1.39,0.99,4.7,1.4,-99.15,37.91,Rexroad,unknown,terrestrial indet.,Symmetrodontomys simplicidens
m1,4.44,1.87,66.0,63.4,-67.64,57.54,Fort Union,sandstone,coarse channel fill,Stygimys kuszmauli
M2,3.0,3.7,56.0,51.1,-79.64,51.58,Willwood,mudstone,terrestrial indet.,Mimoperadectes labrus
Femur Shaft,0.0,134.1,13.8,11.0,-71.53,4.1,Villavieja,sandstone,terrestrial indet.,Magdalenabradys confusum
Tibia Head,0.0,0.0,13.8,11.0,-71.59,4.05,Villavieja,claystone,terrestrial indet.,Drytomomys aequatorialis
m1,1.6,1.7,33.9,31.8,-95.92,53.11,unknown,unknown,terrestrial indet.,Altasciurus relictus
Jaw at m1,0.0,0.0,13.8,11.0,-71.53,4.1,Villavieja,unknown,terrestrial indet.,Ricardomys longidens
M1,10.7,10.8,29.5,18.5,-106.02,38.05,Tick Canyon,siltstone,fluvial indet.,Merychyus calaminthus
M1,2.45,4.03,63.4,60.9,-73.72,54.42,unknown,unknown,terrestrial indet.,Pronothodectes jepi
m1,12.4,10.0,2.58,0.0,-72.44,-10.88,unknown,conglomerate,fluvial indet.,Pecari tajacu
Upper C root,0.0,0.0,13.8,11.0,-71.59,4.05,unknown,claystone,terrestrial indet.,Cebupithecia sarmientoi
m1,3.02,1.12,1.4,0.21,-105.33,39.55,unknown,unknown,terrestrial indet.,Microtus meadensis
Upper M1-4,19.2,0.0,56.0,48.07,-28.6,-27.29,Itaboraí,marl,fissure fill,Protodidelphis vanzolinii
P4,1.6,3.5,29.5,18.5,-106.02,38.05,Tick Canyon,siltstone,fluvial indet.,Archaeolagus acaricolus
M1,1.145,1.7488,12.5,9.4,-112.99,38.09,Avawatz,unknown,terrestrial indet.,Phelosaccomys shotwelli
M3,9.4,12.1,45.9,39.7,-87.18,50.06,Tepee Trail,unknown,terrestrial indet.,Epihippus gracilis
P4,7.7,7.7,16.3,12.5,-96.7,44.18,Pawnee Creek Beds,unknown,terrestrial indet.,Leptarctus primus
m3,1.73,1.49,9.4,4.7,-109.42,40.73,Sevier,siltstone,terrestrial indet.,Basirepomys robertsi
M3,18.3,16.5,2.58,0.0,-72.44,-10.88,unknown,conglomerate,fluvial indet.,Tayassu pecari
M1,1.4,2.0,60.9,57.5,-78.5,46.09,unknown,shale,fissure fill,Navajovius kohlhaasae
Upper M2,54.0,51.0,13.8,11.0,-71.59,4.07,unknown,claystone,terrestrial indet.,Huilatherium pluripicatum
m1,11.4,5.2,37.0,33.9,-95.21,52.63,Renova,claystone,terrestrial indet.,Brachyrhynchocyon montanus
M1,4.2,2.3,72.2,66.0,-65.92,53.69,Lance,shale,terrestrial indet.,Cimolodon nitidus
m2,2.8,1.9,66.0,63.4,-75.98,47.36,unknown,unknown,terrestrial indet.,Chacomylus sladei
P4,1.24,1.27,16.3,12.5,-104.9,49.7,Madison Valley,sandstone,channel,Mookomys thrinax
p4,5.29,2.52,51.1,45.9,-86.55,48.87,Bridger,mudstone,terrestrial indet.,Dawsonicyon isami
m1,7.4,5.9,57.5,56.0,-81.76,50.15,Wasatch,claystone,terrestrial indet.,Thryptacodon pseudarctos
m2,7.8,5.35,51.1,45.9,-87.38,49.45,Bridger,unknown,terrestrial indet.,Orohippus pumilus
p3,13.1,7.7,9.4,4.7,-98.33,38.58,Ogallala,unknown,terrestrial indet.,Pediomeryx hemphillensis
m2,12.1,5.8,17.5,16.3,-65.05,-17.94,Chucal,sandstone,floodplain,Altitypotherium chucalensis
m2,3.75,3.52,60.9,57.5,-66.51,56.07,Ravenscrag,sandstone,alluvial fan,Plesiadapis churchilli
m1,5.2,1.95,4.7,1.4,-99.84,33.43,unknown,sandstone,fluvial indet.,Buisnictis breviramus
m2,6.36,4.95,60.9,57.5,-75.51,53.47,Fort Union,siliciclastic,fluvial-lacustrine indet.,Ectocion cedrus
m1,10.0,8.0,57.5,56.0,-78.79,52.74,unknown,unknown,terrestrial indet.,Azygonyx grangeri
m1,17.3,6.2,9.4,4.7,-98.52,41.18,unknown,unknown,terrestrial indet.,Eucyon davisi
M1,1.45,3.95,18.5,16.3,-93.54,47.05,Rosebud,conglomerate,coarse channel fill,Gripholagomys lavocati
m1,7.0333,5.8333,51.1,45.9,-82.61,44.55,Huerfano,unknown,terrestrial indet.,Bunophorus sinclairi
Depth tip of coronoid process to inferior margin of ramus,0.0,0.0,2.58,0.0,-72.52,-8.76,unknown,conglomerate,fluvial indet.,Tayassu pecari
M1,4.07,5.67,60.9,57.5,-78.13,60.96,Paskapoo,siltstone,fluvial-lacustrine indet.,Litomylus grandaletes
p4,1.5,1.35,56.0,51.1,-80.45,52.02,Willwood,unknown,fluvial-lacustrine indet.,Tatmanius szalayi
m1,14.9,11.2,51.1,45.9,-92.12,47.29,Sheep Pass,limestone,lacustrine - small,Hyrachyus modestus
m1,2.08,1.3133,23.1,18.5,-90.01,47.22,Harrison,unknown,terrestrial indet.,Parvericius voorhiesi
m1,3.6,2.8,45.9,39.7,-89.34,47.17,Uinta,unknown,terrestrial indet.,Chipetaia lamporea
Total length of lower tooth row,87.9,0.0,2.58,0.0,-72.52,-8.76,unknown,conglomerate,fluvial indet.,Tayassu pecari
m2,1.78,1.41,9.4,4.7,-109.42,40.73,Sevier,siltstone,terrestrial indet.,Basirepomys robertsi
Distance between left and right upper P4 between postero-lingual margin of firs,0.0,11.3,11.63,7.246,-65.5,-9.7,Solimões,claystone,fluvial-lacustrine indet.,Neoepiblema horridula
m3,34.2,19.5,23.1,18.5,-93.37,47.1,Marsland,sandstone,channel,Menoceras arikarense
Lower p1,4.5,1.9,13.8,11.0,-71.55,4.09,La Victoria,sandstone,fluvial indet.,Hondadelphys fieldsi
M3,1.47,1.53,39.7,37.0,-88.5,36.09,unknown,unknown,terrestrial indet.,Microparamys perfossus
m1,1.1,1.4,9.4,4.7,-114.93,47.26,McKay,sandstone,pond,Oregonomys sargenti
Lower P4-M3 series,58.0,0.0,11.63,7.246,-65.5,-9.7,Solimões,claystone,fluvial-lacustrine indet.,Neoepiblema acreensis
m1,1.36,0.75,9.4,4.7,-98.19,23.07,Rancho Viejo Beds,claystone,channel,Calomys (Bensonomys) winklerorum
P4,6.4,0.0,17.5,16.3,-65.05,-17.94,Chucal,sandstone,floodplain,Altitypotherium chucalensis
m1,2.35,2.2,60.9,57.5,-76.47,54.83,unknown,unknown,terrestrial indet.,Nannodectes intermedius
m2,1.02,0.85,51.1,45.9,-92.12,47.29,Sheep Pass,limestone,lacustrine - small,Elymys complexus
M1,23.0,30.0,4.7,1.4,-99.15,37.91,Crooked Creek,unknown,terrestrial indet.,Plesippus simplicidens
m1,9.3,6.4,45.9,39.7,-87.18,50.06,Tepee Trail,unknown,terrestrial indet.,Epihippus gracilis
p3,10.5,8.5,51.1,45.9,-87.11,48.99,Bridger,unknown,terrestrial indet.,Trogosus gazini
M1,2.26,2.54,45.9,39.7,-85.58,35.54,Devil's Graveyard,unknown,terrestrial indet.,Prolapsus sibilatoris
M3,3.23,4.89,39.7,37.0,-87.58,35.26,Devil's Graveyard,unknown,terrestrial indet.,Mahgarita stevensi
M1,0.91,1.15,16.3,12.5,-104.9,49.7,Madison Valley,sandstone,channel,Perognathus ancenensis
m1,28.25,13.35,4.7,1.4,-100.53,35.6,unknown,sandstone,channel,Homotherium johnstoni
m1,27.8,18.2,45.9,39.7,-88.55,48.71,Washakie,unknown,terrestrial indet.,Amynodon advenus
M1,1.26,1.86,60.9,57.5,-66.51,56.07,Ravenscrag,sandstone,alluvial fan,Carpodaptes stonleyi
ulna,77.0,0.0,5.333,3.6,140.95,43.68,Horokaoshirarika,sandstone,marine indet.,Numataphocoena yamashitai
m1,1.87,1.18,4.7,1.4,-107.03,29.68,unknown,unknown,terrestrial indet.,Calomys (Bensonomys) baskini
M1,21.2,22.7,16.3,12.5,-92.91,45.99,Valentine,unknown,terrestrial indet.,Cormohipparion quinni
M1,1.95,2.5,15.5,13.8,-67.65,-39.73,Collón Cura,tuff,terrestrial indet.,Galileomys colloncurensis
M2,2.66,3.05,18.5,16.3,-75.25,32.13,Alachua,sandstone,terrestrial indet.,Petauristodon pattersoni
M2,15.0,15.0,56.0,37.71,107.78,42.72,Irdin Manha,unknown,terrestrial indet.,Desmatotherium mongoliense
M2,1.4333,1.7667,51.1,45.9,-87.05,47.75,Green River,sandstone,channel lag,Nyctitherium serotinum
p4,6.1,4.0,17.5,16.3,-65.05,-17.94,Chucal,sandstone,floodplain,Altitypotherium chucalensis
M1,8.6,9.4,18.5,16.3,-94.98,46.73,Runningwater,unknown,terrestrial indet.,Edaphocyon lautus
p4,3.8,3.3,51.1,45.9,-86.97,49.35,Bridger,tuff,fluvial indet.,Smilodectes mcgrewi
c,1.8,1.2,56.0,51.1,-7.41,73.41,Margaret,unknown,deltaic indet.,Arcticanodon dawsonae
P4,11.9,7.8,4.7,1.4,-99.15,37.91,Rexroad,unknown,terrestrial indet.,Trigonictis macrodon
M3,1.16,1.19,45.9,39.7,-86.48,36.39,Devil's Graveyard,unknown,terrestrial indet.,Pauromys texensis
M2,4.5,2.1,16.3,15.5,-68.67,-43.88,Río Frias,tuff,fluvial indet.,Abderites meridionalis
M2,1.89,1.72,23.1,18.5,-90.01,47.22,Harrison,unknown,terrestrial indet.,Paciculus nebraskensis
M1,2.8,3.8,66.0,63.4,-75.98,47.36,unknown,unknown,terrestrial indet.,Puercolestes simpsoni
M1,32.0,52.0,18.5,16.3,-95.06,46.14,Runningwater,unknown,terrestrial indet.,Menoceras barbouri
m1,9.6,6.2,37.0,33.9,-86.47,46.45,White River,unknown,terrestrial indet.,Poebrotherium eximium
DP4,3.0,1.57,21.0,17.5,-62.19,-42.83,Sarmiento,mudstone,paralic indet.,Eoviscaccia australis
m3,13.5,5.5,17.5,16.3,-65.05,-17.94,Chucal,sandstone,floodplain,Altitypotherium chucalensis
Distance between posterior margin of palatal suture and midpoint of ventral marg,87.0,0.0,11.63,7.246,-65.5,-9.7,Solimões,claystone,fluvial-lacustrine indet.,Neoepiblema horridula
M3,12.25,11.8,23.1,18.5,-72.16,33.14,unknown,unknown,terrestrial indet.,Nothokemas waldropi
M1,1.81,2.49,59.24,56.0,-77.04,53.09,Fort Union,siliciclastic,fluvial-lacustrine indet.,Carpodaptes jepseni
m1,7.7808,4.8962,16.3,12.5,-93.26,45.99,Valentine,sandstone,channel,Blastomeryx gemmifer
m1,17.3,10.6,18.5,16.3,-99.21,47.39,Arikaree,unknown,eolian indet.,Merychippus primus
Lower M1-4,7.0,0.0,56.0,48.07,-28.6,-27.29,Itaboraí,marl,fissure fill,Gaylordia macrocynodonta
P4,16.7,7.1,9.4,4.7,-98.52,41.18,unknown,unknown,terrestrial indet.,Eucyon davisi
m1,3.5,2.45,9.4,4.7,-94.37,44.58,unknown,unknown,terrestrial indet.,Hesperoscalops mcgrewi
Calcaneum,26.7,0.0,13.8,11.0,-71.57,4.04,Villavieja,claystone,terrestrial indet.,Prodolichotis pridiana
P4,1.4,1.7,56.0,51.1,-82.05,44.29,San Jose,unknown,terrestrial indet.,Leptacodon catulus
m1,28.0,15.2,1.4,0.21,-101.99,22.04,Tacubaya,unknown,terrestrial indet.,Arctodus pristinus
M2,5.1,5.0,18.5,16.3,-112.96,46.54,unknown,unknown,terrestrial indet.,Bassaricyonoides stewartae
M3,3.19,3.04,57.5,56.0,-78.79,52.74,unknown,unknown,terrestrial indet.,Franimys amherstensis
Mandibular M1,2.5,2.2,56.0,48.07,-28.6,-27.29,Itaboraí,marl,fissure fill,Procaroloameghinia pricei
Upper M3; Fourth lamina,10.2,4.5,11.63,7.246,-65.5,-9.7,Solimões,claystone,fluvial-lacustrine indet.,Neoepiblema horridula
M1,5.14,6.19,29.5,18.5,-71.63,31.26,unknown,claystone,fissure fill,Phlaocyon taylori
P4,1.95,2.36,51.1,45.9,-82.61,44.55,Huerfano,unknown,terrestrial indet.,Thisbemys elachistos
m2,1.41,1.24,24.7,23.1,-95.79,54.96,Cypress Hills,unknown,terrestrial indet.,Geringia gloveri
Jaw,311.0,0.0,13.8,11.0,-71.57,4.04,Villavieja,claystone,terrestrial indet.,Magdalenabradys confusum
Scaphoid,0.0,75.7,13.8,11.0,-71.57,4.04,Villavieja,claystone,terrestrial indet.,Magdalenabradys confusum
m1,21.3,9.9,4.7,1.4,-117.69,46.97,Ringold,unknown,terrestrial indet.,Plionarctos harroldorum
p4,4.6,3.5,16.3,12.5,-104.9,49.7,Madison Valley,sandstone,channel,Euroxenomys inconnexus
M1,3.1,1.55,9.4,4.7,-118.42,39.63,Garrity,unknown,terrestrial indet.,Pliotomodon primitivus
M1,5.3,6.8,37.0,33.9,-95.21,52.63,Renova,claystone,terrestrial indet.,Bathygenys alpha
M1,1.03,1.37,18.5,16.3,-111.27,37.93,Branch Canyon,unknown,terrestrial indet.,Proheteromys sulculus
P4,0.0,4.4,13.8,11.0,-71.57,4.04,Villavieja,claystone,terrestrial indet.,Prodolichotis pridiana
Lower m1,3.0,1.9,13.8,11.0,-71.6,4.07,Villavieja,mudstone,fluvial indet.,Notonycteris magdalenensis
m1,9.7,6.1,17.5,16.3,-65.05,-17.94,Chucal,sandstone,floodplain,Altitypotherium chucalensis
M1,21.4,25.0,31.8,29.5,-87.22,48.58,Sharps,unknown,terrestrial indet.,Hyracodon nebraskensis
m1 third lamina,0.0,14.5,11.63,2.58,-65.98,-7.53,unknown,unknown,terrestrial indet.,Phoberomys bordasi
M1,4.14,5.61,56.0,51.1,-82.33,43.51,San Jose,unknown,terrestrial indet.,Cantius frugivorus
p2,5.5,2.6,39.7,37.0,-98.62,37.74,Santiago,sandstone,channel,Lycophocyon hutchisoni
M3,3.06,3.28,1.4,0.21,-110.48,31.97,unknown,unknown,terrestrial indet.,Sciurus aberti
m1,1.38,0.8,1.4,0.21,-99.92,37.44,Crooked Creek,ash,terrestrial indet.,Sorex cudahyensis
m1,2.91,1.05,4.7,1.4,-99.15,37.91,Rexroad,unknown,terrestrial indet.,Pliophenacomys finneyi
m1,3.0333,1.96,4.7,1.4,-115.73,34.46,San Timoteo,unknown,terrestrial indet.,Neotoma fossilis
m3,5.73,3.72,56.0,51.1,-80.68,50.99,Wind River,unknown,terrestrial indet.,Diacodexis kelleyi
M1,8.0,12.5,16.3,12.5,-111.93,42.13,unknown,unknown,terrestrial indet.,Brachypsalis pachycephalus
M1,4.25,5.3,56.0,51.1,-80.68,50.99,Wind River,unknown,terrestrial indet.,Diacodexis kelleyi
Total length,230.0,0.0,3.6,0.774,-62.8,9.96,Mesa,tar,terrestrial indet.,Xenosmilus venezuelensis
P4,1.26,1.31,18.5,16.3,-111.3,39.82,Kramer Beds,claystone,fluvial indet.,Cupidinimus boronensis
p4,4.7,1.7,72.2,66.0,-65.92,53.69,Lance,shale,terrestrial indet.,Cimolomys gracilis
m1,7.8,6.7,56.0,51.1,-82.05,44.29,San Jose,unknown,terrestrial indet.,Esthonyx bisulcatus
Skull,195.05,0.0,13.8,11.0,-71.6,3.99,La Victoria,claystone,terrestrial indet.,Boreostemma acostae
p4,14.0,9.0,9.4,4.7,-98.52,41.18,unknown,unknown,terrestrial indet.,Plesiogulo marshalli
M1,10.0,5.1,66.0,63.4,-72.34,55.09,Fort Union,unknown,terrestrial indet.,Catopsalis alexanderi
m1,17.0,6.9,9.4,4.7,-78.85,29.0,unknown,unknown,marine indet.,Enhydritherium terraenovae
c1,10.9,7.7,48.07,41.03,74.19,11.51,Kuldana,conglomerate,fluvial indet.,Pakicetus inachus
M3,2.2445,2.7608,72.2,66.0,-65.32,60.38,Frenchman,sandstone,coarse channel fill,Nortedelphys jasoni
m2,2.07,1.39,1.4,0.21,-82.19,29.85,unknown,unknown,terrestrial indet.,Synaptomys morgani
M2,2.9,3.1,63.4,60.9,-76.53,46.43,Nacimiento,unknown,terrestrial indet.,Escavadodon zygus
M1,3.24,4.61,60.9,57.5,-76.03,53.78,Fort Union,unknown,terrestrial indet.,Plesiadapis fodinatus
m3,6.6,4.5,45.9,39.7,-98.28,39.4,Sespe,unknown,terrestrial indet.,Craseops sylvestris
humerus,176.0,0.0,31.8,29.5,-87.22,48.58,Brule,sandstone,fluvial indet.,Miohippus gidleyi
M2,7.4,8.6,4.7,1.4,-99.15,37.91,Rexroad,unknown,terrestrial indet.,Paenemarmota barbouri
upper dP4,7.25,7.63,13.8,11.0,-72.35,2.93,La Victoria,unknown,terrestrial indet.,Stirtonia victoriae
m1,12.5,5.6,9.4,4.7,-98.33,38.58,Ogallala,unknown,terrestrial indet.,Lynx proterolyncis
m1,2.4,1.1,63.4,60.9,-74.71,61.93,Paskapoo,unknown,fluvial indet.,Picrodus calgariensis
Plate,41.2,28.1,13.8,11.0,-71.58,4.07,La Victoria,claystone,terrestrial indet.,Boreostemma acostae
m2,2.4,1.6,8.0,5.0,-61.89,-36.93,Epecuén,siltstone,fluvial indet.,Thylatheridium hudsoni
p4,13.8,15.0,2.58,0.0117,-80.0,37.88,unknown,gravel,cave,Mylohyus fossilis
M1,1.6,1.95,72.2,66.0,-65.92,53.69,Lance,shale,terrestrial indet.,Leptalestes krejcii
M2,21.8,21.8,18.5,16.3,-97.3,45.37,middle Miocene,unknown,terrestrial indet.,Miolabis fissidens
M1,1.6,3.55,18.5,16.3,-93.54,47.05,Rosebud,conglomerate,coarse channel fill,Gripholagomys lavocati
M3,8.5,4.2,21.0,17.5,-62.13,-42.85,Sarmiento,mixed carbonate-siliciclastic,terrestrial indet.,Luantus minor
p4,3.26,2.02,63.4,60.9,-77.16,46.7,Nacimiento,unknown,terrestrial indet.,Acmeodon secans
m3,61.0,19.6,1.4,0.21,-101.99,22.04,Tacubaya,unknown,terrestrial indet.,Camelops hesternus
P3,4.5,6.0,17.5,16.3,-65.05,-17.94,Chucal,sandstone,floodplain,Altitypotherium chucalensis
m4,2.0,0.95,5.0,3.8,-60.78,-38.8,Monte Hermoso,unknown,terrestrial indet.,Marmosa contrerasi
ulna,213.0,24.0,56.0,51.1,-79.86,52.19,Willwood,unknown,terrestrial indet.,Pachyaena ossifraga
m1,2.7,1.4,63.4,60.9,-74.71,61.93,Paskapoo,unknown,fluvial indet.,Ptilodus gnomus
Scapula,67.5,0.0,13.8,11.0,-71.57,4.04,Villavieja,claystone,terrestrial indet.,Prodolichotis pridiana
P3,13.0,0.0,3.6,0.774,-62.8,9.96,Mesa,tar,terrestrial indet.,Xenosmilus venezuelensis
skull,645.0,280.0,48.07,41.03,71.97,9.26,Domanda,claystone,coastal indet.,Qaisracetus arifi
m2,1.63,1.45,9.4,4.7,-98.19,23.07,Rancho Viejo Beds,claystone,channel,Prosigmodon ferrusquiai
p4,6.9,4.5,17.5,16.3,-65.05,-17.94,Chucal,sandstone,floodplain,Altitypotherium chucalensis
p4,0.5123,0.57,33.9,31.8,-87.47,46.32,Brule,unknown,terrestrial indet.,Heliscomys vetus
m1,22.2,17.0,16.3,12.5,-91.15,45.69,Valentine,sandstone,crevasse splay,Hypohippus affinis
M2,2.98,3.4,1.4,0.21,-110.48,31.97,unknown,unknown,terrestrial indet.,Sciurus aberti
m1,1.54,1.38,24.7,23.1,-95.79,54.96,Cypress Hills,unknown,terrestrial indet.,Nototamias quadratus
p2-m2,26.9,0.0,16.3,12.5,-96.24,46.05,unknown,unknown,terrestrial indet.,Probassariscus matthewi
Mandibular tooth row,19.62,0.0,13.8,11.0,-71.53,4.1,Villavieja,unknown,terrestrial indet.,Rhodanodolichotis vucetichae
m1,1.18,1.68,12.5,9.4,-92.69,44.87,Ash Hollow,unknown,terrestrial indet.,Parapliosaccomys hibbardi
m1,4.8,2.1,72.2,66.0,-66.02,53.68,Lance,sandstone,terrestrial indet.,Cimolomys gracilis
m1,1.9,1.3,1.4,0.21,-99.52,36.94,unknown,unknown,terrestrial indet.,Onychomys leucogaster
P3,6.6,4.0,12.5,9.4,-110.34,46.52,Juntura,unknown,terrestrial indet.,Sthenictis junturensis
m2,1.14,1.565,23.04,5.333,-101.62,39.88,Tesuque,unknown,terrestrial indet.,Mojavemys galushai
M1,3.1,3.55,9.4,4.7,-113.61,45.35,Chalk Butte,unknown,terrestrial indet.,Dipoides vallicula
p2,4.5,3.4,56.0,48.07,-28.6,-27.29,Itaboraí,marl,fissure fill,Eobrasilia coutoi
humerus,91.0,0.0,20.45,15.98,-70.8,-13.96,Chilcatay,siltstone,marine indet.,Incacetus broggii
m1,1.6,1.4,51.1,45.9,-87.38,49.45,Bridger,unknown,terrestrial indet.,Microparamys minutus
M1,6.0,7.3,51.1,45.9,-92.12,47.29,Sheep Pass,limestone,lacustrine - small,Fouchia elyensis
m1,20.2,9.2,12.5,9.4,-116.32,40.4,unknown,siliciclastic,terrestrial indet.,Neohipparion trampasense
I1,0.0,0.0,13.8,11.0,-71.59,4.05,Villavieja,claystone,terrestrial indet.,Drytomomys aequatorialis
P4,16.6,17.2,4.7,1.4,-99.84,33.43,unknown,sandstone,fluvial indet.,Nannippus beckensis
m1,2.12,1.455,9.4,4.7,-109.42,40.73,Sevier,siltstone,terrestrial indet.,Basirepomys robertsi
M2,4.3,2.2,16.3,15.5,-68.67,-43.88,Río Frias,tuff,fluvial indet.,Abderites meridionalis
M2,1.0,1.44,4.7,1.4,-108.6,33.79,unknown,unknown,terrestrial indet.,Dipodomys gidleyi
M1,16.4,17.2,12.5,9.4,-77.8,31.36,Alachua,unknown,marginal marine indet.,Calippus cerasinus
p3,3.23,1.86,39.7,37.0,-87.58,35.26,Devil's Graveyard,unknown,terrestrial indet.,Mahgarita stevensi
m1 or m2,6.0,5.63,20.45,15.98,-67.78,-46.29,Pinturas,volcaniclastic,terrestrial indet.,Neoreomys pinturensis
M2,1.655,1.68,16.3,12.5,-91.4,46.21,Fort Randall,claystone,terrestrial indet.,Megasminthus tiheni
m1,9.15,7.2,23.04,5.333,-97.71,24.98,unknown,unknown,terrestrial indet.,Aguascalientia wilsoni
m1,3.19,1.82,72.2,66.0,-65.32,60.38,Frenchman,siltstone,floodplain,Turgidodon petiminis
M2,2.04,1.65,9.4,4.7,-114.73,37.06,Horned Toad,unknown,terrestrial indet.,Repomys gustelyi
M2,5.3,5.8,39.7,37.0,-88.4,49.59,Wagon Bed (Tepee Trail),unknown,terrestrial indet.,Hendryomeryx wilsoni
m1,11.4,9.4,2.58,0.0,-72.44,-10.88,unknown,conglomerate,fluvial indet.,Pecari tajacu
radius,248.0,0.0,56.0,51.1,-80.23,52.09,Willwood,unknown,terrestrial indet.,Pachyaena gigantea
P4,12.7,7.6,37.0,33.9,-89.99,35.83,Capote Mountain Tuff,unknown,terrestrial indet.,Hyaenodon crucians
p4,2.28,1.38,60.9,57.5,-66.51,56.07,Ravenscrag,sandstone,alluvial fan,Carpodaptes stonleyi
P4,24.3,26.25,1.4,0.21,-101.54,33.94,unknown,unknown,terrestrial indet.,Equus conversidens
M1,0.97,1.45,9.4,4.7,-109.42,40.73,Sevier,siltstone,terrestrial indet.,Metaliomys sevierensis
m2,4.5,2.6,37.0,33.9,-89.99,35.83,Capote Mountain Tuff,unknown,terrestrial indet.,Prohesperocyon wilsoni
M1,3.9,1.5,63.4,60.9,-76.69,46.56,Nacimiento,unknown,terrestrial indet.,Mimetodon krausei
m2,1.52,1.51,16.3,12.5,-104.06,49.54,Hepburn's Mesa,unknown,terrestrial indet.,Ansomys hepburnensis
M2,1.25,1.9,63.4,60.9,-74.71,61.93,Paskapoo,unknown,fluvial indet.,Picrodus calgariensis
m2,5.6,4.5,45.9,39.7,-98.28,39.4,Sespe,unknown,terrestrial indet.,Craseops sylvestris
Lower m1,0.0,2.67,13.8,11.0,-71.59,4.05,unknown,sandstone,terrestrial indet.,Neosaimiri fieldsi
m1,2.8,1.7,63.4,60.9,-73.65,56.02,Fort Union,unknown,terrestrial indet.,Avunculus didelphodonti
m1,1.8,1.8,18.5,16.3,-93.54,47.05,Rosebud,conglomerate,coarse channel fill,Gripholagomys lavocati
m1,5.6,3.2,37.0,33.9,-90.2,49.33,White River,unknown,terrestrial indet.,Hyaenodon venturae
m1,4.0,2.0,60.9,57.5,-76.45,53.23,unknown,unknown,terrestrial indet.,Arctostylops steini
P4,1.57,1.83,51.1,45.9,-87.05,47.75,Green River,sandstone,channel lag,Nyctitherium serotinum
P3,14.8,14.4,16.3,12.5,-78.79,29.15,Peace River,unknown,terrestrial indet.,Calippus proplacidus
Upper M1,3.27,4.04,13.8,11.0,-70.96,4.43,La Victoria,unknown,terrestrial indet.,Potamops mascahehenes
M1,8.9,5.2,72.2,66.0,-66.02,53.68,Lance,sandstone,terrestrial indet.,Meniscoessus robustus
Lower incisor,3.15,2.9,13.8,11.0,-71.53,4.1,Villavieja,unknown,terrestrial indet.,Rhodanodolichotis vucetichae
p4,8.4,3.6,24.7,23.1,-106.87,51.2,unknown,tuff,floodplain,Cormocyon copei
m1,2.0,1.6,56.0,51.1,-82.92,51.17,Wasatch,unknown,terrestrial indet.,Loveina sheai
p4,5.7,4.0,9.4,4.7,-107.29,37.9,Bidahochi,unknown,terrestrial indet.,Dipoides williamsi
M1,13.4,12.4,9.4,4.7,-97.13,37.75,unknown,unknown,terrestrial indet.,Prosthennops serus
m3,3.0,2.1,66.0,63.4,-75.98,47.36,unknown,unknown,terrestrial indet.,Puercolestes simpsoni
P4,1.54,1.69,16.3,12.5,-104.9,49.7,Madison Valley,sandstone,channel,Parapliosaccomys annae
Unciform,50.0,0.0,13.8,11.0,-71.59,4.07,unknown,claystone,terrestrial indet.,Magdalenabradys confusum
P4,19.1,20.3,16.3,12.5,-93.24,45.91,Valentine,unknown,terrestrial indet.,Pseudhipparion retrusum
m1,8.65,5.65,63.4,60.9,-76.78,46.9,Nacimiento,siltstone,terrestrial indet.,Protictis simpsoni
P4,3.45,4.6,56.0,51.1,-82.33,43.51,San Jose,unknown,terrestrial indet.,Cantius frugivorus
m3,5.41,3.34,51.1,45.9,-84.53,51.57,unknown,unknown,terrestrial indet.,Microsyops annectens
P4,3.85,3.65,37.0,33.9,-89.99,35.83,unknown,unknown,terrestrial indet.,Eutypomys inexpectatus
P2,3.45,1.37,33.9,31.8,-87.83,47.98,Brule,unknown,terrestrial indet.,Blacktops latidens
m2,24.7,18.0,9.4,4.7,-96.71,37.93,unknown,unknown,terrestrial indet.,Yumaceras figginsi
p3,20.7,10.2,12.5,9.4,-77.8,31.36,Alachua,unknown,marginal marine indet.,Neohipparion trampasense
m2,1.6,1.2,63.4,60.9,-73.65,56.02,Fort Union,unknown,terrestrial indet.,Adunator ladae
femur,785.0,117.0,37.0,33.9,-85.06,49.44,Chadron,siliciclastic,fluvial-lacustrine indet.,Diploclonus tyleri
m1,17.0,11.6,16.3,12.5,-89.33,33.57,Fleming,unknown,terrestrial indet.,Protohippus perditus
dp2,17.2,8.3,29.0,21.0,-39.3,-23.86,unknown,shale,lacustrine indet.,Taubatherium paulacoutoi
m2,1.4,1.14,12.5,9.4,-111.49,46.16,Juntura,unknown,terrestrial indet.,Copemys esmeraldensis
M1,1.98,1.372,9.4,4.7,-107.91,34.61,Quiburis,unknown,terrestrial indet.,Paronychomys tuttlei
Upper Canine alveolus,0.0,0.0,13.8,11.0,-71.62,4.01,Villavieja,unknown,terrestrial indet.,Hondadelphys fieldsi
M1,1.56,1.05,9.4,4.7,-116.71,41.12,Coal Valley,unknown,terrestrial indet.,Bensonomys lindsayi
M2,0.96,1.17,51.1,45.9,-87.05,47.75,Green River,sandstone,channel lag,Uintasorex parvulus
m1,4.1,1.8,72.2,66.0,-65.92,53.69,Lance,shale,terrestrial indet.,Cimolodon nitidus
m1,1.3,1.38,9.4,4.7,-109.92,44.95,Starlight,claystone,fluvial-lacustrine indet.,Paratamias tarassus
M1,2.27,2.47,60.9,57.5,-76.38,61.88,Paskapoo,siltstone,lacustrine indet.,Picrodus lepidus
p3,10.7,5.6,4.7,1.4,-101.91,42.44,unknown,unknown,terrestrial indet.,Megantereon hesperus
Lower m3,208.0,0.0,2.58,0.0117,-72.38,6.39,Soatá,siltstone,terrestrial indet.,Notiomastodon platensis
Astragalus,0.0,0.0,13.8,11.0,-71.57,4.04,Villavieja,claystone,terrestrial indet.,Magdalenabradys confusum
m1,14.9,14.4,51.1,45.9,-87.11,48.99,Bridger,unknown,terrestrial indet.,Trogosus gazini
p3,22.5,8.0,48.07,41.03,74.19,11.51,Kuldana,conglomerate,fluvial indet.,Pakicetus inachus
P4,0.63,0.82,33.9,31.8,-87.83,47.98,Brule,unknown,terrestrial indet.,Megaheliscomys mcgrewi
M2,1.19,1.08,9.4,4.7,-109.42,40.73,Sevier,siltstone,terrestrial indet.,Paronychomys lemredfieldi
Tibia,0.0,138.0,13.8,11.0,-71.62,4.01,La Victoria,claystone,terrestrial indet.,Granastrapotherium snorki
Lower I2 enamel band,0.0,2.0,2.58,0.0117,-69.21,9.93,unknown,claystone,terrestrial indet.,Mixotoxodon larensis
M1,1.41,2.08,23.1,18.5,-90.01,47.22,Harrison,unknown,terrestrial indet.,Entoptychus grandiplanus
m3,15.5,5.9,17.5,16.3,-65.05,-17.94,Chucal,sandstone,floodplain,Altitypotherium paucidens
p4,10.8,8.3,18.5,16.3,-75.25,32.13,Alachua,sandstone,terrestrial indet.,Archaeohippus blackbergi
m2,2.8,1.9,18.5,12.5,-103.52,50.69,Deep River,unknown,terrestrial indet.,Mesoscalops montanensis
P4,6.1,3.55,29.5,18.5,-71.63,31.26,unknown,claystone,fissure fill,Phlaocyon taylori
m1 o 2,6.3,0.0,15.5,13.8,-67.65,-39.73,Collón Cura,tuff,terrestrial indet.,Neosteiromys tordillense
humerus,98.0,0.0,5.333,3.6,140.95,43.68,Horokaoshirarika,sandstone,marine indet.,Numataphocoena yamashitai
Mandible,0.0,0.0,13.8,11.0,-71.6,3.99,La Victoria,claystone,terrestrial indet.,Boreostemma acostae
P4,1.16,1.24,37.0,33.9,-90.2,49.33,White River,unknown,terrestrial indet.,Aulolithomys vexilliames
m1,1.93,1.97,33.9,31.8,-95.22,52.65,Dunbar Creek,unknown,terrestrial indet.,Pseudallomys nexodens
radius,282.0,0.0,2.58,0.774,-108.66,34.8,unknown,gravel,lacustrine indet.,Paramylodon harlani
M1,5.5,7.1,56.0,51.1,-79.64,51.58,Willwood,mudstone,terrestrial indet.,Ectocion parvus
Lower I1 enamel band,0.0,2.5,2.58,0.0117,-69.21,9.93,unknown,claystone,terrestrial indet.,Mixotoxodon larensis
M1,1.78,1.58,51.1,45.9,-87.05,47.75,Green River,sandstone,channel lag,Herpetotherium innominatum
M3,1.28,1.7033,33.9,31.8,-87.47,46.32,Brule,unknown,terrestrial indet.,Nanodelphys huntii
m1,2.2,0.95,60.9,57.5,-76.38,61.88,Paskapoo,siltstone,lacustrine indet.,Picrodus lepidus
Cranium Depth,0.0,0.0,13.8,11.0,-71.57,4.04,Villavieja,claystone,terrestrial indet.,Prodolichotis pridiana
m1,7.9,4.15,72.2,66.0,-65.51,58.42,Hell Creek,sandstone,terrestrial indet.,Essonodon browni
P4,6.97,7.87,63.4,60.9,-73.72,54.42,unknown,unknown,terrestrial indet.,Tetraclaenodon puercensis
M1,26.9,28.95,1.4,0.21,-99.14,33.99,Seymour,unknown,terrestrial indet.,Equus mexicanus
M1,0.98,1.04,39.7,37.0,-86.94,56.36,Cypress Hills,unknown,terrestrial indet.,Adjidaumo craigi
P4,24.1,36.4,23.1,18.5,-93.37,47.1,Marsland,sandstone,channel,Menoceras arikarense
p4,0.67,0.7,18.5,16.3,-75.25,32.13,Alachua,sandstone,terrestrial indet.,Proheteromys floridanus
m1,2.9,3.2,15.5,13.8,-67.65,-39.73,Collón Cura,tuff,terrestrial indet.,Maruchito trilofodonte
m1,2.2,1.77,51.1,45.9,-82.61,44.55,Huerfano,unknown,terrestrial indet.,Washakius izetti
M3,41.3,23.8,12.5,9.4,-114.35,42.83,Truckee,unknown,terrestrial indet.,Aepycamelus bradyi
p3,19.5,12.5,16.3,12.5,-97.23,45.6,Olcott,unknown,terrestrial indet.,Merychippus insignis
p4,8.7,0.0,39.7,37.0,-98.62,37.74,Santiago,sandstone,channel,Lycophocyon hutchisoni
P4,7.3,7.5,63.4,60.9,-73.65,56.02,Fort Union,unknown,terrestrial indet.,Arctocyon corrugatus
Upper M3; Third lamina,14.0,2.3,11.63,7.246,-65.5,-9.7,Solimões,claystone,fluvial-lacustrine indet.,Neoepiblema horridula
M2,16.5,15.0,9.4,4.7,-115.46,46.26,Rattlesnake,siltstone,terrestrial indet.,Platygonus oregonensis
m1,3.55,2.0,1.4,0.21,-78.33,39.84,unknown,unknown,cave,Neotoma floridana
Calcaneum Olecranon,0.0,0.0,13.8,11.0,-71.59,4.05,Villavieja,claystone,terrestrial indet.,Drytomomys aequatorialis
m1,1.71,0.94,9.4,4.7,-109.42,40.73,Sevier,siltstone,terrestrial indet.,Paronychomys lemredfieldi
M2,1.1,1.5,31.8,29.5,-88.25,47.07,Brule,unknown,terrestrial indet.,Kirkomys nebraskensis
M2,1.625,2.25,72.2,66.0,-65.92,53.69,Lance,shale,terrestrial indet.,Leptalestes krejcii
M3,5.5,5.7,45.9,39.7,-98.28,39.4,Sespe,unknown,terrestrial indet.,Craseops sylvestris
m1,5.1,2.1,1.4,0.21,-78.33,39.84,unknown,unknown,cave,Ondatra annectens
m1,2.0,1.8,8.0,5.0,-62.61,-36.4,Cerro Azul,siltstone,loess,Palaeoctodon simplicidens
Tibia,0.0,1.64,2.58,0.0,-56.37,-21.1,unknown,claystone,cave,Chrysocyon brachyurus
P4,1.7,2.8,16.3,12.5,-111.06,45.81,unknown,unknown,terrestrial indet.,Oreolagus wallacei
M3,8.0,7.2,4.7,1.4,-99.15,37.91,Rexroad,unknown,terrestrial indet.,Paenemarmota barbouri
M2,2.14,2.32,51.1,45.9,-82.61,44.55,Huerfano,unknown,terrestrial indet.,Thisbemys elachistos
m2,19.9,14.8667,18.5,16.3,-94.98,46.73,Runningwater,unknown,terrestrial indet.,Amphicyon galushai
P4,2.5,2.4,29.5,18.5,-92.48,48.02,unknown,unknown,terrestrial indet.,Florentiamys kingi
m1,6.1,3.2,51.1,45.9,-92.12,47.29,Sheep Pass,limestone,lacustrine - small,Sinopa rapax
m1,26.4,23.1,11.63,5.333,-55.13,-34.57,Camacho,mudstone,fluvial-deltaic indet.,Lestobradys sprechmanni
m2,1.26,1.92,23.1,18.5,-94.48,33.9,Delaho,unknown,terrestrial indet.,Gregorymys riograndensis
m2,0.9,1.26,9.4,4.7,-109.42,40.73,Sevier,siltstone,terrestrial indet.,Metaliomys sevierensis
M2,4.1,5.2,45.9,39.7,-89.36,47.16,Uinta,unknown,terrestrial indet.,Ourayia uintensis
m1,9.5,6.2,39.7,37.0,-98.62,37.74,Santiago,sandstone,channel,Lycophocyon hutchisoni
M2,4.5,7.2,39.7,37.0,-98.62,37.74,Santiago,sandstone,channel,Lycophocyon hutchisoni
m3,26.2,8.3,1.75,0.4,-57.68,-38.25,unknown,siltstone,terrestrial indet.,Mesotherium cristatum
m1,20.9,15.6,9.4,4.7,-97.22,42.35,Ash Hollow,unknown,terrestrial indet.,Yumaceras figginsi
m3,1.82,1.5,4.7,1.4,-115.73,34.46,San Timoteo,unknown,terrestrial indet.,Sigmodon minor
m1,10.9,8.4,37.0,33.9,-85.0,49.11,Chadron,unknown,terrestrial indet.,Mesohippus bairdi
m1,2.45,3.2,1.4,0.21,-110.48,31.97,unknown,unknown,terrestrial indet.,Otospermophilus variegatus
m3,24.7,11.4,16.3,12.5,-109.76,46.69,Butte Creek,volcaniclastic,terrestrial indet.,Bouromeryx americanus
tibia,147.5,0.0,56.0,51.1,-80.12,52.15,Willwood,unknown,terrestrial indet.,Palaeonictis occidentalis
Upper dM2,82.8,0.0,2.58,0.0117,-75.13,10.34,La Popa,unknown,terrestrial indet.,Notiomastodon platensis
M3,2.5,2.0,12.5,9.4,-95.72,39.49,Laverne,unknown,terrestrial indet.,Domninoides hessei
m2,1.36,1.31,39.7,37.0,-98.36,37.35,Pomerado,mudstone,terrestrial indet.,Nonomys gutzleri
m1,2.9,2.6,57.5,56.0,-78.79,52.74,unknown,unknown,terrestrial indet.,Plesiadapis dubius
m1,13.85,7.1,37.0,33.9,-91.37,55.94,Cypress Hills,unknown,terrestrial indet.,Brachyrhynchocyon dodgei
M3,0.64,0.74,57.5,56.0,-79.47,50.38,Fort Union,mudstone,floodplain,Alagomys russelli
Metatarsal IV,28.9,0.0,13.8,11.0,-71.57,4.04,Villavieja,claystone,terrestrial indet.,Prodolichotis pridiana
p3,1.8,1.0,2.58,0.774,-136.88,63.38,unknown,siliciclastic,loess,Mustela jacksoni
M2,2.0,3.9,60.9,57.5,-78.13,60.96,Paskapoo,siltstone,fluvial-lacustrine indet.,Pristinictis connata
Metacarpal IV,0.0,30.3,13.8,11.0,-71.59,4.07,unknown,claystone,terrestrial indet.,Magdalenabradys confusum
M1,6.4,7.9,45.9,39.7,-98.28,39.4,Sespe,unknown,terrestrial indet.,Leptoreodon (Hesperomeryx) edwardsi
m3,7.9,4.7,51.1,45.9,-86.97,49.35,Bridger,tuff,fluvial indet.,Notharctus robinsoni
m1,2.2,1.4,12.5,9.4,-112.7,37.87,Kern River,unknown,terrestrial indet.,Basirepomys pliocenicus
M3,3.65,3.82,56.0,51.1,-80.68,50.99,Wind River,unknown,terrestrial indet.,Paramys copei
m2,13.3,11.8,2.58,0.0,-72.44,-10.88,unknown,conglomerate,fluvial indet.,Pecari tajacu
P4,9.4,9.8,2.58,0.0,-72.44,-10.88,unknown,conglomerate,fluvial indet.,Pecari tajacu
Glenoid surface,0.0,52.9,3.6,0.774,-62.8,9.96,Mesa,tar,terrestrial indet.,Xenosmilus venezuelensis
p2,4.7,2.6,9.4,4.7,-107.29,37.9,Bidahochi,unknown,terrestrial indet.,Cernictis repenningi
m1,13.4,7.2,37.0,33.9,-87.35,47.77,Chadron,siltstone,terrestrial indet.,Brachyrhynchocyon dodgei
M2,16.4,15.0,9.4,4.7,-97.13,37.75,unknown,unknown,terrestrial indet.,Prosthennops serus
m2,19.0,0.0,13.8,11.0,-71.59,4.07,unknown,claystone,terrestrial indet.,Megadolodus molariformis
P4,14.7,5.5,31.8,18.5,-106.6,37.84,Sespe,claystone,terrestrial indet.,Hoplophoneus cerebralis
ulna,233.0,0.0,31.8,29.5,-87.22,48.58,Brule,sandstone,fluvial indet.,Miohippus gidleyi
m1,11.45,8.2,37.0,33.9,-90.2,49.33,White River,unknown,terrestrial indet.,Leptomeryx semicinctus
M1,1.6,1.4,56.0,51.1,-81.69,48.47,Wasatch,unknown,terrestrial indet.,Peradectes protinnominatus
M1,18.0,21.0,16.3,12.5,-111.06,45.81,unknown,unknown,terrestrial indet.,Dromomeryx borealis
Interorbital constriction,5.8,0.0,1.4,0.21,-81.72,29.97,unknown,unknown,terrestrial indet.,Desmodus archaeodaptes
P4,2.8,3.21,18.5,16.3,-112.96,46.54,unknown,unknown,terrestrial indet.,Megapeomys bobwilsoni
p2,11.09,6.75,12.5,9.4,-77.8,31.36,Alachua,unknown,marginal marine indet.,Yumaceras hamiltoni
Premolar series,5.0,0.0,13.8,11.0,-71.59,4.05,unknown,claystone,terrestrial indet.,Notonycteris magdalenensis
m1,1.2433,1.9033,4.7,1.4,-113.45,43.46,unknown,unknown,terrestrial indet.,Thomomys gidleyi
M2,2.825,2.985,16.3,12.5,-104.9,49.7,Madison Valley,sandstone,channel,Euroxenomys inconnexus
P4,1.3,1.3,29.5,18.5,-106.64,37.89,Sespe,sandstone,fluvial-lacustrine indet.,Tenudomys bodei
M3,6.3,0.0,13.8,11.0,-71.57,4.04,Villavieja,claystone,terrestrial indet.,Prodolichotis pridiana
M2,23.85,25.4,31.8,29.5,-87.22,48.58,Sharps,unknown,terrestrial indet.,Hyracodon nebraskensis
m1,9.7,4.65,66.0,63.4,-68.59,59.89,Ravenscrag,siliciclastic,fine channel fill,Catopsalis foliatus
Tibia,0.0,0.0,13.8,11.0,-71.59,4.05,unknown,claystone,terrestrial indet.,Scleromys colombianus
M3,1.44,1.44,9.4,4.7,-115.43,47.6,Alkali Canyon,sandstone,terrestrial indet.,Neotamias malloryi
m3,35.4,17.6,9.4,4.7,-97.22,42.35,Ash Hollow,unknown,terrestrial indet.,Yumaceras figginsi
Skull,0.0,0.0,13.8,11.0,-71.6,3.99,La Victoria,claystone,terrestrial indet.,Boreostemma acostae
P4,7.45,6.05,37.0,33.9,-89.99,35.83,Capote Mountain Tuff,unknown,terrestrial indet.,Hyaenodon raineyi
M2,1.3,1.7,56.0,48.07,-78.5,53.19,Willwood,wackestone,wet floodplain,Wyonycteris chalix
M2,27.0,15.5,1.4,0.21,-78.33,39.84,unknown,unknown,cave,Ursus americanus
M2,1.65,1.65,24.7,23.1,-95.79,54.96,Cypress Hills,unknown,terrestrial indet.,Crucimys milleri
p4,19.2,8.5,2.245,1.8,10.39,43.76,unknown,unknown,fluvial indet.,Megantereon cultridens
M1,8.35,12.45,51.1,45.9,-83.12,50.2,Wind River,mudstone,fluvial-lacustrine indet.,Esthonyx acutidens
M1,9.18,10.66,56.0,51.1,-79.51,45.15,Huerfano,unknown,terrestrial indet.,Xenicohippus osborni
ulna,222.0,0.0,31.8,29.5,-87.22,48.58,Brule,sandstone,fluvial indet.,Miohippus intermedius
M1,10.46,12.61,24.7,18.5,-73.53,30.81,unknown,claystone,terrestrial indet.,Archaeohippus mannulus
P4,1.1,1.1,60.9,57.5,-74.94,50.36,Hanna,unknown,terrestrial indet.,Picrodus canpacius
Scute 32,18.0,0.0,15.98,11.63,-60.66,9.5,Santa Ines,unknown,terrestrial indet.,Boreostemma venezolensis
m1,20.0,14.6,16.3,12.5,-109.76,46.69,Sucker Creek,unknown,terrestrial indet.,Desmatippus avus
m1,5.8,4.3,63.4,60.9,-77.16,46.7,Nacimiento,unknown,terrestrial indet.,Anisonchus sectorius
P4,1.3667,2.4167,16.3,12.5,-104.57,47.65,Colter,unknown,terrestrial indet.,Oreolagus colteri
m1,1.5,1.6,33.9,31.8,-95.92,53.11,unknown,unknown,terrestrial indet.,Paradjidaumo trilophus
m1,2.3,0.9,63.4,60.9,-74.08,51.29,Fort Union,unknown,terrestrial indet.,Krauseia clemensi
ulna,620.0,80.0,37.0,33.9,-85.06,49.44,Chadron,siliciclastic,fluvial-lacustrine indet.,Diploclonus tyleri
P2,13.5,13.9,24.7,23.1,-106.87,51.2,unknown,tuff,floodplain,Miohippus equinanus
M2,2.2,3.1,16.3,12.5,-101.18,40.09,Tesuque,unknown,terrestrial indet.,Untermannerix copiosus
P3,10.05,4.35,13.8,11.0,-62.62,-21.44,unknown,claystone,fluvial indet.,Acyon myctoderos
P4,2.25,2.575,45.9,39.7,-85.58,35.54,Devil's Graveyard,unknown,terrestrial indet.,Prolapsus sibilatoris
Proximal phalanx II,12.5,0.0,13.8,11.0,-71.57,4.04,Villavieja,claystone,terrestrial indet.,Prodolichotis pridiana
Lower p4,29.0,0.0,2.58,0.0117,-69.21,9.93,unknown,claystone,terrestrial indet.,Mixotoxodon larensis
p4,11.3,5.2,37.0,33.9,-87.35,47.77,Chadron,siltstone,terrestrial indet.,Brachyrhynchocyon dodgei
M2,5.0,6.0,45.9,39.7,-90.0,47.38,Uinta,unknown,terrestrial indet.,Mesomeryx grangeri
M2,1.91,1.94,60.9,57.5,-78.13,60.96,Paskapoo,siltstone,fluvial-lacustrine indet.,Ptilodus gnomus
Upper dM3,107.6,0.0,2.58,0.0117,-75.13,10.34,La Popa,unknown,terrestrial indet.,Notiomastodon platensis
M2,45.1,34.5,17.5,16.3,-65.05,-17.94,Chucal,sandstone,floodplain,Nesodon imbricatus
Scute 2,18.0,0.0,15.98,11.63,-60.66,9.5,Santa Ines,unknown,terrestrial indet.,Boreostemma venezolensis
m1,2.066,0.962,66.0,63.4,-67.64,57.54,Fort Union,sandstone,terrestrial indet.,Microcosmodon harleyi
M3,16.4,18.0,16.3,12.5,-109.76,46.69,Butte Creek,volcaniclastic,terrestrial indet.,Bouromeryx americanus
P4,7.03,4.31,51.1,45.9,-86.55,48.87,Bridger,mudstone,terrestrial indet.,Dawsonicyon isami
p1,3.2,1.7,17.5,16.3,-65.05,-17.94,Chucal,sandstone,floodplain,Hegetotherium mirabile
m1,3.85,1.7,57.5,56.0,-78.79,52.74,unknown,unknown,terrestrial indet.,Prochetodon taxus
m1,2.22,1.17,83.6,72.2,-66.36,53.83,Mesaverde,sandstone,estuary/bay,Alphadon sahnii
m2,13.1,10.5,23.04,20.45,-84.46,34.75,Fleming,conglomerate,coarse channel fill,Prosynthetoceras orthrionanus
m1,8.95,6.5,66.0,63.4,-78.69,50.98,North Horn,unknown,terrestrial indet.,Loxolophus pentacus
P4,1.335,1.48,16.3,12.5,-100.42,39.05,Tesuque,unknown,terrestrial indet.,Phelosaccomys neomexicanus
m1,1.3,0.7,51.1,45.9,-85.53,49.05,Bridger,unknown,terrestrial indet.,Peradectes chesteri
m2,1.22,1.29,37.0,33.9,-90.2,49.33,White River,unknown,terrestrial indet.,Aulolithomys vexilliames
m2,0.9125,0.94,16.3,12.5,-109.76,46.69,Deer Butte,unknown,terrestrial indet.,Pseudotheridomys pagei
M1,12.5,8.6,17.5,16.3,-65.05,-17.94,Chucal,sandstone,floodplain,Altitypotherium paucidens
M1 or M2,2.37,2.87,21.0,17.5,-62.19,-42.83,Sarmiento,mudstone,paralic indet.,Eoviscaccia australis
m1,4.46,3.46,51.1,45.9,-87.37,48.83,Bridger,unknown,terrestrial indet.,Smilodectes gracilis
m1,3.0,1.7,16.3,12.5,-111.93,42.13,unknown,unknown,terrestrial indet.,Metechinus fergusoni
M1,15.0,17.6,33.9,31.8,-88.37,47.64,Brule,unknown,terrestrial indet.,Miohippus obliquidens
Tibia,82.7,0.0,13.8,11.0,-71.57,4.04,Villavieja,claystone,terrestrial indet.,Prodolichotis pridiana
Lower m4,2.9,1.5,13.8,11.0,-71.53,4.09,La Victoria,unknown,terrestrial indet.,Micoureus laventicus
M1,1.24,1.34,39.7,37.0,-86.94,56.36,Cypress Hills,unknown,terrestrial indet.,Protadjidaumo pauli
M1,2.2,2.8,51.1,45.9,-87.38,49.45,Green River,unknown,terrestrial indet.,Omomys carteri
p4,15.6,11.2,18.5,16.3,-95.78,46.38,Sheep Creek,unknown,terrestrial indet.,Merychippus primus
m1,8.0,3.7,72.2,66.0,-63.15,57.32,Hell Creek,sandstone,channel,Meniscoessus robustus
m1,19.0,13.55,16.3,12.5,-94.07,46.05,unknown,unknown,terrestrial indet.,Procranioceras skinneri
m1,8.2,6.7,56.0,51.1,-80.68,50.99,Wind River,unknown,terrestrial indet.,Bunophorus grangeri
m3,15.0,16.3,1.4,0.21,-98.69,36.67,unknown,sandstone,fluvial indet.,Nothrotherium texanum
m1,3.4,2.7,51.1,45.9,-84.53,51.57,Aycross,unknown,terrestrial indet.,Hyopsodus minusculus
M2,27.8,34.3,4.7,1.4,-104.18,32.26,Camp Rice,unknown,terrestrial indet.,Tapirus (Helicotapirus) haysii
m1,2.32,2.62,23.04,5.333,-94.81,39.87,Ogallala,unknown,terrestrial indet.,Spermophilus dotti
M1,1.9,3.0,45.9,39.7,-90.05,47.36,Uinta,unknown,terrestrial indet.,Mytonolagus petersoni
m2,1.75,1.35,24.7,23.1,-95.79,54.96,Cypress Hills,unknown,terrestrial indet.,Crucimys milleri
P4,2.34,2.54,63.4,60.9,-74.08,51.29,Fort Union,unknown,terrestrial indet.,Plesiolestes problematicus
Lower m2,0.0,1.87,13.8,11.0,-71.6,4.07,Villavieja,mudstone,fluvial indet.,Noctilio albiventris
p4,2.18,1.13,2.58,0.774,-136.88,63.38,unknown,siliciclastic,loess,Mustela jacksoni
p4,1.12,1.14,18.5,16.3,-111.27,37.93,Branch Canyon,unknown,terrestrial indet.,Proheteromys sulculus
M1,10.5,12.9,39.7,37.0,-88.5,36.09,Chambers Tuff,unknown,terrestrial indet.,Aclistomycter middletoni
m1,9.5,6.4,23.1,18.5,-72.16,33.14,unknown,unknown,terrestrial indet.,Nothokemas waldropi
m1,1.89,1.98,37.0,33.9,-89.64,36.6,unknown,unknown,terrestrial indet.,Meliakrouniomys wilsoni
M2,3.1,2.93,16.3,12.5,-109.76,46.69,Butte Creek,volcaniclastic,terrestrial indet.,Monosaulax typicus
m1,4.25,3.31,56.0,51.1,-80.68,50.99,Wind River,unknown,terrestrial indet.,Diacodexis kelleyi
P1,19.3,15.8,2.58,0.774,-81.8,30.02,unknown,unknown,terrestrial indet.,Tapirus (Helicotapirus) lundeliusi
M2,1.5,1.7,56.0,51.1,-81.69,48.47,Wasatch,unknown,terrestrial indet.,Peradectes protinnominatus
M1 or M2,2.7,2.43,21.0,17.5,-62.19,-42.83,Sarmiento,mudstone,paralic indet.,Eoviscaccia australis
M3,1.79,2.03,51.1,45.9,-87.05,47.75,Green River,sandstone,channel lag,Herpetotherium innominatum
M1,2.3,2.8667,51.1,45.9,-92.12,47.29,Sheep Pass,limestone,lacustrine - small,Reithroparamys huerfanensis
M1,2.686,3.472,56.0,51.1,-78.54,51.42,Wasatch,unknown,terrestrial indet.,Haplomylus speirianus
m3,17.0,10.0,11.63,7.246,-65.5,-9.7,Solimões,claystone,fluvial-lacustrine indet.,Neoepiblema acreensis
M1,2.79,3.11,16.3,12.5,-109.76,46.69,Butte Creek,volcaniclastic,terrestrial indet.,Monosaulax typicus
M1,10.4,8.9,17.5,16.3,-65.05,-17.94,Chucal,sandstone,floodplain,Altitypotherium chucalensis
M1,5.5,8.9,60.9,57.5,-75.51,53.47,Fort Union,siliciclastic,fluvial-lacustrine indet.,Protictis agastor
p2,12.5,6.5,9.4,4.7,-96.71,37.93,unknown,unknown,terrestrial indet.,Yumaceras figginsi
Distance between left and right upper M2 between postero-lingual margin of firs,0.0,35.0,11.63,7.246,-65.5,-9.7,Solimões,claystone,fluvial-lacustrine indet.,Neoepiblema horridula
m3,48.15,2.81,51.1,45.9,-85.53,49.05,Bridger,unknown,terrestrial indet.,Uintatherium anceps
m1,12.65,5.15,12.5,9.4,-111.12,44.24,unknown,unknown,terrestrial indet.,Leptocyon vafer
m3,9.7,4.9,51.1,45.9,-87.38,49.45,Bridger,unknown,terrestrial indet.,Orohippus pumilus
m1,2.25,1.63,60.9,57.5,-77.42,52.51,Fort Union,unknown,terrestrial indet.,Plesiolestes problematicus
P4,4.1667,5.2667,33.9,31.8,-87.47,46.32,Brule,unknown,terrestrial indet.,Agnotocastor coloradensis
P2,1.2,2.4,18.5,16.3,-93.54,47.05,Rosebud,conglomerate,coarse channel fill,Archaeolagus primigenius
Lower P1-3,4.3,0.0,56.0,48.07,-28.6,-27.29,Itaboraí,marl,fissure fill,Marmosopsis juradoi
M1,10.04,5.07,13.8,11.0,-62.62,-21.44,unknown,claystone,fluvial indet.,Acyon myctoderos
P4,12.0,15.0,2.58,0.0117,-77.03,40.9,unknown,gravel,terrestrial indet.,Platygonus vetus
M1,6.1,6.8,45.9,39.7,-98.28,39.4,Sespe,unknown,terrestrial indet.,Craseops sylvestris
m2,4.9,2.9,45.9,39.7,-98.28,39.4,Sespe,unknown,terrestrial indet.,Procynodictis progressus
m1,2.27,1.47,9.4,4.7,-109.42,40.73,Sevier,siltstone,terrestrial indet.,Basirepomys robertsi
m2,6.2,4.3,24.7,23.1,-106.87,51.2,unknown,tuff,floodplain,Cormocyon copei
p4,2.3,2.5,18.5,16.3,-93.54,47.05,Rosebud,conglomerate,coarse channel fill,Archaeolagus primigenius
M2,2.5,3.0,16.3,12.5,-112.26,45.14,Virgin Valley,unknown,terrestrial indet.,Liodontia alexandrae
M3,23.6,22.45,27.3,23.04,-71.97,33.01,Parachucla,sandstone,marginal marine indet.,Mesoreodon floridensis
m3,17.2,10.8,45.9,39.7,-88.55,48.71,Washakie,unknown,terrestrial indet.,Triplopus implicatus
m1,5.72,2.16,9.4,4.7,-98.52,41.18,unknown,unknown,terrestrial indet.,Martinogale alveodens
M2,1.22,1.12,16.3,12.5,-104.9,49.7,Madison Valley,sandstone,channel,Copemys lindsayi
M1,7.8,13.0,16.3,12.5,-94.51,43.26,unknown,unknown,terrestrial indet.,Brachypsalis hyaenoides
m1,9.4,7.9,18.5,16.3,-88.65,33.77,Oakville,unknown,terrestrial indet.,Archaeohippus blackbergi
M2,1.972,2.342,16.3,12.5,-109.76,46.69,Deer Butte,unknown,terrestrial indet.,Scalopoides ripafodiator
M1,1.2567,1.5033,18.5,16.3,-100.38,53.88,Cypress Hills,unknown,terrestrial indet.,Sciurion campestre
M3,2.0543,1.69,1.4,0.21,-116.58,34.09,San Timoteo,unknown,terrestrial indet.,Neotoma fuscipes
p4,21.0,18.5,2.58,0.774,-81.8,30.02,unknown,unknown,terrestrial indet.,Tapirus (Helicotapirus) lundeliusi
p4,10.5,4.5,24.7,23.1,-106.87,51.2,unknown,tuff,floodplain,Paraenhydrocyon josephi
m1,1.9,1.8,16.3,12.5,-111.06,45.81,unknown,unknown,terrestrial indet.,Oreolagus wallacei
M2,3.6,4.105,56.0,51.1,-80.68,50.99,Wind River,unknown,terrestrial indet.,Paramys copei
m1,4.1,3.03,60.9,57.5,-78.13,60.96,Paskapoo,siltstone,fluvial-lacustrine indet.,Litomylus grandaletes
M3,6.4,4.8,16.3,15.5,-68.67,-43.88,Río Frias,tuff,fluvial indet.,Sipalocyon gracilis
P3–P3,0.0,85.2,3.6,0.774,-62.8,9.96,Mesa,tar,terrestrial indet.,Xenosmilus venezuelensis
M2,24.0,18.0,23.1,18.5,-93.3,47.08,Marsland,unknown,terrestrial indet.,Michenia agatensis
molar series,96.6,0.0,11.63,5.333,-55.13,-34.57,Camacho,mudstone,fluvial-deltaic indet.,Lestobradys sprechmanni
m3,19.9,10.9,23.04,20.45,-84.46,34.75,Fleming,conglomerate,coarse channel fill,Prosynthetoceras orthrionanus
Lower p4 Talonid,0.0,18.0,2.58,0.0117,-69.21,9.93,unknown,claystone,marine indet.,Mixotoxodon larensis
Distance between anterior margin of alveolar process of left maxilla and left po,158.0,0.0,11.63,7.246,-65.5,-9.7,Solimões,claystone,fluvial-lacustrine indet.,Neoepiblema horridula
M3,8.5,11.7,45.9,39.7,-83.75,56.77,Cypress Hills,sandstone,fluvial indet.,Leptoreodon marshi
P3,22.1,33.0,23.04,5.333,-90.79,32.95,unknown,unknown,terrestrial indet.,Diceratherium annectens
m2,18.28,12.84,51.1,45.9,-92.12,47.29,Sheep Pass,limestone,lacustrine - small,Hyrachyus modestus
m3,1.99,0.99,8.0,5.0,-62.61,-36.4,Cerro Azul,siltstone,loess,Thylamys pinei
M3,5.0,5.0,31.8,29.5,-88.85,47.84,Brule,unknown,terrestrial indet.,Hypertragulus quadratus
m1,12.9,9.975,16.3,12.5,-93.26,45.99,Valentine,sandstone,channel,Bouromeryx americanus
m1,1.9,0.8,51.1,45.9,-87.38,49.45,Wasatch,unknown,terrestrial indet.,Herpetotherium innominatum
m2,7.76,6.93,63.4,60.9,-76.78,46.9,Nacimiento,siltstone,terrestrial indet.,Tetraclaenodon puercensis
m1,2.5,1.4,51.1,45.9,-87.05,47.75,Green River,sandstone,channel lag,Herpetotherium marsupium
m1,5.2,2.6,66.0,63.4,-75.76,47.36,Nacimiento,unknown,terrestrial indet.,Eucosmodon americanus
M2,35.6,25.9,12.5,9.4,-114.35,42.83,Truckee,unknown,terrestrial indet.,Aepycamelus bradyi
Lower m1,0.0,0.8,13.8,11.0,-71.6,4.07,Villavieja,mudstone,fluvial indet.,Thyroptera lavali
p4,2.045,1.83,39.7,37.0,-86.94,56.36,Cypress Hills,unknown,terrestrial indet.,Pseudocylindrodon lateriviae
Lower m2,0.0,45.2,2.58,0.0117,-48.05,-19.73,unknown,claystone,alluvial fan,Eremotherium laurillardi
M2,29.2,21.4,16.3,12.5,-112.28,36.9,Caliente,unknown,terrestrial indet.,Paramiolabis taylori
m1,2.35,2.09,60.9,57.5,-76.63,51.13,unknown,unknown,terrestrial indet.,Nannodectes gazini
M3,2.37,3.02,60.9,57.5,-76.63,51.13,unknown,unknown,terrestrial indet.,Nannodectes gazini
Femur,0.0,95.4,13.8,11.0,-71.59,4.06,La Victoria,claystone,terrestrial indet.,Magdalenabradys confusum
P2,9.6,9.6,2.58,0.0,-72.44,-10.88,unknown,conglomerate,fluvial indet.,Tayassu pecari
M1,2.22,2.58,72.2,66.0,-65.32,60.38,Frenchman,siltstone,floodplain,Pediomys elegans
m1,4.94,3.97,56.0,51.1,-80.68,50.99,Wind River,unknown,terrestrial indet.,Hyopsodus powellianus
P4,1.6,1.6,12.5,9.4,-112.99,38.09,Avawatz,unknown,terrestrial indet.,Cupidinimus avawatzensis
M1,29.2333,27.1333,4.7,1.4,-116.59,43.67,unknown,unknown,terrestrial indet.,Plesippus idahoensis
m1,11.7,8.8,57.5,56.0,-80.92,52.06,Wasatch,shale,terrestrial indet.,Probathyopsis praecursor
p3,20.0333,14.2333,18.5,16.3,-75.25,32.13,Alachua,sandstone,terrestrial indet.,Anchitherium clarencei
Lower m3,60.0,22.0,13.8,11.0,-71.62,4.01,Villavieja,claystone,terrestrial indet.,Huilatherium pluripicatum
m1,2.65,2.55,60.9,57.5,-76.47,54.83,unknown,unknown,terrestrial indet.,Plesiadapis praecursor
humerus,182.0,0.0,7.246,5.333,-73.17,-15.2,Pisco,siltstone,foreshore,Piscobalaena nana
m1,20.9,11.1,12.5,9.4,-77.8,31.36,Alachua,unknown,marginal marine indet.,Cormohipparion plicatile
M2,1.194,1.884,12.5,9.4,-94.8,45.3,Ash Hollow,siliciclastic,channel,Parapliosaccomys hibbardi
M1,1.8,2.9,45.9,39.7,-96.6,38.2,Santiago,siliciclastic,terrestrial indet.,Dyseolemur pacificus
P3,11.75,14.05,18.5,16.3,-75.25,32.13,Alachua,sandstone,terrestrial indet.,Archaeohippus blackbergi
P4,1.1367,1.76,12.5,9.4,-112.99,38.09,Avawatz,unknown,terrestrial indet.,Phelosaccomys shotwelli
skull,0.0,250.0,48.07,41.03,72.01,9.41,Domanda,shale,coastal indet.,Remingtonocetus domandaensis
m1,4.4,3.56,51.1,45.9,-87.37,48.83,Bridger,unknown,terrestrial indet.,Hyopsodus paulus
P4,0.93,1.01,45.9,37.0,-97.31,38.28,Santiago,unknown,terrestrial indet.,Metanoiamys marinus
Lower m2,0.0,0.8,13.8,11.0,-71.6,4.07,Villavieja,mudstone,fluvial indet.,Thyroptera lavali
m1,6.0,4.0,37.0,33.9,-86.81,48.11,Chadron,unknown,terrestrial indet.,Leptomeryx antecedens
M1,2.08,1.42,9.4,4.7,-107.91,34.61,Quiburis,unknown,terrestrial indet.,Galushamys redingtonensis
P3,2.07,1.55,60.9,57.5,-78.13,60.96,Paskapoo,siltstone,fluvial-lacustrine indet.,Ptilodus gnomus
m1,2.8,2.6,63.4,60.9,-74.71,61.93,Paskapoo,unknown,fluvial indet.,Promioclaenus acolytus
M3,1.85,2.69,72.2,66.0,-66.02,53.68,Lance,sandstone,terrestrial indet.,Pediomys elegans
radius,86.6,8.3,56.0,51.1,-80.91,52.72,Willwood,sandstone,channel,Sifrhippus grangeri
M1,1.71,1.44,39.7,37.0,-98.36,37.35,Pomerado,mudstone,terrestrial indet.,Nonomys gutzleri
M1,26.9,22.7,11.63,7.246,-111.61,38.23,Chanac,unknown,terrestrial indet.,Dinohippus leardi
M1,2.17,3.37,63.4,60.9,-73.65,56.02,Fort Union,unknown,terrestrial indet.,Pronothodectes matthewi
M2,6.05,6.675,51.1,45.9,-86.38,50.22,Bridger,unknown,terrestrial indet.,Quadratomus grossus
P4,1.9,4.8,45.9,39.7,-90.05,47.36,Uinta,unknown,terrestrial indet.,Mytonolagus petersoni
m1,22.0,7.0,48.07,41.03,74.41,11.46,Kuldana,conglomerate,coarse channel fill,Pakicetus attocki
m2,11.6,7.0,17.5,16.3,-65.05,-17.94,Chucal,sandstone,floodplain,Altitypotherium paucidens
m1,2.75,2.47,23.1,18.5,-94.48,33.9,Delaho,unknown,terrestrial indet.,Similisciurus maxwelli
m1,11.5,8.8,37.0,33.9,-91.37,55.94,Cypress Hills,unknown,terrestrial indet.,Leptomeryx semicinctus
m1,2.68,0.88,1.4,0.21,-105.33,39.55,unknown,unknown,terrestrial indet.,Lemmiscus curtatus
m1,6.6,2.9,2.58,1.8,-99.15,37.91,Crooked Creek,siltstone,terrestrial indet.,Spilogale putorius
m1,20.9,9.6,9.4,4.7,-105.37,30.85,unknown,unknown,terrestrial indet.,Neohipparion eurystyle
M1,4.1,5.7,16.3,12.5,-92.43,46.46,unknown,unknown,terrestrial indet.,Plesiosorex donroosai
M1,5.4,7.4,45.9,39.7,-82.01,33.29,Laredo,sandstone,estuary/bay,Leptoreodon leptolophus
Metatarsal IV,0.0,27.0,13.8,11.0,-71.53,4.1,Villavieja,sandstone,terrestrial indet.,Magdalenabradys confusum
M1,11.2,14.3,18.5,16.3,-75.25,32.13,Alachua,sandstone,terrestrial indet.,Archaeohippus blackbergi
M3,6.0,3.8,17.5,16.3,-65.05,-17.94,Chucal,sandstone,floodplain,Hegetotherium mirabile
P2,0.98,0.86,39.7,37.0,-87.58,35.26,Devil's Graveyard,unknown,terrestrial indet.,Mahgarita stevensi
p4,20.7667,14.5333,18.5,16.3,-75.25,32.13,Alachua,sandstone,terrestrial indet.,Anchitherium clarencei
P1,3.7,2.2,56.0,48.07,-28.6,-27.29,Itaboraí,marl,fissure fill,Eobrasilia coutoi
m1,1.15,1.44,12.5,9.4,-94.8,45.3,Ash Hollow,siliciclastic,channel,Cupidinimus prattensis
P4,2.4,3.0,51.1,45.9,-84.44,50.94,Aycross,unknown,terrestrial indet.,Strigorhysis bridgerensis
p4,23.4,16.4,39.7,37.0,-84.14,51.5,Slim Buttes,siliciclastic,fluvial indet.,Amynodontopsis bodei
m1,1.28,0.92,56.0,51.1,-78.54,51.42,Wasatch,unknown,terrestrial indet.,Koniaryctes paulus
m1,4.8,3.0,72.2,66.0,-68.14,64.05,Scollard,claystone,terrestrial indet.,Schowalteria clemensi
m1,2.2,2.15,57.5,56.0,-78.79,52.74,unknown,unknown,terrestrial indet.,Acritoparamys atwateri
M1,4.7,6.1,60.9,57.5,-76.47,54.83,Melville,unknown,terrestrial indet.,Paleotomus senior
Radius,57.3,0.0,13.8,11.0,-71.57,4.04,Villavieja,claystone,terrestrial indet.,Prodolichotis pridiana
Radius,0.0,85.0,13.8,11.0,-71.62,4.01,La Victoria,claystone,terrestrial indet.,Granastrapotherium snorki
m1,18.7,14.9,37.0,33.9,-90.13,55.84,unknown,unknown,terrestrial indet.,Brachyhyops viensis
Tibia,0.0,20.0,13.8,11.0,-71.59,4.05,Villavieja,claystone,terrestrial indet.,Drytomomys aequatorialis
M3,1.4,1.9,60.9,57.5,-78.5,46.09,unknown,shale,fissure fill,Peradectes elegans
Scapula neck,0.0,0.0,13.8,11.0,-71.59,4.05,Villavieja,claystone,terrestrial indet.,Drytomomys aequatorialis
Upper dM2,109.4,0.0,2.58,0.0117,-75.13,10.34,La Popa,unknown,terrestrial indet.,Notiomastodon platensis
p4,6.8367,4.8158,12.5,9.4,-94.8,45.3,Ash Hollow,siliciclastic,channel,Dipoides tanneri
m1,17.1,8.8,12.5,9.4,-77.8,31.36,Alachua,unknown,marginal marine indet.,Hemiauchenia minima
m1,27.8,13.9,20.45,15.98,-66.85,40.97,Calvert,sandstone,estuary/bay,Amphicyon longiramus
Lower p1,0.0,90.0,2.58,0.0117,-69.21,9.93,unknown,claystone,terrestrial indet.,Mixotoxodon larensis
M2,3.22,4.64,57.5,56.0,-78.79,52.74,unknown,unknown,terrestrial indet.,Plesiadapis dubius
m1,2.275,2.135,51.1,45.9,-82.61,44.55,Huerfano,unknown,terrestrial indet.,Thisbemys elachistos
m1,2.42,3.02,4.7,1.4,-118.54,39.66,unknown,unknown,terrestrial indet.,Spermophilus wellingtonensis
p4,21.4,18.8,2.58,0.774,-81.8,30.02,unknown,unknown,terrestrial indet.,Tapirus (Helicotapirus) lundeliusi
Lower p4,2.1,2.1,13.8,11.0,-71.6,3.99,unknown,unknown,terrestrial indet.,Micodon kiotensis
m1,4.4,4.75,9.4,4.7,-114.93,47.26,McKay,sandstone,pond,Parapaenemarmota oregonensis
Lower m3,182.0,0.0,2.58,0.0117,-72.38,6.39,Soatá,siltstone,terrestrial indet.,Notiomastodon platensis
m2,2.2,1.95,56.0,51.1,-82.33,43.51,San Jose,unknown,terrestrial indet.,Jemezius szalayi
Lower m3 talonid,0.0,3.5,13.8,11.0,-71.62,4.01,Villavieja,unknown,terrestrial indet.,Hondadelphys fieldsi
m2,1.9,1.57,24.7,23.1,-95.79,54.96,Cypress Hills,unknown,terrestrial indet.,Downsimus chadwicki
Palatal width at the level of M3,0.0,5.1,29.0,21.0,-60.44,-16.79,Salla Beds,tuff,terrestrial indet.,Evolestes hadrommatos
P4,3.3,1.9,60.9,57.5,-79.81,51.07,Evanston,siliciclastic,terrestrial indet.,Torrejonia sirokyi
M2,8.1,9.2,16.3,12.5,-93.28,46.01,Valentine,unknown,terrestrial indet.,Arctonasua gracilis
m1,15.0,7.8,37.0,33.9,-95.74,52.24,Chadron,tuff,wet floodplain,Montanatylopus matthewi
Lower m4,0.0,21.0,2.58,0.0117,-48.05,-19.73,unknown,claystone,alluvial fan,Eremotherium laurillardi
m2,16.5,16.5,2.58,0.0117,-80.0,37.88,unknown,gravel,cave,Mylohyus fossilis
M1,5.25,7.65,37.0,33.9,-89.99,35.83,unknown,unknown,terrestrial indet.,Gustafsonia cognita
m1,2.27,1.48,9.4,4.7,-109.42,40.73,Sevier,siltstone,terrestrial indet.,Basirepomys robertsi
m1,1.02,1.5788,12.5,9.4,-112.99,38.09,Avawatz,unknown,terrestrial indet.,Phelosaccomys shotwelli
M1,17.0,13.0,9.4,4.7,-98.16,22.95,Rancho Viejo Beds,claystone,fluvial indet.,Desmathyus brachydontus
P4,22.84,21.66,16.3,12.5,-111.93,42.13,unknown,unknown,terrestrial indet.,Merychippus calamarius
radius,385.0,0.0,13.82,11.63,-70.72,39.7,Choptank,siltstone,offshore shelf,Thinocetus arthritus
Sagittal crest,76.7,0.0,3.6,0.774,-62.8,9.96,Mesa,tar,terrestrial indet.,Xenosmilus venezuelensis
M1,37.6,58.0,16.3,12.5,-100.42,39.05,Tesuque,unknown,terrestrial indet.,Peraceras profectum
M2,10.0,13.5,51.1,45.9,-85.53,49.05,Bridger,unknown,terrestrial indet.,Helohyus milleri
m1,2.25,2.35,4.7,0.21,-97.8,39.23,Crooked Creek,siliciclastic,terrestrial indet.,Spermophilus lorisrusselli
M1,0.64,1.01,57.5,56.0,-79.47,50.38,Fort Union,mudstone,floodplain,Alagomys russelli
skull,425.0,162.5,11.63,7.246,-72.27,39.52,St Marys,unknown,marine indet.,Lophocetus calvertensis
M3,1.5,1.4,51.1,45.9,-83.03,27.44,Guanjuato Red Conglomerate,unknown,terrestrial indet.,Floresomys guanajuatoensis
P4,4.4,5.85,60.9,57.5,-77.27,55.0,Fort Union,unknown,terrestrial indet.,Aphronorus orieli
p4,33.0,15.8,4.7,1.4,-117.11,35.97,Tulare,unknown,terrestrial indet.,Equus mexicanus
P3,1.2667,2.0833,16.3,12.5,-104.57,47.65,Colter,unknown,terrestrial indet.,Oreolagus colteri
m1,2.865,3.1875,16.3,12.5,-109.76,46.69,Deer Butte,unknown,terrestrial indet.,Monosaulax progressus
Skull length,165.3,0.0,11.63,7.246,-67.43,-17.99,Huaylas,sandstone,lacustrine indet.,Caraguatypotherium munozi
M2,1.5,2.1,51.1,45.9,-85.53,49.05,Bridger,unknown,terrestrial indet.,Centetodon bembicophagus
Lower i1,1.38,2.06,13.8,11.0,-70.96,4.43,La Victoria,unknown,terrestrial indet.,Lagonimico conclucatus
M1,4.5,2.0,60.9,57.5,-76.01,53.78,Fort Union,unknown,terrestrial indet.,Prochetodon cavus
Lower dp4,0.0,1.5,13.8,11.0,-71.53,4.1,Villavieja,unknown,terrestrial indet.,Ricardomys longidens
M2,1.47,1.92,16.3,12.5,-104.9,49.7,Madison Valley,sandstone,channel,Peridiomys halis
Upper M3,59.0,49.0,13.8,11.0,-71.59,4.07,unknown,claystone,terrestrial indet.,Huilatherium pluripicatum
m1,31.9,14.0,9.4,4.7,-95.0,43.22,Ash Hollow,unknown,terrestrial indet.,Amphimachairodus coloradensis
M1,19.95,21.02,12.5,9.4,-77.8,31.36,Alachua,unknown,marginal marine indet.,Yumaceras hamiltoni
m1,2.96,1.07,1.4,0.21,-99.92,37.44,Crooked Creek,ash,terrestrial indet.,Microtus paroperarius
m1,2.8,1.04,1.4,0.21,-97.7,40.03,Sappa,unknown,terrestrial indet.,Microtus paroperarius
m1,1.36,0.94,9.4,4.7,-114.86,44.46,Drewsey,unknown,terrestrial indet.,Postcopemys valensis
M2,1.75,1.85,39.7,37.0,-100.3,38.92,Sespe,unknown,terrestrial indet.,Presbymys lophatus
Osteoderms,13.5,13.0,5.333,2.58,-74.23,9.59,Sincelejo,sandstone,terrestrial indet.,Neoglyptatelus sincelejanus
M1,1.26,1.9,4.7,1.4,-115.73,34.46,San Timoteo,unknown,terrestrial indet.,Thomomys gidleyi
m1,2.12,2.64,4.7,0.21,-108.48,33.37,Gila Conglomerate,siltstone,fluvial indet.,Citellus (Otospermophilus) bensoni
p4,7.5,5.9,57.5,56.0,-78.79,52.74,unknown,unknown,terrestrial indet.,Azygonyx ancylion
P4,0.96,1.16,24.7,23.1,-95.79,54.96,Cypress Hills,unknown,terrestrial indet.,Trogomys ironcloudi
Mandibular M2,2.7,2.4,56.0,48.07,-28.6,-27.29,Itaboraí,marl,fissure fill,Procaroloameghinia pricei
M2,46.0,44.2,51.1,45.9,-86.38,50.22,Bridger,unknown,terrestrial indet.,Telmatherium validus
M1,10.0,19.0,9.4,4.7,-98.52,41.18,unknown,unknown,terrestrial indet.,Plesiogulo marshalli
M2,9.0,10.4,56.0,51.1,-80.94,52.71,Willwood,unknown,terrestrial indet.,Cardiolophus radinskyi
M1,2.34,3.125,23.04,5.333,-94.81,39.87,Ogallala,unknown,terrestrial indet.,Spermophilus dotti
p4,11.5,8.5,18.5,16.3,-75.25,32.13,Alachua,sandstone,terrestrial indet.,Archaeohippus blackbergi
m1,3.914,3.2,66.0,63.4,-71.42,52.31,Ferris,unknown,terrestrial indet.,Mithrandir gillianus
p4 first lamina,0.0,4.0,11.63,2.58,-65.98,-7.53,unknown,unknown,terrestrial indet.,Phoberomys bordasi
m1,1.41,1.14,39.7,37.0,-98.36,37.35,Pomerado,mudstone,terrestrial indet.,Nonomys gutzleri
tibia,260.0,0.0,31.8,29.5,-87.22,48.58,Brule,sandstone,fluvial indet.,Miohippus gidleyi
Metacarpal IV,48.4,0.0,13.8,11.0,-71.59,4.07,unknown,claystone,terrestrial indet.,Magdalenabradys confusum
M2,1.26,1.9,4.7,1.4,-115.73,34.46,San Timoteo,unknown,terrestrial indet.,Thomomys gidleyi
M3,9.6,9.3,4.7,1.4,-100.21,20.42,Goleta,unknown,terrestrial indet.,Paenemarmota barbouri
m1,1.58,0.83,39.7,37.0,-86.94,56.36,Cypress Hills,unknown,terrestrial indet.,Herpetotherium innominatum
m1,16.1,7.5,9.4,3.6,-80.31,28.54,Peace River,sandstone,marginal marine indet.,Enhydritherium terraenovae
m1,1.38,0.95,63.4,60.9,-73.27,53.83,Fort Union,unknown,terrestrial indet.,Palenochtha minor
P4,8.2,12.0,63.4,60.9,-76.11,45.82,Nacimiento,unknown,terrestrial indet.,Conoryctes comma
M1,2.8,4.0,66.0,63.4,-75.98,47.36,unknown,unknown,terrestrial indet.,Chacomylus sladei
M3,2.13,2.12,23.1,18.5,-90.01,47.22,Harrison,unknown,terrestrial indet.,Proscalops secundus
Cranium/Diastema,26.0,0.0,13.8,11.0,-71.59,4.05,Villavieja,claystone,terrestrial indet.,Drytomomys aequatorialis
M1,2.6,2.0,29.5,18.5,-92.34,47.0,unknown,unknown,terrestrial indet.,Florentiamys tiptoni
p4,3.03,1.96,45.9,39.7,-86.48,36.39,Devil's Graveyard,unknown,terrestrial indet.,Mescalerolemur horneri
p4,5.8,2.3,72.2,66.0,-66.02,53.68,Lance,sandstone,terrestrial indet.,Cimolodon nitidus
m1,3.62,3.525,45.9,39.7,-98.28,39.4,Sespe,unknown,terrestrial indet.,Rapamys fricki
Scute 1,18.0,0.0,15.98,11.63,-60.66,9.5,Santa Ines,unknown,terrestrial indet.,Boreostemma venezolensis
m1,1.47,1.4,56.0,51.1,-81.71,47.85,DeBeque,unknown,terrestrial indet.,Lophiparamys debequensis
m1,1.5,0.94,1.4,0.21,-97.7,40.03,Sappa,unknown,terrestrial indet.,Zapus sandersi
m3,0.92,0.82,1.4,0.21,-99.44,45.67,unknown,unknown,terrestrial indet.,Javazapus weeksi
m1,4.315,2.14,83.6,72.2,-66.19,52.82,Mesaverde,conglomerate,channel,Cimolomys clarki
M2,1.22,1.04,16.3,12.5,-109.76,46.69,Deer Butte,unknown,terrestrial indet.,Copemys pagei
m1,10.8,6.3,17.5,16.3,-65.05,-17.94,Chucal,sandstone,floodplain,Altitypotherium paucidens
P1,0.6,0.4,63.4,60.9,-74.71,61.93,Paskapoo,unknown,fluvial indet.,Picrodus calgariensis
p3,1.39,1.1,60.9,57.5,-76.45,53.23,Fort Union,siltstone,terrestrial indet.,Mylanodon rosei
m1,1.47,1.25,60.9,57.5,-66.51,56.07,Ravenscrag,sandstone,alluvial fan,Carpodaptes stonleyi
m1,2.23,1.37,72.2,66.0,-64.61,58.18,Hell Creek,sandstone,terrestrial indet.,Paracimexomys priscus
m3,2.8,1.7,8.0,5.0,-61.89,-36.93,Epecuén,siltstone,fluvial indet.,Thylatheridium hudsoni
p2,8.98,6.73,56.0,51.1,-79.8,51.57,Willwood,unknown,terrestrial indet.,Palaeonictis wingi
m3,29.4,11.7,4.7,1.4,-80.72,27.53,Caloosahatchee,unknown,terrestrial indet.,Hemiauchenia gracilis
m1,1.62,1.31,56.0,51.1,-78.54,51.42,Wind River,unknown,terrestrial indet.,Macrocranion nitens
M1,14.8,17.5,51.1,45.9,-85.19,49.68,Wasatch,shale,fluvial-lacustrine indet.,Eotitanops gregoryi
m1,12.9,7.4,12.5,9.4,-77.8,31.36,Alachua,unknown,marginal marine indet.,Calippus elachistus
m1,2.76,1.92,23.1,18.5,-90.01,47.22,Harrison,unknown,terrestrial indet.,Proscalops secundus
M1,16.59,16.46,12.5,9.4,-107.51,38.12,Milk Creek,unknown,terrestrial indet.,Protolabis yavapaiensis
Greatest mastoid process width,0.0,114.8,3.6,0.774,-62.8,9.96,Mesa,tar,terrestrial indet.,Xenosmilus venezuelensis
p3,17.3,10.1,16.3,12.5,-93.24,45.91,Valentine,unknown,terrestrial indet.,Calippus proplacidus
M1,12.6167,12.1167,16.3,12.5,-97.28,45.82,Olcott,unknown,terrestrial indet.,Stirtonhyus xiphodonticus
m2,11.1,5.8,17.5,16.3,-65.05,-17.94,Chucal,sandstone,floodplain,Altitypotherium chucalensis
m1,49.3,35.5,29.5,24.7,-88.74,48.37,Sharps,unknown,terrestrial indet.,Diceratherium radtkei
P4,19.9,26.0,2.58,0.0117,-84.02,35.71,unknown,claystone,fissure fill,Tapirus (Helicotapirus) veroensis
m1,2.4,1.1,56.0,51.1,-81.07,52.21,Willwood,unknown,terrestrial indet.,Ectypodus simpsoni
M3,24.35,21.65,27.3,23.04,-71.97,33.01,Parachucla,sandstone,marginal marine indet.,Mesoreodon floridensis
Palatal length from posterior margin of incisor foramen to posterior margin of,75.0,0.0,11.63,7.246,-65.5,-9.7,Solimões,claystone,fluvial-lacustrine indet.,Neoepiblema horridula
M2,2.73,3.42,9.4,4.7,-97.16,38.78,unknown,unknown,terrestrial indet.,Spermophilus dotti
m3,2.12,1.86,18.5,16.3,-100.38,53.88,Cypress Hills,unknown,terrestrial indet.,Miospermophilus wyomingensis
M3,3.8,4.8,45.9,39.7,-89.36,47.16,Uinta,unknown,terrestrial indet.,Ourayia uintensis
m1,3.11,1.19,1.4,0.21,-82.19,29.85,unknown,unknown,terrestrial indet.,Synaptomys morgani
m2,1.18,0.83,60.9,57.5,-76.38,61.88,Paskapoo,siltstone,lacustrine indet.,Foxomomys fremdi
m1,9.26,6.86,45.9,39.7,-89.71,47.29,Uinta,unknown,terrestrial indet.,Protoreodon pumilus
Upper M1,0.0,0.0,7.246,5.333,-64.27,-23.39,Maimará,sandstone,fluvial indet.,Proscelidodon patrius
P2,2.8,0.0,9.4,4.7,-117.07,39.37,Mehrten,mudstone,terrestrial indet.,Pliotaxidea garberi
Lowe m3,1.5,0.8,13.8,11.0,-71.6,4.07,Villavieja,mudstone,fluvial indet.,Thylamys minutus
P4,1.35,1.295,39.7,37.0,-88.5,36.09,Chambers Tuff,unknown,terrestrial indet.,Viejadjidaumo magniscopuli
Femur,0.0,0.0,13.8,11.0,-71.59,4.05,Villavieja,claystone,terrestrial indet.,Drytomomys aequatorialis
Lower p3,2.25,2.19,13.8,11.0,-70.96,4.43,La Victoria,unknown,terrestrial indet.,Lagonimico conclucatus
m1,2.7,2.5,60.9,57.5,-75.5,53.44,Fort Union,siliciclastic,fluvial-lacustrine indet.,Aaptoryctes ivyi
m1,2.0,1.6,60.9,57.5,-75.51,53.47,Fort Union,siliciclastic,fluvial-lacustrine indet.,Cedrocherus ryani
m1,8.7,4.9,17.5,16.3,-65.05,-17.94,Chucal,sandstone,floodplain,Eotypotherium chico
P2 (alveolus),1.54,0.0,29.0,21.0,-60.44,-16.79,Salla Beds,tuff,terrestrial indet.,Evolestes hadrommatos
m2,1.59,1.23,24.7,23.1,-95.79,54.96,Cypress Hills,unknown,terrestrial indet.,Leidymys korthi
m1,3.6,3.2,18.5,16.3,-95.78,46.38,Sheep Creek,unknown,terrestrial indet.,Alphagaulus vetus
m2,48.2,18.7,29.0,21.0,-50.73,-34.69,Fray Bentos,sandstone,fluvial indet.,Scarrittia robusta
m1,1.4,1.5,51.1,45.9,-85.53,49.05,Bridger,unknown,terrestrial indet.,Microparamys minutus
m1,33.0,25.0,45.9,39.7,-90.0,47.38,Uinta,unknown,terrestrial indet.,Sthenodectes incisivum
M1,3.11,4.22,60.9,57.5,-77.86,50.78,Fort Union,unknown,terrestrial indet.,Plesiadapis fodinatus
p4,27.0,14.8,4.7,1.4,-104.18,32.26,Camp Rice,unknown,terrestrial indet.,Equus (Asinus) cumminsi
m1,12.65,10.0,16.3,12.5,-97.28,45.82,Olcott,unknown,terrestrial indet.,Stirtonhyus xiphodonticus
m1,22.4,15.4,23.04,5.333,-112.78,36.75,Caliente,unknown,terrestrial indet.,Heteropliohippus hulberti
p4,2.53,1.87,21.0,17.5,-62.19,-42.83,Sarmiento,mudstone,paralic indet.,Eoviscaccia australis
m1,13.6,11.5,9.4,4.7,-97.13,37.75,unknown,unknown,terrestrial indet.,Prosthennops serus
m1,3.8,3.97,9.4,4.7,-116.57,41.27,Coal Valley,unknown,terrestrial indet.,Dipoides wilsoni
m1,2.76,1.21,1.4,0.21,-99.44,45.67,unknown,unknown,terrestrial indet.,Mimomys dakotaensis
p4,17.3,10.1,16.3,12.5,-93.24,45.91,Valentine,unknown,terrestrial indet.,Calippus proplacidus
m1,4.42,4.94,9.4,4.7,-116.88,41.07,unknown,unknown,terrestrial indet.,Marmota korthi
Length of the tooth row,0.0,0.0,7.246,5.333,-64.27,-23.39,Maimará,sandstone,fluvial indet.,Proscelidodon patrius
M1,1.7,2.5,37.0,33.9,-95.21,52.63,Renova,claystone,terrestrial indet.,Pseudocylindrodon neglectus
M2,2.69,3.08,57.5,56.0,-78.79,52.74,unknown,unknown,terrestrial indet.,Franimys amherstensis
P3,26.5,16.5,9.4,4.7,-97.13,37.75,unknown,unknown,terrestrial indet.,Megatylopus matthewi
p3,19.4,10.8,16.3,12.5,-93.24,45.91,Valentine,unknown,terrestrial indet.,Pseudhipparion retrusum
M1,0.84,0.88,29.5,24.7,-89.39,47.96,unknown,conglomerate,coarse channel fill,Leptodontomys douglassi
P4,23.15,29.75,51.1,45.9,-87.37,48.83,Bridger,unknown,terrestrial indet.,Uintatherium anceps
M2,6.8,8.0,63.4,60.9,-77.16,46.7,Nacimiento,unknown,terrestrial indet.,Conoryctella pattersoni
m1,3.67,2.53,39.7,37.0,-87.58,35.26,Devil's Graveyard,unknown,terrestrial indet.,Mahgarita stevensi
P3,21.0,24.0,2.58,0.0117,-97.56,35.28,unknown,gravel,terrestrial indet.,Tapirus (Helicotapirus) haysii
m2,1.6,1.6,8.0,5.0,-62.61,-36.4,Cerro Azul,siltstone,loess,Palaeoctodon simplicidens
Upper M2,52.0,50.0,13.8,11.0,-71.57,4.03,Villavieja,sandstone,terrestrial indet.,Huilatherium pluripicatum
P4,2.5,2.95,66.0,63.4,-75.98,47.36,unknown,unknown,terrestrial indet.,Chacomylus sladei
M1,4.0,5.6,60.9,57.5,-78.13,60.96,Paskapoo,siltstone,fluvial-lacustrine indet.,Pristinictis connata
p4,2.13,1.93,29.5,18.5,-92.34,47.0,unknown,unknown,terrestrial indet.,Florentiamys loomisi
m1,3.3983,2.8383,56.0,51.1,-81.07,52.21,Willwood,unknown,terrestrial indet.,Cantius torresi
i,2.75,2.2,15.5,13.8,-67.65,-39.73,Collón Cura,tuff,terrestrial indet.,Maruchito trilofodonte
Lower m1,3.04,0.0,13.8,11.0,-71.53,4.1,Villavieja,unknown,terrestrial indet.,Ricardomys longidens
m1,1.8,1.1,51.1,45.9,-86.38,50.22,Wasatch,unknown,terrestrial indet.,Apatemys bellus
m1,12.8,6.0,72.2,66.0,-62.43,54.22,Fox Hills,unknown,terrestrial indet.,Bubodens magnus
m1,2.78,2.24,29.5,18.5,-102.1,50.8,Peterson Creek Beds,unknown,terrestrial indet.,Trilaccogaulus lemhiensis
M1,11.5,13.6,9.4,4.7,-98.52,41.18,unknown,unknown,terrestrial indet.,Eucyon davisi
m1,3.41,3.25,51.1,45.9,-86.38,50.22,Green River,unknown,terrestrial indet.,Leptotomus parvus
M1,2.49,1.56,9.4,4.7,-109.42,40.73,Sevier,siltstone,terrestrial indet.,Basirepomys robertsi
M1,21.3,24.0,23.1,18.5,-93.8,46.72,unknown,unknown,terrestrial indet.,Adilophontes brachykolos
Radius proximal end,0.0,0.0,13.8,11.0,-71.59,4.06,La Victoria,claystone,terrestrial indet.,Magdalenabradys confusum
m1,24.0,9.4,1.4,0.21,-97.7,40.03,unknown,unknown,terrestrial indet.,Canis latrans
c1,0.9,0.6,5.0,3.8,-60.78,-38.8,Monte Hermoso,unknown,terrestrial indet.,Marmosa contrerasi
Femur Head,0.0,0.0,13.8,11.0,-71.57,4.04,Villavieja,claystone,terrestrial indet.,Prodolichotis pridiana
m1,1.9,1.5,56.0,51.1,-79.86,52.19,Willwood,unknown,terrestrial indet.,Teilhardina demissa
Upper M3,1.38,2.44,13.8,11.0,-70.96,4.43,La Victoria,unknown,terrestrial indet.,Lagonimico conclucatus
Lower canine,0.0,0.0,13.8,11.0,-71.62,4.01,Villavieja,claystone,terrestrial indet.,Xenastrapotherium kraglievichi
M3,1.1,1.17,45.9,39.7,-82.01,33.29,Laredo,sandstone,estuary/bay,Pauromys simplex
M3,3.34,4.79,60.9,57.5,-76.01,53.78,Fort Union,unknown,terrestrial indet.,Plesiadapis fodinatus
Upper M1-4/P1-3,1.16,0.0,56.0,48.07,-28.6,-27.29,Itaboraí,marl,fissure fill,Gaylordia macrocynodonta
P4,33.8,19.4,11.63,5.333,-97.79,36.86,unknown,sandstone,fluvial indet.,Ischyrocyon gidleyi
m1,2.24,1.24,39.7,37.0,-86.94,56.36,Cypress Hills,unknown,terrestrial indet.,Herpetotherium marsupium
m1,21.6,10.6,27.3,23.04,-73.13,32.48,Crystal River,claystone,sinkhole,Daphoenodon notionastes
M1,3.8,4.8,45.9,39.7,-89.36,47.16,Uinta,unknown,terrestrial indet.,Ourayia uintensis
m1,2.9333,2.8333,63.4,60.9,-74.71,38.65,Black Peaks,unknown,terrestrial indet.,Nannodectes gidleyi
m1,18.3,9.6,12.5,9.4,-77.8,31.36,Alachua,unknown,marginal marine indet.,Cormohipparion ingenuum
P4,2.7,2.8,16.3,12.5,-101.18,40.09,Tesuque,unknown,terrestrial indet.,Untermannerix copiosus
m2,7.5,4.8,9.4,4.7,-78.95,28.93,Peace River,sandstone,marginal marine indet.,Enhydritherium terraenovae
i1,6.8,4.4,17.5,16.3,-65.05,-17.94,Chucal,sandstone,floodplain,Altitypotherium chucalensis
p1,2.4,2.0,39.7,37.0,-98.62,37.74,Santiago,sandstone,channel,Lycophocyon hutchisoni
M1,1.65,2.05,1.4,0.21,-99.92,37.44,Crooked Creek,unknown,terrestrial indet.,Spermophilus tridecemlineatus
P4,1.6,2.5,37.0,33.9,-95.21,52.63,Renova,claystone,terrestrial indet.,Pseudocylindrodon neglectus
P3,22.75,17.05,11.63,7.246,-111.61,38.23,Chanac,unknown,terrestrial indet.,Hipparion forcei
m3,11.0,3.8,17.5,16.3,-65.05,-17.94,Chucal,sandstone,floodplain,Eotypotherium chico
m1,13.3,10.6,16.3,12.5,-97.23,45.6,Olcott,unknown,terrestrial indet.,Stirtonhyus xiphodonticus
Lower p4 Trigonid,13.5,15.0,2.58,0.0117,-69.21,9.93,unknown,claystone,marine indet.,Mixotoxodon larensis
M3,32.8,19.4,60.9,57.5,-67.79,55.65,Sentinel Butte,unknown,terrestrial indet.,Titanoides primaevus
M2,1.28,1.41,39.7,37.0,-98.36,37.35,Pomerado,mudstone,terrestrial indet.,Nonomys gutzleri
P2,18.0,6.8,48.07,41.03,74.19,11.51,Kuldana,conglomerate,fluvial indet.,Pakicetus inachus
m1,8.25,4.1,72.2,66.0,-63.15,57.32,Hell Creek,unknown,terrestrial indet.,Meniscoessus robustus
Lower m3,71.0,0.0,2.58,0.0117,-69.21,9.93,unknown,claystone,marine indet.,Mixotoxodon larensis
Femur,0.0,0.0,13.8,11.0,-71.62,4.01,Villavieja,unknown,terrestrial indet.,Hondadelphys fieldsi
M1,5.0,4.5,45.9,39.7,-90.0,47.38,Uinta,unknown,terrestrial indet.,Mesomeryx grangeri
m1,1.2233,1.3467,9.4,4.7,-116.88,41.07,unknown,unknown,terrestrial indet.,Pronotolagus nevadensis
m1,25.2,9.2,12.5,4.7,-96.15,44.75,Ash Hollow,unknown,terrestrial indet.,Barbourofelis whitfordi
M1,3.875,3.0,12.5,9.4,-95.72,39.49,Laverne,unknown,terrestrial indet.,Domninoides hessei
c-m2,36.5,0.0,16.3,12.5,-96.24,46.05,unknown,unknown,terrestrial indet.,Probassariscus matthewi
humerus,99.0,11.3,56.0,51.1,-80.91,52.72,Willwood,sandstone,channel,Sifrhippus grangeri
DP4,3.13,1.8,21.0,17.5,-62.19,-42.83,Sarmiento,mudstone,paralic indet.,Eoviscaccia australis
P4,4.5,4.35,23.1,18.5,-93.22,47.21,Harrison,unknown,terrestrial indet.,Migmacastor procumbodens
M1,18.0,20.0,23.1,18.5,-91.74,47.87,Harrison,unknown,terrestrial indet.,Arretotherium leptodus
M1,2.3,2.95,16.3,12.5,-109.76,46.69,Butte Creek,volcaniclastic,terrestrial indet.,Liodontia alexandrae
M2,2.2,4.1,18.5,16.3,-93.54,47.05,Rosebud,conglomerate,coarse channel fill,Archaeolagus macrocephalus
M2,1.59,1.825,16.3,12.5,-109.76,46.69,Butte Creek,volcaniclastic,terrestrial indet.,Paradomnina relictus
M2,1.76,1.72,9.4,4.7,-109.42,40.73,Sevier,siltstone,terrestrial indet.,Basirepomys robertsi
p4-m3 Alveolar,22.1,0.0,13.8,11.0,-71.59,4.05,Villavieja,claystone,terrestrial indet.,Scleromys colombianus
Femur internal condyle,24.5,0.0,13.8,11.0,-71.59,4.05,Villavieja,claystone,terrestrial indet.,Drytomomys aequatorialis
P2,8.1,8.0,4.7,1.4,-113.29,38.63,Panaca,siltstone,fluvial-lacustrine indet.,Sinocapra willdownsi
m2,3.39,3.2,60.9,57.5,-76.01,53.78,Fort Union,unknown,terrestrial indet.,Plesiadapis fodinatus
m1,22.95,11.35,11.63,7.246,-111.61,38.23,Chanac,unknown,terrestrial indet.,Hipparion forcei
P4,21.3,22.6,16.3,12.5,-93.24,45.91,Valentine,unknown,terrestrial indet.,Protohippus perditus
m2,4.25,3.95,56.0,51.1,-80.68,50.99,Wind River,unknown,terrestrial indet.,Cantius frugivorus
M3,6.3,11.2,60.9,57.5,-76.38,61.88,Paskapoo,siltstone,lacustrine indet.,Presbytherium rhodorugatus
Femur Head,0.0,0.0,13.8,11.0,-71.59,4.07,unknown,claystone,terrestrial indet.,Magdalenabradys confusum
m1,27.1,10.6,9.4,4.7,-110.72,36.87,Big Sandy,unknown,terrestrial indet.,Plesiogulo lindsayi
Frontal length from contact of internasal and interfrontal sutures to posterior,100.0,0.0,11.63,7.246,-65.5,-9.7,Solimões,claystone,fluvial-lacustrine indet.,Neoepiblema horridula
P2,8.4,3.0,13.8,11.0,-62.62,-21.44,unknown,claystone,fluvial indet.,Acyon myctoderos
M2,2.15,2.23,16.3,12.5,-104.9,49.7,Madison Valley,sandstone,channel,Galbreathia bettae
P3,29.6,27.3,4.7,1.4,-116.95,36.95,unknown,unknown,terrestrial indet.,Plesippus simplicidens
m1,1.225,1.525,16.3,12.5,-93.28,46.01,Valentine,unknown,terrestrial indet.,Lignimus montis
P4,1.7,2.7,45.9,39.7,-96.6,38.2,Santiago,siliciclastic,terrestrial indet.,Dyseolemur pacificus
Lumbar vertebra greatest diameter,0.0,0.0,2.58,0.0117,-36.4,-8.52,unknown,unknown,terrestrial indet.,Macrauchenia patagonica
M2,1.6,2.22,72.2,66.0,-66.02,53.68,Lance,sandstone,terrestrial indet.,Leptalestes krejcii
M2,9.2,12.3,45.9,39.7,-87.18,50.06,Tepee Trail,unknown,terrestrial indet.,Epihippus gracilis
m1,1.62,1.21,24.7,23.1,-95.79,54.96,Cypress Hills,unknown,terrestrial indet.,Geringia gloveri
m2,12.85,7.5,29.5,18.5,-106.02,38.05,Tick Canyon,siltstone,fluvial indet.,Merychyus calaminthus
m1,0.75,0.96,12.5,9.4,-113.77,36.46,MR Caliente,unknown,terrestrial indet.,Perognathus minutus
M3,4.43,5.9,72.2,66.0,-66.02,53.68,Lance,sandstone,terrestrial indet.,Protolambda florencae
p1,15.0,5.0,48.07,41.03,74.19,11.51,Kuldana,conglomerate,fluvial indet.,Pakicetus inachus
m1,2.5,2.72,12.5,9.4,-114.35,42.83,Truckee,unknown,terrestrial indet.,Hypolagus fontinalis
m1,2.2,2.0,29.5,18.5,-92.34,47.0,unknown,unknown,terrestrial indet.,Florentiamys tiptoni
m1,3.05,2.1,66.0,63.4,-68.59,59.89,Ravenscrag,sandstone,terrestrial indet.,Litomylus orthronepius
p3,9.7,7.5,2.58,0.0,-72.44,-10.88,unknown,conglomerate,fluvial indet.,Pecari tajacu
Femur,97.0,0.0,13.8,11.0,-71.62,4.01,Villavieja,unknown,terrestrial indet.,Hondadelphys fieldsi
m2,1.88,1.54,24.7,23.1,-95.79,54.96,Cypress Hills,unknown,terrestrial indet.,Paciculus nebraskensis
m2,1.87,1.1,1.4,0.21,-99.92,37.44,Crooked Creek,unknown,terrestrial indet.,Mictomys kansasensis
P4,3.3,4.2,60.9,57.5,-75.5,53.44,Fort Union,siliciclastic,fluvial-lacustrine indet.,Aaptoryctes ivyi
P3,4.4,2.4,57.5,56.0,-78.79,52.74,unknown,unknown,terrestrial indet.,Prochetodon taxus
m1,13.1,16.8,1.4,0.21,-98.69,36.67,unknown,sandstone,fluvial indet.,Nothrotherium texanum
m2,2.79,3.47,16.3,12.5,-109.76,46.69,Butte Creek,volcaniclastic,terrestrial indet.,Monosaulax typicus
m3,26.5,11.8,4.7,1.4,-80.72,27.53,Caloosahatchee,unknown,terrestrial indet.,Hemiauchenia gracilis
m1,11.0,5.0,33.9,31.8,-95.92,53.11,unknown,unknown,terrestrial indet.,Hesperocyon gregarius
m1,5.5,4.1,51.1,45.9,-92.12,47.29,Sheep Pass,limestone,lacustrine - small,Fouchia elyensis
p2,4.06,2.58,66.0,63.4,-65.1,55.6,Fort Union,sandstone,terrestrial indet.,Alveugena carbonensis
M2,1.18,1.06,9.4,4.7,-98.19,23.07,Rancho Viejo Beds,claystone,channel,Calomys (Bensonomys) winklerorum
M2,1.8,1.21,9.4,1.4,-83.09,41.51,unknown,unknown,terrestrial indet.,Pliophenacomys koenigswaldi
m2,3.6,2.7,72.2,66.0,-65.92,53.69,Lance,shale,terrestrial indet.,Cimolomys gracilis
P3,26.8,27.0,23.04,5.333,-112.78,36.75,Caliente,unknown,terrestrial indet.,Heteropliohippus hulberti
M3,62.0,27.0,5.333,2.58,-70.26,10.71,unknown,unknown,terrestrial indet.,Gyrinodon quassus
P4,26.9,26.1,23.04,5.333,-112.78,36.75,Caliente,unknown,terrestrial indet.,Heteropliohippus hulberti
m2,1.65,1.0,5.0,3.8,-60.78,-38.8,Monte Hermoso,unknown,terrestrial indet.,Marmosa contrerasi
m4,3.1,2.5,16.3,15.5,-68.67,-43.88,Río Frias,tuff,fluvial indet.,Abderites meridionalis
m1,2.7,1.9,63.4,60.9,-74.71,38.65,Black Peaks,unknown,terrestrial indet.,Haplaletes disceptatrix
m2,2.46,3.065,18.5,16.3,-112.96,46.54,unknown,unknown,terrestrial indet.,Megapeomys bobwilsoni
m1,8.6,7.1,63.4,60.9,-76.11,45.82,Nacimiento,unknown,terrestrial indet.,Tetraclaenodon puercensis
Femur Head,0.0,0.0,13.8,11.0,-71.59,4.05,Villavieja,claystone,terrestrial indet.,Drytomomys aequatorialis
p3,3.13,1.96,45.9,39.7,-86.48,36.39,Devil's Graveyard,unknown,terrestrial indet.,Mescalerolemur horneri
m1,17.9,10.8,23.04,5.333,-78.58,32.43,unknown,unknown,terrestrial indet.,Moropus oregonensis
m3,1.4,0.9,60.9,57.5,-76.38,61.88,Paskapoo,siltstone,lacustrine indet.,Picrodus lepidus
M1,4.15,5.1,45.9,39.7,-98.28,39.4,Sespe,unknown,terrestrial indet.,Eohaplomys matutinus
P3,19.1,20.3,16.3,12.5,-93.24,45.91,Valentine,unknown,terrestrial indet.,Pseudhipparion retrusum
M1,1.9,1.75,15.5,13.8,-67.65,-39.73,Collón Cura,tuff,terrestrial indet.,Protacaremys denisae
M2,25.3,39.0,16.3,12.5,-111.81,38.82,Barstow,unknown,terrestrial indet.,Megahippus mckennai
tibia,286.0,0.0,1.4,0.21,-81.72,29.97,unknown,unknown,terrestrial indet.,Xenosmilus hodsonae
m1,27.7,19.6,37.0,33.9,-91.37,55.94,Cypress Hills,unknown,terrestrial indet.,Trigonias osborni
m1,1.4,0.82,1.4,0.21,-82.29,29.18,unknown,sandstone,sinkhole,Peromyscus polionotus
m1,2.25,1.75,56.0,51.1,-82.33,43.51,San Jose,unknown,terrestrial indet.,Jemezius szalayi
Calcaneum,145.0,0.0,13.8,11.0,-71.59,4.07,unknown,claystone,terrestrial indet.,Magdalenabradys confusum
M3,2.13,2.56,72.2,66.0,-66.02,53.68,Lance,sandstone,terrestrial indet.,Alphadon marshi
dp3,20.4,8.8,29.0,21.0,-39.3,-23.86,unknown,shale,lacustrine indet.,Taubatherium paulacoutoi
M3,1.8,2.15,5.0,3.8,-60.78,-38.8,Monte Hermoso,unknown,terrestrial indet.,Marmosa contrerasi
Humerus,361.0,0.0,13.8,11.0,-71.57,4.04,Villavieja,claystone,terrestrial indet.,Magdalenabradys confusum
m1,1.37,0.95,9.4,4.7,-116.71,41.12,Coal Valley,unknown,terrestrial indet.,Bensonomys lindsayi
External nares,0.0,0.0,3.6,0.774,-62.8,9.96,Mesa,tar,terrestrial indet.,Xenosmilus venezuelensis
P4–P4 (between labial border at its posterior part),0.0,102.2,3.6,0.774,-62.8,9.96,Mesa,tar,terrestrial indet.,Xenosmilus venezuelensis
m1,7.55,5.85,66.0,63.4,-78.69,50.98,North Horn,unknown,terrestrial indet.,Oxyclaenus pugnax
tibia,283.0,0.0,31.8,29.5,-87.22,48.58,Brule,sandstone,fluvial indet.,Miohippus gidleyi
M2,1.39,1.63,9.4,4.7,-109.92,44.95,Starlight,claystone,fluvial-lacustrine indet.,Paratamias tarassus
Radio,200.0,180.0,2.58,0.0117,-37.75,-10.31,unknown,unknown,terrestrial indet.,Eremotherium laurillardi
P3,11.4,15.8,33.9,31.8,-86.28,49.04,Brule,sandstone,channel,Colodon occidentalis
femur,514.3,0.0,2.58,0.774,-108.66,34.8,unknown,gravel,lacustrine indet.,Paramylodon harlani
M1,7.88,9.38,63.4,60.9,-76.78,46.9,Nacimiento,siltstone,terrestrial indet.,Tetraclaenodon puercensis
M2,2.04,2.98,29.5,18.5,-102.1,50.8,Peterson Creek Beds,unknown,terrestrial indet.,Niglarodon yeariani
M3,2.2,2.5,12.5,9.4,-94.92,45.57,Valentine,unknown,terrestrial indet.,Domninoides mimicus
m3,2.02,1.19,24.7,23.1,-95.79,54.96,Cypress Hills,unknown,terrestrial indet.,Herpetotherium youngi
Upper M1,2.73,0.0,13.8,11.0,-70.96,4.43,La Victoria,unknown,terrestrial indet.,Potamops mascahehenes
m2,2.2,1.4,51.1,45.9,-85.65,49.81,Bridger,unknown,terrestrial indet.,Herpetotherium knighti
Symphysis,177.0,0.0,2.58,0.0117,-69.21,9.93,unknown,claystone,terrestrial indet.,Mixotoxodon larensis
P4,1.98,1.65,2.58,1.8,-81.93,29.34,unknown,unknown,terrestrial indet.,Orthogeomys propinetis
P4,15.1,22.9,51.1,45.9,-87.11,48.99,Bridger,unknown,terrestrial indet.,Trogosus gazini
M2,13.9,20.5,4.7,1.4,-117.69,46.97,Ringold,unknown,terrestrial indet.,Megalonyx leptostomus
m1,2.74,1.21,72.2,66.0,-65.92,53.69,Lance,shale,terrestrial indet.,Mesodma thompsoni
m1,1.62,1.55,16.3,12.5,-104.06,49.54,Hepburn's Mesa,unknown,terrestrial indet.,Ansomys hepburnensis
p4,1.95,2.1,37.0,33.9,-91.37,55.94,Cypress Hills,unknown,terrestrial indet.,Palaeolagus temnodon
Lower M1-4,12.8,0.0,56.0,48.07,-28.6,-27.29,Itaboraí,marl,fissure fill,Bobbschaefferia fluminensis
M2,3.1,3.55,9.4,4.7,-113.61,45.35,Chalk Butte,unknown,terrestrial indet.,Dipoides vallicula
Lower m2,48.0,0.0,2.58,0.0117,-69.21,9.93,unknown,claystone,marine indet.,Mixotoxodon larensis
humerus,274.5,0.0,15.98,13.82,-111.06,38.41,Temblor,siltstone,shoreface,Peripolocetus vexillifer
m1,1.9,0.95,56.0,51.1,-79.64,51.58,Willwood,mudstone,terrestrial indet.,Ectypodus tardus
Metatarsal III,0.0,37.7,13.8,11.0,-71.53,4.1,Villavieja,sandstone,terrestrial indet.,Magdalenabradys confusum
p4,8.4,4.9,17.5,16.3,-65.05,-17.94,Chucal,sandstone,floodplain,Altitypotherium paucidens
P4,2.5,2.3,24.7,23.1,-90.25,48.13,Monroe Creek,unknown,terrestrial indet.,Florentiamys tiptoni
M1,5.6,2.89,72.2,66.0,-65.32,60.38,Frenchman,siltstone,floodplain,Cimolomys gracilis
Upper M2,3.55,4.4,13.8,11.0,-71.53,4.1,Villavieja,unknown,terrestrial indet.,Notonycteris magdalenensis
M2,1.21,1.22,45.9,39.7,-82.01,33.29,Laredo,sandstone,estuary/bay,Pauromys simplex
m1,2.5,2.9,31.8,18.5,-106.6,37.84,Sespe,claystone,terrestrial indet.,Sespemys thurstoni
m1,12.3,4.7,12.5,9.4,-95.57,45.5,Valentine,unknown,terrestrial indet.,Leptocyon vafer
m1,2.4,1.72,60.9,57.5,-75.51,53.47,Fort Union,siliciclastic,fluvial-lacustrine indet.,Litocherus zygeus
m1,3.6,3.0,51.1,45.9,-85.53,49.05,Bridger,unknown,terrestrial indet.,Thisbemys corrugatus
Atlas vertebra,0.0,0.0,13.8,11.0,-71.62,4.01,Villavieja,unknown,terrestrial indet.,Hondadelphys fieldsi
Lower m2,0.0,2.16,13.8,11.0,-71.53,4.1,Villavieja,unknown,terrestrial indet.,Ricardomys longidens
M2,0.96,1.41,33.9,31.8,-87.83,47.98,Brule,unknown,terrestrial indet.,Tenudomys basilaris
Metacarpal IV,0.0,26.8,13.8,11.0,-71.59,4.07,unknown,claystone,terrestrial indet.,Magdalenabradys confusum
p4,3.3,2.4,16.3,12.5,-109.76,46.69,Butte Creek,volcaniclastic,terrestrial indet.,Liodontia alexandrae
m1,1.3,1.1,60.9,57.5,-76.47,54.83,unknown,unknown,terrestrial indet.,Leptacodon munusculum
M1,1.03,1.45,16.3,12.5,-100.42,39.05,Tesuque,unknown,terrestrial indet.,Perognathoides kleinfelderi
m1,5.75,3.7,66.0,63.4,-65.1,55.6,Fort Union,sandstone,terrestrial indet.,Alveugena carbonensis
m1,24.2,9.8,9.4,4.7,-97.13,37.75,unknown,unknown,terrestrial indet.,Plesiogulo marshalli
m3,1.88,1.07,51.1,45.9,-87.05,47.75,Green River,sandstone,channel lag,Herpetotherium innominatum
M1,3.35,3.95,29.5,18.5,-71.63,31.26,unknown,claystone,fissure fill,Acheronictis webbi
m1,39.5,15.0,5.333,2.58,-70.26,10.71,unknown,unknown,terrestrial indet.,Gyrinodon quassus
P4,3.83,2.4,72.2,66.0,-62.43,54.22,Fox Hills,unknown,terrestrial indet.,Meniscoessus robustus
M1,12.3,13.3,23.1,18.5,-91.74,47.87,Rosebud,unknown,terrestrial indet.,Merychyus minimus
M1,22.4,26.7,2.58,0.774,-81.8,30.02,unknown,unknown,terrestrial indet.,Tapirus (Helicotapirus) lundeliusi
M1,1.12,1.16,45.9,39.7,-82.01,33.29,Laredo,sandstone,estuary/bay,Microeutypomys karenae
m1,1.74,0.93,1.4,0.21,-82.29,29.18,unknown,sandstone,sinkhole,Atopomys texensis
m1,2.44,0.59,119.57,110.1,-41.19,37.43,Antlers,siliciclastic,terrestrial indet.,Astroconodon denisoni
p3,2.005,1.695,33.9,31.8,-91.61,49.36,unknown,siltstone,lacustrine - small,Palaeolagus burkei
m1,0.98,1.3,9.4,4.7,-109.42,40.73,Sevier,siltstone,terrestrial indet.,Metaliomys sevierensis
p4,3.0,2.0,63.4,60.9,-73.65,56.02,Fort Union,unknown,terrestrial indet.,Ictidopappus mustelinus
M2,21.9,30.4,60.9,57.5,-81.5,49.76,Flagstaff,unknown,terrestrial indet.,Haplolambda simpsoni
humerus,94.4,0.0,27.3,23.04,-105.22,40.13,Jewett,sandstone,marine indet.,Argyrocetus bakersfieldensis
M3,28.3,29.4,23.1,18.5,-102.69,50.37,Blacktail Deer Creek,claystone,terrestrial indet.,Arretotherium acridens
P4,2.04,1.6,4.7,1.4,-115.73,34.46,San Timoteo,unknown,terrestrial indet.,Thomomys gidleyi
Lower m3,0.0,50.0,2.58,0.0117,-69.21,9.93,unknown,claystone,terrestrial indet.,Mixotoxodon larensis
M1,43.0,37.0,1.4,0.21,-101.99,22.04,Tacubaya,unknown,terrestrial indet.,Camelops hesternus
m1,10.9,5.3,24.7,23.1,-106.87,51.2,unknown,tuff,floodplain,Cormocyon copei
m3,5.3,3.25,60.9,57.5,-66.51,56.07,Ravenscrag,sandstone,alluvial fan,Plesiadapis churchilli
M1,9.2,5.3,72.2,66.0,-65.92,53.69,Lance,shale,terrestrial indet.,Meniscoessus robustus
M2,14.5,23.2,23.1,18.5,-93.8,46.72,Marsland,unknown,terrestrial indet.,Ysengrinia americana
P3,11.6,6.5,9.4,4.7,-85.14,32.17,unknown,unknown,marginal marine indet.,Synthetoceras davisorum
tibia,135.0,0.0,48.07,41.03,68.49,2.81,Harudi,limestone,lagoonal/restricted shallow subtidal,Kutchicetus minimus
Lower m2 trigonid,0.0,3.4,13.8,11.0,-71.62,4.01,Villavieja,unknown,terrestrial indet.,Hondadelphys fieldsi
p3,10.9,7.5,2.58,0.0,-72.52,-8.76,unknown,conglomerate,fluvial indet.,Tayassu pecari
M2,18.75,21.3,31.8,29.5,-87.22,48.58,Brule,unknown,terrestrial indet.,Protapirus simplex
M2,1.58,1.346,9.4,4.7,-107.91,34.61,Quiburis,unknown,terrestrial indet.,Paronychomys tuttlei
M2,23.0,22.9,2.58,0.0117,-101.55,35.23,unknown,claystone,fluvial-lacustrine indet.,Equus conversidens
P3,2.4,4.6,29.5,18.5,-92.34,47.0,unknown,unknown,terrestrial indet.,Megalagus primitivus
m1,50.9,23.2,9.4,4.7,-98.16,22.95,Rancho Viejo Beds,claystone,fluvial indet.,Megatylopus matthewi
m1,21.8,9.8,23.1,18.5,-72.58,32.47,unknown,unknown,terrestrial indet.,Daphoenodon notionastes
P4,0.9,1.2,29.5,18.5,-92.34,47.0,unknown,unknown,terrestrial indet.,Proharrymys schlaikjeri
M3,6.28,6.76,60.9,57.5,-75.51,53.47,Fort Union,siliciclastic,fluvial-lacustrine indet.,Ectocion cedrus
m3,6.13,5.83,20.45,15.98,-67.78,-46.29,Pinturas,volcaniclastic,terrestrial indet.,Neoreomys pinturensis
m2,2.46,2.36,60.9,57.5,-76.63,51.13,unknown,unknown,terrestrial indet.,Nannodectes gazini
m1,23.2,17.0,12.5,9.4,-77.8,31.36,Alachua,unknown,marginal marine indet.,Tapirus webbi
M2,40.55,39.7,31.8,18.5,-106.6,37.84,Sespe,claystone,terrestrial indet.,Subhyracodon kewi
M2,2.5,4.8,60.9,57.5,-75.5,53.44,Fort Union,siliciclastic,fluvial-lacustrine indet.,Aaptoryctes ivyi
m1,3.99,1.35,29.5,18.5,-71.63,31.26,unknown,claystone,fissure fill,Palaeogale minuta
p3,31.0,17.8,4.7,1.4,-117.11,35.97,Tulare,unknown,terrestrial indet.,Equus mexicanus
M3,2.8,3.0,16.3,15.5,-68.67,-43.88,Río Frias,tuff,fluvial indet.,Abderites meridionalis
m1,1.6,1.2,45.9,39.7,-90.05,47.36,Uinta,unknown,terrestrial indet.,Talpavus duplus
m1,1.75,2.1,4.7,1.4,-118.54,39.66,unknown,unknown,terrestrial indet.,Spermophilus howelli
M3,4.6,5.9,51.1,45.9,-82.61,44.55,Huerfano,unknown,terrestrial indet.,Smilodectes mcgrewi
P4,0.9933,1.0233,16.3,12.5,-109.76,46.69,Deer Butte,unknown,terrestrial indet.,Pseudotheridomys pagei
P4,7.05,7.6,2.58,0.774,-81.8,30.02,unknown,unknown,terrestrial indet.,Erethizon poyeri
M2,5.0,7.3,51.1,45.9,-82.61,44.55,Huerfano,unknown,terrestrial indet.,Smilodectes mcgrewi
M2,1.49,1.0,2.58,0.774,-136.88,63.38,unknown,siliciclastic,loess,Phenacomys intermedius
m1,1.55,2.15,29.5,18.5,-102.1,50.8,Peterson Creek Beds,unknown,terrestrial indet.,Entoptychus fieldsi
m4,3.2,0.0,13.8,11.0,-71.58,4.05,Villavieja,sandstone,terrestrial indet.,Micoureus laventicus
M2,11.7,7.6,9.4,4.7,-115.41,36.19,Peace Valley Beds,sandstone,fluvial indet.,Ottoceros peacevalleyensis
P3,8.5,8.1,4.7,1.4,-113.29,38.63,Panaca,siltstone,fluvial-lacustrine indet.,Sinocapra willdownsi
Astragalus,0.0,7.0,13.8,11.0,-71.59,4.05,unknown,claystone,terrestrial indet.,Scleromys colombianus
m1,7.86,5.99,56.0,51.1,-82.33,43.51,San Jose,unknown,terrestrial indet.,Meniscotherium chamense
p4-m3,7.34,0.0,21.0,17.5,-65.57,-45.09,Sarmiento,unknown,terrestrial indet.,Acaremys murinus
m1,2.2,1.6,56.0,51.1,-81.07,52.21,Willwood,unknown,terrestrial indet.,Loveina wapitiensis
radius,50.1,0.0,9.4,4.7,-117.07,39.37,Mehrten,mudstone,terrestrial indet.,Pliotaxidea garberi
m1,10.0,8.0,24.7,18.5,-73.53,30.81,unknown,claystone,terrestrial indet.,Archaeohippus mannulus
Lower m2 talonid,0.0,1.8,13.8,11.0,-71.58,4.05,Villavieja,sandstone,terrestrial indet.,Micoureus laventicus
M2,6.4,7.0,45.9,39.7,-98.28,39.4,Sespe,unknown,terrestrial indet.,Craseops sylvestris
Tibia,490.0,0.0,13.8,11.0,-71.62,4.01,La Victoria,claystone,terrestrial indet.,Granastrapotherium snorki
Lower M1-4,7.0,0.0,56.0,48.07,-28.6,-27.29,Itaboraí,marl,fissure fill,Derorhynchus singularis
m1,2.32,1.04,72.2,66.0,-65.32,60.38,Frenchman,siltstone,floodplain,Mesodma formosa
m2,13.0,11.0,11.63,7.246,-65.5,-9.7,Solimões,claystone,fluvial-lacustrine indet.,Neoepiblema acreensis
m1,2.3,2.1,39.7,37.0,-92.32,47.03,Duchesne River,unknown,terrestrial indet.,Pareumys guensburgi
M1,2.5,3.0,16.3,12.5,-112.26,45.14,Virgin Valley,unknown,terrestrial indet.,Liodontia alexandrae
Upper C1,0.95,0.75,13.8,11.0,-71.6,4.07,Villavieja,mudstone,fluvial indet.,Thyroptera lavali
M1,14.7,13.7,16.3,12.5,-109.76,46.69,Sucker Creek,unknown,terrestrial indet.,Ticholeptus zygomaticus
p4,2.55,1.42,72.2,66.0,-65.32,60.38,Frenchman,siltstone,floodplain,Gypsonictops illuminatus
m1,4.3,2.9,66.0,63.4,-78.69,50.98,North Horn,unknown,terrestrial indet.,Anisonchus athelas
Upper M1 or 2,2.1,2.6,13.8,11.0,-71.6,4.07,Villavieja,mudstone,fluvial indet.,Noctilio albiventris
Scute 22,24.0,0.0,15.98,11.63,-60.66,9.5,Santa Ines,unknown,terrestrial indet.,Boreostemma venezolensis
M2,38.5,28.7,1.4,0.21,-101.99,22.04,Tacubaya,unknown,terrestrial indet.,Camelops hesternus
M3,1.14,1.18,9.4,4.7,-105.37,30.85,unknown,unknown,terrestrial indet.,Prosigmodon oroscoi
M3,7.3,5.2,13.8,11.0,-71.59,4.05,Villavieja,claystone,terrestrial indet.,Drytomomys aequatorialis
m1,43.1,22.6,9.4,4.7,-97.13,37.75,unknown,unknown,terrestrial indet.,Agriotherium schneideri
M2,21.0667,25.1,23.04,20.45,-84.46,34.75,Fleming,conglomerate,coarse channel fill,Nexuotapirus marslandensis
m1,0.95,1.14,4.7,1.4,-108.1,33.49,Gila Conglomerate,marl,lacustrine indet.,Perognathus gidleyi
p4,22.1,12.6,16.3,12.5,-93.24,45.91,Valentine,unknown,terrestrial indet.,Protohippus perditus
m1,15.0,9.7,23.04,5.333,-113.8,37.56,unknown,unknown,terrestrial indet.,Parapliohippus carrizoensis
skull,1330.0,720.0,20.45,13.82,15.03,39.78,Monte Fumaiolo,mixed carbonate-siliciclastic,marine indet.,Titanocetus sammarinensis
m3,3.19,2.06,45.9,39.7,-86.48,36.39,Devil's Graveyard,unknown,terrestrial indet.,Omomys carteri
P3,22.1,33.6,23.1,18.5,-93.37,47.1,Marsland,sandstone,channel,Menoceras arikarense
m3,11.0,5.7,16.3,15.5,-68.67,-43.88,Río Frias,tuff,fluvial indet.,Prothylacynus patagonicus
m2,1.794,1.796,33.9,31.8,-91.61,49.36,unknown,siltstone,lacustrine - small,Altasciurus relictus
m3,18.6,11.45,16.3,12.5,-110.98,38.47,Barstow,unknown,terrestrial indet.,Dyseohyus fricki
m1,2.77,1.35,1.4,0.21,-97.7,40.03,unknown,unknown,terrestrial indet.,Mictomys meltoni
m2,0.0,2.1,16.3,15.5,-68.67,-43.88,Río Frias,tuff,fluvial indet.,Abderites meridionalis
m2,2.7,2.0,23.1,18.5,-93.3,47.08,Harrison,unknown,terrestrial indet.,Sanctimus falkenbachi
P4,1.88,3.14,39.7,37.0,-86.94,56.36,Cypress Hills,unknown,terrestrial indet.,Tachylagus gawneae
Unciform,0.0,0.0,13.8,11.0,-71.59,4.07,unknown,claystone,terrestrial indet.,Magdalenabradys confusum
Proximal phalanx IV,8.5,0.0,13.8,11.0,-71.57,4.04,Villavieja,claystone,terrestrial indet.,Prodolichotis pridiana
m1,2.755,1.21,1.4,0.21,-99.0,40.43,Sappa,unknown,terrestrial indet.,Mictomys kansasensis
Upper M1 or 2,1.05,0.0,13.8,11.0,-71.6,4.07,Villavieja,mudstone,fluvial indet.,Notonycteris sucharadeus
Lower M1-4,17.0,0.0,56.0,48.07,-28.6,-27.29,Itaboraí,marl,fissure fill,Didelphopsis cabrerai
m1,1.3,1.53,16.3,12.5,-94.07,46.05,Valentine,unknown,terrestrial indet.,Peridiomys borealis
Scaphoid,47.0,0.0,13.8,11.0,-71.59,4.07,unknown,claystone,terrestrial indet.,Magdalenabradys confusum
Molar N.o 2,210.0,100.0,2.58,0.0117,-73.0,-38.64,unknown,unknown,terrestrial indet.,Mastotherium hyodon
p3,0.0,6.7,3.6,0.774,-62.8,9.96,Mesa,tar,terrestrial indet.,Xenosmilus venezuelensis
m2,1.5,1.5,51.1,45.9,-83.03,27.44,Guanjuato Red Conglomerate,unknown,terrestrial indet.,Floresomys guanajuatoensis
M2,7.4,9.3,4.7,1.4,-100.21,20.42,Goleta,unknown,terrestrial indet.,Paenemarmota barbouri
m1,1.59,1.662,45.9,37.0,-97.31,38.28,Santiago,unknown,terrestrial indet.,Microparamys tricus
Lower m1,6.6,0.0,13.8,11.0,-71.6,4.07,Villavieja,mudstone,fluvial indet.,Hondadelphys fieldsi
P4,11.6,16.4,33.9,31.8,-86.28,49.04,Brule,sandstone,channel,Colodon occidentalis
m1,3.17,2.92,60.9,57.5,-76.01,53.78,Fort Union,unknown,terrestrial indet.,Plesiadapis fodinatus
p3,0.0,9.0,13.8,11.0,-71.59,4.07,unknown,claystone,terrestrial indet.,Megadolodus molariformis
m1,3.65,2.65,60.9,57.5,-77.42,52.51,Fort Union,unknown,terrestrial indet.,Torrejonia sirokyi
I1,14.4,6.7,17.5,16.3,-65.05,-17.94,Chucal,sandstone,floodplain,Altitypotherium paucidens
M1,1.86,1.99,37.0,33.9,-95.21,52.63,Renova,claystone,terrestrial indet.,Cylindrodon fontis
m1,3.67,3.14,56.0,51.1,-81.07,52.21,Willwood,unknown,terrestrial indet.,Cantius ralstoni
p3,1.16,0.58,8.0,5.0,-62.61,-36.4,Cerro Azul,siltstone,loess,Thylamys pinei
Length C-M3,11.54,0.0,29.0,21.0,-60.44,-16.79,Salla Beds,tuff,terrestrial indet.,Evolestes hadrommatos
m2,16.4,11.0,23.1,18.5,-93.8,46.72,unknown,unknown,terrestrial indet.,Adilophontes brachykolos
m3,1.9,1.5,16.3,15.5,-68.67,-43.88,Río Frias,tuff,fluvial indet.,Microbiotherium tehuelchum
Lower p3 Trigonid,12.0,13.0,2.58,0.0117,-69.21,9.93,unknown,claystone,terrestrial indet.,Mixotoxodon larensis
m2,2.5733,2.06,4.7,1.4,-115.73,34.46,San Timoteo,unknown,terrestrial indet.,Neotoma fossilis
radius,67.3,0.0,12.5,9.4,-114.67,38.54,Monterey,sandstone,marine indet.,Delphinavus newhalli
P4,10.0,5.4,16.3,12.5,-96.7,44.18,Pawnee Creek Beds,unknown,terrestrial indet.,Pseudaelurus stouti
M1,10.1,12.2,1.4,0.21,-101.99,22.04,Tacubaya,unknown,terrestrial indet.,Canis cedazoensis
Cranium,70.3,18.3,13.8,11.0,-71.09,4.91,unknown,unknown,mire/swamp,Scleromys schurmanni
Mandible at m1,0.0,4.6,8.0,5.0,-62.61,-36.4,Cerro Azul,siltstone,loess,Palaeoctodon simplicidens
P4–pterigoides wing,49.0,0.0,3.6,0.774,-62.8,9.96,Mesa,tar,terrestrial indet.,Xenosmilus venezuelensis
m1,32.65,23.9,4.7,1.4,-99.15,37.91,Rexroad,unknown,terrestrial indet.,Megatylopus cochrani
skull,322.0,190.0,3.6,2.58,4.73,50.77,Lillo,claystone,marine indet.,Septemtriocetus bosselaersi
skull,528.0,360.0,20.45,15.98,-61.8,-42.9,Gaiman,sandstone,shallow subtidal indet.,Prosqualodon australis
m1,5.2,3.9,63.4,60.9,-73.65,56.02,Fort Union,unknown,terrestrial indet.,Chriacus baldwini
M1,4.2,0.0,13.8,11.0,-71.57,4.04,Villavieja,claystone,terrestrial indet.,Prodolichotis pridiana
M2,31.65,34.25,51.1,45.9,-87.37,48.83,Bridger,unknown,terrestrial indet.,Uintatherium anceps
M1,3.426,3.718,51.1,45.9,-92.12,47.29,Sheep Pass,limestone,lacustrine - small,Hyopsodus paulus
M2,12.8,7.7,9.4,4.7,-115.41,36.19,Peace Valley Beds,sandstone,fluvial indet.,Ottoceros peacevalleyensis
m2,11.6,5.9,17.5,16.3,-65.05,-17.94,Chucal,sandstone,floodplain,Altitypotherium chucalensis
M2,12.0,16.0,12.5,9.4,-96.17,37.73,Clarendon Beds,claystone,floodplain,Pseudhipparion hessei
m1,0.0,7.9,48.07,41.03,74.19,11.51,Kuldana,conglomerate,fluvial indet.,Pakicetus inachus
M2,3.15,3.25,39.7,37.0,-88.5,36.09,Chambers Tuff,unknown,terrestrial indet.,Ischyromys blacki
p4,13.5,10.0,11.63,7.246,-65.5,-9.7,Solimões,claystone,fluvial-lacustrine indet.,Neoepiblema acreensis
upper dP4,7.38,7.63,13.8,11.0,-72.35,2.93,La Victoria,unknown,terrestrial indet.,Stirtonia victoriae
p3,1.3,0.55,5.0,3.8,-60.78,-38.8,Monte Hermoso,unknown,terrestrial indet.,Marmosa contrerasi
m1,1.7,1.1,60.9,57.5,-77.27,55.0,Fort Union,unknown,terrestrial indet.,Leptacodon packi
m1,7.05,2.925,1.4,0.21,-78.33,39.84,unknown,unknown,cave,Brachyprotoma obtusata
m1,1.4833,1.1,16.3,12.5,-93.28,46.01,Valentine,unknown,terrestrial indet.,Schaubeumys cartomylos
m1,6.8,3.4,72.2,66.0,-74.01,48.39,Kirtland,sandstone,channel,Essonodon browni
m1,8.5,5.4,57.5,56.0,-78.79,52.74,unknown,unknown,terrestrial indet.,Dipsalidictis platypus
M1,4.85,5.66,45.9,39.7,-98.28,39.4,Sespe,unknown,terrestrial indet.,Tapomys tapensis
Distal phalanx III,12.5,0.0,13.8,11.0,-71.57,4.04,Villavieja,claystone,terrestrial indet.,Prodolichotis pridiana
M1,21.2,28.0,23.1,18.5,-93.8,46.72,Marsland,unknown,terrestrial indet.,Ysengrinia americana
m1,1.8,1.7,16.3,12.5,-104.57,47.65,Colter,unknown,terrestrial indet.,Oreolagus colteri
p4,1.93,1.8,23.1,18.5,-90.01,47.22,Harrison,unknown,terrestrial indet.,Sanctimus stuartae
Third tooth,0.0,3.4,15.98,11.63,-60.66,9.5,Santa Ines,unknown,terrestrial indet.,Boreostemma venezolensis
m3,5.55,3.45,56.0,51.1,-80.68,50.99,Wind River,unknown,terrestrial indet.,Cantius frugivorus
M1,1.96,2.42,18.5,16.3,-93.54,47.05,Rosebud,conglomerate,coarse channel fill,Hibbarderix obfuscatus
m1,25.8,11.5667,18.5,16.3,-93.84,46.61,Runningwater,unknown,terrestrial indet.,Daphoenodon (Borocyon) niobrarensis
M3,2.245,2.14,16.3,12.5,-104.9,49.7,Madison Valley,sandstone,channel,Spermophilus jerae
Lower p4,27.0,19.0,13.8,11.0,-71.57,4.04,Villavieja,claystone,terrestrial indet.,Huilatherium pluripicatum
